mentor_id,first_name,last_name,mentor_type,university,field_of_study,degree_level,ethnicity,country_of_origin,languages_spoken,years_in_country,visa_experience,housing_experience,cultural_adaptation_experience,career_guidance_experience,availability_hours_per_week,sessions_completed,response_time_hours,mentor_rating,mentoring_topics,bio
1,Linh,Hoang,Professor,University of Queensland,Economics,PhD,Southeast Asian,Thailand,English;Indonesian,10,True,False,True,True,10,96,10,3.7,career;academics;networking;industry_transition,"Linh Hoang is a Professor in the Economics department at University of Queensland. They have 10 years of experience in Australian higher education. Originally from Thailand, they offer a cross-cultural perspective. They speak English, Indonesian. They can help with visa and immigration processes, cultural adaptation and settling in, career guidance and employability, and are available for one-off or ongoing mentoring."
2,Ben,Johnson,Student,Queensland University of Technology,Environmental Science,Master,European,Sweden,English;Italian,2,False,False,True,True,1,75,27,4.4,academics;cultural_adjustment;housing;career,"Ben Johnson is a Master student in Environmental Science at Queensland University of Technology. They have been living in Australia for 2 years. Originally from Sweden, they offer a cross-cultural perspective. They speak English, Italian. They can help with cultural adaptation and settling in, career guidance and employability, and are available for one-off or ongoing mentoring."
3,Michael,Christensen,Parent,Deakin University,Business Analytics,PhD,European,Germany,English;Spanish,3,False,True,True,False,5,81,31,4.8,housing;visa,"Michael Christensen has been living in Australia for 3 years and supports their child at Deakin University. Originally from Germany, they offer a cross-cultural perspective. They speak English, Spanish. They can help with housing and accommodation, cultural adaptation and settling in, and are available for one-off or ongoing mentoring."
4,Yusuf,Mansour,Parent,University of Sydney,Mechanical Engineering,PhD,Middle Eastern,Egypt,Arabic;English,12,True,True,True,False,2,164,1,4.5,student_safety;school_enrollment,"Yusuf Mansour has been living in Australia for 12 years and supports their child at University of Sydney. Originally from Egypt, they offer a cross-cultural perspective. They speak Arabic, English. They can help with visa and immigration processes, housing and accommodation, cultural adaptation and settling in, and are available for one-off or ongoing mentoring."
5,Hong,Wang,Parent,Queensland University of Technology,Nursing,Master,Chinese,China,English;Mandarin,9,True,True,True,True,2,127,6,3.9,cultural_adjustment;school_enrollment;student_safety;finances,"Hong Wang has been living in Australia for 9 years and supports their child at Queensland University of Technology. Originally from China, they offer a cross-cultural perspective. They speak English, Mandarin. They can help with visa and immigration processes, housing and accommodation, cultural adaptation and settling in, career guidance and employability, and are available for one-off or ongoing mentoring."
6,Nnamdi,Sesay,Parent,Australian National University,Social Work,PhD,African,Tanzania,English;French,6,True,True,True,False,9,18,23,4.7,visa;student_safety,"Nnamdi Sesay has been living in Australia for 6 years and supports their child at Australian National University. Originally from Tanzania, they offer a cross-cultural perspective. They speak English, French. They can help with visa and immigration processes, housing and accommodation, cultural adaptation and settling in, and are available for one-off or ongoing mentoring."
7,Xin,Lin,Student,Macquarie University,Cybersecurity,Bachelor,Chinese,Hong Kong,English;Mandarin,14,True,True,False,False,1,122,48,3.8,visa;housing;academics;cultural_adjustment,"Xin Lin is a Bachelor student in Cybersecurity at Macquarie University. They have been living in Australia for 14 years. Originally from Hong Kong, they offer a cross-cultural perspective. They speak English, Mandarin. They can help with visa and immigration processes, housing and accommodation, and are available for one-off or ongoing mentoring."
8,Wen,Yang,Professor,Deakin University,Architecture,Master,Chinese,China,English;Mandarin,16,True,True,True,False,9,58,33,4.9,academics;research;scholarships,"Wen Yang is a Professor in the Architecture department at Deakin University. They have 16 years of experience in Australian higher education. Originally from China, they offer a cross-cultural perspective. They speak English, Mandarin. They can help with visa and immigration processes, housing and accommodation, cultural adaptation and settling in, and are available for one-off or ongoing mentoring."
9,Riya,Shah,Student,Australian National University,Biotechnology,Bachelor,Indian,India,English;Hindi;Bengali,12,False,True,True,True,7,163,17,4.7,career;cultural_adjustment;visa,"Riya Shah is a Bachelor student in Biotechnology at Australian National University. They have been living in Australia for 12 years. Originally from India, they offer a cross-cultural perspective. They speak English, Hindi, Bengali. They can help with housing and accommodation, cultural adaptation and settling in, career guidance and employability, and are available for one-off or ongoing mentoring."
10,Jasmine,Al-Rashid,Student,University of Newcastle,Law,PhD,Middle Eastern,Lebanon,English;Arabic;Farsi,17,False,False,True,True,6,30,36,3.7,cultural_adjustment;scholarships,"Jasmine Al-Rashid is a PhD student in Law at University of Newcastle. They have been living in Australia for 17 years. Originally from Lebanon, they offer a cross-cultural perspective. They speak English, Arabic, Farsi. They can help with cultural adaptation and settling in, career guidance and employability, and are available for one-off or ongoing mentoring."
11,Neha,Nair,Professor,University of Adelaide,Psychology,PhD,Indian,India,English;Hindi;Bengali,8,False,False,True,True,5,182,1,3.5,career;industry_transition;scholarships;networking,"Neha Nair is a Professor in the Psychology department at University of Adelaide. They have 8 years of experience in Australian higher education. Originally from India, they offer a cross-cultural perspective. They speak English, Hindi, Bengali. They can help with cultural adaptation and settling in, career guidance and employability, and are available for one-off or ongoing mentoring."
12,Elena,Fischer,Parent,Monash University,Social Work,Bachelor,European,Netherlands,English;Spanish,9,True,True,False,False,4,100,25,4.6,finances;cultural_adjustment;visa,"Elena Fischer has been living in Australia for 9 years and supports their child at Monash University. Originally from Netherlands, they offer a cross-cultural perspective. They speak English, Spanish. They can help with visa and immigration processes, housing and accommodation, and are available for one-off or ongoing mentoring."
13,Bao,Zhao,Parent,Monash University,Nursing,Master,Chinese,China,English;Mandarin,17,True,True,True,False,10,160,19,3.5,student_safety;housing,"Bao Zhao has been living in Australia for 17 years and supports their child at Monash University. Originally from China, they offer a cross-cultural perspective. They speak English, Mandarin. They can help with visa and immigration processes, housing and accommodation, cultural adaptation and settling in, and are available for one-off or ongoing mentoring."
14,Jing,Han,Professor,Curtin University,Social Work,PhD,Chinese,China,Mandarin;English,15,True,False,True,True,9,13,14,4.5,scholarships;research,"Jing Han is a Professor in the Social Work department at Curtin University. They have 15 years of experience in Australian higher education. Originally from China, they offer a cross-cultural perspective. They speak Mandarin, English. They can help with visa and immigration processes, cultural adaptation and settling in, career guidance and employability, and are available for one-off or ongoing mentoring."
15,Fei,Chen,Student,Deakin University,Biotechnology,Master,Chinese,Hong Kong,English;Mandarin;Cantonese,3,True,True,True,True,10,131,15,4.6,academics;visa,"Fei Chen is a Master student in Biotechnology at Deakin University. They have been living in Australia for 3 years. Originally from Hong Kong, they offer a cross-cultural perspective. They speak English, Mandarin, Cantonese. They can help with visa and immigration processes, housing and accommodation, cultural adaptation and settling in, career guidance and employability, and are available for one-off or ongoing mentoring."
16,Gaurav,Chopra,Parent,Australian National University,Data Science,Master,Indian,India,English;Hindi;Bengali,12,True,True,True,False,4,74,46,4.8,visa;cultural_adjustment,"Gaurav Chopra has been living in Australia for 12 years and supports their child at Australian National University. Originally from India, they offer a cross-cultural perspective. They speak English, Hindi, Bengali. They can help with visa and immigration processes, housing and accommodation, cultural adaptation and settling in, and are available for one-off or ongoing mentoring."
17,Adaeze,Conteh,Professor,University of Adelaide,Chemical Engineering,PhD,African,Ghana,English;Arabic,15,True,False,False,True,7,117,35,3.6,career;scholarships;industry_transition,"Adaeze Conteh is a Professor in the Chemical Engineering department at University of Adelaide. They have 15 years of experience in Australian higher education. Originally from Ghana, they offer a cross-cultural perspective. They speak English, Arabic. They can help with visa and immigration processes, career guidance and employability, and are available for one-off or ongoing mentoring."
18,Divya,Kumar,Parent,University of Newcastle,Social Work,PhD,Indian,India,English;Hindi;Tamil,9,True,True,False,False,10,24,4,4.3,visa;cultural_adjustment;school_enrollment;student_safety,"Divya Kumar has been living in Australia for 9 years and supports their child at University of Newcastle. Originally from India, they offer a cross-cultural perspective. They speak English, Hindi, Tamil. They can help with visa and immigration processes, housing and accommodation, and are available for one-off or ongoing mentoring."
19,Tunde,Nwosu,Professor,RMIT University,Data Science,PhD,African,Tanzania,English;French,4,False,False,False,True,8,17,44,4.6,networking;academics;scholarships;research,"Tunde Nwosu is a Professor in the Data Science department at RMIT University. They have 4 years of experience in Australian higher education. Originally from Tanzania, they offer a cross-cultural perspective. They speak English, French. They can help with career guidance and employability, and are available for one-off or ongoing mentoring."
20,Jake,Harris,Parent,Macquarie University,Social Work,Bachelor,Australian Domestic,New Zealand,English,9,True,True,False,False,7,115,8,4.9,cultural_adjustment;finances;housing,"Jake Harris has been living in Australia for 9 years and supports their child at Macquarie University. Originally from New Zealand, they offer a cross-cultural perspective. They speak English. They can help with visa and immigration processes, housing and accommodation, and are available for one-off or ongoing mentoring."
21,Wen,Liu,Parent,University of Melbourne,Finance,PhD,Chinese,China,English;Mandarin;Cantonese,20,True,True,True,False,5,147,44,4.4,finances;visa;cultural_adjustment;student_safety,"Wen Liu has been living in Australia for 20 years and supports their child at University of Melbourne. Originally from China, they offer a cross-cultural perspective. They speak English, Mandarin, Cantonese. They can help with visa and immigration processes, housing and accommodation, cultural adaptation and settling in, and are available for one-off or ongoing mentoring."
22,Budi,Ahmad,Parent,University of Sydney,Data Science,Master,Southeast Asian,Philippines,English;Indonesian,7,True,True,True,False,10,103,32,3.5,finances;student_safety,"Budi Ahmad has been living in Australia for 7 years and supports their child at University of Sydney. Originally from Philippines, they offer a cross-cultural perspective. They speak English, Indonesian. They can help with visa and immigration processes, housing and accommodation, cultural adaptation and settling in, and are available for one-off or ongoing mentoring."
23,Elena,Ramirez,Parent,University of Melbourne,Artificial Intelligence,Bachelor,Latin American,Colombia,English;Spanish;Portuguese,2,True,True,True,True,2,13,47,4.1,finances;student_safety,"Elena Ramirez has been living in Australia for 2 years and supports their child at University of Melbourne. Originally from Colombia, they offer a cross-cultural perspective. They speak English, Spanish, Portuguese. They can help with visa and immigration processes, housing and accommodation, cultural adaptation and settling in, career guidance and employability, and are available for one-off or ongoing mentoring."
24,Finn,Martin,Student,University of Queensland,Economics,Master,Australian Domestic,Australia,English;Hindi,10,True,False,True,True,10,182,32,4.4,career;visa;housing;academics,"Finn Martin is a Master student in Economics at University of Queensland. They have been living in Australia for 10 years. Originally from Australia, they offer a cross-cultural perspective. They speak English, Hindi. They can help with visa and immigration processes, cultural adaptation and settling in, career guidance and employability, and are available for one-off or ongoing mentoring."
25,Amira,Abbas,Professor,Australian National University,Biotechnology,PhD,Middle Eastern,Jordan,English;Arabic;Farsi,17,False,True,True,False,4,170,31,4.9,industry_transition;career,"Amira Abbas is a Professor in the Biotechnology department at Australian National University. They have 17 years of experience in Australian higher education. Originally from Jordan, they offer a cross-cultural perspective. They speak English, Arabic, Farsi. They can help with housing and accommodation, cultural adaptation and settling in, and are available for one-off or ongoing mentoring."
26,Ivan,Dahl,Parent,University of New South Wales,Information Systems,PhD,European,United Kingdom,English;Italian,4,True,True,True,False,2,121,19,4.9,visa;cultural_adjustment;school_enrollment;finances,"Ivan Dahl has been living in Australia for 4 years and supports their child at University of New South Wales. Originally from United Kingdom, they offer a cross-cultural perspective. They speak English, Italian. They can help with visa and immigration processes, housing and accommodation, cultural adaptation and settling in, and are available for one-off or ongoing mentoring."
27,Kofi,Nwosu,Student,Macquarie University,Medicine,Bachelor,African,South Africa,English;Arabic,16,True,True,True,True,2,39,29,4.4,scholarships;cultural_adjustment;academics;visa,"Kofi Nwosu is a Bachelor student in Medicine at Macquarie University. They have been living in Australia for 16 years. Originally from South Africa, they offer a cross-cultural perspective. They speak English, Arabic. They can help with visa and immigration processes, housing and accommodation, cultural adaptation and settling in, career guidance and employability, and are available for one-off or ongoing mentoring."
28,Tanvi,Reddy,Parent,University of Newcastle,Finance,PostDoc,Indian,Sri Lanka,English;Bengali,6,True,True,True,True,9,140,41,3.7,finances;school_enrollment;student_safety;visa,"Tanvi Reddy has been living in Australia for 6 years and supports their child at University of Newcastle. Originally from Sri Lanka, they offer a cross-cultural perspective. They speak English, Bengali. They can help with visa and immigration processes, housing and accommodation, cultural adaptation and settling in, career guidance and employability, and are available for one-off or ongoing mentoring."
29,Tom,Dubois,Parent,University of Adelaide,Computer Science,Bachelor,European,Netherlands,English;German,19,True,True,False,True,8,32,22,4.1,finances;school_enrollment;housing,"Tom Dubois has been living in Australia for 19 years and supports their child at University of Adelaide. Originally from Netherlands, they offer a cross-cultural perspective. They speak English, German. They can help with visa and immigration processes, housing and accommodation, career guidance and employability, and are available for one-off or ongoing mentoring."
30,Ngozi,Kamara,Professor,Deakin University,Law,PhD,African,Nigeria,English;Swahili,2,False,True,False,True,1,179,40,4.8,research;academics;industry_transition,"Ngozi Kamara is a Professor in the Law department at Deakin University. They have 2 years of experience in Australian higher education. Originally from Nigeria, they offer a cross-cultural perspective. They speak English, Swahili. They can help with housing and accommodation, career guidance and employability, and are available for one-off or ongoing mentoring."
31,Lucia,Diaz,Parent,Curtin University,Law,Bachelor,Latin American,Argentina,English;Spanish,11,True,True,True,False,2,177,27,5.0,housing;cultural_adjustment;school_enrollment,"Lucia Diaz has been living in Australia for 11 years and supports their child at Curtin University. Originally from Argentina, they offer a cross-cultural perspective. They speak English, Spanish. They can help with visa and immigration processes, housing and accommodation, cultural adaptation and settling in, and are available for one-off or ongoing mentoring."
32,Putri,Nguyen,Parent,University of Adelaide,Architecture,Master,Southeast Asian,Thailand,English;Vietnamese,8,False,True,False,False,3,29,15,4.1,student_safety;school_enrollment;finances,"Putri Nguyen has been living in Australia for 8 years and supports their child at University of Adelaide. Originally from Thailand, they offer a cross-cultural perspective. They speak English, Vietnamese. They can help with housing and accommodation, and are available for one-off or ongoing mentoring."
33,Li,Liu,Student,University of Newcastle,Law,Bachelor,Chinese,China,Mandarin;English,1,False,True,True,True,6,40,40,4.9,career;cultural_adjustment,"Li Liu is a Bachelor student in Law at University of Newcastle. They have been living in Australia for 1 years. Originally from China, they offer a cross-cultural perspective. They speak Mandarin, English. They can help with housing and accommodation, cultural adaptation and settling in, career guidance and employability, and are available for one-off or ongoing mentoring."
34,Felipe,Perez,Professor,Deakin University,Law,PostDoc,Latin American,Brazil,English;Portuguese,6,False,True,True,True,7,63,21,4.1,scholarships;research,"Felipe Perez is a Professor in the Law department at Deakin University. They have 6 years of experience in Australian higher education. Originally from Brazil, they offer a cross-cultural perspective. They speak English, Portuguese. They can help with housing and accommodation, cultural adaptation and settling in, career guidance and employability, and are available for one-off or ongoing mentoring."
35,Abena,Jallow,Parent,Queensland University of Technology,Social Work,Master,African,Nigeria,English;Swahili,3,False,True,True,True,6,55,5,4.8,finances;housing,"Abena Jallow has been living in Australia for 3 years and supports their child at Queensland University of Technology. Originally from Nigeria, they offer a cross-cultural perspective. They speak English, Swahili. They can help with housing and accommodation, cultural adaptation and settling in, career guidance and employability, and are available for one-off or ongoing mentoring."
36,Amara,Diallo,Student,RMIT University,Public Health,PostDoc,African,Tanzania,English;Arabic,6,True,False,True,True,5,174,25,3.6,scholarships;cultural_adjustment,"Amara Diallo is a PostDoc student in Public Health at RMIT University. They have been living in Australia for 6 years. Originally from Tanzania, they offer a cross-cultural perspective. They speak English, Arabic. They can help with visa and immigration processes, cultural adaptation and settling in, career guidance and employability, and are available for one-off or ongoing mentoring."
37,Lina,Tahir,Parent,Queensland University of Technology,Social Work,Master,Middle Eastern,Saudi Arabia,English;Arabic,1,True,True,True,False,8,18,40,4.3,visa;student_safety;cultural_adjustment,"Lina Tahir has been living in Australia for 1 years and supports their child at Queensland University of Technology. Originally from Saudi Arabia, they offer a cross-cultural perspective. They speak English, Arabic. They can help with visa and immigration processes, housing and accommodation, cultural adaptation and settling in, and are available for one-off or ongoing mentoring."
38,Folake,Kamara,Student,University of Sydney,Business Analytics,PhD,African,Tanzania,English,16,False,True,True,True,1,82,33,4.3,career;academics;housing;cultural_adjustment,"Folake Kamara is a PhD student in Business Analytics at University of Sydney. They have been living in Australia for 16 years. Originally from Tanzania, they offer a cross-cultural perspective. They speak English. They can help with housing and accommodation, cultural adaptation and settling in, career guidance and employability, and are available for one-off or ongoing mentoring."
39,Amara,Nwosu,Student,University of New South Wales,Mechanical Engineering,Bachelor,African,South Africa,English,11,False,True,True,False,1,86,25,5.0,visa;housing;cultural_adjustment;career,"Amara Nwosu is a Bachelor student in Mechanical Engineering at University of New South Wales. They have been living in Australia for 11 years. Originally from South Africa, they offer a cross-cultural perspective. They speak English. They can help with housing and accommodation, cultural adaptation and settling in, and are available for one-off or ongoing mentoring."
40,Thanh,Le,Student,University of Newcastle,Medicine,Bachelor,Southeast Asian,Myanmar,English;Thai,19,True,True,True,False,3,74,28,4.9,housing;visa;academics,"Thanh Le is a Bachelor student in Medicine at University of Newcastle. They have been living in Australia for 19 years. Originally from Myanmar, they offer a cross-cultural perspective. They speak English, Thai. They can help with visa and immigration processes, housing and accommodation, cultural adaptation and settling in, and are available for one-off or ongoing mentoring."
41,Jorge,Diaz,Parent,Macquarie University,Social Work,Bachelor,Latin American,Venezuela,English;Portuguese,9,True,True,True,True,6,153,5,4.8,visa;student_safety;housing,"Jorge Diaz has been living in Australia for 9 years and supports their child at Macquarie University. Originally from Venezuela, they offer a cross-cultural perspective. They speak English, Portuguese. They can help with visa and immigration processes, housing and accommodation, cultural adaptation and settling in, career guidance and employability, and are available for one-off or ongoing mentoring."
42,Ella,Hall,Parent,University of Queensland,Architecture,Master,Australian Domestic,Australia,English;Hindi,16,True,False,True,False,8,131,41,3.6,cultural_adjustment;student_safety,"Ella Hall has been living in Australia for 16 years and supports their child at University of Queensland. Originally from Australia, they offer a cross-cultural perspective. They speak English, Hindi. They can help with visa and immigration processes, cultural adaptation and settling in, and are available for one-off or ongoing mentoring."
43,Lanre,Gyang,Student,University of New South Wales,Electrical Engineering,Master,African,Kenya,English;Arabic,10,True,True,True,False,3,185,46,4.9,visa;scholarships;career,"Lanre Gyang is a Master student in Electrical Engineering at University of New South Wales. They have been living in Australia for 10 years. Originally from Kenya, they offer a cross-cultural perspective. They speak English, Arabic. They can help with visa and immigration processes, housing and accommodation, cultural adaptation and settling in, and are available for one-off or ongoing mentoring."
44,Jasper,Martin,Professor,Monash University,Marketing,PhD,Australian Domestic,Australia,English,6,True,False,True,True,6,125,17,4.0,academics;networking;industry_transition,"Jasper Martin is a Professor in the Marketing department at Monash University. They have 6 years of experience in Australian higher education. Originally from Australia, they offer a cross-cultural perspective. They speak English. They can help with visa and immigration processes, cultural adaptation and settling in, career guidance and employability, and are available for one-off or ongoing mentoring."
45,Zaid,Hassan,Parent,University of New South Wales,Economics,Bachelor,Middle Eastern,Saudi Arabia,English;Arabic;Farsi,9,False,True,True,False,10,139,33,3.7,visa;finances,"Zaid Hassan has been living in Australia for 9 years and supports their child at University of New South Wales. Originally from Saudi Arabia, they offer a cross-cultural perspective. They speak English, Arabic, Farsi. They can help with housing and accommodation, cultural adaptation and settling in, and are available for one-off or ongoing mentoring."
46,Jorge,Hernandez,Professor,University of New South Wales,Architecture,PhD,Latin American,Chile,English;Portuguese,5,False,True,True,True,9,60,6,4.7,career;research;industry_transition,"Jorge Hernandez is a Professor in the Architecture department at University of New South Wales. They have 5 years of experience in Australian higher education. Originally from Chile, they offer a cross-cultural perspective. They speak English, Portuguese. They can help with housing and accommodation, cultural adaptation and settling in, career guidance and employability, and are available for one-off or ongoing mentoring."
47,Alice,Fischer,Professor,Curtin University,Cybersecurity,PostDoc,European,Netherlands,English;French,6,False,False,False,True,9,4,6,4.8,academics;industry_transition;scholarships,"Alice Fischer is a Professor in the Cybersecurity department at Curtin University. They have 6 years of experience in Australian higher education. Originally from Netherlands, they offer a cross-cultural perspective. They speak English, French. They can help with career guidance and employability, and are available for one-off or ongoing mentoring."
48,Karen,Garcia,Parent,University of Melbourne,Business Analytics,Master,Latin American,Venezuela,English;Spanish;Portuguese,9,True,True,True,True,5,178,16,4.4,school_enrollment;housing,"Karen Garcia has been living in Australia for 9 years and supports their child at University of Melbourne. Originally from Venezuela, they offer a cross-cultural perspective. They speak English, Spanish, Portuguese. They can help with visa and immigration processes, housing and accommodation, cultural adaptation and settling in, career guidance and employability, and are available for one-off or ongoing mentoring."
49,Julia,Dahl,Professor,University of Sydney,Education,PostDoc,European,Sweden,English;Dutch,2,False,True,True,True,8,123,42,4.5,industry_transition;academics,"Julia Dahl is a Professor in the Education department at University of Sydney. They have 2 years of experience in Australian higher education. Originally from Sweden, they offer a cross-cultural perspective. They speak English, Dutch. They can help with housing and accommodation, cultural adaptation and settling in, career guidance and employability, and are available for one-off or ongoing mentoring."
50,Thanh,Susanto,Student,RMIT University,Biotechnology,Bachelor,Southeast Asian,Indonesia,English;Thai,18,True,True,True,False,8,182,31,4.7,scholarships;visa;career,"Thanh Susanto is a Bachelor student in Biotechnology at RMIT University. They have been living in Australia for 18 years. Originally from Indonesia, they offer a cross-cultural perspective. They speak English, Thai. They can help with visa and immigration processes, housing and accommodation, cultural adaptation and settling in, and are available for one-off or ongoing mentoring."
51,Rizky,Ahmad,Student,Queensland University of Technology,Public Health,Bachelor,Southeast Asian,Philippines,English;Indonesian,5,True,False,True,False,8,116,17,4.0,housing;academics;visa;career,"Rizky Ahmad is a Bachelor student in Public Health at Queensland University of Technology. They have been living in Australia for 5 years. Originally from Philippines, they offer a cross-cultural perspective. They speak English, Indonesian. They can help with visa and immigration processes, cultural adaptation and settling in, and are available for one-off or ongoing mentoring."
52,Dylan,Harris,Professor,University of New South Wales,Economics,PhD,Australian Domestic,Australia,English,8,False,True,True,True,9,125,35,4.7,research;academics;career,"Dylan Harris is a Professor in the Economics department at University of New South Wales. They have 8 years of experience in Australian higher education. Originally from Australia, they offer a cross-cultural perspective. They speak English. They can help with housing and accommodation, cultural adaptation and settling in, career guidance and employability, and are available for one-off or ongoing mentoring."
53,Anjali,Malhotra,Parent,University of Sydney,Public Health,Bachelor,Indian,India,English;Bengali,2,False,True,False,False,10,45,34,4.0,school_enrollment;visa,"Anjali Malhotra has been living in Australia for 2 years and supports their child at University of Sydney. Originally from India, they offer a cross-cultural perspective. They speak English, Bengali. They can help with housing and accommodation, and are available for one-off or ongoing mentoring."
54,Xin,Ma,Parent,University of Queensland,Information Systems,Master,Chinese,China,English;Mandarin;Cantonese,16,True,True,True,False,8,134,43,4.7,student_safety;school_enrollment;finances;visa,"Xin Ma has been living in Australia for 16 years and supports their child at University of Queensland. Originally from China, they offer a cross-cultural perspective. They speak English, Mandarin, Cantonese. They can help with visa and immigration processes, housing and accommodation, cultural adaptation and settling in, and are available for one-off or ongoing mentoring."
55,Sneha,Reddy,Parent,Curtin University,Social Work,Master,Indian,India,English;Hindi;Bengali,5,True,True,True,False,8,44,15,4.9,school_enrollment;visa;student_safety,"Sneha Reddy has been living in Australia for 5 years and supports their child at Curtin University. Originally from India, they offer a cross-cultural perspective. They speak English, Hindi, Bengali. They can help with visa and immigration processes, housing and accommodation, cultural adaptation and settling in, and are available for one-off or ongoing mentoring."
56,Laura,Jensen,Student,University of Adelaide,Nursing,Bachelor,European,Poland,English;Dutch,7,True,False,True,False,5,196,37,4.9,scholarships;cultural_adjustment;academics,"Laura Jensen is a Bachelor student in Nursing at University of Adelaide. They have been living in Australia for 7 years. Originally from Poland, they offer a cross-cultural perspective. They speak English, Dutch. They can help with visa and immigration processes, cultural adaptation and settling in, and are available for one-off or ongoing mentoring."
57,Bui,Wibowo,Professor,University of Sydney,Information Systems,PhD,Southeast Asian,Vietnam,English;Vietnamese,1,True,True,True,True,7,152,4,4.1,academics;career;scholarships,"Bui Wibowo is a Professor in the Information Systems department at University of Sydney. They have 1 years of experience in Australian higher education. Originally from Vietnam, they offer a cross-cultural perspective. They speak English, Vietnamese. They can help with visa and immigration processes, housing and accommodation, cultural adaptation and settling in, career guidance and employability, and are available for one-off or ongoing mentoring."
58,Irene,Ortiz,Parent,University of Technology Sydney,Social Work,PhD,Latin American,Colombia,English;Spanish,19,True,True,True,False,1,169,33,3.5,cultural_adjustment;school_enrollment;finances;visa,"Irene Ortiz has been living in Australia for 19 years and supports their child at University of Technology Sydney. Originally from Colombia, they offer a cross-cultural perspective. They speak English, Spanish. They can help with visa and immigration processes, housing and accommodation, cultural adaptation and settling in, and are available for one-off or ongoing mentoring."
59,Huong,Rahman,Professor,Macquarie University,Chemical Engineering,PhD,Southeast Asian,Myanmar,English;Thai,14,True,False,True,True,4,11,23,3.7,networking;scholarships,"Huong Rahman is a Professor in the Chemical Engineering department at Macquarie University. They have 14 years of experience in Australian higher education. Originally from Myanmar, they offer a cross-cultural perspective. They speak English, Thai. They can help with visa and immigration processes, cultural adaptation and settling in, career guidance and employability, and are available for one-off or ongoing mentoring."
60,Omar,Tahir,Professor,University of Adelaide,Mechanical Engineering,PostDoc,Middle Eastern,Egypt,Arabic;English,11,True,True,True,True,8,127,29,3.8,research;scholarships;career;networking,"Omar Tahir is a Professor in the Mechanical Engineering department at University of Adelaide. They have 11 years of experience in Australian higher education. Originally from Egypt, they offer a cross-cultural perspective. They speak Arabic, English. They can help with visa and immigration processes, housing and accommodation, cultural adaptation and settling in, career guidance and employability, and are available for one-off or ongoing mentoring."
61,Aarav,Reddy,Professor,Australian National University,Information Systems,PhD,Indian,India,English;Bengali,20,True,True,False,True,3,130,2,4.9,academics;networking;industry_transition,"Aarav Reddy is a Professor in the Information Systems department at Australian National University. They have 20 years of experience in Australian higher education. Originally from India, they offer a cross-cultural perspective. They speak English, Bengali. They can help with visa and immigration processes, housing and accommodation, career guidance and employability, and are available for one-off or ongoing mentoring."
62,Siti,Yanto,Student,University of Technology Sydney,Social Work,Bachelor,Southeast Asian,Singapore,English;Indonesian,16,True,False,False,True,2,192,11,3.9,housing;cultural_adjustment,"Siti Yanto is a Bachelor student in Social Work at University of Technology Sydney. They have been living in Australia for 16 years. Originally from Singapore, they offer a cross-cultural perspective. They speak English, Indonesian. They can help with visa and immigration processes, career guidance and employability, and are available for one-off or ongoing mentoring."
63,Gaurav,Bhat,Student,University of Newcastle,Social Work,Bachelor,Indian,India,English;Hindi;Bengali,12,False,False,True,True,7,125,14,4.0,cultural_adjustment;career,"Gaurav Bhat is a Bachelor student in Social Work at University of Newcastle. They have been living in Australia for 12 years. Originally from India, they offer a cross-cultural perspective. They speak English, Hindi, Bengali. They can help with cultural adaptation and settling in, career guidance and employability, and are available for one-off or ongoing mentoring."
64,Lin,Huang,Student,RMIT University,Pharmacy,Master,Chinese,China,Mandarin;English,13,True,False,True,False,2,46,44,4.1,career;scholarships;visa,"Lin Huang is a Master student in Pharmacy at RMIT University. They have been living in Australia for 13 years. Originally from China, they offer a cross-cultural perspective. They speak Mandarin, English. They can help with visa and immigration processes, cultural adaptation and settling in, and are available for one-off or ongoing mentoring."
65,Lei,Sun,Parent,University of Melbourne,Law,Bachelor,Chinese,Hong Kong,Mandarin;English,9,True,False,True,False,10,86,26,4.8,housing;visa;student_safety,"Lei Sun has been living in Australia for 9 years and supports their child at University of Melbourne. Originally from Hong Kong, they offer a cross-cultural perspective. They speak Mandarin, English. They can help with visa and immigration processes, cultural adaptation and settling in, and are available for one-off or ongoing mentoring."
66,Georgia,Jones,Student,University of New South Wales,Architecture,Master,Australian Domestic,Australia,English,9,True,True,False,False,1,76,33,3.7,scholarships;housing,"Georgia Jones is a Master student in Architecture at University of New South Wales. They have been living in Australia for 9 years. Originally from Australia, they offer a cross-cultural perspective. They speak English. They can help with visa and immigration processes, housing and accommodation, and are available for one-off or ongoing mentoring."
67,Hafiz,Ngo,Professor,Monash University,Marketing,PostDoc,Southeast Asian,Thailand,English;Malay,20,True,False,True,True,1,85,24,3.9,networking;academics;scholarships;industry_transition,"Hafiz Ngo is a Professor in the Marketing department at Monash University. They have 20 years of experience in Australian higher education. Originally from Thailand, they offer a cross-cultural perspective. They speak English, Malay. They can help with visa and immigration processes, cultural adaptation and settling in, career guidance and employability, and are available for one-off or ongoing mentoring."
68,Hamid,Latif,Parent,University of Melbourne,Medicine,Bachelor,Middle Eastern,UAE,Arabic;English,16,True,True,True,True,2,54,9,4.1,housing;finances;cultural_adjustment;school_enrollment,"Hamid Latif has been living in Australia for 16 years and supports their child at University of Melbourne. Originally from UAE, they offer a cross-cultural perspective. They speak Arabic, English. They can help with visa and immigration processes, housing and accommodation, cultural adaptation and settling in, career guidance and employability, and are available for one-off or ongoing mentoring."
69,Helene,Hansen,Student,Macquarie University,Cybersecurity,Bachelor,European,Sweden,English;Spanish,16,True,False,True,False,9,68,12,4.6,housing;academics;scholarships;visa,"Helene Hansen is a Bachelor student in Cybersecurity at Macquarie University. They have been living in Australia for 16 years. Originally from Sweden, they offer a cross-cultural perspective. They speak English, Spanish. They can help with visa and immigration processes, cultural adaptation and settling in, and are available for one-off or ongoing mentoring."
70,Ting,Han,Parent,RMIT University,Finance,Bachelor,Chinese,Taiwan,English;Mandarin;Cantonese,12,True,True,True,False,1,111,13,3.5,housing;school_enrollment;student_safety;cultural_adjustment,"Ting Han has been living in Australia for 12 years and supports their child at RMIT University. Originally from Taiwan, they offer a cross-cultural perspective. They speak English, Mandarin, Cantonese. They can help with visa and immigration processes, housing and accommodation, cultural adaptation and settling in, and are available for one-off or ongoing mentoring."
71,Lucy,Klein,Professor,Australian National University,Marketing,Master,European,Poland,English;Dutch,7,True,False,True,True,3,105,34,4.5,scholarships;career;industry_transition;research,"Lucy Klein is a Professor in the Marketing department at Australian National University. They have 7 years of experience in Australian higher education. Originally from Poland, they offer a cross-cultural perspective. They speak English, Dutch. They can help with visa and immigration processes, cultural adaptation and settling in, career guidance and employability, and are available for one-off or ongoing mentoring."
72,Khalid,Ismail,Professor,Monash University,Civil Engineering,Master,Middle Eastern,Egypt,English;Arabic,4,False,False,True,True,9,12,35,4.2,industry_transition;career;networking,"Khalid Ismail is a Professor in the Civil Engineering department at Monash University. They have 4 years of experience in Australian higher education. Originally from Egypt, they offer a cross-cultural perspective. They speak English, Arabic. They can help with cultural adaptation and settling in, career guidance and employability, and are available for one-off or ongoing mentoring."
73,Aarti,Malhotra,Student,University of Queensland,Artificial Intelligence,Bachelor,Indian,India,English;Hindi;Bengali,18,False,False,True,True,5,64,32,4.2,visa;cultural_adjustment;career;scholarships,"Aarti Malhotra is a Bachelor student in Artificial Intelligence at University of Queensland. They have been living in Australia for 18 years. Originally from India, they offer a cross-cultural perspective. They speak English, Hindi, Bengali. They can help with cultural adaptation and settling in, career guidance and employability, and are available for one-off or ongoing mentoring."
74,Adaeze,Boateng,Parent,Monash University,Civil Engineering,Bachelor,African,Zimbabwe,English;Arabic,15,True,True,False,True,8,147,10,3.7,finances;housing;visa;cultural_adjustment,"Adaeze Boateng has been living in Australia for 15 years and supports their child at Monash University. Originally from Zimbabwe, they offer a cross-cultural perspective. They speak English, Arabic. They can help with visa and immigration processes, housing and accommodation, career guidance and employability, and are available for one-off or ongoing mentoring."
75,Paula,Ramirez,Student,University of Sydney,Mechanical Engineering,Master,Latin American,Mexico,English;Portuguese,8,True,True,True,True,10,74,1,4.0,academics;housing;cultural_adjustment;scholarships,"Paula Ramirez is a Master student in Mechanical Engineering at University of Sydney. They have been living in Australia for 8 years. Originally from Mexico, they offer a cross-cultural perspective. They speak English, Portuguese. They can help with visa and immigration processes, housing and accommodation, cultural adaptation and settling in, career guidance and employability, and are available for one-off or ongoing mentoring."
76,Finn,Robinson,Student,Australian National University,Computer Science,Bachelor,Australian Domestic,New Zealand,English,15,True,False,True,False,6,148,8,4.4,cultural_adjustment;housing,"Finn Robinson is a Bachelor student in Computer Science at Australian National University. They have been living in Australia for 15 years. Originally from New Zealand, they offer a cross-cultural perspective. They speak English. They can help with visa and immigration processes, cultural adaptation and settling in, and are available for one-off or ongoing mentoring."
77,Obinna,Kanu,Parent,University of Sydney,Education,Master,African,South Africa,English;Swahili,17,True,True,True,False,6,167,24,4.2,visa;student_safety,"Obinna Kanu has been living in Australia for 17 years and supports their child at University of Sydney. Originally from South Africa, they offer a cross-cultural perspective. They speak English, Swahili. They can help with visa and immigration processes, housing and accommodation, cultural adaptation and settling in, and are available for one-off or ongoing mentoring."
78,Yash,Chopra,Student,Macquarie University,Computer Science,PhD,Indian,India,English;Hindi;Tamil,19,True,True,True,True,5,60,29,4.5,visa;scholarships,"Yash Chopra is a PhD student in Computer Science at Macquarie University. They have been living in Australia for 19 years. Originally from India, they offer a cross-cultural perspective. They speak English, Hindi, Tamil. They can help with visa and immigration processes, housing and accommodation, cultural adaptation and settling in, career guidance and employability, and are available for one-off or ongoing mentoring."
79,Chloe,Evans,Student,Australian National University,Computer Science,Master,Australian Domestic,New Zealand,English,18,False,False,True,True,10,171,35,4.8,visa;scholarships,"Chloe Evans is a Master student in Computer Science at Australian National University. They have been living in Australia for 18 years. Originally from New Zealand, they offer a cross-cultural perspective. They speak English. They can help with cultural adaptation and settling in, career guidance and employability, and are available for one-off or ongoing mentoring."
80,Sarah,Smith,Professor,University of Queensland,Law,PhD,European,Netherlands,English;Dutch,4,True,True,True,True,6,186,37,3.6,career;industry_transition,"Sarah Smith is a Professor in the Law department at University of Queensland. They have 4 years of experience in Australian higher education. Originally from Netherlands, they offer a cross-cultural perspective. They speak English, Dutch. They can help with visa and immigration processes, housing and accommodation, cultural adaptation and settling in, career guidance and employability, and are available for one-off or ongoing mentoring."
81,Dylan,Brown,Student,Monash University,Mechanical Engineering,Master,Australian Domestic,New Zealand,English;Mandarin,2,False,False,True,True,4,182,24,4.4,housing;career;academics,"Dylan Brown is a Master student in Mechanical Engineering at Monash University. They have been living in Australia for 2 years. Originally from New Zealand, they offer a cross-cultural perspective. They speak English, Mandarin. They can help with cultural adaptation and settling in, career guidance and employability, and are available for one-off or ongoing mentoring."
82,Phuong,Pham,Student,University of Adelaide,Public Health,Bachelor,Southeast Asian,Philippines,English;Vietnamese,17,True,True,True,False,9,166,36,3.7,cultural_adjustment;visa;scholarships;career,"Phuong Pham is a Bachelor student in Public Health at University of Adelaide. They have been living in Australia for 17 years. Originally from Philippines, they offer a cross-cultural perspective. They speak English, Vietnamese. They can help with visa and immigration processes, housing and accommodation, cultural adaptation and settling in, and are available for one-off or ongoing mentoring."
83,Seun,Jallow,Student,University of Adelaide,Pharmacy,Master,African,Ghana,English;French,14,False,True,True,False,8,128,21,4.9,academics;housing,"Seun Jallow is a Master student in Pharmacy at University of Adelaide. They have been living in Australia for 14 years. Originally from Ghana, they offer a cross-cultural perspective. They speak English, French. They can help with housing and accommodation, cultural adaptation and settling in, and are available for one-off or ongoing mentoring."
84,Hien,Yanto,Parent,Deakin University,Environmental Science,Bachelor,Southeast Asian,Singapore,English;Malay;Indonesian,1,True,True,True,True,3,176,10,4.1,finances;student_safety,"Hien Yanto has been living in Australia for 1 years and supports their child at Deakin University. Originally from Singapore, they offer a cross-cultural perspective. They speak English, Malay, Indonesian. They can help with visa and immigration processes, housing and accommodation, cultural adaptation and settling in, career guidance and employability, and are available for one-off or ongoing mentoring."
85,Alejandro,Aguilar,Professor,University of Western Australia,Public Health,PhD,Latin American,Mexico,English;Spanish,12,True,True,True,True,10,141,47,4.9,research;career;networking,"Alejandro Aguilar is a Professor in the Public Health department at University of Western Australia. They have 12 years of experience in Australian higher education. Originally from Mexico, they offer a cross-cultural perspective. They speak English, Spanish. They can help with visa and immigration processes, housing and accommodation, cultural adaptation and settling in, career guidance and employability, and are available for one-off or ongoing mentoring."
86,Huong,Tran,Student,Curtin University,Economics,Master,Southeast Asian,Thailand,English;Indonesian,1,True,False,True,False,1,93,13,4.6,career;cultural_adjustment;visa,"Huong Tran is a Master student in Economics at Curtin University. They have been living in Australia for 1 years. Originally from Thailand, they offer a cross-cultural perspective. They speak English, Indonesian. They can help with visa and immigration processes, cultural adaptation and settling in, and are available for one-off or ongoing mentoring."
87,Ali,Ghazali,Parent,Queensland University of Technology,Chemical Engineering,Master,Middle Eastern,Lebanon,English;Arabic,12,True,True,True,False,8,46,5,4.7,visa;cultural_adjustment;finances;student_safety,"Ali Ghazali has been living in Australia for 12 years and supports their child at Queensland University of Technology. Originally from Lebanon, they offer a cross-cultural perspective. They speak English, Arabic. They can help with visa and immigration processes, housing and accommodation, cultural adaptation and settling in, and are available for one-off or ongoing mentoring."
88,Lanre,Adeyemi,Professor,Deakin University,Marketing,PostDoc,African,Zimbabwe,English;Swahili,8,True,False,True,True,5,185,37,3.8,research;scholarships,"Lanre Adeyemi is a Professor in the Marketing department at Deakin University. They have 8 years of experience in Australian higher education. Originally from Zimbabwe, they offer a cross-cultural perspective. They speak English, Swahili. They can help with visa and immigration processes, cultural adaptation and settling in, career guidance and employability, and are available for one-off or ongoing mentoring."
89,Finn,Schmidt,Student,University of New South Wales,Electrical Engineering,Bachelor,European,Sweden,English,12,True,True,True,False,9,52,28,4.7,academics;cultural_adjustment;career;scholarships,"Finn Schmidt is a Bachelor student in Electrical Engineering at University of New South Wales. They have been living in Australia for 12 years. Originally from Sweden, they offer a cross-cultural perspective. They speak English. They can help with visa and immigration processes, housing and accommodation, cultural adaptation and settling in, and are available for one-off or ongoing mentoring."
90,Bashir,Farouk,Professor,University of Melbourne,Data Science,PostDoc,Middle Eastern,Lebanon,English;Arabic;French,16,True,False,True,True,4,188,21,3.9,career;scholarships,"Bashir Farouk is a Professor in the Data Science department at University of Melbourne. They have 16 years of experience in Australian higher education. Originally from Lebanon, they offer a cross-cultural perspective. They speak English, Arabic, French. They can help with visa and immigration processes, cultural adaptation and settling in, career guidance and employability, and are available for one-off or ongoing mentoring."
91,Chidi,Adeyemi,Student,Macquarie University,Law,Master,African,South Africa,English,1,True,False,False,False,3,54,22,4.2,housing;cultural_adjustment;visa,"Chidi Adeyemi is a Master student in Law at Macquarie University. They have been living in Australia for 1 years. Originally from South Africa, they offer a cross-cultural perspective. They speak English. They can help with visa and immigration processes, and are available for one-off or ongoing mentoring."
92,Deepak,Sharma,Student,University of Sydney,Psychology,Bachelor,Indian,India,English;Hindi,15,False,False,True,True,7,97,1,4.3,cultural_adjustment;academics,"Deepak Sharma is a Bachelor student in Psychology at University of Sydney. They have been living in Australia for 15 years. Originally from India, they offer a cross-cultural perspective. They speak English, Hindi. They can help with cultural adaptation and settling in, career guidance and employability, and are available for one-off or ongoing mentoring."
93,Ben,Dubois,Parent,University of Newcastle,Pharmacy,Bachelor,European,Sweden,English;Dutch,9,True,True,True,True,5,85,36,4.0,student_safety;school_enrollment;housing;visa,"Ben Dubois has been living in Australia for 9 years and supports their child at University of Newcastle. Originally from Sweden, they offer a cross-cultural perspective. They speak English, Dutch. They can help with visa and immigration processes, housing and accommodation, cultural adaptation and settling in, career guidance and employability, and are available for one-off or ongoing mentoring."
94,Suresh,Patel,Professor,Deakin University,Pharmacy,PhD,Indian,India,English;Hindi;Bengali,10,False,True,True,True,9,10,44,3.8,scholarships;research;networking;industry_transition,"Suresh Patel is a Professor in the Pharmacy department at Deakin University. They have 10 years of experience in Australian higher education. Originally from India, they offer a cross-cultural perspective. They speak English, Hindi, Bengali. They can help with housing and accommodation, cultural adaptation and settling in, career guidance and employability, and are available for one-off or ongoing mentoring."
95,Layla,Abbas,Parent,RMIT University,Social Work,Master,Middle Eastern,Lebanon,English;Arabic,16,True,True,True,True,5,164,43,3.8,school_enrollment;student_safety;finances,"Layla Abbas has been living in Australia for 16 years and supports their child at RMIT University. Originally from Lebanon, they offer a cross-cultural perspective. They speak English, Arabic. They can help with visa and immigration processes, housing and accommodation, cultural adaptation and settling in, career guidance and employability, and are available for one-off or ongoing mentoring."
96,Rui,Li,Student,University of Adelaide,Biotechnology,Bachelor,Chinese,China,English;Mandarin;Cantonese,18,True,False,False,False,9,188,27,4.2,housing;academics,"Rui Li is a Bachelor student in Biotechnology at University of Adelaide. They have been living in Australia for 18 years. Originally from China, they offer a cross-cultural perspective. They speak English, Mandarin, Cantonese. They can help with visa and immigration processes, and are available for one-off or ongoing mentoring."
97,Ella,Hill,Student,University of Queensland,Data Science,Master,Australian Domestic,Australia,English,7,True,False,False,False,2,101,27,4.9,academics;visa;scholarships;cultural_adjustment,"Ella Hill is a Master student in Data Science at University of Queensland. They have been living in Australia for 7 years. Originally from Australia, they offer a cross-cultural perspective. They speak English. They can help with visa and immigration processes, and are available for one-off or ongoing mentoring."
98,Elena,Muller,Parent,University of Western Australia,Cybersecurity,Bachelor,European,Germany,English;French,4,True,True,False,False,3,94,29,3.8,cultural_adjustment;housing,"Elena Muller has been living in Australia for 4 years and supports their child at University of Western Australia. Originally from Germany, they offer a cross-cultural perspective. They speak English, French. They can help with visa and immigration processes, housing and accommodation, and are available for one-off or ongoing mentoring."
99,Sarah,Green,Student,Deakin University,Education,Bachelor,European,Sweden,English;German,19,True,True,True,False,5,125,18,4.0,academics;career;cultural_adjustment;scholarships,"Sarah Green is a Bachelor student in Education at Deakin University. They have been living in Australia for 19 years. Originally from Sweden, they offer a cross-cultural perspective. They speak English, German. They can help with visa and immigration processes, housing and accommodation, cultural adaptation and settling in, and are available for one-off or ongoing mentoring."
100,Adaeze,Fadahunsi,Parent,University of New South Wales,Medicine,PhD,African,Zimbabwe,English,9,True,False,True,True,5,114,6,4.8,visa;cultural_adjustment;student_safety,"Adaeze Fadahunsi has been living in Australia for 9 years and supports their child at University of New South Wales. Originally from Zimbabwe, they offer a cross-cultural perspective. They speak English. They can help with visa and immigration processes, cultural adaptation and settling in, career guidance and employability, and are available for one-off or ongoing mentoring."
101,Yemi,Balogun,Professor,Australian National University,Accounting,PhD,African,South Africa,English;French,20,False,True,True,True,6,65,6,4.5,academics;research;scholarships;career,"Yemi Balogun is a Professor in the Accounting department at Australian National University. They have 20 years of experience in Australian higher education. Originally from South Africa, they offer a cross-cultural perspective. They speak English, French. They can help with housing and accommodation, cultural adaptation and settling in, career guidance and employability, and are available for one-off or ongoing mentoring."
102,Hector,Flores,Professor,Macquarie University,Business Analytics,Master,Latin American,Argentina,Spanish;English,18,False,True,True,False,3,79,12,4.7,scholarships;academics;industry_transition;research,"Hector Flores is a Professor in the Business Analytics department at Macquarie University. They have 18 years of experience in Australian higher education. Originally from Argentina, they offer a cross-cultural perspective. They speak Spanish, English. They can help with housing and accommodation, cultural adaptation and settling in, and are available for one-off or ongoing mentoring."
103,Aiden,Wilson,Student,University of Adelaide,Nursing,Master,Australian Domestic,Australia,English;Mandarin,12,True,True,True,True,9,50,10,4.7,scholarships;visa;academics,"Aiden Wilson is a Master student in Nursing at University of Adelaide. They have been living in Australia for 12 years. Originally from Australia, they offer a cross-cultural perspective. They speak English, Mandarin. They can help with visa and immigration processes, housing and accommodation, cultural adaptation and settling in, career guidance and employability, and are available for one-off or ongoing mentoring."
104,Anna,Williams,Parent,RMIT University,Artificial Intelligence,Master,European,Netherlands,English;Spanish,9,False,False,True,False,8,86,1,4.1,student_safety;visa;cultural_adjustment;finances,"Anna Williams has been living in Australia for 9 years and supports their child at RMIT University. Originally from Netherlands, they offer a cross-cultural perspective. They speak English, Spanish. They can help with cultural adaptation and settling in, and are available for one-off or ongoing mentoring."
105,Abena,Diallo,Student,Monash University,Business Analytics,Bachelor,African,Kenya,English;French,10,True,False,True,True,9,26,47,4.7,cultural_adjustment;scholarships,"Abena Diallo is a Bachelor student in Business Analytics at Monash University. They have been living in Australia for 10 years. Originally from Kenya, they offer a cross-cultural perspective. They speak English, French. They can help with visa and immigration processes, cultural adaptation and settling in, career guidance and employability, and are available for one-off or ongoing mentoring."
106,Jasper,Hall,Professor,Curtin University,Business Analytics,PhD,Australian Domestic,Australia,English,15,True,False,True,True,9,31,38,4.5,scholarships;networking;industry_transition,"Jasper Hall is a Professor in the Business Analytics department at Curtin University. They have 15 years of experience in Australian higher education. Originally from Australia, they offer a cross-cultural perspective. They speak English. They can help with visa and immigration processes, cultural adaptation and settling in, career guidance and employability, and are available for one-off or ongoing mentoring."
107,Yemi,Conteh,Professor,University of Newcastle,Public Health,PhD,African,Ethiopia,English,7,True,True,False,True,7,104,33,3.9,academics;career;research;scholarships,"Yemi Conteh is a Professor in the Public Health department at University of Newcastle. They have 7 years of experience in Australian higher education. Originally from Ethiopia, they offer a cross-cultural perspective. They speak English. They can help with visa and immigration processes, housing and accommodation, career guidance and employability, and are available for one-off or ongoing mentoring."
108,Chen,Zhao,Parent,University of Technology Sydney,Computer Science,Bachelor,Chinese,China,English;Mandarin;Cantonese,7,False,True,True,False,5,10,14,4.3,housing;school_enrollment;student_safety;visa,"Chen Zhao has been living in Australia for 7 years and supports their child at University of Technology Sydney. Originally from China, they offer a cross-cultural perspective. They speak English, Mandarin, Cantonese. They can help with housing and accommodation, cultural adaptation and settling in, and are available for one-off or ongoing mentoring."
109,Nur,Pratama,Professor,Macquarie University,Biotechnology,PhD,Southeast Asian,Vietnam,English;Vietnamese,6,True,True,True,True,10,56,33,4.3,industry_transition;networking;career;academics,"Nur Pratama is a Professor in the Biotechnology department at Macquarie University. They have 6 years of experience in Australian higher education. Originally from Vietnam, they offer a cross-cultural perspective. They speak English, Vietnamese. They can help with visa and immigration processes, housing and accommodation, cultural adaptation and settling in, career guidance and employability, and are available for one-off or ongoing mentoring."
110,Yanti,Ahmad,Professor,Monash University,Electrical Engineering,PhD,Southeast Asian,Myanmar,English;Vietnamese,12,True,True,True,True,2,5,44,4.1,academics;networking;scholarships,"Yanti Ahmad is a Professor in the Electrical Engineering department at Monash University. They have 12 years of experience in Australian higher education. Originally from Myanmar, they offer a cross-cultural perspective. They speak English, Vietnamese. They can help with visa and immigration processes, housing and accommodation, cultural adaptation and settling in, career guidance and employability, and are available for one-off or ongoing mentoring."
111,Zaid,Darwish,Student,University of Sydney,Data Science,PhD,Middle Eastern,Iran,English;Arabic;French,6,False,True,False,False,10,33,10,4.9,academics;career;visa,"Zaid Darwish is a PhD student in Data Science at University of Sydney. They have been living in Australia for 6 years. Originally from Iran, they offer a cross-cultural perspective. They speak English, Arabic, French. They can help with housing and accommodation, and are available for one-off or ongoing mentoring."
112,Kavya,Gupta,Student,Queensland University of Technology,Computer Science,Bachelor,Indian,India,English;Tamil,2,True,False,False,False,8,166,2,4.1,career;scholarships;academics;cultural_adjustment,"Kavya Gupta is a Bachelor student in Computer Science at Queensland University of Technology. They have been living in Australia for 2 years. Originally from India, they offer a cross-cultural perspective. They speak English, Tamil. They can help with visa and immigration processes, and are available for one-off or ongoing mentoring."
113,Karl,Dahl,Student,Queensland University of Technology,Economics,Bachelor,European,France,English;Spanish,2,False,True,True,False,9,172,11,3.7,cultural_adjustment;visa,"Karl Dahl is a Bachelor student in Economics at Queensland University of Technology. They have been living in Australia for 2 years. Originally from France, they offer a cross-cultural perspective. They speak English, Spanish. They can help with housing and accommodation, cultural adaptation and settling in, and are available for one-off or ongoing mentoring."
114,Fang,Zhou,Parent,University of Queensland,Social Work,Bachelor,Chinese,Hong Kong,English;Mandarin,7,True,True,False,True,1,87,48,4.5,finances;visa,"Fang Zhou has been living in Australia for 7 years and supports their child at University of Queensland. Originally from Hong Kong, they offer a cross-cultural perspective. They speak English, Mandarin. They can help with visa and immigration processes, housing and accommodation, career guidance and employability, and are available for one-off or ongoing mentoring."
115,Roberto,Medina,Professor,University of Technology Sydney,Law,PostDoc,Latin American,Argentina,English;Portuguese,20,True,False,True,True,4,43,30,3.8,career;research,"Roberto Medina is a Professor in the Law department at University of Technology Sydney. They have 20 years of experience in Australian higher education. Originally from Argentina, they offer a cross-cultural perspective. They speak English, Portuguese. They can help with visa and immigration processes, cultural adaptation and settling in, career guidance and employability, and are available for one-off or ongoing mentoring."
116,Hana,Ghazali,Professor,University of New South Wales,Accounting,PhD,Middle Eastern,Saudi Arabia,English;Arabic;Farsi,9,True,True,True,True,9,175,19,4.2,career;research;academics,"Hana Ghazali is a Professor in the Accounting department at University of New South Wales. They have 9 years of experience in Australian higher education. Originally from Saudi Arabia, they offer a cross-cultural perspective. They speak English, Arabic, Farsi. They can help with visa and immigration processes, housing and accommodation, cultural adaptation and settling in, career guidance and employability, and are available for one-off or ongoing mentoring."
117,Sophie,Rossi,Student,University of Melbourne,Education,Master,European,Netherlands,English;French,16,False,False,True,False,5,192,28,3.8,career;scholarships;visa,"Sophie Rossi is a Master student in Education at University of Melbourne. They have been living in Australia for 16 years. Originally from Netherlands, they offer a cross-cultural perspective. They speak English, French. They can help with cultural adaptation and settling in, and are available for one-off or ongoing mentoring."
118,Amara,Conteh,Professor,University of Queensland,Law,PhD,African,Tanzania,English;Arabic,12,True,False,True,True,1,157,38,3.6,academics;scholarships,"Amara Conteh is a Professor in the Law department at University of Queensland. They have 12 years of experience in Australian higher education. Originally from Tanzania, they offer a cross-cultural perspective. They speak English, Arabic. They can help with visa and immigration processes, cultural adaptation and settling in, career guidance and employability, and are available for one-off or ongoing mentoring."
119,Riya,Malhotra,Parent,Monash University,Artificial Intelligence,Bachelor,Indian,India,English;Hindi;Tamil,8,True,True,True,False,5,4,8,3.6,finances;visa;student_safety,"Riya Malhotra has been living in Australia for 8 years and supports their child at Monash University. Originally from India, they offer a cross-cultural perspective. They speak English, Hindi, Tamil. They can help with visa and immigration processes, housing and accommodation, cultural adaptation and settling in, and are available for one-off or ongoing mentoring."
120,Bao,Ma,Professor,Deakin University,Finance,PostDoc,Chinese,China,Mandarin;English,2,False,True,False,True,3,194,25,4.1,research;academics,"Bao Ma is a Professor in the Finance department at Deakin University. They have 2 years of experience in Australian higher education. Originally from China, they offer a cross-cultural perspective. They speak Mandarin, English. They can help with housing and accommodation, career guidance and employability, and are available for one-off or ongoing mentoring."
121,Felipe,Perez,Student,University of New South Wales,Medicine,Bachelor,Latin American,Chile,English;Portuguese,3,True,True,True,True,8,189,17,3.6,career;scholarships,"Felipe Perez is a Bachelor student in Medicine at University of New South Wales. They have been living in Australia for 3 years. Originally from Chile, they offer a cross-cultural perspective. They speak English, Portuguese. They can help with visa and immigration processes, housing and accommodation, cultural adaptation and settling in, career guidance and employability, and are available for one-off or ongoing mentoring."
122,Adam,Anderson,Student,RMIT University,Nursing,Master,European,United Kingdom,English;German,12,True,True,True,False,2,120,28,3.9,housing;academics,"Adam Anderson is a Master student in Nursing at RMIT University. They have been living in Australia for 12 years. Originally from United Kingdom, they offer a cross-cultural perspective. They speak English, German. They can help with visa and immigration processes, housing and accommodation, cultural adaptation and settling in, and are available for one-off or ongoing mentoring."
123,Lily,Taylor,Parent,University of Queensland,Data Science,Bachelor,Australian Domestic,New Zealand,English;Hindi,14,True,True,True,True,8,112,29,3.9,cultural_adjustment;student_safety;visa;housing,"Lily Taylor has been living in Australia for 14 years and supports their child at University of Queensland. Originally from New Zealand, they offer a cross-cultural perspective. They speak English, Hindi. They can help with visa and immigration processes, housing and accommodation, cultural adaptation and settling in, career guidance and employability, and are available for one-off or ongoing mentoring."
124,Gaurav,Gupta,Parent,University of New South Wales,Information Systems,Master,Indian,India,English;Hindi;Bengali,20,False,True,True,False,3,100,8,4.0,student_safety;school_enrollment;visa,"Gaurav Gupta has been living in Australia for 20 years and supports their child at University of New South Wales. Originally from India, they offer a cross-cultural perspective. They speak English, Hindi, Bengali. They can help with housing and accommodation, cultural adaptation and settling in, and are available for one-off or ongoing mentoring."
125,Hai,Budi,Professor,Australian National University,Medicine,Master,Southeast Asian,Thailand,English;Indonesian,6,False,True,True,True,5,93,20,4.9,research;academics;industry_transition,"Hai Budi is a Professor in the Medicine department at Australian National University. They have 6 years of experience in Australian higher education. Originally from Thailand, they offer a cross-cultural perspective. They speak English, Indonesian. They can help with housing and accommodation, cultural adaptation and settling in, career guidance and employability, and are available for one-off or ongoing mentoring."
126,Rizky,Nguyen,Parent,University of New South Wales,Accounting,Master,Southeast Asian,Vietnam,English;Malay;Indonesian,11,True,False,True,False,8,189,1,3.8,visa;school_enrollment,"Rizky Nguyen has been living in Australia for 11 years and supports their child at University of New South Wales. Originally from Vietnam, they offer a cross-cultural perspective. They speak English, Malay, Indonesian. They can help with visa and immigration processes, cultural adaptation and settling in, and are available for one-off or ongoing mentoring."
127,Ngozi,Kamara,Student,University of Melbourne,Mechanical Engineering,Master,African,Nigeria,English,4,True,True,True,True,2,170,34,4.4,academics;cultural_adjustment;visa;scholarships,"Ngozi Kamara is a Master student in Mechanical Engineering at University of Melbourne. They have been living in Australia for 4 years. Originally from Nigeria, they offer a cross-cultural perspective. They speak English. They can help with visa and immigration processes, housing and accommodation, cultural adaptation and settling in, career guidance and employability, and are available for one-off or ongoing mentoring."
128,Layla,Farouk,Student,University of Adelaide,Biotechnology,Bachelor,Middle Eastern,Jordan,English;Arabic,19,True,False,True,False,6,74,9,4.7,academics;cultural_adjustment;visa;career,"Layla Farouk is a Bachelor student in Biotechnology at University of Adelaide. They have been living in Australia for 19 years. Originally from Jordan, they offer a cross-cultural perspective. They speak English, Arabic. They can help with visa and immigration processes, cultural adaptation and settling in, and are available for one-off or ongoing mentoring."
129,Wei,Yang,Student,University of Sydney,Psychology,PhD,Chinese,China,English;Mandarin;Cantonese,3,False,True,False,True,5,168,26,4.9,housing;career,"Wei Yang is a PhD student in Psychology at University of Sydney. They have been living in Australia for 3 years. Originally from China, they offer a cross-cultural perspective. They speak English, Mandarin, Cantonese. They can help with housing and accommodation, career guidance and employability, and are available for one-off or ongoing mentoring."
130,Jasper,Harris,Parent,University of Technology Sydney,Business Analytics,Master,Australian Domestic,New Zealand,English,14,False,True,True,False,10,89,7,4.4,student_safety;housing;school_enrollment,"Jasper Harris has been living in Australia for 14 years and supports their child at University of Technology Sydney. Originally from New Zealand, they offer a cross-cultural perspective. They speak English. They can help with housing and accommodation, cultural adaptation and settling in, and are available for one-off or ongoing mentoring."
131,Fang,Tang,Professor,Queensland University of Technology,Psychology,PhD,Chinese,China,Mandarin;English,7,False,True,False,True,5,148,21,3.5,career;industry_transition,"Fang Tang is a Professor in the Psychology department at Queensland University of Technology. They have 7 years of experience in Australian higher education. Originally from China, they offer a cross-cultural perspective. They speak Mandarin, English. They can help with housing and accommodation, career guidance and employability, and are available for one-off or ongoing mentoring."
132,Kofi,Boateng,Parent,University of Sydney,Pharmacy,Master,African,Tanzania,English;Arabic,8,True,True,True,False,10,175,3,4.5,finances;student_safety;cultural_adjustment;housing,"Kofi Boateng has been living in Australia for 8 years and supports their child at University of Sydney. Originally from Tanzania, they offer a cross-cultural perspective. They speak English, Arabic. They can help with visa and immigration processes, housing and accommodation, cultural adaptation and settling in, and are available for one-off or ongoing mentoring."
133,Hamid,Ismail,Professor,University of Adelaide,Civil Engineering,PostDoc,Middle Eastern,Turkey,English;Arabic;Farsi,4,False,True,False,True,5,125,20,4.8,research;career,"Hamid Ismail is a Professor in the Civil Engineering department at University of Adelaide. They have 4 years of experience in Australian higher education. Originally from Turkey, they offer a cross-cultural perspective. They speak English, Arabic, Farsi. They can help with housing and accommodation, career guidance and employability, and are available for one-off or ongoing mentoring."
134,Li,Han,Parent,Queensland University of Technology,Marketing,Bachelor,Chinese,China,English;Mandarin;Cantonese,14,True,True,True,False,4,19,43,4.7,finances;cultural_adjustment;visa;housing,"Li Han has been living in Australia for 14 years and supports their child at Queensland University of Technology. Originally from China, they offer a cross-cultural perspective. They speak English, Mandarin, Cantonese. They can help with visa and immigration processes, housing and accommodation, cultural adaptation and settling in, and are available for one-off or ongoing mentoring."
135,Arjun,Kumar,Student,Australian National University,Economics,Bachelor,Indian,India,English;Bengali,18,True,True,True,False,6,43,37,3.5,scholarships;housing;academics;career,"Arjun Kumar is a Bachelor student in Economics at Australian National University. They have been living in Australia for 18 years. Originally from India, they offer a cross-cultural perspective. They speak English, Bengali. They can help with visa and immigration processes, housing and accommodation, cultural adaptation and settling in, and are available for one-off or ongoing mentoring."
136,Fang,Xu,Student,University of Melbourne,Biotechnology,Bachelor,Chinese,China,English;Mandarin,13,True,True,False,False,10,155,41,4.8,academics;cultural_adjustment;scholarships,"Fang Xu is a Bachelor student in Biotechnology at University of Melbourne. They have been living in Australia for 13 years. Originally from China, they offer a cross-cultural perspective. They speak English, Mandarin. They can help with visa and immigration processes, housing and accommodation, and are available for one-off or ongoing mentoring."
137,Gbenga,Chukwu,Parent,Queensland University of Technology,Finance,Master,African,Nigeria,English,17,False,False,True,True,9,51,6,4.6,school_enrollment;visa,"Gbenga Chukwu has been living in Australia for 17 years and supports their child at Queensland University of Technology. Originally from Nigeria, they offer a cross-cultural perspective. They speak English. They can help with cultural adaptation and settling in, career guidance and employability, and are available for one-off or ongoing mentoring."
138,Jose,Morales,Professor,Queensland University of Technology,Business Analytics,PostDoc,Latin American,Mexico,Spanish;English,7,True,True,True,True,3,88,1,4.7,research;networking;career;industry_transition,"Jose Morales is a Professor in the Business Analytics department at Queensland University of Technology. They have 7 years of experience in Australian higher education. Originally from Mexico, they offer a cross-cultural perspective. They speak Spanish, English. They can help with visa and immigration processes, housing and accommodation, cultural adaptation and settling in, career guidance and employability, and are available for one-off or ongoing mentoring."
139,Mark,Williams,Parent,Deakin University,Mechanical Engineering,Bachelor,European,Germany,English;German,16,True,True,True,False,8,59,45,4.2,housing;visa;cultural_adjustment,"Mark Williams has been living in Australia for 16 years and supports their child at Deakin University. Originally from Germany, they offer a cross-cultural perspective. They speak English, German. They can help with visa and immigration processes, housing and accommodation, cultural adaptation and settling in, and are available for one-off or ongoing mentoring."
140,Blake,Hill,Student,University of Adelaide,Public Health,Bachelor,Australian Domestic,Australia,English,9,True,True,True,False,10,73,10,4.0,housing;career;visa;scholarships,"Blake Hill is a Bachelor student in Public Health at University of Adelaide. They have been living in Australia for 9 years. Originally from Australia, they offer a cross-cultural perspective. They speak English. They can help with visa and immigration processes, housing and accommodation, cultural adaptation and settling in, and are available for one-off or ongoing mentoring."
141,Daniela,Morales,Student,University of New South Wales,Marketing,Bachelor,Latin American,Colombia,Spanish;English,13,True,False,True,True,6,116,10,3.8,scholarships;academics;cultural_adjustment;housing,"Daniela Morales is a Bachelor student in Marketing at University of New South Wales. They have been living in Australia for 13 years. Originally from Colombia, they offer a cross-cultural perspective. They speak Spanish, English. They can help with visa and immigration processes, cultural adaptation and settling in, career guidance and employability, and are available for one-off or ongoing mentoring."
142,Seun,Abiodun,Professor,University of Technology Sydney,Medicine,Master,African,Nigeria,English,8,False,True,True,True,6,195,44,3.6,scholarships;networking;career,"Seun Abiodun is a Professor in the Medicine department at University of Technology Sydney. They have 8 years of experience in Australian higher education. Originally from Nigeria, they offer a cross-cultural perspective. They speak English. They can help with housing and accommodation, cultural adaptation and settling in, career guidance and employability, and are available for one-off or ongoing mentoring."
143,Hien,Hoang,Professor,Monash University,Finance,PhD,Southeast Asian,Philippines,English;Malay,2,False,False,True,True,8,15,47,4.4,networking;academics,"Hien Hoang is a Professor in the Finance department at Monash University. They have 2 years of experience in Australian higher education. Originally from Philippines, they offer a cross-cultural perspective. They speak English, Malay. They can help with cultural adaptation and settling in, career guidance and employability, and are available for one-off or ongoing mentoring."
144,Putri,Sari,Student,University of Sydney,Economics,Bachelor,Southeast Asian,Malaysia,English;Malay;Indonesian,6,True,False,True,False,9,47,9,4.1,career;academics,"Putri Sari is a Bachelor student in Economics at University of Sydney. They have been living in Australia for 6 years. Originally from Malaysia, they offer a cross-cultural perspective. They speak English, Malay, Indonesian. They can help with visa and immigration processes, cultural adaptation and settling in, and are available for one-off or ongoing mentoring."
145,Anjali,Kumar,Student,Macquarie University,Public Health,Bachelor,Indian,India,English;Bengali,18,True,False,True,False,4,138,1,3.8,housing;cultural_adjustment;visa;scholarships,"Anjali Kumar is a Bachelor student in Public Health at Macquarie University. They have been living in Australia for 18 years. Originally from India, they offer a cross-cultural perspective. They speak English, Bengali. They can help with visa and immigration processes, cultural adaptation and settling in, and are available for one-off or ongoing mentoring."
146,Ali,Tahir,Parent,Deakin University,Electrical Engineering,Bachelor,Middle Eastern,Jordan,Arabic;English,10,False,True,True,False,1,3,21,4.9,cultural_adjustment;student_safety;housing,"Ali Tahir has been living in Australia for 10 years and supports their child at Deakin University. Originally from Jordan, they offer a cross-cultural perspective. They speak Arabic, English. They can help with housing and accommodation, cultural adaptation and settling in, and are available for one-off or ongoing mentoring."
147,Helene,Green,Professor,Curtin University,Artificial Intelligence,PhD,European,Germany,English;German,19,False,True,False,True,3,186,35,3.9,networking;industry_transition;research,"Helene Green is a Professor in the Artificial Intelligence department at Curtin University. They have 19 years of experience in Australian higher education. Originally from Germany, they offer a cross-cultural perspective. They speak English, German. They can help with housing and accommodation, career guidance and employability, and are available for one-off or ongoing mentoring."
148,Budi,Le,Student,University of Adelaide,Architecture,Bachelor,Southeast Asian,Philippines,English;Indonesian,4,True,False,False,True,1,114,2,4.1,scholarships;cultural_adjustment;academics,"Budi Le is a Bachelor student in Architecture at University of Adelaide. They have been living in Australia for 4 years. Originally from Philippines, they offer a cross-cultural perspective. They speak English, Indonesian. They can help with visa and immigration processes, career guidance and employability, and are available for one-off or ongoing mentoring."
149,Riya,Singh,Parent,University of Queensland,Information Systems,Master,Indian,India,English;Hindi,4,False,True,True,True,10,62,32,3.8,housing;cultural_adjustment,"Riya Singh has been living in Australia for 4 years and supports their child at University of Queensland. Originally from India, they offer a cross-cultural perspective. They speak English, Hindi. They can help with housing and accommodation, cultural adaptation and settling in, career guidance and employability, and are available for one-off or ongoing mentoring."
150,Hassan,Ghazali,Parent,University of Newcastle,Artificial Intelligence,PhD,Middle Eastern,UAE,Arabic;English,16,True,True,True,True,9,148,9,4.8,cultural_adjustment;school_enrollment,"Hassan Ghazali has been living in Australia for 16 years and supports their child at University of Newcastle. Originally from UAE, they offer a cross-cultural perspective. They speak Arabic, English. They can help with visa and immigration processes, housing and accommodation, cultural adaptation and settling in, career guidance and employability, and are available for one-off or ongoing mentoring."
151,Tao,Liu,Student,RMIT University,Environmental Science,Bachelor,Chinese,China,Mandarin;English,15,False,True,True,False,8,62,10,4.0,academics;cultural_adjustment;housing,"Tao Liu is a Bachelor student in Environmental Science at RMIT University. They have been living in Australia for 15 years. Originally from China, they offer a cross-cultural perspective. They speak Mandarin, English. They can help with housing and accommodation, cultural adaptation and settling in, and are available for one-off or ongoing mentoring."
152,Lin,Huang,Student,Monash University,Environmental Science,Master,Chinese,Taiwan,Mandarin;English,20,True,True,False,False,1,159,23,4.2,career;academics;visa;cultural_adjustment,"Lin Huang is a Master student in Environmental Science at Monash University. They have been living in Australia for 20 years. Originally from Taiwan, they offer a cross-cultural perspective. They speak Mandarin, English. They can help with visa and immigration processes, housing and accommodation, and are available for one-off or ongoing mentoring."
153,Yan,Ma,Student,University of Melbourne,Cybersecurity,PhD,Chinese,China,English;Mandarin;Cantonese,9,True,True,False,True,9,199,6,4.7,housing;scholarships;visa,"Yan Ma is a PhD student in Cybersecurity at University of Melbourne. They have been living in Australia for 9 years. Originally from China, they offer a cross-cultural perspective. They speak English, Mandarin, Cantonese. They can help with visa and immigration processes, housing and accommodation, career guidance and employability, and are available for one-off or ongoing mentoring."
154,Yi,Zhang,Parent,Queensland University of Technology,Architecture,PhD,Chinese,Taiwan,English;Mandarin;Cantonese,11,True,True,True,False,3,12,8,4.6,finances;cultural_adjustment;housing;visa,"Yi Zhang has been living in Australia for 11 years and supports their child at Queensland University of Technology. Originally from Taiwan, they offer a cross-cultural perspective. They speak English, Mandarin, Cantonese. They can help with visa and immigration processes, housing and accommodation, cultural adaptation and settling in, and are available for one-off or ongoing mentoring."
155,Tom,Johnson,Student,Monash University,Architecture,Master,European,Germany,English,2,True,True,True,False,5,110,23,4.0,academics;scholarships;career,"Tom Johnson is a Master student in Architecture at Monash University. They have been living in Australia for 2 years. Originally from Germany, they offer a cross-cultural perspective. They speak English. They can help with visa and immigration processes, housing and accommodation, cultural adaptation and settling in, and are available for one-off or ongoing mentoring."
156,Mai,Santoso,Student,University of Queensland,Biotechnology,Master,Southeast Asian,Malaysia,English;Indonesian,20,True,True,True,False,9,112,23,3.8,academics;housing;visa,"Mai Santoso is a Master student in Biotechnology at University of Queensland. They have been living in Australia for 20 years. Originally from Malaysia, they offer a cross-cultural perspective. They speak English, Indonesian. They can help with visa and immigration processes, housing and accommodation, cultural adaptation and settling in, and are available for one-off or ongoing mentoring."
157,Meera,Desai,Professor,University of Technology Sydney,Data Science,Master,Indian,India,English;Hindi;Tamil,17,True,True,True,True,9,28,11,4.5,scholarships;career,"Meera Desai is a Professor in the Data Science department at University of Technology Sydney. They have 17 years of experience in Australian higher education. Originally from India, they offer a cross-cultural perspective. They speak English, Hindi, Tamil. They can help with visa and immigration processes, housing and accommodation, cultural adaptation and settling in, career guidance and employability, and are available for one-off or ongoing mentoring."
158,Anna,Jensen,Student,University of Adelaide,Law,Master,European,Germany,English;Spanish,8,True,False,True,False,2,198,32,3.9,cultural_adjustment;housing;scholarships;visa,"Anna Jensen is a Master student in Law at University of Adelaide. They have been living in Australia for 8 years. Originally from Germany, they offer a cross-cultural perspective. They speak English, Spanish. They can help with visa and immigration processes, cultural adaptation and settling in, and are available for one-off or ongoing mentoring."
159,Mona,Saleh,Parent,University of Sydney,Social Work,PhD,Middle Eastern,Egypt,Arabic;English,4,True,True,True,False,7,25,27,4.3,cultural_adjustment;finances;student_safety,"Mona Saleh has been living in Australia for 4 years and supports their child at University of Sydney. Originally from Egypt, they offer a cross-cultural perspective. They speak Arabic, English. They can help with visa and immigration processes, housing and accommodation, cultural adaptation and settling in, and are available for one-off or ongoing mentoring."
160,Mark,Garcia,Professor,University of Adelaide,Computer Science,PostDoc,European,France,English,8,True,False,True,True,4,113,41,3.7,industry_transition;career;scholarships;networking,"Mark Garcia is a Professor in the Computer Science department at University of Adelaide. They have 8 years of experience in Australian higher education. Originally from France, they offer a cross-cultural perspective. They speak English. They can help with visa and immigration processes, cultural adaptation and settling in, career guidance and employability, and are available for one-off or ongoing mentoring."
161,Dina,Abbas,Professor,University of Western Australia,Electrical Engineering,Master,Middle Eastern,Egypt,English;Arabic;Farsi,10,False,False,True,True,1,147,43,4.0,networking;career;scholarships,"Dina Abbas is a Professor in the Electrical Engineering department at University of Western Australia. They have 10 years of experience in Australian higher education. Originally from Egypt, they offer a cross-cultural perspective. They speak English, Arabic, Farsi. They can help with cultural adaptation and settling in, career guidance and employability, and are available for one-off or ongoing mentoring."
162,Mia,Smith,Professor,RMIT University,Pharmacy,PostDoc,European,Poland,English;German,16,True,False,False,True,5,146,31,4.9,networking;academics;career,"Mia Smith is a Professor in the Pharmacy department at RMIT University. They have 16 years of experience in Australian higher education. Originally from Poland, they offer a cross-cultural perspective. They speak English, German. They can help with visa and immigration processes, career guidance and employability, and are available for one-off or ongoing mentoring."
163,Rizky,Pham,Student,University of Queensland,Cybersecurity,Bachelor,Southeast Asian,Vietnam,English;Thai,5,False,True,True,True,8,110,28,4.5,academics;career;scholarships,"Rizky Pham is a Bachelor student in Cybersecurity at University of Queensland. They have been living in Australia for 5 years. Originally from Vietnam, they offer a cross-cultural perspective. They speak English, Thai. They can help with housing and accommodation, cultural adaptation and settling in, career guidance and employability, and are available for one-off or ongoing mentoring."
164,Karan,Chopra,Professor,Curtin University,Biotechnology,Master,Indian,India,English;Hindi;Bengali,20,True,True,False,True,1,135,23,4.1,career;networking;academics,"Karan Chopra is a Professor in the Biotechnology department at Curtin University. They have 20 years of experience in Australian higher education. Originally from India, they offer a cross-cultural perspective. They speak English, Hindi, Bengali. They can help with visa and immigration processes, housing and accommodation, career guidance and employability, and are available for one-off or ongoing mentoring."
165,Laura,Johnson,Student,RMIT University,Accounting,Bachelor,European,Sweden,English;Spanish,15,True,True,False,True,1,90,29,4.8,academics;visa;housing,"Laura Johnson is a Bachelor student in Accounting at RMIT University. They have been living in Australia for 15 years. Originally from Sweden, they offer a cross-cultural perspective. They speak English, Spanish. They can help with visa and immigration processes, housing and accommodation, career guidance and employability, and are available for one-off or ongoing mentoring."
166,Mark,Klein,Student,University of Newcastle,Psychology,Bachelor,European,Spain,English,20,False,True,False,True,7,161,14,4.2,scholarships;career;housing,"Mark Klein is a Bachelor student in Psychology at University of Newcastle. They have been living in Australia for 20 years. Originally from Spain, they offer a cross-cultural perspective. They speak English. They can help with housing and accommodation, career guidance and employability, and are available for one-off or ongoing mentoring."
167,Hudson,Hall,Student,University of Technology Sydney,Mechanical Engineering,Bachelor,Australian Domestic,New Zealand,English;Hindi,9,False,True,False,True,10,87,14,4.7,cultural_adjustment;visa;scholarships;housing,"Hudson Hall is a Bachelor student in Mechanical Engineering at University of Technology Sydney. They have been living in Australia for 9 years. Originally from New Zealand, they offer a cross-cultural perspective. They speak English, Hindi. They can help with housing and accommodation, career guidance and employability, and are available for one-off or ongoing mentoring."
168,Emily,Moore,Student,Queensland University of Technology,Law,Master,Australian Domestic,New Zealand,English,2,False,True,False,False,3,188,42,5.0,academics;visa;cultural_adjustment,"Emily Moore is a Master student in Law at Queensland University of Technology. They have been living in Australia for 2 years. Originally from New Zealand, they offer a cross-cultural perspective. They speak English. They can help with housing and accommodation, and are available for one-off or ongoing mentoring."
169,Shan,Sun,Student,University of New South Wales,Nursing,Master,Chinese,China,Mandarin;English,9,True,True,True,False,5,50,45,4.0,cultural_adjustment;career,"Shan Sun is a Master student in Nursing at University of New South Wales. They have been living in Australia for 9 years. Originally from China, they offer a cross-cultural perspective. They speak Mandarin, English. They can help with visa and immigration processes, housing and accommodation, cultural adaptation and settling in, and are available for one-off or ongoing mentoring."
170,Dewi,Setiawan,Parent,University of Queensland,Social Work,Master,Southeast Asian,Philippines,English;Malay;Indonesian,9,True,True,True,True,2,150,8,4.1,finances;student_safety;cultural_adjustment;visa,"Dewi Setiawan has been living in Australia for 9 years and supports their child at University of Queensland. Originally from Philippines, they offer a cross-cultural perspective. They speak English, Malay, Indonesian. They can help with visa and immigration processes, housing and accommodation, cultural adaptation and settling in, career guidance and employability, and are available for one-off or ongoing mentoring."
171,Hong,Li,Professor,University of Adelaide,Medicine,PhD,Chinese,China,English;Mandarin,12,True,True,True,True,3,53,4,4.2,academics;networking,"Hong Li is a Professor in the Medicine department at University of Adelaide. They have 12 years of experience in Australian higher education. Originally from China, they offer a cross-cultural perspective. They speak English, Mandarin. They can help with visa and immigration processes, housing and accommodation, cultural adaptation and settling in, career guidance and employability, and are available for one-off or ongoing mentoring."
172,Faisal,Karimi,Parent,University of Western Australia,Artificial Intelligence,Bachelor,Middle Eastern,Turkey,English;Arabic;French,10,True,True,True,False,3,194,18,4.4,student_safety;visa,"Faisal Karimi has been living in Australia for 10 years and supports their child at University of Western Australia. Originally from Turkey, they offer a cross-cultural perspective. They speak English, Arabic, French. They can help with visa and immigration processes, housing and accommodation, cultural adaptation and settling in, and are available for one-off or ongoing mentoring."
173,Gabriela,Martinez,Student,University of Queensland,Medicine,Master,Latin American,Chile,Spanish;English,19,False,True,True,True,2,138,10,4.3,academics;housing;cultural_adjustment;visa,"Gabriela Martinez is a Master student in Medicine at University of Queensland. They have been living in Australia for 19 years. Originally from Chile, they offer a cross-cultural perspective. They speak Spanish, English. They can help with housing and accommodation, cultural adaptation and settling in, career guidance and employability, and are available for one-off or ongoing mentoring."
174,Khalid,Al-Rashid,Student,Queensland University of Technology,Mechanical Engineering,Master,Middle Eastern,Egypt,English;Arabic,12,True,True,True,True,10,64,10,3.8,visa;career;scholarships,"Khalid Al-Rashid is a Master student in Mechanical Engineering at Queensland University of Technology. They have been living in Australia for 12 years. Originally from Egypt, they offer a cross-cultural perspective. They speak English, Arabic. They can help with visa and immigration processes, housing and accommodation, cultural adaptation and settling in, career guidance and employability, and are available for one-off or ongoing mentoring."
175,Yasmine,Yilmaz,Student,Australian National University,Environmental Science,Bachelor,Middle Eastern,UAE,English;Arabic;French,8,True,True,True,True,4,2,47,3.8,cultural_adjustment;visa;academics,"Yasmine Yilmaz is a Bachelor student in Environmental Science at Australian National University. They have been living in Australia for 8 years. Originally from UAE, they offer a cross-cultural perspective. They speak English, Arabic, French. They can help with visa and immigration processes, housing and accommodation, cultural adaptation and settling in, career guidance and employability, and are available for one-off or ongoing mentoring."
176,Linh,Dewi,Parent,Curtin University,Data Science,PhD,Southeast Asian,Thailand,English;Indonesian,12,True,True,True,True,5,172,45,4.3,finances;housing;school_enrollment;cultural_adjustment,"Linh Dewi has been living in Australia for 12 years and supports their child at Curtin University. Originally from Thailand, they offer a cross-cultural perspective. They speak English, Indonesian. They can help with visa and immigration processes, housing and accommodation, cultural adaptation and settling in, career guidance and employability, and are available for one-off or ongoing mentoring."
177,Akosua,Gyang,Professor,University of Western Australia,Electrical Engineering,PostDoc,African,Tanzania,English,6,False,False,True,True,8,65,32,4.7,networking;academics;industry_transition,"Akosua Gyang is a Professor in the Electrical Engineering department at University of Western Australia. They have 6 years of experience in Australian higher education. Originally from Tanzania, they offer a cross-cultural perspective. They speak English. They can help with cultural adaptation and settling in, career guidance and employability, and are available for one-off or ongoing mentoring."
178,Sneha,Chopra,Student,Deakin University,Public Health,PhD,Indian,India,English;Bengali,11,True,False,True,True,4,19,43,4.3,academics;housing,"Sneha Chopra is a PhD student in Public Health at Deakin University. They have been living in Australia for 11 years. Originally from India, they offer a cross-cultural perspective. They speak English, Bengali. They can help with visa and immigration processes, cultural adaptation and settling in, career guidance and employability, and are available for one-off or ongoing mentoring."
179,Gloria,Martinez,Parent,Macquarie University,Electrical Engineering,Bachelor,Latin American,Argentina,English;Spanish;Portuguese,8,True,True,True,False,7,93,29,4.3,cultural_adjustment;student_safety,"Gloria Martinez has been living in Australia for 8 years and supports their child at Macquarie University. Originally from Argentina, they offer a cross-cultural perspective. They speak English, Spanish, Portuguese. They can help with visa and immigration processes, housing and accommodation, cultural adaptation and settling in, and are available for one-off or ongoing mentoring."
180,Hassan,Karimi,Parent,Australian National University,Mechanical Engineering,Bachelor,Middle Eastern,Iran,English;Arabic,3,True,True,True,False,7,113,15,4.9,housing;finances,"Hassan Karimi has been living in Australia for 3 years and supports their child at Australian National University. Originally from Iran, they offer a cross-cultural perspective. They speak English, Arabic. They can help with visa and immigration processes, housing and accommodation, cultural adaptation and settling in, and are available for one-off or ongoing mentoring."
181,Sarah,Schmidt,Professor,RMIT University,Computer Science,PostDoc,European,Spain,English;Italian,12,True,True,True,True,3,26,46,4.9,research;scholarships;industry_transition,"Sarah Schmidt is a Professor in the Computer Science department at RMIT University. They have 12 years of experience in Australian higher education. Originally from Spain, they offer a cross-cultural perspective. They speak English, Italian. They can help with visa and immigration processes, housing and accommodation, cultural adaptation and settling in, career guidance and employability, and are available for one-off or ongoing mentoring."
182,Julia,Smith,Professor,Macquarie University,Medicine,PhD,European,Germany,English;Spanish,19,True,True,False,False,10,40,11,4.9,career;academics;networking;research,"Julia Smith is a Professor in the Medicine department at Macquarie University. They have 19 years of experience in Australian higher education. Originally from Germany, they offer a cross-cultural perspective. They speak English, Spanish. They can help with visa and immigration processes, housing and accommodation, and are available for one-off or ongoing mentoring."
183,Tuan,Widodo,Professor,University of Queensland,Nursing,PostDoc,Southeast Asian,Malaysia,English;Vietnamese,6,False,True,True,False,4,87,35,4.6,scholarships;academics;networking,"Tuan Widodo is a Professor in the Nursing department at University of Queensland. They have 6 years of experience in Australian higher education. Originally from Malaysia, they offer a cross-cultural perspective. They speak English, Vietnamese. They can help with housing and accommodation, cultural adaptation and settling in, and are available for one-off or ongoing mentoring."
184,Aditya,Singh,Student,Monash University,Law,Master,Indian,India,English;Hindi,4,True,True,False,False,7,14,10,4.2,visa;housing;cultural_adjustment;scholarships,"Aditya Singh is a Master student in Law at Monash University. They have been living in Australia for 4 years. Originally from India, they offer a cross-cultural perspective. They speak English, Hindi. They can help with visa and immigration processes, housing and accommodation, and are available for one-off or ongoing mentoring."
185,Camila,Torres,Professor,Deakin University,Economics,PostDoc,Latin American,Venezuela,English;Spanish;Portuguese,13,True,True,True,True,3,79,26,4.8,scholarships;networking,"Camila Torres is a Professor in the Economics department at Deakin University. They have 13 years of experience in Australian higher education. Originally from Venezuela, they offer a cross-cultural perspective. They speak English, Spanish, Portuguese. They can help with visa and immigration processes, housing and accommodation, cultural adaptation and settling in, career guidance and employability, and are available for one-off or ongoing mentoring."
186,Faisal,Hakim,Parent,University of Sydney,Law,PhD,Middle Eastern,Turkey,English;Arabic,17,True,True,True,True,9,142,7,4.1,student_safety;visa;school_enrollment,"Faisal Hakim has been living in Australia for 17 years and supports their child at University of Sydney. Originally from Turkey, they offer a cross-cultural perspective. They speak English, Arabic. They can help with visa and immigration processes, housing and accommodation, cultural adaptation and settling in, career guidance and employability, and are available for one-off or ongoing mentoring."
187,Aditya,Rao,Parent,University of New South Wales,Finance,Master,Indian,Sri Lanka,English;Hindi;Bengali,13,False,True,True,True,5,23,20,4.9,school_enrollment;housing;cultural_adjustment,"Aditya Rao has been living in Australia for 13 years and supports their child at University of New South Wales. Originally from Sri Lanka, they offer a cross-cultural perspective. They speak English, Hindi, Bengali. They can help with housing and accommodation, cultural adaptation and settling in, career guidance and employability, and are available for one-off or ongoing mentoring."
188,Valentina,Rodriguez,Parent,University of Adelaide,Information Systems,Bachelor,Latin American,Chile,English;Spanish,3,True,True,True,False,7,197,12,4.1,student_safety;finances;visa,"Valentina Rodriguez has been living in Australia for 3 years and supports their child at University of Adelaide. Originally from Chile, they offer a cross-cultural perspective. They speak English, Spanish. They can help with visa and immigration processes, housing and accommodation, cultural adaptation and settling in, and are available for one-off or ongoing mentoring."
189,Ishaan,Shah,Student,Macquarie University,Accounting,Master,Indian,Sri Lanka,English;Tamil,5,False,False,True,True,9,20,29,4.5,cultural_adjustment;career,"Ishaan Shah is a Master student in Accounting at Macquarie University. They have been living in Australia for 5 years. Originally from Sri Lanka, they offer a cross-cultural perspective. They speak English, Tamil. They can help with cultural adaptation and settling in, career guidance and employability, and are available for one-off or ongoing mentoring."
190,Sarah,Fischer,Parent,University of Adelaide,Business Analytics,Master,European,Netherlands,English;German,20,True,True,True,False,1,80,17,3.7,visa;cultural_adjustment;school_enrollment,"Sarah Fischer has been living in Australia for 20 years and supports their child at University of Adelaide. Originally from Netherlands, they offer a cross-cultural perspective. They speak English, German. They can help with visa and immigration processes, housing and accommodation, cultural adaptation and settling in, and are available for one-off or ongoing mentoring."
191,Cesar,Guerrero,Professor,Australian National University,Architecture,PostDoc,Latin American,Brazil,English;Spanish,18,False,True,True,True,5,45,33,3.9,career;scholarships;networking,"Cesar Guerrero is a Professor in the Architecture department at Australian National University. They have 18 years of experience in Australian higher education. Originally from Brazil, they offer a cross-cultural perspective. They speak English, Spanish. They can help with housing and accommodation, cultural adaptation and settling in, career guidance and employability, and are available for one-off or ongoing mentoring."
192,Tao,Li,Professor,Macquarie University,Nursing,PhD,Chinese,Hong Kong,English;Mandarin,3,False,True,False,True,4,76,38,4.8,research;academics;industry_transition,"Tao Li is a Professor in the Nursing department at Macquarie University. They have 3 years of experience in Australian higher education. Originally from Hong Kong, they offer a cross-cultural perspective. They speak English, Mandarin. They can help with housing and accommodation, career guidance and employability, and are available for one-off or ongoing mentoring."
193,Ella,Davis,Student,Australian National University,Public Health,Bachelor,Australian Domestic,Australia,English;Mandarin,7,True,False,False,True,1,134,44,4.4,scholarships;academics,"Ella Davis is a Bachelor student in Public Health at Australian National University. They have been living in Australia for 7 years. Originally from Australia, they offer a cross-cultural perspective. They speak English, Mandarin. They can help with visa and immigration processes, career guidance and employability, and are available for one-off or ongoing mentoring."
194,Cooper,Hill,Student,University of Queensland,Pharmacy,PhD,Australian Domestic,Australia,English,19,False,True,False,True,3,171,11,4.0,visa;academics;scholarships,"Cooper Hill is a PhD student in Pharmacy at University of Queensland. They have been living in Australia for 19 years. Originally from Australia, they offer a cross-cultural perspective. They speak English. They can help with housing and accommodation, career guidance and employability, and are available for one-off or ongoing mentoring."
195,Chen,Chen,Professor,Macquarie University,Architecture,PhD,Chinese,China,English;Mandarin;Cantonese,2,False,False,False,True,1,188,42,4.1,scholarships;academics,"Chen Chen is a Professor in the Architecture department at Macquarie University. They have 2 years of experience in Australian higher education. Originally from China, they offer a cross-cultural perspective. They speak English, Mandarin, Cantonese. They can help with career guidance and employability, and are available for one-off or ongoing mentoring."
196,Lena,Klein,Parent,University of Queensland,Medicine,Bachelor,European,Netherlands,English;Italian,15,False,True,True,False,10,103,23,4.3,school_enrollment;housing;finances,"Lena Klein has been living in Australia for 15 years and supports their child at University of Queensland. Originally from Netherlands, they offer a cross-cultural perspective. They speak English, Italian. They can help with housing and accommodation, cultural adaptation and settling in, and are available for one-off or ongoing mentoring."
197,Mia,Jackson,Parent,University of Sydney,Mechanical Engineering,PhD,Australian Domestic,New Zealand,English,20,True,True,True,True,9,5,25,4.4,student_safety;finances,"Mia Jackson has been living in Australia for 20 years and supports their child at University of Sydney. Originally from New Zealand, they offer a cross-cultural perspective. They speak English. They can help with visa and immigration processes, housing and accommodation, cultural adaptation and settling in, career guidance and employability, and are available for one-off or ongoing mentoring."
198,Aziz,Pham,Professor,University of Western Australia,Cybersecurity,PostDoc,Southeast Asian,Thailand,English;Indonesian,4,False,False,True,True,6,138,19,4.3,industry_transition;networking,"Aziz Pham is a Professor in the Cybersecurity department at University of Western Australia. They have 4 years of experience in Australian higher education. Originally from Thailand, they offer a cross-cultural perspective. They speak English, Indonesian. They can help with cultural adaptation and settling in, career guidance and employability, and are available for one-off or ongoing mentoring."
199,Ali,Saleh,Student,Macquarie University,Information Systems,Master,Middle Eastern,Jordan,English;Arabic;French,1,False,True,False,False,1,98,18,4.3,visa;cultural_adjustment;housing;career,"Ali Saleh is a Master student in Information Systems at Macquarie University. They have been living in Australia for 1 years. Originally from Jordan, they offer a cross-cultural perspective. They speak English, Arabic, French. They can help with housing and accommodation, and are available for one-off or ongoing mentoring."
200,Bui,Budi,Parent,University of Technology Sydney,Chemical Engineering,Master,Southeast Asian,Indonesia,English;Malay,2,True,True,True,False,1,40,30,4.1,visa;housing;school_enrollment,"Bui Budi has been living in Australia for 2 years and supports their child at University of Technology Sydney. Originally from Indonesia, they offer a cross-cultural perspective. They speak English, Malay. They can help with visa and immigration processes, housing and accommodation, cultural adaptation and settling in, and are available for one-off or ongoing mentoring."
201,Ting,Gao,Parent,RMIT University,Marketing,Bachelor,Chinese,China,Mandarin;English,7,False,True,True,True,8,78,2,4.1,housing;student_safety;cultural_adjustment;visa,"Ting Gao has been living in Australia for 7 years and supports their child at RMIT University. Originally from China, they offer a cross-cultural perspective. They speak Mandarin, English. They can help with housing and accommodation, cultural adaptation and settling in, career guidance and employability, and are available for one-off or ongoing mentoring."
202,Finn,Smith,Parent,University of Sydney,Architecture,Master,Australian Domestic,Australia,English;Hindi,3,True,True,True,True,3,64,30,3.6,student_safety;school_enrollment;finances,"Finn Smith has been living in Australia for 3 years and supports their child at University of Sydney. Originally from Australia, they offer a cross-cultural perspective. They speak English, Hindi. They can help with visa and immigration processes, housing and accommodation, cultural adaptation and settling in, career guidance and employability, and are available for one-off or ongoing mentoring."
203,Irene,Reyes,Student,University of New South Wales,Chemical Engineering,Master,Latin American,Mexico,English;Spanish;Portuguese,3,True,True,True,True,3,5,46,4.9,cultural_adjustment;housing,"Irene Reyes is a Master student in Chemical Engineering at University of New South Wales. They have been living in Australia for 3 years. Originally from Mexico, they offer a cross-cultural perspective. They speak English, Spanish, Portuguese. They can help with visa and immigration processes, housing and accommodation, cultural adaptation and settling in, career guidance and employability, and are available for one-off or ongoing mentoring."
204,Nneka,Jallow,Parent,Curtin University,Public Health,PhD,African,South Africa,English;French,7,False,True,True,False,7,143,37,4.8,cultural_adjustment;finances;housing;school_enrollment,"Nneka Jallow has been living in Australia for 7 years and supports their child at Curtin University. Originally from South Africa, they offer a cross-cultural perspective. They speak English, French. They can help with housing and accommodation, cultural adaptation and settling in, and are available for one-off or ongoing mentoring."
205,Brianna,Davis,Parent,University of New South Wales,Finance,PhD,Australian Domestic,Australia,English,13,False,True,True,False,8,20,10,4.0,housing;finances,"Brianna Davis has been living in Australia for 13 years and supports their child at University of New South Wales. Originally from Australia, they offer a cross-cultural perspective. They speak English. They can help with housing and accommodation, cultural adaptation and settling in, and are available for one-off or ongoing mentoring."
206,Hien,Budi,Parent,Queensland University of Technology,Cybersecurity,PostDoc,Southeast Asian,Vietnam,English;Vietnamese,19,True,True,True,False,7,76,14,5.0,school_enrollment;housing;visa,"Hien Budi has been living in Australia for 19 years and supports their child at Queensland University of Technology. Originally from Vietnam, they offer a cross-cultural perspective. They speak English, Vietnamese. They can help with visa and immigration processes, housing and accommodation, cultural adaptation and settling in, and are available for one-off or ongoing mentoring."
207,Li,Zhu,Professor,Australian National University,Social Work,Master,Chinese,Taiwan,English;Mandarin,18,False,False,False,True,4,167,7,4.3,networking;industry_transition;scholarships;research,"Li Zhu is a Professor in the Social Work department at Australian National University. They have 18 years of experience in Australian higher education. Originally from Taiwan, they offer a cross-cultural perspective. They speak English, Mandarin. They can help with career guidance and employability, and are available for one-off or ongoing mentoring."
208,Alejandro,Torres,Professor,University of Western Australia,Business Analytics,PostDoc,Latin American,Mexico,Spanish;English,8,False,False,True,True,2,169,37,4.1,career;academics,"Alejandro Torres is a Professor in the Business Analytics department at University of Western Australia. They have 8 years of experience in Australian higher education. Originally from Mexico, they offer a cross-cultural perspective. They speak Spanish, English. They can help with cultural adaptation and settling in, career guidance and employability, and are available for one-off or ongoing mentoring."
209,Alejandro,Garcia,Parent,University of Queensland,Social Work,Bachelor,Latin American,Colombia,English;Portuguese,13,True,True,True,False,3,99,3,4.6,cultural_adjustment;finances;student_safety,"Alejandro Garcia has been living in Australia for 13 years and supports their child at University of Queensland. Originally from Colombia, they offer a cross-cultural perspective. They speak English, Portuguese. They can help with visa and immigration processes, housing and accommodation, cultural adaptation and settling in, and are available for one-off or ongoing mentoring."
210,Hafiz,Do,Parent,Monash University,Marketing,Bachelor,Southeast Asian,Vietnam,English;Vietnamese,18,True,False,True,True,1,144,30,3.5,student_safety;school_enrollment;housing;finances,"Hafiz Do has been living in Australia for 18 years and supports their child at Monash University. Originally from Vietnam, they offer a cross-cultural perspective. They speak English, Vietnamese. They can help with visa and immigration processes, cultural adaptation and settling in, career guidance and employability, and are available for one-off or ongoing mentoring."
211,Dylan,Lewis,Parent,University of Technology Sydney,Information Systems,PhD,Australian Domestic,Australia,English;Mandarin,4,True,True,True,False,7,48,26,4.2,housing;student_safety;visa;school_enrollment,"Dylan Lewis has been living in Australia for 4 years and supports their child at University of Technology Sydney. Originally from Australia, they offer a cross-cultural perspective. They speak English, Mandarin. They can help with visa and immigration processes, housing and accommodation, cultural adaptation and settling in, and are available for one-off or ongoing mentoring."
212,Nur,Pratama,Parent,University of Melbourne,Economics,Master,Southeast Asian,Vietnam,English;Malay;Indonesian,3,False,True,True,False,3,94,11,4.3,finances;cultural_adjustment;visa,"Nur Pratama has been living in Australia for 3 years and supports their child at University of Melbourne. Originally from Vietnam, they offer a cross-cultural perspective. They speak English, Malay, Indonesian. They can help with housing and accommodation, cultural adaptation and settling in, and are available for one-off or ongoing mentoring."
213,Khalid,Nasser,Student,University of Queensland,Pharmacy,Bachelor,Middle Eastern,UAE,English;Arabic;French,20,True,True,True,True,4,67,36,4.6,career;housing;scholarships;visa,"Khalid Nasser is a Bachelor student in Pharmacy at University of Queensland. They have been living in Australia for 20 years. Originally from UAE, they offer a cross-cultural perspective. They speak English, Arabic, French. They can help with visa and immigration processes, housing and accommodation, cultural adaptation and settling in, career guidance and employability, and are available for one-off or ongoing mentoring."
214,Hector,Torres,Student,University of Sydney,Cybersecurity,Bachelor,Latin American,Brazil,English;Spanish;Portuguese,14,False,True,True,False,3,99,4,3.8,academics;career,"Hector Torres is a Bachelor student in Cybersecurity at University of Sydney. They have been living in Australia for 14 years. Originally from Brazil, they offer a cross-cultural perspective. They speak English, Spanish, Portuguese. They can help with housing and accommodation, cultural adaptation and settling in, and are available for one-off or ongoing mentoring."
215,Chidi,Abiodun,Parent,University of New South Wales,Pharmacy,Master,African,South Africa,English;Arabic,10,True,True,True,False,4,113,34,3.8,cultural_adjustment;housing;finances;visa,"Chidi Abiodun has been living in Australia for 10 years and supports their child at University of New South Wales. Originally from South Africa, they offer a cross-cultural perspective. They speak English, Arabic. They can help with visa and immigration processes, housing and accommodation, cultural adaptation and settling in, and are available for one-off or ongoing mentoring."
216,Alejandro,Ramirez,Professor,Macquarie University,Computer Science,PhD,Latin American,Argentina,English;Spanish;Portuguese,16,True,False,True,True,4,182,5,3.9,academics;scholarships,"Alejandro Ramirez is a Professor in the Computer Science department at Macquarie University. They have 16 years of experience in Australian higher education. Originally from Argentina, they offer a cross-cultural perspective. They speak English, Spanish, Portuguese. They can help with visa and immigration processes, cultural adaptation and settling in, career guidance and employability, and are available for one-off or ongoing mentoring."
217,Cuong,Yanto,Professor,Monash University,Biotechnology,PostDoc,Southeast Asian,Thailand,English;Indonesian,8,True,True,False,True,4,184,3,4.0,scholarships;industry_transition;networking;academics,"Cuong Yanto is a Professor in the Biotechnology department at Monash University. They have 8 years of experience in Australian higher education. Originally from Thailand, they offer a cross-cultural perspective. They speak English, Indonesian. They can help with visa and immigration processes, housing and accommodation, career guidance and employability, and are available for one-off or ongoing mentoring."
218,Lucy,Rossi,Parent,University of Newcastle,Information Systems,PhD,European,Poland,English;Spanish,1,True,True,True,False,7,35,8,4.4,finances;student_safety;cultural_adjustment;housing,"Lucy Rossi has been living in Australia for 1 years and supports their child at University of Newcastle. Originally from Poland, they offer a cross-cultural perspective. They speak English, Spanish. They can help with visa and immigration processes, housing and accommodation, cultural adaptation and settling in, and are available for one-off or ongoing mentoring."
219,David,Rossi,Parent,Curtin University,Law,Master,European,Spain,English;Italian,13,True,True,True,True,8,41,9,5.0,finances;student_safety;cultural_adjustment,"David Rossi has been living in Australia for 13 years and supports their child at Curtin University. Originally from Spain, they offer a cross-cultural perspective. They speak English, Italian. They can help with visa and immigration processes, housing and accommodation, cultural adaptation and settling in, career guidance and employability, and are available for one-off or ongoing mentoring."
220,Thu,Hassan,Parent,University of Western Australia,Medicine,Bachelor,Southeast Asian,Malaysia,English;Malay,15,True,False,True,False,9,55,16,4.4,student_safety;school_enrollment,"Thu Hassan has been living in Australia for 15 years and supports their child at University of Western Australia. Originally from Malaysia, they offer a cross-cultural perspective. They speak English, Malay. They can help with visa and immigration processes, cultural adaptation and settling in, and are available for one-off or ongoing mentoring."
221,Daniel,Rossi,Student,Monash University,Nursing,Master,European,Netherlands,English;Dutch,14,True,True,True,True,4,92,26,4.1,scholarships;career;academics,"Daniel Rossi is a Master student in Nursing at Monash University. They have been living in Australia for 14 years. Originally from Netherlands, they offer a cross-cultural perspective. They speak English, Dutch. They can help with visa and immigration processes, housing and accommodation, cultural adaptation and settling in, career guidance and employability, and are available for one-off or ongoing mentoring."
222,Lanre,Diallo,Parent,Monash University,Information Systems,Bachelor,African,Tanzania,English;French,14,True,True,True,False,1,13,47,3.6,finances;cultural_adjustment;school_enrollment,"Lanre Diallo has been living in Australia for 14 years and supports their child at Monash University. Originally from Tanzania, they offer a cross-cultural perspective. They speak English, French. They can help with visa and immigration processes, housing and accommodation, cultural adaptation and settling in, and are available for one-off or ongoing mentoring."
223,Sophie,Jones,Student,Macquarie University,Electrical Engineering,PhD,Australian Domestic,Australia,English,1,True,True,True,False,10,82,20,4.0,scholarships;visa;academics,"Sophie Jones is a PhD student in Electrical Engineering at Macquarie University. They have been living in Australia for 1 years. Originally from Australia, they offer a cross-cultural perspective. They speak English. They can help with visa and immigration processes, housing and accommodation, cultural adaptation and settling in, and are available for one-off or ongoing mentoring."
224,Tuan,Pratama,Professor,University of Adelaide,Business Analytics,PhD,Southeast Asian,Myanmar,English;Thai,10,False,False,True,True,6,46,46,3.7,industry_transition;networking;scholarships;career,"Tuan Pratama is a Professor in the Business Analytics department at University of Adelaide. They have 10 years of experience in Australian higher education. Originally from Myanmar, they offer a cross-cultural perspective. They speak English, Thai. They can help with cultural adaptation and settling in, career guidance and employability, and are available for one-off or ongoing mentoring."
225,Hai,Santoso,Professor,University of Western Australia,Environmental Science,PhD,Southeast Asian,Philippines,English;Thai,19,False,True,True,True,7,192,5,4.8,academics;research;career,"Hai Santoso is a Professor in the Environmental Science department at University of Western Australia. They have 19 years of experience in Australian higher education. Originally from Philippines, they offer a cross-cultural perspective. They speak English, Thai. They can help with housing and accommodation, cultural adaptation and settling in, career guidance and employability, and are available for one-off or ongoing mentoring."
226,Lucia,Torres,Parent,University of Adelaide,Finance,Bachelor,Latin American,Brazil,English;Portuguese,14,False,True,True,False,5,195,43,4.1,finances;cultural_adjustment,"Lucia Torres has been living in Australia for 14 years and supports their child at University of Adelaide. Originally from Brazil, they offer a cross-cultural perspective. They speak English, Portuguese. They can help with housing and accommodation, cultural adaptation and settling in, and are available for one-off or ongoing mentoring."
227,Varun,Kaur,Professor,University of Adelaide,Accounting,PostDoc,Indian,Sri Lanka,English;Hindi,3,False,True,True,True,6,49,46,4.8,networking;scholarships;career;research,"Varun Kaur is a Professor in the Accounting department at University of Adelaide. They have 3 years of experience in Australian higher education. Originally from Sri Lanka, they offer a cross-cultural perspective. They speak English, Hindi. They can help with housing and accommodation, cultural adaptation and settling in, career guidance and employability, and are available for one-off or ongoing mentoring."
228,Zhen,Yang,Parent,Queensland University of Technology,Data Science,Bachelor,Chinese,China,English;Mandarin,12,False,True,True,False,3,195,15,3.6,finances;cultural_adjustment,"Zhen Yang has been living in Australia for 12 years and supports their child at Queensland University of Technology. Originally from China, they offer a cross-cultural perspective. They speak English, Mandarin. They can help with housing and accommodation, cultural adaptation and settling in, and are available for one-off or ongoing mentoring."
229,Isabella,White,Student,University of Melbourne,Psychology,Master,Australian Domestic,New Zealand,English;Hindi,8,True,False,True,False,6,173,30,4.3,scholarships;housing;academics,"Isabella White is a Master student in Psychology at University of Melbourne. They have been living in Australia for 8 years. Originally from New Zealand, they offer a cross-cultural perspective. They speak English, Hindi. They can help with visa and immigration processes, cultural adaptation and settling in, and are available for one-off or ongoing mentoring."
230,Amit,Chopra,Professor,University of Technology Sydney,Chemical Engineering,PhD,Indian,India,English;Hindi;Bengali,16,True,False,True,True,5,26,37,4.7,scholarships;academics;networking,"Amit Chopra is a Professor in the Chemical Engineering department at University of Technology Sydney. They have 16 years of experience in Australian higher education. Originally from India, they offer a cross-cultural perspective. They speak English, Hindi, Bengali. They can help with visa and immigration processes, cultural adaptation and settling in, career guidance and employability, and are available for one-off or ongoing mentoring."
231,Noah,Wilson,Professor,University of Newcastle,Public Health,PhD,Australian Domestic,Australia,English;Mandarin,3,True,True,True,True,7,91,33,4.0,scholarships;academics;research;industry_transition,"Noah Wilson is a Professor in the Public Health department at University of Newcastle. They have 3 years of experience in Australian higher education. Originally from Australia, they offer a cross-cultural perspective. They speak English, Mandarin. They can help with visa and immigration processes, housing and accommodation, cultural adaptation and settling in, career guidance and employability, and are available for one-off or ongoing mentoring."
232,Jun,He,Student,University of Adelaide,Marketing,Master,Chinese,Taiwan,English;Mandarin;Cantonese,3,True,False,True,True,5,173,23,4.8,academics;visa;career,"Jun He is a Master student in Marketing at University of Adelaide. They have been living in Australia for 3 years. Originally from Taiwan, they offer a cross-cultural perspective. They speak English, Mandarin, Cantonese. They can help with visa and immigration processes, cultural adaptation and settling in, career guidance and employability, and are available for one-off or ongoing mentoring."
233,Cooper,Hill,Parent,Curtin University,Information Systems,Bachelor,Australian Domestic,Australia,English,14,False,True,False,True,6,156,42,3.9,finances;student_safety;cultural_adjustment,"Cooper Hill has been living in Australia for 14 years and supports their child at Curtin University. Originally from Australia, they offer a cross-cultural perspective. They speak English. They can help with housing and accommodation, career guidance and employability, and are available for one-off or ongoing mentoring."
234,Damilola,Kamara,Student,Monash University,Business Analytics,Master,African,Kenya,English,4,False,True,True,True,9,20,21,3.9,career;scholarships;visa,"Damilola Kamara is a Master student in Business Analytics at Monash University. They have been living in Australia for 4 years. Originally from Kenya, they offer a cross-cultural perspective. They speak English. They can help with housing and accommodation, cultural adaptation and settling in, career guidance and employability, and are available for one-off or ongoing mentoring."
235,Anna,Smith,Student,University of Sydney,Education,Bachelor,European,United Kingdom,English;Spanish,1,True,False,True,True,8,103,12,4.9,scholarships;visa;career;cultural_adjustment,"Anna Smith is a Bachelor student in Education at University of Sydney. They have been living in Australia for 1 years. Originally from United Kingdom, they offer a cross-cultural perspective. They speak English, Spanish. They can help with visa and immigration processes, cultural adaptation and settling in, career guidance and employability, and are available for one-off or ongoing mentoring."
236,Paula,Reyes,Parent,RMIT University,Economics,Bachelor,Latin American,Venezuela,English;Portuguese,2,True,True,True,False,4,112,39,4.9,finances;cultural_adjustment;housing,"Paula Reyes has been living in Australia for 2 years and supports their child at RMIT University. Originally from Venezuela, they offer a cross-cultural perspective. They speak English, Portuguese. They can help with visa and immigration processes, housing and accommodation, cultural adaptation and settling in, and are available for one-off or ongoing mentoring."
237,Julia,Schmidt,Student,Australian National University,Environmental Science,Master,European,Sweden,English;French,17,True,True,True,False,10,139,44,3.8,housing;cultural_adjustment;visa;scholarships,"Julia Schmidt is a Master student in Environmental Science at Australian National University. They have been living in Australia for 17 years. Originally from Sweden, they offer a cross-cultural perspective. They speak English, French. They can help with visa and immigration processes, housing and accommodation, cultural adaptation and settling in, and are available for one-off or ongoing mentoring."
238,Kofi,Dankwa,Professor,Australian National University,Architecture,Master,African,Nigeria,English;Swahili,6,True,True,False,True,8,25,24,4.5,research;industry_transition;networking;academics,"Kofi Dankwa is a Professor in the Architecture department at Australian National University. They have 6 years of experience in Australian higher education. Originally from Nigeria, they offer a cross-cultural perspective. They speak English, Swahili. They can help with visa and immigration processes, housing and accommodation, career guidance and employability, and are available for one-off or ongoing mentoring."
239,Beatriz,Perez,Professor,University of Technology Sydney,Pharmacy,PhD,Latin American,Venezuela,English;Portuguese,11,False,False,True,True,2,118,25,4.0,research;academics,"Beatriz Perez is a Professor in the Pharmacy department at University of Technology Sydney. They have 11 years of experience in Australian higher education. Originally from Venezuela, they offer a cross-cultural perspective. They speak English, Portuguese. They can help with cultural adaptation and settling in, career guidance and employability, and are available for one-off or ongoing mentoring."
240,Lucy,Dahl,Student,University of Adelaide,Psychology,Master,European,Poland,English,12,False,False,True,False,8,14,1,4.0,visa;housing;scholarships;career,"Lucy Dahl is a Master student in Psychology at University of Adelaide. They have been living in Australia for 12 years. Originally from Poland, they offer a cross-cultural perspective. They speak English. They can help with cultural adaptation and settling in, and are available for one-off or ongoing mentoring."
241,Ava,Anderson,Student,Monash University,Marketing,Master,Australian Domestic,Australia,English,20,True,False,True,False,3,181,32,3.9,visa;scholarships;cultural_adjustment,"Ava Anderson is a Master student in Marketing at Monash University. They have been living in Australia for 20 years. Originally from Australia, they offer a cross-cultural perspective. They speak English. They can help with visa and immigration processes, cultural adaptation and settling in, and are available for one-off or ongoing mentoring."
242,Ben,Williams,Parent,University of Western Australia,Chemical Engineering,PhD,European,Italy,English;German,9,True,True,True,False,1,113,21,4.2,school_enrollment;visa,"Ben Williams has been living in Australia for 9 years and supports their child at University of Western Australia. Originally from Italy, they offer a cross-cultural perspective. They speak English, German. They can help with visa and immigration processes, housing and accommodation, cultural adaptation and settling in, and are available for one-off or ongoing mentoring."
243,Tao,Liu,Student,University of Sydney,Electrical Engineering,Master,Chinese,Taiwan,Mandarin;English,9,True,False,False,False,7,45,41,3.9,career;housing,"Tao Liu is a Master student in Electrical Engineering at University of Sydney. They have been living in Australia for 9 years. Originally from Taiwan, they offer a cross-cultural perspective. They speak Mandarin, English. They can help with visa and immigration processes, and are available for one-off or ongoing mentoring."
244,Kai,Zhang,Parent,University of Sydney,Architecture,Master,Chinese,Hong Kong,English;Mandarin,14,True,True,True,False,2,138,10,4.0,visa;school_enrollment;housing;student_safety,"Kai Zhang has been living in Australia for 14 years and supports their child at University of Sydney. Originally from Hong Kong, they offer a cross-cultural perspective. They speak English, Mandarin. They can help with visa and immigration processes, housing and accommodation, cultural adaptation and settling in, and are available for one-off or ongoing mentoring."
245,Neha,Bhat,Student,Queensland University of Technology,Electrical Engineering,Bachelor,Indian,India,English;Tamil,12,True,False,True,True,7,186,30,4.5,academics;housing,"Neha Bhat is a Bachelor student in Electrical Engineering at Queensland University of Technology. They have been living in Australia for 12 years. Originally from India, they offer a cross-cultural perspective. They speak English, Tamil. They can help with visa and immigration processes, cultural adaptation and settling in, career guidance and employability, and are available for one-off or ongoing mentoring."
246,Folake,Diallo,Student,University of Queensland,Artificial Intelligence,PhD,African,Nigeria,English;Arabic,12,True,True,True,True,7,92,48,4.2,scholarships;visa,"Folake Diallo is a PhD student in Artificial Intelligence at University of Queensland. They have been living in Australia for 12 years. Originally from Nigeria, they offer a cross-cultural perspective. They speak English, Arabic. They can help with visa and immigration processes, housing and accommodation, cultural adaptation and settling in, career guidance and employability, and are available for one-off or ongoing mentoring."
247,Flynn,Jones,Parent,Queensland University of Technology,Law,Bachelor,Australian Domestic,Australia,English;Hindi,20,True,True,True,True,1,156,20,4.8,school_enrollment;housing;visa,"Flynn Jones has been living in Australia for 20 years and supports their child at Queensland University of Technology. Originally from Australia, they offer a cross-cultural perspective. They speak English, Hindi. They can help with visa and immigration processes, housing and accommodation, cultural adaptation and settling in, career guidance and employability, and are available for one-off or ongoing mentoring."
248,Eduardo,Diaz,Parent,Deakin University,Law,Bachelor,Latin American,Venezuela,English;Portuguese,8,False,True,True,False,5,42,35,4.4,school_enrollment;student_safety;visa,"Eduardo Diaz has been living in Australia for 8 years and supports their child at Deakin University. Originally from Venezuela, they offer a cross-cultural perspective. They speak English, Portuguese. They can help with housing and accommodation, cultural adaptation and settling in, and are available for one-off or ongoing mentoring."
249,Zhen,Luo,Student,Macquarie University,Pharmacy,Bachelor,Chinese,China,Mandarin;English,2,True,False,True,True,7,154,4,3.8,academics;housing;scholarships,"Zhen Luo is a Bachelor student in Pharmacy at Macquarie University. They have been living in Australia for 2 years. Originally from China, they offer a cross-cultural perspective. They speak Mandarin, English. They can help with visa and immigration processes, cultural adaptation and settling in, career guidance and employability, and are available for one-off or ongoing mentoring."
250,Hannah,Klein,Professor,Monash University,Nursing,PhD,European,Poland,English;French,20,False,True,True,True,10,99,44,3.6,career;networking;scholarships,"Hannah Klein is a Professor in the Nursing department at Monash University. They have 20 years of experience in Australian higher education. Originally from Poland, they offer a cross-cultural perspective. They speak English, French. They can help with housing and accommodation, cultural adaptation and settling in, career guidance and employability, and are available for one-off or ongoing mentoring."
251,Lanre,Gyang,Parent,Australian National University,Civil Engineering,Bachelor,African,Zimbabwe,English;Arabic,18,True,True,True,False,9,129,10,3.9,finances;cultural_adjustment,"Lanre Gyang has been living in Australia for 18 years and supports their child at Australian National University. Originally from Zimbabwe, they offer a cross-cultural perspective. They speak English, Arabic. They can help with visa and immigration processes, housing and accommodation, cultural adaptation and settling in, and are available for one-off or ongoing mentoring."
252,Finn,Hill,Professor,University of Adelaide,Biotechnology,PostDoc,Australian Domestic,New Zealand,English;Mandarin,8,True,False,True,True,2,83,17,4.2,networking;career;academics,"Finn Hill is a Professor in the Biotechnology department at University of Adelaide. They have 8 years of experience in Australian higher education. Originally from New Zealand, they offer a cross-cultural perspective. They speak English, Mandarin. They can help with visa and immigration processes, cultural adaptation and settling in, career guidance and employability, and are available for one-off or ongoing mentoring."
253,Wati,Hoang,Professor,University of Queensland,Chemical Engineering,PhD,Southeast Asian,Thailand,English;Vietnamese,11,True,False,True,True,1,137,11,4.9,career;scholarships,"Wati Hoang is a Professor in the Chemical Engineering department at University of Queensland. They have 11 years of experience in Australian higher education. Originally from Thailand, they offer a cross-cultural perspective. They speak English, Vietnamese. They can help with visa and immigration processes, cultural adaptation and settling in, career guidance and employability, and are available for one-off or ongoing mentoring."
254,Emeka,Dankwa,Professor,University of New South Wales,Law,Master,African,Ghana,English;Swahili,6,False,False,True,True,10,104,41,3.9,academics;research;industry_transition;career,"Emeka Dankwa is a Professor in the Law department at University of New South Wales. They have 6 years of experience in Australian higher education. Originally from Ghana, they offer a cross-cultural perspective. They speak English, Swahili. They can help with cultural adaptation and settling in, career guidance and employability, and are available for one-off or ongoing mentoring."
255,Elena,Lopez,Student,University of Melbourne,Information Systems,Bachelor,Latin American,Chile,English;Spanish,1,True,True,True,True,5,72,39,3.9,scholarships;career;academics,"Elena Lopez is a Bachelor student in Information Systems at University of Melbourne. They have been living in Australia for 1 years. Originally from Chile, they offer a cross-cultural perspective. They speak English, Spanish. They can help with visa and immigration processes, housing and accommodation, cultural adaptation and settling in, career guidance and employability, and are available for one-off or ongoing mentoring."
256,Wei,Chen,Professor,Monash University,Marketing,PhD,Chinese,China,English;Mandarin,3,False,False,True,True,10,13,2,4.4,industry_transition;academics;scholarships,"Wei Chen is a Professor in the Marketing department at Monash University. They have 3 years of experience in Australian higher education. Originally from China, they offer a cross-cultural perspective. They speak English, Mandarin. They can help with cultural adaptation and settling in, career guidance and employability, and are available for one-off or ongoing mentoring."
257,Duc,Santoso,Parent,Deakin University,Pharmacy,Master,Southeast Asian,Myanmar,English;Thai,4,True,True,True,False,5,41,1,4.1,visa;student_safety;school_enrollment,"Duc Santoso has been living in Australia for 4 years and supports their child at Deakin University. Originally from Myanmar, they offer a cross-cultural perspective. They speak English, Thai. They can help with visa and immigration processes, housing and accommodation, cultural adaptation and settling in, and are available for one-off or ongoing mentoring."
258,Lachlan,Smith,Parent,University of Sydney,Biotechnology,Master,Australian Domestic,Australia,English,16,True,True,True,False,3,72,1,3.6,housing;visa,"Lachlan Smith has been living in Australia for 16 years and supports their child at University of Sydney. Originally from Australia, they offer a cross-cultural perspective. They speak English. They can help with visa and immigration processes, housing and accommodation, cultural adaptation and settling in, and are available for one-off or ongoing mentoring."
259,Isabella,Davis,Student,RMIT University,Electrical Engineering,Master,Australian Domestic,Australia,English,6,False,False,True,False,8,107,17,4.5,career;housing,"Isabella Davis is a Master student in Electrical Engineering at RMIT University. They have been living in Australia for 6 years. Originally from Australia, they offer a cross-cultural perspective. They speak English. They can help with cultural adaptation and settling in, and are available for one-off or ongoing mentoring."
260,Daniela,Lopez,Parent,Monash University,Public Health,Master,Latin American,Mexico,English;Spanish,1,True,False,True,True,10,34,10,4.2,school_enrollment;finances;visa,"Daniela Lopez has been living in Australia for 1 years and supports their child at Monash University. Originally from Mexico, they offer a cross-cultural perspective. They speak English, Spanish. They can help with visa and immigration processes, cultural adaptation and settling in, career guidance and employability, and are available for one-off or ongoing mentoring."
261,Kavya,Malhotra,Student,University of Western Australia,Finance,Bachelor,Indian,India,English;Tamil,12,True,False,True,False,2,61,34,4.5,academics;housing,"Kavya Malhotra is a Bachelor student in Finance at University of Western Australia. They have been living in Australia for 12 years. Originally from India, they offer a cross-cultural perspective. They speak English, Tamil. They can help with visa and immigration processes, cultural adaptation and settling in, and are available for one-off or ongoing mentoring."
262,Folake,Kamara,Parent,Macquarie University,Accounting,PostDoc,African,South Africa,English,7,True,True,True,False,4,40,14,4.2,student_safety;housing,"Folake Kamara has been living in Australia for 7 years and supports their child at Macquarie University. Originally from South Africa, they offer a cross-cultural perspective. They speak English. They can help with visa and immigration processes, housing and accommodation, cultural adaptation and settling in, and are available for one-off or ongoing mentoring."
263,Alice,Muller,Professor,University of Adelaide,Law,Master,European,Poland,English;Dutch,8,True,True,True,True,4,145,23,4.7,networking;scholarships;career,"Alice Muller is a Professor in the Law department at University of Adelaide. They have 8 years of experience in Australian higher education. Originally from Poland, they offer a cross-cultural perspective. They speak English, Dutch. They can help with visa and immigration processes, housing and accommodation, cultural adaptation and settling in, career guidance and employability, and are available for one-off or ongoing mentoring."
264,John,Dubois,Student,Curtin University,Architecture,Bachelor,European,Poland,English;Italian,9,False,True,True,False,5,200,34,3.8,academics;cultural_adjustment;visa,"John Dubois is a Bachelor student in Architecture at Curtin University. They have been living in Australia for 9 years. Originally from Poland, they offer a cross-cultural perspective. They speak English, Italian. They can help with housing and accommodation, cultural adaptation and settling in, and are available for one-off or ongoing mentoring."
265,Pooja,Iyer,Professor,Curtin University,Chemical Engineering,PhD,Indian,India,English;Hindi;Tamil,15,True,True,False,True,6,129,30,4.6,academics;networking;industry_transition,"Pooja Iyer is a Professor in the Chemical Engineering department at Curtin University. They have 15 years of experience in Australian higher education. Originally from India, they offer a cross-cultural perspective. They speak English, Hindi, Tamil. They can help with visa and immigration processes, housing and accommodation, career guidance and employability, and are available for one-off or ongoing mentoring."
266,Huong,Hoang,Professor,Australian National University,Nursing,Master,Southeast Asian,Myanmar,English;Malay,3,False,False,True,True,2,94,13,4.8,scholarships;academics;research;industry_transition,"Huong Hoang is a Professor in the Nursing department at Australian National University. They have 3 years of experience in Australian higher education. Originally from Myanmar, they offer a cross-cultural perspective. They speak English, Malay. They can help with cultural adaptation and settling in, career guidance and employability, and are available for one-off or ongoing mentoring."
267,Lakshmi,Chopra,Student,University of Technology Sydney,Information Systems,Master,Indian,India,English;Bengali,7,False,True,False,False,10,137,31,3.5,scholarships;housing,"Lakshmi Chopra is a Master student in Information Systems at University of Technology Sydney. They have been living in Australia for 7 years. Originally from India, they offer a cross-cultural perspective. They speak English, Bengali. They can help with housing and accommodation, and are available for one-off or ongoing mentoring."
268,Georgia,Wilson,Student,Australian National University,Information Systems,Bachelor,Australian Domestic,Australia,English;Mandarin,20,True,False,True,False,4,194,42,4.2,housing;scholarships;career,"Georgia Wilson is a Bachelor student in Information Systems at Australian National University. They have been living in Australia for 20 years. Originally from Australia, they offer a cross-cultural perspective. They speak English, Mandarin. They can help with visa and immigration processes, cultural adaptation and settling in, and are available for one-off or ongoing mentoring."
269,Ignacio,Gonzalez,Professor,RMIT University,Artificial Intelligence,PhD,Latin American,Mexico,Spanish;English,9,False,False,True,True,3,150,37,4.5,academics;research;industry_transition,"Ignacio Gonzalez is a Professor in the Artificial Intelligence department at RMIT University. They have 9 years of experience in Australian higher education. Originally from Mexico, they offer a cross-cultural perspective. They speak Spanish, English. They can help with cultural adaptation and settling in, career guidance and employability, and are available for one-off or ongoing mentoring."
270,Nour,Farouk,Student,Monash University,Electrical Engineering,Master,Middle Eastern,Iran,Arabic;English,20,True,True,True,True,9,51,34,4.6,visa;academics;cultural_adjustment;career,"Nour Farouk is a Master student in Electrical Engineering at Monash University. They have been living in Australia for 20 years. Originally from Iran, they offer a cross-cultural perspective. They speak Arabic, English. They can help with visa and immigration processes, housing and accommodation, cultural adaptation and settling in, career guidance and employability, and are available for one-off or ongoing mentoring."
271,Lin,Yang,Student,University of Sydney,Marketing,Master,Chinese,Taiwan,English;Mandarin;Cantonese,16,False,True,True,True,4,162,1,4.0,housing;cultural_adjustment;visa;career,"Lin Yang is a Master student in Marketing at University of Sydney. They have been living in Australia for 16 years. Originally from Taiwan, they offer a cross-cultural perspective. They speak English, Mandarin, Cantonese. They can help with housing and accommodation, cultural adaptation and settling in, career guidance and employability, and are available for one-off or ongoing mentoring."
272,Emeka,Owusu,Professor,University of New South Wales,Mechanical Engineering,PhD,African,South Africa,English,18,False,False,True,True,1,134,5,3.6,scholarships;academics,"Emeka Owusu is a Professor in the Mechanical Engineering department at University of New South Wales. They have 18 years of experience in Australian higher education. Originally from South Africa, they offer a cross-cultural perspective. They speak English. They can help with cultural adaptation and settling in, career guidance and employability, and are available for one-off or ongoing mentoring."
273,Isabella,Garcia,Student,RMIT University,Civil Engineering,Master,Latin American,Peru,English;Portuguese,17,True,False,False,False,5,66,18,3.8,visa;academics;scholarships,"Isabella Garcia is a Master student in Civil Engineering at RMIT University. They have been living in Australia for 17 years. Originally from Peru, they offer a cross-cultural perspective. They speak English, Portuguese. They can help with visa and immigration processes, and are available for one-off or ongoing mentoring."
274,Lucia,Perez,Professor,University of New South Wales,Cybersecurity,PostDoc,Latin American,Venezuela,Spanish;English,3,False,True,False,True,5,59,33,4.8,research;academics;scholarships;career,"Lucia Perez is a Professor in the Cybersecurity department at University of New South Wales. They have 3 years of experience in Australian higher education. Originally from Venezuela, they offer a cross-cultural perspective. They speak Spanish, English. They can help with housing and accommodation, career guidance and employability, and are available for one-off or ongoing mentoring."
275,Lei,Liu,Student,Curtin University,Cybersecurity,Bachelor,Chinese,Taiwan,English;Mandarin,3,False,False,True,True,10,23,46,4.9,academics;scholarships,"Lei Liu is a Bachelor student in Cybersecurity at Curtin University. They have been living in Australia for 3 years. Originally from Taiwan, they offer a cross-cultural perspective. They speak English, Mandarin. They can help with cultural adaptation and settling in, career guidance and employability, and are available for one-off or ongoing mentoring."
276,Budi,Rahman,Student,University of Technology Sydney,Environmental Science,Bachelor,Southeast Asian,Singapore,English;Vietnamese,5,True,True,True,False,8,192,2,4.0,visa;scholarships;cultural_adjustment;career,"Budi Rahman is a Bachelor student in Environmental Science at University of Technology Sydney. They have been living in Australia for 5 years. Originally from Singapore, they offer a cross-cultural perspective. They speak English, Vietnamese. They can help with visa and immigration processes, housing and accommodation, cultural adaptation and settling in, and are available for one-off or ongoing mentoring."
277,Duc,Wibowo,Parent,University of Newcastle,Law,Master,Southeast Asian,Myanmar,English;Malay,1,True,True,True,False,3,116,11,4.8,student_safety;school_enrollment,"Duc Wibowo has been living in Australia for 1 years and supports their child at University of Newcastle. Originally from Myanmar, they offer a cross-cultural perspective. They speak English, Malay. They can help with visa and immigration processes, housing and accommodation, cultural adaptation and settling in, and are available for one-off or ongoing mentoring."
278,Hao,Li,Parent,Macquarie University,Artificial Intelligence,PostDoc,Chinese,China,English;Mandarin,15,True,True,True,True,7,163,11,3.7,school_enrollment;visa;student_safety;finances,"Hao Li has been living in Australia for 15 years and supports their child at Macquarie University. Originally from China, they offer a cross-cultural perspective. They speak English, Mandarin. They can help with visa and immigration processes, housing and accommodation, cultural adaptation and settling in, career guidance and employability, and are available for one-off or ongoing mentoring."
279,Ana,Morales,Parent,Queensland University of Technology,Computer Science,PhD,Latin American,Venezuela,English;Spanish;Portuguese,1,True,False,True,False,2,180,16,4.7,finances;school_enrollment,"Ana Morales has been living in Australia for 1 years and supports their child at Queensland University of Technology. Originally from Venezuela, they offer a cross-cultural perspective. They speak English, Spanish, Portuguese. They can help with visa and immigration processes, cultural adaptation and settling in, and are available for one-off or ongoing mentoring."
280,Ekene,Sesay,Professor,Macquarie University,Architecture,Master,African,Tanzania,English,14,False,False,True,True,6,58,16,4.9,academics;industry_transition;scholarships,"Ekene Sesay is a Professor in the Architecture department at Macquarie University. They have 14 years of experience in Australian higher education. Originally from Tanzania, they offer a cross-cultural perspective. They speak English. They can help with cultural adaptation and settling in, career guidance and employability, and are available for one-off or ongoing mentoring."
281,Bui,Rahman,Professor,Curtin University,Electrical Engineering,PhD,Southeast Asian,Vietnam,English;Vietnamese,16,True,False,True,True,6,25,14,3.8,academics;networking,"Bui Rahman is a Professor in the Electrical Engineering department at Curtin University. They have 16 years of experience in Australian higher education. Originally from Vietnam, they offer a cross-cultural perspective. They speak English, Vietnamese. They can help with visa and immigration processes, cultural adaptation and settling in, career guidance and employability, and are available for one-off or ongoing mentoring."
282,Wen,Chen,Professor,University of Melbourne,Psychology,PostDoc,Chinese,China,Mandarin;English,10,True,False,True,True,7,106,22,3.9,academics;research;scholarships;industry_transition,"Wen Chen is a Professor in the Psychology department at University of Melbourne. They have 10 years of experience in Australian higher education. Originally from China, they offer a cross-cultural perspective. They speak Mandarin, English. They can help with visa and immigration processes, cultural adaptation and settling in, career guidance and employability, and are available for one-off or ongoing mentoring."
283,Tariq,Latif,Professor,University of Technology Sydney,Medicine,PhD,Middle Eastern,Saudi Arabia,English;Arabic,1,True,False,True,True,7,124,24,3.6,career;scholarships;research;industry_transition,"Tariq Latif is a Professor in the Medicine department at University of Technology Sydney. They have 1 years of experience in Australian higher education. Originally from Saudi Arabia, they offer a cross-cultural perspective. They speak English, Arabic. They can help with visa and immigration processes, cultural adaptation and settling in, career guidance and employability, and are available for one-off or ongoing mentoring."
284,Hudson,Smith,Professor,University of Melbourne,Civil Engineering,PhD,Australian Domestic,Australia,English;Hindi,12,True,False,True,True,5,164,11,3.6,academics;networking;industry_transition;scholarships,"Hudson Smith is a Professor in the Civil Engineering department at University of Melbourne. They have 12 years of experience in Australian higher education. Originally from Australia, they offer a cross-cultural perspective. They speak English, Hindi. They can help with visa and immigration processes, cultural adaptation and settling in, career guidance and employability, and are available for one-off or ongoing mentoring."
285,Hafiz,Pham,Parent,University of Sydney,Public Health,Master,Southeast Asian,Thailand,English;Malay;Indonesian,1,True,True,True,False,6,8,30,5.0,school_enrollment;student_safety,"Hafiz Pham has been living in Australia for 1 years and supports their child at University of Sydney. Originally from Thailand, they offer a cross-cultural perspective. They speak English, Malay, Indonesian. They can help with visa and immigration processes, housing and accommodation, cultural adaptation and settling in, and are available for one-off or ongoing mentoring."
286,Chioma,Okafor,Professor,Australian National University,Biotechnology,PhD,African,Tanzania,English;Arabic,6,False,False,False,True,5,50,47,4.4,career;scholarships;networking,"Chioma Okafor is a Professor in the Biotechnology department at Australian National University. They have 6 years of experience in Australian higher education. Originally from Tanzania, they offer a cross-cultural perspective. They speak English, Arabic. They can help with career guidance and employability, and are available for one-off or ongoing mentoring."
287,Xin,Zhu,Parent,University of Western Australia,Marketing,Bachelor,Chinese,Taiwan,English;Mandarin,8,True,True,True,False,5,22,17,3.9,school_enrollment;finances,"Xin Zhu has been living in Australia for 8 years and supports their child at University of Western Australia. Originally from Taiwan, they offer a cross-cultural perspective. They speak English, Mandarin. They can help with visa and immigration processes, housing and accommodation, cultural adaptation and settling in, and are available for one-off or ongoing mentoring."
288,Omar,Ibrahim,Student,University of Queensland,Psychology,Bachelor,Middle Eastern,Lebanon,English;Arabic;Farsi,12,True,True,True,True,10,4,28,4.6,housing;cultural_adjustment;visa,"Omar Ibrahim is a Bachelor student in Psychology at University of Queensland. They have been living in Australia for 12 years. Originally from Lebanon, they offer a cross-cultural perspective. They speak English, Arabic, Farsi. They can help with visa and immigration processes, housing and accommodation, cultural adaptation and settling in, career guidance and employability, and are available for one-off or ongoing mentoring."
289,Maria,Gonzalez,Student,University of Melbourne,Electrical Engineering,Bachelor,Latin American,Venezuela,English;Portuguese,3,True,False,True,False,3,66,21,3.6,academics;housing;cultural_adjustment;career,"Maria Gonzalez is a Bachelor student in Electrical Engineering at University of Melbourne. They have been living in Australia for 3 years. Originally from Venezuela, they offer a cross-cultural perspective. They speak English, Portuguese. They can help with visa and immigration processes, cultural adaptation and settling in, and are available for one-off or ongoing mentoring."
290,Jorge,Flores,Student,University of New South Wales,Artificial Intelligence,Bachelor,Latin American,Venezuela,English;Spanish,16,True,True,True,True,6,82,13,4.5,visa;housing,"Jorge Flores is a Bachelor student in Artificial Intelligence at University of New South Wales. They have been living in Australia for 16 years. Originally from Venezuela, they offer a cross-cultural perspective. They speak English, Spanish. They can help with visa and immigration processes, housing and accommodation, cultural adaptation and settling in, career guidance and employability, and are available for one-off or ongoing mentoring."
291,Ting,Wang,Professor,Deakin University,Electrical Engineering,PhD,Chinese,China,English;Mandarin,16,True,False,True,True,8,157,3,4.0,career;networking;research;industry_transition,"Ting Wang is a Professor in the Electrical Engineering department at Deakin University. They have 16 years of experience in Australian higher education. Originally from China, they offer a cross-cultural perspective. They speak English, Mandarin. They can help with visa and immigration processes, cultural adaptation and settling in, career guidance and employability, and are available for one-off or ongoing mentoring."
292,Hayden,Robinson,Parent,Macquarie University,Chemical Engineering,Master,Australian Domestic,Australia,English,1,True,False,True,False,10,108,42,4.5,finances;visa;housing,"Hayden Robinson has been living in Australia for 1 years and supports their child at Macquarie University. Originally from Australia, they offer a cross-cultural perspective. They speak English. They can help with visa and immigration processes, cultural adaptation and settling in, and are available for one-off or ongoing mentoring."
293,Faisal,Farouk,Student,Macquarie University,Marketing,Bachelor,Middle Eastern,Lebanon,English;Arabic;French,18,False,True,True,True,5,90,4,4.6,scholarships;housing,"Faisal Farouk is a Bachelor student in Marketing at Macquarie University. They have been living in Australia for 18 years. Originally from Lebanon, they offer a cross-cultural perspective. They speak English, Arabic, French. They can help with housing and accommodation, cultural adaptation and settling in, career guidance and employability, and are available for one-off or ongoing mentoring."
294,Chioma,Eze,Professor,University of Newcastle,Artificial Intelligence,PostDoc,African,Kenya,English;French,17,True,True,True,True,2,64,16,4.3,career;industry_transition,"Chioma Eze is a Professor in the Artificial Intelligence department at University of Newcastle. They have 17 years of experience in Australian higher education. Originally from Kenya, they offer a cross-cultural perspective. They speak English, French. They can help with visa and immigration processes, housing and accommodation, cultural adaptation and settling in, career guidance and employability, and are available for one-off or ongoing mentoring."
295,Shan,Ma,Professor,University of Newcastle,Law,PostDoc,Chinese,China,English;Mandarin,18,False,True,False,True,9,9,23,3.8,networking;academics,"Shan Ma is a Professor in the Law department at University of Newcastle. They have 18 years of experience in Australian higher education. Originally from China, they offer a cross-cultural perspective. They speak English, Mandarin. They can help with housing and accommodation, career guidance and employability, and are available for one-off or ongoing mentoring."
296,Peng,Wang,Professor,Australian National University,Chemical Engineering,PhD,Chinese,Hong Kong,English;Mandarin,2,True,False,True,True,7,163,31,4.2,networking;research;academics,"Peng Wang is a Professor in the Chemical Engineering department at Australian National University. They have 2 years of experience in Australian higher education. Originally from Hong Kong, they offer a cross-cultural perspective. They speak English, Mandarin. They can help with visa and immigration processes, cultural adaptation and settling in, career guidance and employability, and are available for one-off or ongoing mentoring."
297,Isla,Jackson,Parent,Monash University,Medicine,Master,Australian Domestic,Australia,English,20,True,True,False,False,6,180,18,3.5,student_safety;visa;cultural_adjustment,"Isla Jackson has been living in Australia for 20 years and supports their child at Monash University. Originally from Australia, they offer a cross-cultural perspective. They speak English. They can help with visa and immigration processes, housing and accommodation, and are available for one-off or ongoing mentoring."
298,Omar,Jawad,Parent,Deakin University,Pharmacy,Bachelor,Middle Eastern,Jordan,English;Arabic,11,True,True,True,False,10,118,40,3.7,housing;finances;school_enrollment,"Omar Jawad has been living in Australia for 11 years and supports their child at Deakin University. Originally from Jordan, they offer a cross-cultural perspective. They speak English, Arabic. They can help with visa and immigration processes, housing and accommodation, cultural adaptation and settling in, and are available for one-off or ongoing mentoring."
299,Luis,Jimenez,Professor,University of Queensland,Social Work,Master,Latin American,Colombia,English;Spanish,19,False,True,True,True,2,67,5,4.5,research;academics;scholarships,"Luis Jimenez is a Professor in the Social Work department at University of Queensland. They have 19 years of experience in Australian higher education. Originally from Colombia, they offer a cross-cultural perspective. They speak English, Spanish. They can help with housing and accommodation, cultural adaptation and settling in, career guidance and employability, and are available for one-off or ongoing mentoring."
300,Lakshmi,Malhotra,Parent,Deakin University,Education,Bachelor,Indian,India,English;Hindi;Bengali,3,True,True,True,False,2,149,7,4.2,housing;cultural_adjustment,"Lakshmi Malhotra has been living in Australia for 3 years and supports their child at Deakin University. Originally from India, they offer a cross-cultural perspective. They speak English, Hindi, Bengali. They can help with visa and immigration processes, housing and accommodation, cultural adaptation and settling in, and are available for one-off or ongoing mentoring."
301,Rohan,Mehta,Student,Monash University,Education,Bachelor,Indian,Sri Lanka,English;Hindi,3,True,True,False,True,2,48,23,4.8,scholarships;academics;cultural_adjustment,"Rohan Mehta is a Bachelor student in Education at Monash University. They have been living in Australia for 3 years. Originally from Sri Lanka, they offer a cross-cultural perspective. They speak English, Hindi. They can help with visa and immigration processes, housing and accommodation, career guidance and employability, and are available for one-off or ongoing mentoring."
302,Chris,Garcia,Parent,University of Technology Sydney,Education,Bachelor,European,Germany,English;German,1,True,True,True,False,4,187,23,4.0,cultural_adjustment;school_enrollment;finances,"Chris Garcia has been living in Australia for 1 years and supports their child at University of Technology Sydney. Originally from Germany, they offer a cross-cultural perspective. They speak English, German. They can help with visa and immigration processes, housing and accommodation, cultural adaptation and settling in, and are available for one-off or ongoing mentoring."
303,Lakshmi,Chopra,Parent,Macquarie University,Economics,Master,Indian,India,English;Hindi;Bengali,6,True,True,True,True,9,165,34,4.8,housing;student_safety;school_enrollment,"Lakshmi Chopra has been living in Australia for 6 years and supports their child at Macquarie University. Originally from India, they offer a cross-cultural perspective. They speak English, Hindi, Bengali. They can help with visa and immigration processes, housing and accommodation, cultural adaptation and settling in, career guidance and employability, and are available for one-off or ongoing mentoring."
304,Chioma,Fadahunsi,Student,University of Newcastle,Economics,Master,African,Tanzania,English,13,True,True,True,False,5,17,33,4.5,scholarships;visa,"Chioma Fadahunsi is a Master student in Economics at University of Newcastle. They have been living in Australia for 13 years. Originally from Tanzania, they offer a cross-cultural perspective. They speak English. They can help with visa and immigration processes, housing and accommodation, cultural adaptation and settling in, and are available for one-off or ongoing mentoring."
305,Eko,Ngo,Professor,Curtin University,Nursing,Master,Southeast Asian,Indonesia,English;Malay,9,False,True,False,True,4,195,28,4.8,career;networking,"Eko Ngo is a Professor in the Nursing department at Curtin University. They have 9 years of experience in Australian higher education. Originally from Indonesia, they offer a cross-cultural perspective. They speak English, Malay. They can help with housing and accommodation, career guidance and employability, and are available for one-off or ongoing mentoring."
306,Mei,Chen,Parent,University of Newcastle,Social Work,Bachelor,Chinese,China,English;Mandarin;Cantonese,7,True,False,True,True,4,0,42,4.3,housing;cultural_adjustment;visa;student_safety,"Mei Chen has been living in Australia for 7 years and supports their child at University of Newcastle. Originally from China, they offer a cross-cultural perspective. They speak English, Mandarin, Cantonese. They can help with visa and immigration processes, cultural adaptation and settling in, career guidance and employability, and are available for one-off or ongoing mentoring."
307,Mark,Jensen,Parent,University of Technology Sydney,Finance,Master,European,Sweden,English;German,18,True,True,True,True,4,186,31,4.5,housing;finances;visa;cultural_adjustment,"Mark Jensen has been living in Australia for 18 years and supports their child at University of Technology Sydney. Originally from Sweden, they offer a cross-cultural perspective. They speak English, German. They can help with visa and immigration processes, housing and accommodation, cultural adaptation and settling in, career guidance and employability, and are available for one-off or ongoing mentoring."
308,Chloe,Lewis,Student,University of Newcastle,Cybersecurity,Bachelor,Australian Domestic,Australia,English;Mandarin,3,True,True,True,False,4,128,20,3.6,cultural_adjustment;career;scholarships;visa,"Chloe Lewis is a Bachelor student in Cybersecurity at University of Newcastle. They have been living in Australia for 3 years. Originally from Australia, they offer a cross-cultural perspective. They speak English, Mandarin. They can help with visa and immigration processes, housing and accommodation, cultural adaptation and settling in, and are available for one-off or ongoing mentoring."
309,Sophie,Smith,Professor,Curtin University,Marketing,Master,Australian Domestic,Australia,English;Hindi,17,True,True,True,True,2,106,31,4.3,networking;industry_transition,"Sophie Smith is a Professor in the Marketing department at Curtin University. They have 17 years of experience in Australian higher education. Originally from Australia, they offer a cross-cultural perspective. They speak English, Hindi. They can help with visa and immigration processes, housing and accommodation, cultural adaptation and settling in, career guidance and employability, and are available for one-off or ongoing mentoring."
310,Dung,Wibowo,Professor,Australian National University,Law,PostDoc,Southeast Asian,Indonesia,English;Malay;Indonesian,8,False,False,False,True,3,114,42,4.9,career;scholarships,"Dung Wibowo is a Professor in the Law department at Australian National University. They have 8 years of experience in Australian higher education. Originally from Indonesia, they offer a cross-cultural perspective. They speak English, Malay, Indonesian. They can help with career guidance and employability, and are available for one-off or ongoing mentoring."
311,Luis,Flores,Professor,Deakin University,Electrical Engineering,PhD,Latin American,Colombia,Spanish;English,8,False,False,True,True,5,130,27,3.6,academics;career;scholarships;networking,"Luis Flores is a Professor in the Electrical Engineering department at Deakin University. They have 8 years of experience in Australian higher education. Originally from Colombia, they offer a cross-cultural perspective. They speak Spanish, English. They can help with cultural adaptation and settling in, career guidance and employability, and are available for one-off or ongoing mentoring."
312,Priya,Sharma,Student,Monash University,Computer Science,Master,Indian,Sri Lanka,English;Tamil,13,True,False,True,False,3,143,1,3.9,academics;visa;scholarships,"Priya Sharma is a Master student in Computer Science at Monash University. They have been living in Australia for 13 years. Originally from Sri Lanka, they offer a cross-cultural perspective. They speak English, Tamil. They can help with visa and immigration processes, cultural adaptation and settling in, and are available for one-off or ongoing mentoring."
313,Mia,Evans,Professor,Curtin University,Psychology,PhD,European,Spain,English;Italian,6,True,True,True,True,2,122,15,4.7,scholarships;industry_transition,"Mia Evans is a Professor in the Psychology department at Curtin University. They have 6 years of experience in Australian higher education. Originally from Spain, they offer a cross-cultural perspective. They speak English, Italian. They can help with visa and immigration processes, housing and accommodation, cultural adaptation and settling in, career guidance and employability, and are available for one-off or ongoing mentoring."
314,Mona,Abbas,Student,University of New South Wales,Pharmacy,Bachelor,Middle Eastern,UAE,Arabic;English,14,True,False,True,True,8,74,5,4.5,career;housing;visa;cultural_adjustment,"Mona Abbas is a Bachelor student in Pharmacy at University of New South Wales. They have been living in Australia for 14 years. Originally from UAE, they offer a cross-cultural perspective. They speak Arabic, English. They can help with visa and immigration processes, cultural adaptation and settling in, career guidance and employability, and are available for one-off or ongoing mentoring."
315,Kavya,Singh,Professor,Queensland University of Technology,Economics,PhD,Indian,India,English;Hindi;Tamil,11,True,True,True,True,10,35,45,4.4,networking;research;scholarships,"Kavya Singh is a Professor in the Economics department at Queensland University of Technology. They have 11 years of experience in Australian higher education. Originally from India, they offer a cross-cultural perspective. They speak English, Hindi, Tamil. They can help with visa and immigration processes, housing and accommodation, cultural adaptation and settling in, career guidance and employability, and are available for one-off or ongoing mentoring."
316,Vikram,Reddy,Professor,University of Melbourne,Cybersecurity,PostDoc,Indian,Sri Lanka,English;Hindi;Tamil,7,False,False,True,True,5,68,21,3.5,scholarships;industry_transition;academics,"Vikram Reddy is a Professor in the Cybersecurity department at University of Melbourne. They have 7 years of experience in Australian higher education. Originally from Sri Lanka, they offer a cross-cultural perspective. They speak English, Hindi, Tamil. They can help with cultural adaptation and settling in, career guidance and employability, and are available for one-off or ongoing mentoring."
317,Leila,Abbas,Parent,University of Adelaide,Electrical Engineering,Master,Middle Eastern,Saudi Arabia,English;Arabic,13,True,True,False,False,7,53,11,4.4,housing;student_safety,"Leila Abbas has been living in Australia for 13 years and supports their child at University of Adelaide. Originally from Saudi Arabia, they offer a cross-cultural perspective. They speak English, Arabic. They can help with visa and immigration processes, housing and accommodation, and are available for one-off or ongoing mentoring."
318,Duc,Ngo,Parent,Australian National University,Nursing,Master,Southeast Asian,Malaysia,English;Malay;Indonesian,1,True,True,True,True,9,105,7,4.4,finances;visa;school_enrollment;cultural_adjustment,"Duc Ngo has been living in Australia for 1 years and supports their child at Australian National University. Originally from Malaysia, they offer a cross-cultural perspective. They speak English, Malay, Indonesian. They can help with visa and immigration processes, housing and accommodation, cultural adaptation and settling in, career guidance and employability, and are available for one-off or ongoing mentoring."
319,Jake,Brown,Professor,Curtin University,Public Health,PhD,Australian Domestic,Australia,English;Mandarin,16,False,False,True,False,2,103,24,4.2,career;scholarships;industry_transition,"Jake Brown is a Professor in the Public Health department at Curtin University. They have 16 years of experience in Australian higher education. Originally from Australia, they offer a cross-cultural perspective. They speak English, Mandarin. They can help with cultural adaptation and settling in, and are available for one-off or ongoing mentoring."
320,Emeka,Okafor,Professor,University of Melbourne,Accounting,PostDoc,African,Ethiopia,English;Arabic,1,False,True,False,True,6,122,14,4.3,career;academics;networking;industry_transition,"Emeka Okafor is a Professor in the Accounting department at University of Melbourne. They have 1 years of experience in Australian higher education. Originally from Ethiopia, they offer a cross-cultural perspective. They speak English, Arabic. They can help with housing and accommodation, career guidance and employability, and are available for one-off or ongoing mentoring."
321,Van,Pham,Parent,Deakin University,Nursing,PhD,Southeast Asian,Thailand,English;Vietnamese,11,True,True,True,True,3,75,19,4.5,student_safety;finances;visa,"Van Pham has been living in Australia for 11 years and supports their child at Deakin University. Originally from Thailand, they offer a cross-cultural perspective. They speak English, Vietnamese. They can help with visa and immigration processes, housing and accommodation, cultural adaptation and settling in, career guidance and employability, and are available for one-off or ongoing mentoring."
322,Francisco,Diaz,Professor,University of Western Australia,Public Health,PostDoc,Latin American,Mexico,English;Spanish;Portuguese,15,True,False,True,True,7,142,13,3.9,scholarships;academics,"Francisco Diaz is a Professor in the Public Health department at University of Western Australia. They have 15 years of experience in Australian higher education. Originally from Mexico, they offer a cross-cultural perspective. They speak English, Spanish, Portuguese. They can help with visa and immigration processes, cultural adaptation and settling in, career guidance and employability, and are available for one-off or ongoing mentoring."
323,Linh,Rahman,Parent,University of New South Wales,Public Health,Master,Southeast Asian,Indonesia,English;Thai,19,True,True,True,False,2,131,30,4.6,student_safety;visa;cultural_adjustment;school_enrollment,"Linh Rahman has been living in Australia for 19 years and supports their child at University of New South Wales. Originally from Indonesia, they offer a cross-cultural perspective. They speak English, Thai. They can help with visa and immigration processes, housing and accommodation, cultural adaptation and settling in, and are available for one-off or ongoing mentoring."
324,Tom,Green,Professor,University of Technology Sydney,Education,PhD,European,Italy,English;French,5,False,True,False,True,8,156,4,4.8,industry_transition;networking,"Tom Green is a Professor in the Education department at University of Technology Sydney. They have 5 years of experience in Australian higher education. Originally from Italy, they offer a cross-cultural perspective. They speak English, French. They can help with housing and accommodation, career guidance and employability, and are available for one-off or ongoing mentoring."
325,Omar,Ibrahim,Professor,University of Adelaide,Accounting,Master,Middle Eastern,Lebanon,Arabic;English,9,False,False,True,True,10,152,2,4.9,research;career;scholarships,"Omar Ibrahim is a Professor in the Accounting department at University of Adelaide. They have 9 years of experience in Australian higher education. Originally from Lebanon, they offer a cross-cultural perspective. They speak Arabic, English. They can help with cultural adaptation and settling in, career guidance and employability, and are available for one-off or ongoing mentoring."
326,Aditya,Chopra,Student,Curtin University,Pharmacy,Bachelor,Indian,India,English;Bengali,12,True,True,True,False,6,27,4,3.9,cultural_adjustment;scholarships,"Aditya Chopra is a Bachelor student in Pharmacy at Curtin University. They have been living in Australia for 12 years. Originally from India, they offer a cross-cultural perspective. They speak English, Bengali. They can help with visa and immigration processes, housing and accommodation, cultural adaptation and settling in, and are available for one-off or ongoing mentoring."
327,Chioma,Jallow,Professor,University of Newcastle,Accounting,PhD,African,Ethiopia,English;French,5,False,True,False,True,4,119,6,4.4,career;industry_transition;scholarships,"Chioma Jallow is a Professor in the Accounting department at University of Newcastle. They have 5 years of experience in Australian higher education. Originally from Ethiopia, they offer a cross-cultural perspective. They speak English, French. They can help with housing and accommodation, career guidance and employability, and are available for one-off or ongoing mentoring."
328,Cuong,Rahman,Parent,University of Technology Sydney,Law,Bachelor,Southeast Asian,Myanmar,English;Vietnamese,6,True,True,True,False,4,143,48,4.3,student_safety;finances;school_enrollment,"Cuong Rahman has been living in Australia for 6 years and supports their child at University of Technology Sydney. Originally from Myanmar, they offer a cross-cultural perspective. They speak English, Vietnamese. They can help with visa and immigration processes, housing and accommodation, cultural adaptation and settling in, and are available for one-off or ongoing mentoring."
329,Isabella,Diaz,Parent,Queensland University of Technology,Marketing,Bachelor,Latin American,Peru,English;Portuguese,17,True,True,True,True,8,132,28,3.8,cultural_adjustment;visa,"Isabella Diaz has been living in Australia for 17 years and supports their child at Queensland University of Technology. Originally from Peru, they offer a cross-cultural perspective. They speak English, Portuguese. They can help with visa and immigration processes, housing and accommodation, cultural adaptation and settling in, career guidance and employability, and are available for one-off or ongoing mentoring."
330,Ishaan,Tiwari,Parent,Monash University,Psychology,Master,Indian,India,English;Tamil,10,True,True,True,False,6,76,18,4.0,finances;student_safety,"Ishaan Tiwari has been living in Australia for 10 years and supports their child at Monash University. Originally from India, they offer a cross-cultural perspective. They speak English, Tamil. They can help with visa and immigration processes, housing and accommodation, cultural adaptation and settling in, and are available for one-off or ongoing mentoring."
331,Tuan,Sari,Parent,University of New South Wales,Pharmacy,Bachelor,Southeast Asian,Malaysia,English;Thai,9,False,True,False,False,4,156,8,4.9,visa;housing;finances,"Tuan Sari has been living in Australia for 9 years and supports their child at University of New South Wales. Originally from Malaysia, they offer a cross-cultural perspective. They speak English, Thai. They can help with housing and accommodation, and are available for one-off or ongoing mentoring."
332,Farah,Santoso,Parent,Queensland University of Technology,Economics,PhD,Southeast Asian,Philippines,English;Malay;Indonesian,4,True,True,True,False,8,122,30,3.5,finances;cultural_adjustment;visa;school_enrollment,"Farah Santoso has been living in Australia for 4 years and supports their child at Queensland University of Technology. Originally from Philippines, they offer a cross-cultural perspective. They speak English, Malay, Indonesian. They can help with visa and immigration processes, housing and accommodation, cultural adaptation and settling in, and are available for one-off or ongoing mentoring."
333,Ava,Evans,Student,Australian National University,Education,Master,Australian Domestic,Australia,English,10,False,False,False,True,8,199,31,3.6,visa;cultural_adjustment;career,"Ava Evans is a Master student in Education at Australian National University. They have been living in Australia for 10 years. Originally from Australia, they offer a cross-cultural perspective. They speak English. They can help with career guidance and employability, and are available for one-off or ongoing mentoring."
334,Kemi,Boateng,Parent,Queensland University of Technology,Civil Engineering,PhD,African,Ghana,English;Arabic,7,True,True,True,True,7,33,20,4.5,student_safety;finances;cultural_adjustment;visa,"Kemi Boateng has been living in Australia for 7 years and supports their child at Queensland University of Technology. Originally from Ghana, they offer a cross-cultural perspective. They speak English, Arabic. They can help with visa and immigration processes, housing and accommodation, cultural adaptation and settling in, career guidance and employability, and are available for one-off or ongoing mentoring."
335,Thi,Hassan,Student,Deakin University,Electrical Engineering,Bachelor,Southeast Asian,Malaysia,English;Vietnamese,11,True,True,False,False,5,144,42,4.0,visa;academics,"Thi Hassan is a Bachelor student in Electrical Engineering at Deakin University. They have been living in Australia for 11 years. Originally from Malaysia, they offer a cross-cultural perspective. They speak English, Vietnamese. They can help with visa and immigration processes, housing and accommodation, and are available for one-off or ongoing mentoring."
336,Andres,Rodriguez,Professor,Curtin University,Computer Science,PhD,Latin American,Chile,Spanish;English,9,False,True,True,True,10,41,2,4.0,career;academics;industry_transition,"Andres Rodriguez is a Professor in the Computer Science department at Curtin University. They have 9 years of experience in Australian higher education. Originally from Chile, they offer a cross-cultural perspective. They speak Spanish, English. They can help with housing and accommodation, cultural adaptation and settling in, career guidance and employability, and are available for one-off or ongoing mentoring."
337,Lucia,Reyes,Student,University of Technology Sydney,Data Science,Bachelor,Latin American,Chile,English;Spanish,20,True,True,True,False,3,76,1,4.9,housing;cultural_adjustment,"Lucia Reyes is a Bachelor student in Data Science at University of Technology Sydney. They have been living in Australia for 20 years. Originally from Chile, they offer a cross-cultural perspective. They speak English, Spanish. They can help with visa and immigration processes, housing and accommodation, cultural adaptation and settling in, and are available for one-off or ongoing mentoring."
338,Grace,Lewis,Professor,Monash University,Nursing,PostDoc,Australian Domestic,New Zealand,English,6,True,False,True,True,4,61,15,3.9,scholarships;networking;career,"Grace Lewis is a Professor in the Nursing department at Monash University. They have 6 years of experience in Australian higher education. Originally from New Zealand, they offer a cross-cultural perspective. They speak English. They can help with visa and immigration processes, cultural adaptation and settling in, career guidance and employability, and are available for one-off or ongoing mentoring."
339,Rohan,Agarwal,Parent,University of Technology Sydney,Education,Bachelor,Indian,India,English;Bengali,3,True,True,True,True,10,183,24,3.6,cultural_adjustment;visa;student_safety,"Rohan Agarwal has been living in Australia for 3 years and supports their child at University of Technology Sydney. Originally from India, they offer a cross-cultural perspective. They speak English, Bengali. They can help with visa and immigration processes, housing and accommodation, cultural adaptation and settling in, career guidance and employability, and are available for one-off or ongoing mentoring."
340,Amit,Kaur,Parent,Queensland University of Technology,Civil Engineering,Master,Indian,India,English;Bengali,12,False,True,True,False,6,72,28,4.6,school_enrollment;visa,"Amit Kaur has been living in Australia for 12 years and supports their child at Queensland University of Technology. Originally from India, they offer a cross-cultural perspective. They speak English, Bengali. They can help with housing and accommodation, cultural adaptation and settling in, and are available for one-off or ongoing mentoring."
341,Brianna,Wilson,Professor,Macquarie University,Nursing,PhD,Australian Domestic,New Zealand,English,3,False,False,False,True,9,154,8,4.8,research;career;industry_transition;scholarships,"Brianna Wilson is a Professor in the Nursing department at Macquarie University. They have 3 years of experience in Australian higher education. Originally from New Zealand, they offer a cross-cultural perspective. They speak English. They can help with career guidance and employability, and are available for one-off or ongoing mentoring."
342,Hudson,Martin,Parent,Queensland University of Technology,Accounting,PhD,Australian Domestic,Australia,English,16,True,True,True,True,9,72,46,4.2,visa;housing;cultural_adjustment,"Hudson Martin has been living in Australia for 16 years and supports their child at Queensland University of Technology. Originally from Australia, they offer a cross-cultural perspective. They speak English. They can help with visa and immigration processes, housing and accommodation, cultural adaptation and settling in, career guidance and employability, and are available for one-off or ongoing mentoring."
343,Lucy,Anderson,Professor,University of Melbourne,Artificial Intelligence,PhD,European,Germany,English,5,False,True,True,False,5,106,46,4.0,academics;scholarships,"Lucy Anderson is a Professor in the Artificial Intelligence department at University of Melbourne. They have 5 years of experience in Australian higher education. Originally from Germany, they offer a cross-cultural perspective. They speak English. They can help with housing and accommodation, cultural adaptation and settling in, and are available for one-off or ongoing mentoring."
344,Sophie,Davis,Professor,University of Adelaide,Social Work,PhD,Australian Domestic,Australia,English;Mandarin,15,True,True,True,True,9,69,25,4.0,career;industry_transition;research;networking,"Sophie Davis is a Professor in the Social Work department at University of Adelaide. They have 15 years of experience in Australian higher education. Originally from Australia, they offer a cross-cultural perspective. They speak English, Mandarin. They can help with visa and immigration processes, housing and accommodation, cultural adaptation and settling in, career guidance and employability, and are available for one-off or ongoing mentoring."
345,Ana,Hernandez,Professor,RMIT University,Social Work,PostDoc,Latin American,Brazil,Spanish;English,4,False,False,True,True,8,62,1,4.8,industry_transition;research;academics,"Ana Hernandez is a Professor in the Social Work department at RMIT University. They have 4 years of experience in Australian higher education. Originally from Brazil, they offer a cross-cultural perspective. They speak Spanish, English. They can help with cultural adaptation and settling in, career guidance and employability, and are available for one-off or ongoing mentoring."
346,Ella,Robinson,Professor,RMIT University,Finance,PostDoc,Australian Domestic,Australia,English;Mandarin,1,False,False,False,True,6,185,25,4.7,career;networking;scholarships;research,"Ella Robinson is a Professor in the Finance department at RMIT University. They have 1 years of experience in Australian higher education. Originally from Australia, they offer a cross-cultural perspective. They speak English, Mandarin. They can help with career guidance and employability, and are available for one-off or ongoing mentoring."
347,Tariq,Saleh,Professor,University of Sydney,Public Health,PhD,Middle Eastern,Egypt,English;Arabic;Farsi,7,True,False,True,False,9,130,23,4.6,scholarships;networking;research;career,"Tariq Saleh is a Professor in the Public Health department at University of Sydney. They have 7 years of experience in Australian higher education. Originally from Egypt, they offer a cross-cultural perspective. They speak English, Arabic, Farsi. They can help with visa and immigration processes, cultural adaptation and settling in, and are available for one-off or ongoing mentoring."
348,Ekene,Gyang,Parent,Macquarie University,Civil Engineering,Master,African,Kenya,English;French,1,True,True,True,False,6,161,42,4.4,student_safety;cultural_adjustment;finances;school_enrollment,"Ekene Gyang has been living in Australia for 1 years and supports their child at Macquarie University. Originally from Kenya, they offer a cross-cultural perspective. They speak English, French. They can help with visa and immigration processes, housing and accommodation, cultural adaptation and settling in, and are available for one-off or ongoing mentoring."
349,Lei,Gao,Student,University of Newcastle,Accounting,Master,Chinese,Hong Kong,English;Mandarin;Cantonese,15,True,True,True,True,9,163,33,4.2,cultural_adjustment;housing;academics;career,"Lei Gao is a Master student in Accounting at University of Newcastle. They have been living in Australia for 15 years. Originally from Hong Kong, they offer a cross-cultural perspective. They speak English, Mandarin, Cantonese. They can help with visa and immigration processes, housing and accommodation, cultural adaptation and settling in, career guidance and employability, and are available for one-off or ongoing mentoring."
350,Aarti,Gupta,Student,Queensland University of Technology,Data Science,Bachelor,Indian,Sri Lanka,English;Hindi;Bengali,2,False,False,True,True,7,66,35,3.9,visa;career;scholarships,"Aarti Gupta is a Bachelor student in Data Science at Queensland University of Technology. They have been living in Australia for 2 years. Originally from Sri Lanka, they offer a cross-cultural perspective. They speak English, Hindi, Bengali. They can help with cultural adaptation and settling in, career guidance and employability, and are available for one-off or ongoing mentoring."
351,Jose,Torres,Student,University of Sydney,Artificial Intelligence,Master,Latin American,Venezuela,Spanish;English,4,True,True,True,False,1,30,5,3.8,cultural_adjustment;scholarships,"Jose Torres is a Master student in Artificial Intelligence at University of Sydney. They have been living in Australia for 4 years. Originally from Venezuela, they offer a cross-cultural perspective. They speak Spanish, English. They can help with visa and immigration processes, housing and accommodation, cultural adaptation and settling in, and are available for one-off or ongoing mentoring."
352,Michael,Taylor,Parent,University of Adelaide,Nursing,Bachelor,European,Spain,English;Dutch,13,True,True,True,False,8,177,37,3.8,finances;cultural_adjustment,"Michael Taylor has been living in Australia for 13 years and supports their child at University of Adelaide. Originally from Spain, they offer a cross-cultural perspective. They speak English, Dutch. They can help with visa and immigration processes, housing and accommodation, cultural adaptation and settling in, and are available for one-off or ongoing mentoring."
353,Luis,Martinez,Student,Monash University,Accounting,PhD,Latin American,Chile,Spanish;English,1,True,True,True,False,9,56,12,3.6,career;academics,"Luis Martinez is a PhD student in Accounting at Monash University. They have been living in Australia for 1 years. Originally from Chile, they offer a cross-cultural perspective. They speak Spanish, English. They can help with visa and immigration processes, housing and accommodation, cultural adaptation and settling in, and are available for one-off or ongoing mentoring."
354,Elena,Diaz,Student,Curtin University,Environmental Science,Master,Latin American,Venezuela,English;Spanish;Portuguese,7,False,True,True,True,9,169,16,3.6,visa;scholarships;career,"Elena Diaz is a Master student in Environmental Science at Curtin University. They have been living in Australia for 7 years. Originally from Venezuela, they offer a cross-cultural perspective. They speak English, Spanish, Portuguese. They can help with housing and accommodation, cultural adaptation and settling in, career guidance and employability, and are available for one-off or ongoing mentoring."
355,Deepak,Patel,Professor,University of Newcastle,Environmental Science,Master,Indian,Sri Lanka,English;Bengali,2,True,False,True,False,9,136,40,3.7,academics;networking;industry_transition,"Deepak Patel is a Professor in the Environmental Science department at University of Newcastle. They have 2 years of experience in Australian higher education. Originally from Sri Lanka, they offer a cross-cultural perspective. They speak English, Bengali. They can help with visa and immigration processes, cultural adaptation and settling in, and are available for one-off or ongoing mentoring."
356,Mia,White,Parent,University of Sydney,Marketing,Master,Australian Domestic,Australia,English,4,True,True,True,False,5,119,41,4.8,school_enrollment;cultural_adjustment;student_safety,"Mia White has been living in Australia for 4 years and supports their child at University of Sydney. Originally from Australia, they offer a cross-cultural perspective. They speak English. They can help with visa and immigration processes, housing and accommodation, cultural adaptation and settling in, and are available for one-off or ongoing mentoring."
357,Yanti,Ahmad,Professor,University of Western Australia,Chemical Engineering,PhD,Southeast Asian,Vietnam,English;Thai,11,False,False,False,True,10,21,2,4.7,industry_transition;networking;research;career,"Yanti Ahmad is a Professor in the Chemical Engineering department at University of Western Australia. They have 11 years of experience in Australian higher education. Originally from Vietnam, they offer a cross-cultural perspective. They speak English, Thai. They can help with career guidance and employability, and are available for one-off or ongoing mentoring."
358,Alice,Muller,Student,Queensland University of Technology,Mechanical Engineering,Master,European,Sweden,English,1,True,False,True,False,1,67,40,4.7,academics;cultural_adjustment,"Alice Muller is a Master student in Mechanical Engineering at Queensland University of Technology. They have been living in Australia for 1 years. Originally from Sweden, they offer a cross-cultural perspective. They speak English. They can help with visa and immigration processes, cultural adaptation and settling in, and are available for one-off or ongoing mentoring."
359,Shan,Sun,Parent,University of Adelaide,Architecture,Bachelor,Chinese,Hong Kong,Mandarin;English,12,True,True,True,False,2,108,14,4.3,visa;school_enrollment;finances,"Shan Sun has been living in Australia for 12 years and supports their child at University of Adelaide. Originally from Hong Kong, they offer a cross-cultural perspective. They speak Mandarin, English. They can help with visa and immigration processes, housing and accommodation, cultural adaptation and settling in, and are available for one-off or ongoing mentoring."
360,Jasmine,Bakr,Professor,University of Western Australia,Economics,Master,Middle Eastern,Turkey,English;Arabic;French,6,False,False,True,True,9,196,4,4.7,career;networking;academics;industry_transition,"Jasmine Bakr is a Professor in the Economics department at University of Western Australia. They have 6 years of experience in Australian higher education. Originally from Turkey, they offer a cross-cultural perspective. They speak English, Arabic, French. They can help with cultural adaptation and settling in, career guidance and employability, and are available for one-off or ongoing mentoring."
361,Lakshmi,Bhat,Student,University of Western Australia,Economics,Bachelor,Indian,India,English;Tamil,8,True,False,True,False,8,32,6,3.6,academics;cultural_adjustment;scholarships,"Lakshmi Bhat is a Bachelor student in Economics at University of Western Australia. They have been living in Australia for 8 years. Originally from India, they offer a cross-cultural perspective. They speak English, Tamil. They can help with visa and immigration processes, cultural adaptation and settling in, and are available for one-off or ongoing mentoring."
362,Huong,Sari,Student,University of Queensland,Nursing,PhD,Southeast Asian,Myanmar,English;Malay,12,True,True,False,True,8,29,5,3.5,cultural_adjustment;career,"Huong Sari is a PhD student in Nursing at University of Queensland. They have been living in Australia for 12 years. Originally from Myanmar, they offer a cross-cultural perspective. They speak English, Malay. They can help with visa and immigration processes, housing and accommodation, career guidance and employability, and are available for one-off or ongoing mentoring."
363,Faisal,Yilmaz,Parent,Australian National University,Medicine,Bachelor,Middle Eastern,Jordan,Arabic;English,12,False,True,True,False,4,162,30,3.9,cultural_adjustment;housing,"Faisal Yilmaz has been living in Australia for 12 years and supports their child at Australian National University. Originally from Jordan, they offer a cross-cultural perspective. They speak Arabic, English. They can help with housing and accommodation, cultural adaptation and settling in, and are available for one-off or ongoing mentoring."
364,Cooper,Jackson,Professor,Australian National University,Social Work,PhD,Australian Domestic,New Zealand,English;Hindi,3,True,False,True,True,4,168,31,4.6,academics;career,"Cooper Jackson is a Professor in the Social Work department at Australian National University. They have 3 years of experience in Australian higher education. Originally from New Zealand, they offer a cross-cultural perspective. They speak English, Hindi. They can help with visa and immigration processes, cultural adaptation and settling in, career guidance and employability, and are available for one-off or ongoing mentoring."
365,Georgia,Williams,Parent,University of Newcastle,Architecture,Master,Australian Domestic,New Zealand,English,20,True,True,True,False,3,57,4,4.5,finances;housing;cultural_adjustment,"Georgia Williams has been living in Australia for 20 years and supports their child at University of Newcastle. Originally from New Zealand, they offer a cross-cultural perspective. They speak English. They can help with visa and immigration processes, housing and accommodation, cultural adaptation and settling in, and are available for one-off or ongoing mentoring."
366,Angus,Robinson,Parent,University of New South Wales,Information Systems,Bachelor,Australian Domestic,Australia,English;Mandarin,8,False,True,True,False,10,174,2,4.2,school_enrollment;student_safety;visa;housing,"Angus Robinson has been living in Australia for 8 years and supports their child at University of New South Wales. Originally from Australia, they offer a cross-cultural perspective. They speak English, Mandarin. They can help with housing and accommodation, cultural adaptation and settling in, and are available for one-off or ongoing mentoring."
367,Michael,Jensen,Student,University of Adelaide,Cybersecurity,Bachelor,European,United Kingdom,English;French,17,True,False,True,False,7,63,21,4.2,scholarships;career,"Michael Jensen is a Bachelor student in Cybersecurity at University of Adelaide. They have been living in Australia for 17 years. Originally from United Kingdom, they offer a cross-cultural perspective. They speak English, French. They can help with visa and immigration processes, cultural adaptation and settling in, and are available for one-off or ongoing mentoring."
368,Laura,Taylor,Professor,University of Western Australia,Psychology,PostDoc,European,Spain,English;Spanish,4,False,True,True,True,8,190,19,3.9,scholarships;career;industry_transition;research,"Laura Taylor is a Professor in the Psychology department at University of Western Australia. They have 4 years of experience in Australian higher education. Originally from Spain, they offer a cross-cultural perspective. They speak English, Spanish. They can help with housing and accommodation, cultural adaptation and settling in, career guidance and employability, and are available for one-off or ongoing mentoring."
369,Pooja,Joshi,Student,Deakin University,Chemical Engineering,Bachelor,Indian,Sri Lanka,English;Bengali,1,True,False,True,False,2,107,44,3.8,career;academics;housing;visa,"Pooja Joshi is a Bachelor student in Chemical Engineering at Deakin University. They have been living in Australia for 1 years. Originally from Sri Lanka, they offer a cross-cultural perspective. They speak English, Bengali. They can help with visa and immigration processes, cultural adaptation and settling in, and are available for one-off or ongoing mentoring."
370,Budi,Setiawan,Professor,Curtin University,Mechanical Engineering,PhD,Southeast Asian,Philippines,English;Malay,11,True,True,False,True,8,100,26,3.8,career;academics,"Budi Setiawan is a Professor in the Mechanical Engineering department at Curtin University. They have 11 years of experience in Australian higher education. Originally from Philippines, they offer a cross-cultural perspective. They speak English, Malay. They can help with visa and immigration processes, housing and accommodation, career guidance and employability, and are available for one-off or ongoing mentoring."
371,Kavya,Agarwal,Parent,Curtin University,Information Systems,Bachelor,Indian,Sri Lanka,English;Hindi;Tamil,10,True,True,True,False,2,105,38,3.8,cultural_adjustment;visa;finances,"Kavya Agarwal has been living in Australia for 10 years and supports their child at Curtin University. Originally from Sri Lanka, they offer a cross-cultural perspective. They speak English, Hindi, Tamil. They can help with visa and immigration processes, housing and accommodation, cultural adaptation and settling in, and are available for one-off or ongoing mentoring."
372,Aisha,Yilmaz,Professor,Curtin University,Law,PhD,Middle Eastern,Egypt,English;Arabic;French,1,False,False,True,True,8,66,44,4.0,academics;scholarships;networking;research,"Aisha Yilmaz is a Professor in the Law department at Curtin University. They have 1 years of experience in Australian higher education. Originally from Egypt, they offer a cross-cultural perspective. They speak English, Arabic, French. They can help with cultural adaptation and settling in, career guidance and employability, and are available for one-off or ongoing mentoring."
373,Ibrahim,Saleh,Student,University of Adelaide,Cybersecurity,Master,Middle Eastern,Lebanon,English;Arabic,6,True,True,True,True,6,155,19,4.3,visa;housing;career;academics,"Ibrahim Saleh is a Master student in Cybersecurity at University of Adelaide. They have been living in Australia for 6 years. Originally from Lebanon, they offer a cross-cultural perspective. They speak English, Arabic. They can help with visa and immigration processes, housing and accommodation, cultural adaptation and settling in, career guidance and employability, and are available for one-off or ongoing mentoring."
374,Jide,Okafor,Student,Australian National University,Accounting,Bachelor,African,Ghana,English;Swahili,8,True,True,True,True,7,27,17,3.6,career;academics;scholarships;housing,"Jide Okafor is a Bachelor student in Accounting at Australian National University. They have been living in Australia for 8 years. Originally from Ghana, they offer a cross-cultural perspective. They speak English, Swahili. They can help with visa and immigration processes, housing and accommodation, cultural adaptation and settling in, career guidance and employability, and are available for one-off or ongoing mentoring."
375,Andres,Lopez,Student,University of Melbourne,Pharmacy,Bachelor,Latin American,Chile,Spanish;English,11,True,True,False,False,2,34,30,4.2,cultural_adjustment;scholarships,"Andres Lopez is a Bachelor student in Pharmacy at University of Melbourne. They have been living in Australia for 11 years. Originally from Chile, they offer a cross-cultural perspective. They speak Spanish, English. They can help with visa and immigration processes, housing and accommodation, and are available for one-off or ongoing mentoring."
376,Hayden,Robinson,Professor,Monash University,Artificial Intelligence,PostDoc,Australian Domestic,Australia,English,15,True,True,False,True,9,0,43,3.8,networking;research;industry_transition;career,"Hayden Robinson is a Professor in the Artificial Intelligence department at Monash University. They have 15 years of experience in Australian higher education. Originally from Australia, they offer a cross-cultural perspective. They speak English. They can help with visa and immigration processes, housing and accommodation, career guidance and employability, and are available for one-off or ongoing mentoring."
377,Cuong,Pratama,Professor,Queensland University of Technology,Law,PhD,Southeast Asian,Indonesia,English;Indonesian,2,True,False,True,True,3,106,41,4.0,research;networking;academics,"Cuong Pratama is a Professor in the Law department at Queensland University of Technology. They have 2 years of experience in Australian higher education. Originally from Indonesia, they offer a cross-cultural perspective. They speak English, Indonesian. They can help with visa and immigration processes, cultural adaptation and settling in, career guidance and employability, and are available for one-off or ongoing mentoring."
378,Kavya,Verma,Student,University of Technology Sydney,Nursing,Bachelor,Indian,India,English;Hindi,18,True,True,True,False,9,196,36,4.3,scholarships;visa,"Kavya Verma is a Bachelor student in Nursing at University of Technology Sydney. They have been living in Australia for 18 years. Originally from India, they offer a cross-cultural perspective. They speak English, Hindi. They can help with visa and immigration processes, housing and accommodation, cultural adaptation and settling in, and are available for one-off or ongoing mentoring."
379,Olivia,Brown,Parent,RMIT University,Cybersecurity,PostDoc,Australian Domestic,New Zealand,English,6,True,True,True,True,4,2,30,3.6,visa;finances;housing;school_enrollment,"Olivia Brown has been living in Australia for 6 years and supports their child at RMIT University. Originally from New Zealand, they offer a cross-cultural perspective. They speak English. They can help with visa and immigration processes, housing and accommodation, cultural adaptation and settling in, career guidance and employability, and are available for one-off or ongoing mentoring."
380,Karan,Kumar,Parent,University of Queensland,Architecture,Bachelor,Indian,Sri Lanka,English;Tamil,3,False,False,True,True,3,116,47,3.7,housing;student_safety;cultural_adjustment;visa,"Karan Kumar has been living in Australia for 3 years and supports their child at University of Queensland. Originally from Sri Lanka, they offer a cross-cultural perspective. They speak English, Tamil. They can help with cultural adaptation and settling in, career guidance and employability, and are available for one-off or ongoing mentoring."
381,Hamid,Saleh,Student,RMIT University,Psychology,Master,Middle Eastern,UAE,English;Arabic;French,7,True,False,True,False,5,157,21,4.0,academics;career,"Hamid Saleh is a Master student in Psychology at RMIT University. They have been living in Australia for 7 years. Originally from UAE, they offer a cross-cultural perspective. They speak English, Arabic, French. They can help with visa and immigration processes, cultural adaptation and settling in, and are available for one-off or ongoing mentoring."
382,Tanvi,Malhotra,Student,RMIT University,Economics,Bachelor,Indian,India,English;Hindi;Tamil,17,True,True,True,False,10,24,28,3.6,academics;housing;career;cultural_adjustment,"Tanvi Malhotra is a Bachelor student in Economics at RMIT University. They have been living in Australia for 17 years. Originally from India, they offer a cross-cultural perspective. They speak English, Hindi, Tamil. They can help with visa and immigration processes, housing and accommodation, cultural adaptation and settling in, and are available for one-off or ongoing mentoring."
383,Ruby,Hall,Parent,Macquarie University,Computer Science,Bachelor,Australian Domestic,Australia,English,20,True,True,True,False,3,166,3,3.8,student_safety;school_enrollment;visa;housing,"Ruby Hall has been living in Australia for 20 years and supports their child at Macquarie University. Originally from Australia, they offer a cross-cultural perspective. They speak English. They can help with visa and immigration processes, housing and accommodation, cultural adaptation and settling in, and are available for one-off or ongoing mentoring."
384,Ting,Han,Parent,Queensland University of Technology,Medicine,Master,Chinese,China,English;Mandarin,17,True,True,True,False,5,150,17,3.6,student_safety;housing,"Ting Han has been living in Australia for 17 years and supports their child at Queensland University of Technology. Originally from China, they offer a cross-cultural perspective. They speak English, Mandarin. They can help with visa and immigration processes, housing and accommodation, cultural adaptation and settling in, and are available for one-off or ongoing mentoring."
385,Anna,Hansen,Parent,Monash University,Artificial Intelligence,PostDoc,European,Sweden,English;Italian,6,False,True,True,False,6,116,2,3.6,cultural_adjustment;housing;school_enrollment,"Anna Hansen has been living in Australia for 6 years and supports their child at Monash University. Originally from Sweden, they offer a cross-cultural perspective. They speak English, Italian. They can help with housing and accommodation, cultural adaptation and settling in, and are available for one-off or ongoing mentoring."
386,Fei,He,Parent,Curtin University,Information Systems,PhD,Chinese,China,English;Mandarin;Cantonese,14,True,True,True,False,10,186,1,3.5,school_enrollment;student_safety;visa,"Fei He has been living in Australia for 14 years and supports their child at Curtin University. Originally from China, they offer a cross-cultural perspective. They speak English, Mandarin, Cantonese. They can help with visa and immigration processes, housing and accommodation, cultural adaptation and settling in, and are available for one-off or ongoing mentoring."
387,Cesar,Hernandez,Student,University of New South Wales,Psychology,Master,Latin American,Colombia,English;Spanish;Portuguese,16,True,True,False,True,10,177,3,4.1,cultural_adjustment;visa;housing;scholarships,"Cesar Hernandez is a Master student in Psychology at University of New South Wales. They have been living in Australia for 16 years. Originally from Colombia, they offer a cross-cultural perspective. They speak English, Spanish, Portuguese. They can help with visa and immigration processes, housing and accommodation, career guidance and employability, and are available for one-off or ongoing mentoring."
388,Gloria,Jimenez,Student,University of Technology Sydney,Information Systems,Bachelor,Latin American,Colombia,Spanish;English,10,True,True,True,True,1,175,35,3.8,visa;career;academics,"Gloria Jimenez is a Bachelor student in Information Systems at University of Technology Sydney. They have been living in Australia for 10 years. Originally from Colombia, they offer a cross-cultural perspective. They speak Spanish, English. They can help with visa and immigration processes, housing and accommodation, cultural adaptation and settling in, career guidance and employability, and are available for one-off or ongoing mentoring."
389,Jake,White,Professor,University of New South Wales,Pharmacy,PhD,Australian Domestic,New Zealand,English,17,True,True,False,True,3,40,13,3.5,scholarships;career;industry_transition;academics,"Jake White is a Professor in the Pharmacy department at University of New South Wales. They have 17 years of experience in Australian higher education. Originally from New Zealand, they offer a cross-cultural perspective. They speak English. They can help with visa and immigration processes, housing and accommodation, career guidance and employability, and are available for one-off or ongoing mentoring."
390,Jide,Fadahunsi,Parent,University of New South Wales,Environmental Science,Bachelor,African,Ethiopia,English;Arabic,12,True,True,True,False,6,98,35,4.0,finances;school_enrollment;cultural_adjustment;student_safety,"Jide Fadahunsi has been living in Australia for 12 years and supports their child at University of New South Wales. Originally from Ethiopia, they offer a cross-cultural perspective. They speak English, Arabic. They can help with visa and immigration processes, housing and accommodation, cultural adaptation and settling in, and are available for one-off or ongoing mentoring."
391,Wati,Susanto,Student,University of Newcastle,Marketing,Bachelor,Southeast Asian,Malaysia,English;Vietnamese,2,True,True,True,False,6,63,16,3.9,career;housing;visa;scholarships,"Wati Susanto is a Bachelor student in Marketing at University of Newcastle. They have been living in Australia for 2 years. Originally from Malaysia, they offer a cross-cultural perspective. They speak English, Vietnamese. They can help with visa and immigration processes, housing and accommodation, cultural adaptation and settling in, and are available for one-off or ongoing mentoring."
392,Aarav,Reddy,Student,University of Melbourne,Medicine,Master,Indian,Sri Lanka,English;Tamil,12,True,False,True,False,8,10,28,4.4,scholarships;academics;career,"Aarav Reddy is a Master student in Medicine at University of Melbourne. They have been living in Australia for 12 years. Originally from Sri Lanka, they offer a cross-cultural perspective. They speak English, Tamil. They can help with visa and immigration processes, cultural adaptation and settling in, and are available for one-off or ongoing mentoring."
393,Hayden,Martin,Student,University of Melbourne,Pharmacy,Bachelor,Australian Domestic,Australia,English;Hindi,20,True,True,True,False,2,170,13,3.9,visa;housing;academics;career,"Hayden Martin is a Bachelor student in Pharmacy at University of Melbourne. They have been living in Australia for 20 years. Originally from Australia, they offer a cross-cultural perspective. They speak English, Hindi. They can help with visa and immigration processes, housing and accommodation, cultural adaptation and settling in, and are available for one-off or ongoing mentoring."
394,Yasmine,Al-Rashid,Professor,University of New South Wales,Medicine,PhD,Middle Eastern,Iran,English;Arabic;French,15,False,True,False,True,1,67,35,4.4,networking;industry_transition,"Yasmine Al-Rashid is a Professor in the Medicine department at University of New South Wales. They have 15 years of experience in Australian higher education. Originally from Iran, they offer a cross-cultural perspective. They speak English, Arabic, French. They can help with housing and accommodation, career guidance and employability, and are available for one-off or ongoing mentoring."
395,Rohan,Joshi,Professor,University of Adelaide,Accounting,PhD,Indian,India,English;Tamil,16,True,False,False,True,8,99,45,4.9,networking;research;scholarships;academics,"Rohan Joshi is a Professor in the Accounting department at University of Adelaide. They have 16 years of experience in Australian higher education. Originally from India, they offer a cross-cultural perspective. They speak English, Tamil. They can help with visa and immigration processes, career guidance and employability, and are available for one-off or ongoing mentoring."
396,Budi,Pratama,Parent,RMIT University,Psychology,PostDoc,Southeast Asian,Myanmar,English;Indonesian,17,True,True,True,False,7,162,21,3.7,school_enrollment;finances,"Budi Pratama has been living in Australia for 17 years and supports their child at RMIT University. Originally from Myanmar, they offer a cross-cultural perspective. They speak English, Indonesian. They can help with visa and immigration processes, housing and accommodation, cultural adaptation and settling in, and are available for one-off or ongoing mentoring."
397,Suresh,Singh,Student,University of Sydney,Business Analytics,PostDoc,Indian,India,English;Hindi,12,True,False,True,True,9,192,20,4.9,housing;career;cultural_adjustment;visa,"Suresh Singh is a PostDoc student in Business Analytics at University of Sydney. They have been living in Australia for 12 years. Originally from India, they offer a cross-cultural perspective. They speak English, Hindi. They can help with visa and immigration processes, cultural adaptation and settling in, career guidance and employability, and are available for one-off or ongoing mentoring."
398,Jun,Yang,Parent,Curtin University,Nursing,Master,Chinese,China,English;Mandarin,2,True,True,True,True,9,177,45,3.9,cultural_adjustment;visa;housing;school_enrollment,"Jun Yang has been living in Australia for 2 years and supports their child at Curtin University. Originally from China, they offer a cross-cultural perspective. They speak English, Mandarin. They can help with visa and immigration processes, housing and accommodation, cultural adaptation and settling in, career guidance and employability, and are available for one-off or ongoing mentoring."
399,Hayden,Wilson,Student,University of Melbourne,Architecture,Master,Australian Domestic,Australia,English,6,True,True,True,False,7,45,45,4.2,housing;academics,"Hayden Wilson is a Master student in Architecture at University of Melbourne. They have been living in Australia for 6 years. Originally from Australia, they offer a cross-cultural perspective. They speak English. They can help with visa and immigration processes, housing and accommodation, cultural adaptation and settling in, and are available for one-off or ongoing mentoring."
400,Siti,Do,Parent,University of Newcastle,Business Analytics,Master,Southeast Asian,Myanmar,English;Vietnamese,5,True,True,True,False,3,134,48,3.6,visa;finances;student_safety,"Siti Do has been living in Australia for 5 years and supports their child at University of Newcastle. Originally from Myanmar, they offer a cross-cultural perspective. They speak English, Vietnamese. They can help with visa and immigration processes, housing and accommodation, cultural adaptation and settling in, and are available for one-off or ongoing mentoring."
401,Wei,Ma,Student,University of Queensland,Artificial Intelligence,Bachelor,Chinese,China,English;Mandarin;Cantonese,13,False,True,True,True,2,181,26,4.5,career;cultural_adjustment;academics;scholarships,"Wei Ma is a Bachelor student in Artificial Intelligence at University of Queensland. They have been living in Australia for 13 years. Originally from China, they offer a cross-cultural perspective. They speak English, Mandarin, Cantonese. They can help with housing and accommodation, cultural adaptation and settling in, career guidance and employability, and are available for one-off or ongoing mentoring."
402,Lachlan,Thompson,Parent,Queensland University of Technology,Architecture,PhD,Australian Domestic,Australia,English,16,True,True,True,False,1,67,47,4.6,cultural_adjustment;student_safety;school_enrollment;visa,"Lachlan Thompson has been living in Australia for 16 years and supports their child at Queensland University of Technology. Originally from Australia, they offer a cross-cultural perspective. They speak English. They can help with visa and immigration processes, housing and accommodation, cultural adaptation and settling in, and are available for one-off or ongoing mentoring."
403,Noah,Jackson,Parent,Monash University,Business Analytics,PhD,Australian Domestic,Australia,English;Hindi,2,False,False,False,False,4,11,26,4.8,housing;student_safety,"Noah Jackson has been living in Australia for 2 years and supports their child at Monash University. Originally from Australia, they offer a cross-cultural perspective. They speak English, Hindi. They can help with general orientation and university life, and are available for one-off or ongoing mentoring."
404,Akosua,Kanu,Parent,University of Western Australia,Business Analytics,Master,African,Tanzania,English;French,7,True,True,True,False,9,170,15,3.8,cultural_adjustment;finances;housing,"Akosua Kanu has been living in Australia for 7 years and supports their child at University of Western Australia. Originally from Tanzania, they offer a cross-cultural perspective. They speak English, French. They can help with visa and immigration processes, housing and accommodation, cultural adaptation and settling in, and are available for one-off or ongoing mentoring."
405,Mia,Brown,Professor,Deakin University,Cybersecurity,PhD,Australian Domestic,Australia,English;Mandarin,20,False,True,True,True,9,10,3,4.8,career;scholarships;research;academics,"Mia Brown is a Professor in the Cybersecurity department at Deakin University. They have 20 years of experience in Australian higher education. Originally from Australia, they offer a cross-cultural perspective. They speak English, Mandarin. They can help with housing and accommodation, cultural adaptation and settling in, career guidance and employability, and are available for one-off or ongoing mentoring."
406,Emily,Evans,Parent,University of Adelaide,Artificial Intelligence,Master,Australian Domestic,Australia,English;Hindi,1,True,True,False,True,8,80,1,4.0,finances;cultural_adjustment;student_safety;school_enrollment,"Emily Evans has been living in Australia for 1 years and supports their child at University of Adelaide. Originally from Australia, they offer a cross-cultural perspective. They speak English, Hindi. They can help with visa and immigration processes, housing and accommodation, career guidance and employability, and are available for one-off or ongoing mentoring."
407,Aisha,Darwish,Parent,Deakin University,Electrical Engineering,Master,Middle Eastern,Lebanon,Arabic;English,6,True,True,True,True,1,102,16,4.5,visa;school_enrollment;finances;cultural_adjustment,"Aisha Darwish has been living in Australia for 6 years and supports their child at Deakin University. Originally from Lebanon, they offer a cross-cultural perspective. They speak Arabic, English. They can help with visa and immigration processes, housing and accommodation, cultural adaptation and settling in, career guidance and employability, and are available for one-off or ongoing mentoring."
408,Luis,Aguilar,Student,University of Newcastle,Electrical Engineering,Bachelor,Latin American,Venezuela,English;Spanish,10,False,True,True,False,9,101,7,3.7,visa;scholarships,"Luis Aguilar is a Bachelor student in Electrical Engineering at University of Newcastle. They have been living in Australia for 10 years. Originally from Venezuela, they offer a cross-cultural perspective. They speak English, Spanish. They can help with housing and accommodation, cultural adaptation and settling in, and are available for one-off or ongoing mentoring."
409,Cooper,Brown,Student,University of Newcastle,Pharmacy,Bachelor,Australian Domestic,Australia,English;Hindi,10,True,True,True,True,4,5,10,3.8,scholarships;academics,"Cooper Brown is a Bachelor student in Pharmacy at University of Newcastle. They have been living in Australia for 10 years. Originally from Australia, they offer a cross-cultural perspective. They speak English, Hindi. They can help with visa and immigration processes, housing and accommodation, cultural adaptation and settling in, career guidance and employability, and are available for one-off or ongoing mentoring."
410,Hannah,Green,Parent,University of Western Australia,Public Health,Bachelor,European,France,English;Dutch,6,True,True,True,False,8,145,7,4.6,cultural_adjustment;housing,"Hannah Green has been living in Australia for 6 years and supports their child at University of Western Australia. Originally from France, they offer a cross-cultural perspective. They speak English, Dutch. They can help with visa and immigration processes, housing and accommodation, cultural adaptation and settling in, and are available for one-off or ongoing mentoring."
411,Babatunde,Fadahunsi,Professor,Monash University,Nursing,PhD,African,Nigeria,English;Swahili,17,True,False,False,True,9,192,39,4.8,networking;career;research,"Babatunde Fadahunsi is a Professor in the Nursing department at Monash University. They have 17 years of experience in Australian higher education. Originally from Nigeria, they offer a cross-cultural perspective. They speak English, Swahili. They can help with visa and immigration processes, career guidance and employability, and are available for one-off or ongoing mentoring."
412,Aiden,Hill,Student,University of Sydney,Data Science,Master,Australian Domestic,Australia,English,8,False,True,True,True,4,31,47,5.0,cultural_adjustment;visa;scholarships,"Aiden Hill is a Master student in Data Science at University of Sydney. They have been living in Australia for 8 years. Originally from Australia, they offer a cross-cultural perspective. They speak English. They can help with housing and accommodation, cultural adaptation and settling in, career guidance and employability, and are available for one-off or ongoing mentoring."
413,Hana,Mansour,Parent,University of Western Australia,Psychology,Bachelor,Middle Eastern,Saudi Arabia,English;Arabic;French,15,False,True,True,True,5,49,33,3.7,finances;housing;student_safety,"Hana Mansour has been living in Australia for 15 years and supports their child at University of Western Australia. Originally from Saudi Arabia, they offer a cross-cultural perspective. They speak English, Arabic, French. They can help with housing and accommodation, cultural adaptation and settling in, career guidance and employability, and are available for one-off or ongoing mentoring."
414,John,Green,Parent,Deakin University,Chemical Engineering,PhD,European,Italy,English;German,17,False,True,True,True,10,7,25,3.7,visa;student_safety;cultural_adjustment;school_enrollment,"John Green has been living in Australia for 17 years and supports their child at Deakin University. Originally from Italy, they offer a cross-cultural perspective. They speak English, German. They can help with housing and accommodation, cultural adaptation and settling in, career guidance and employability, and are available for one-off or ongoing mentoring."
415,Tom,Anderson,Student,RMIT University,Finance,Bachelor,European,France,English;German,9,False,True,True,False,10,56,37,4.6,scholarships;housing;academics;visa,"Tom Anderson is a Bachelor student in Finance at RMIT University. They have been living in Australia for 9 years. Originally from France, they offer a cross-cultural perspective. They speak English, German. They can help with housing and accommodation, cultural adaptation and settling in, and are available for one-off or ongoing mentoring."
416,Daniel,Evans,Professor,University of Technology Sydney,Biotechnology,Master,European,Italy,English;German,11,False,False,False,True,4,183,34,4.2,networking;career;academics;industry_transition,"Daniel Evans is a Professor in the Biotechnology department at University of Technology Sydney. They have 11 years of experience in Australian higher education. Originally from Italy, they offer a cross-cultural perspective. They speak English, German. They can help with career guidance and employability, and are available for one-off or ongoing mentoring."
417,Bui,Widodo,Parent,University of Sydney,Pharmacy,Master,Southeast Asian,Myanmar,English;Indonesian,18,True,True,True,False,3,88,31,3.7,school_enrollment;housing,"Bui Widodo has been living in Australia for 18 years and supports their child at University of Sydney. Originally from Myanmar, they offer a cross-cultural perspective. They speak English, Indonesian. They can help with visa and immigration processes, housing and accommodation, cultural adaptation and settling in, and are available for one-off or ongoing mentoring."
418,Nneka,Diallo,Student,University of Melbourne,Cybersecurity,Bachelor,African,Ethiopia,English;Swahili,17,False,True,True,True,6,43,48,4.4,career;visa;housing,"Nneka Diallo is a Bachelor student in Cybersecurity at University of Melbourne. They have been living in Australia for 17 years. Originally from Ethiopia, they offer a cross-cultural perspective. They speak English, Swahili. They can help with housing and accommodation, cultural adaptation and settling in, career guidance and employability, and are available for one-off or ongoing mentoring."
419,Xiu,Chen,Parent,University of New South Wales,Accounting,PhD,Chinese,Hong Kong,Mandarin;English,1,True,True,True,False,5,160,7,4.7,school_enrollment;visa;cultural_adjustment;housing,"Xiu Chen has been living in Australia for 1 years and supports their child at University of New South Wales. Originally from Hong Kong, they offer a cross-cultural perspective. They speak Mandarin, English. They can help with visa and immigration processes, housing and accommodation, cultural adaptation and settling in, and are available for one-off or ongoing mentoring."
420,Emma,Dahl,Professor,University of Melbourne,Education,PhD,European,France,English;Dutch,17,True,False,True,True,1,189,21,4.4,scholarships;academics;research,"Emma Dahl is a Professor in the Education department at University of Melbourne. They have 17 years of experience in Australian higher education. Originally from France, they offer a cross-cultural perspective. They speak English, Dutch. They can help with visa and immigration processes, cultural adaptation and settling in, career guidance and employability, and are available for one-off or ongoing mentoring."
421,Julia,Anderson,Student,Monash University,Social Work,Bachelor,European,Spain,English;Dutch,5,True,True,False,False,3,104,41,3.6,housing;academics,"Julia Anderson is a Bachelor student in Social Work at Monash University. They have been living in Australia for 5 years. Originally from Spain, they offer a cross-cultural perspective. They speak English, Dutch. They can help with visa and immigration processes, housing and accommodation, and are available for one-off or ongoing mentoring."
422,Varun,Nair,Professor,University of New South Wales,Mechanical Engineering,PostDoc,Indian,India,English;Hindi,20,True,False,False,True,1,158,48,4.0,academics;research;networking;scholarships,"Varun Nair is a Professor in the Mechanical Engineering department at University of New South Wales. They have 20 years of experience in Australian higher education. Originally from India, they offer a cross-cultural perspective. They speak English, Hindi. They can help with visa and immigration processes, career guidance and employability, and are available for one-off or ongoing mentoring."
423,Yemi,Eze,Student,University of Melbourne,Cybersecurity,Bachelor,African,Ghana,English;Arabic,15,True,False,True,True,7,160,15,3.6,scholarships;academics;cultural_adjustment;housing,"Yemi Eze is a Bachelor student in Cybersecurity at University of Melbourne. They have been living in Australia for 15 years. Originally from Ghana, they offer a cross-cultural perspective. They speak English, Arabic. They can help with visa and immigration processes, cultural adaptation and settling in, career guidance and employability, and are available for one-off or ongoing mentoring."
424,David,Garcia,Parent,University of Western Australia,Psychology,Master,European,Germany,English;French,12,True,True,False,True,9,123,20,4.6,visa;school_enrollment;cultural_adjustment;housing,"David Garcia has been living in Australia for 12 years and supports their child at University of Western Australia. Originally from Germany, they offer a cross-cultural perspective. They speak English, French. They can help with visa and immigration processes, housing and accommodation, career guidance and employability, and are available for one-off or ongoing mentoring."
425,Mohamed,Qureshi,Parent,RMIT University,Information Systems,Bachelor,Middle Eastern,Jordan,English;Arabic;Farsi,19,True,True,True,True,7,74,4,4.8,housing;visa,"Mohamed Qureshi has been living in Australia for 19 years and supports their child at RMIT University. Originally from Jordan, they offer a cross-cultural perspective. They speak English, Arabic, Farsi. They can help with visa and immigration processes, housing and accommodation, cultural adaptation and settling in, career guidance and employability, and are available for one-off or ongoing mentoring."
426,Jorge,Lopez,Professor,RMIT University,Artificial Intelligence,PostDoc,Latin American,Peru,English;Spanish;Portuguese,1,True,True,True,True,6,9,25,4.1,scholarships;career;academics,"Jorge Lopez is a Professor in the Artificial Intelligence department at RMIT University. They have 1 years of experience in Australian higher education. Originally from Peru, they offer a cross-cultural perspective. They speak English, Spanish, Portuguese. They can help with visa and immigration processes, housing and accommodation, cultural adaptation and settling in, career guidance and employability, and are available for one-off or ongoing mentoring."
427,Anna,Williams,Professor,University of Sydney,Law,PhD,European,Italy,English,12,True,False,False,True,3,16,22,4.7,scholarships;academics;networking;research,"Anna Williams is a Professor in the Law department at University of Sydney. They have 12 years of experience in Australian higher education. Originally from Italy, they offer a cross-cultural perspective. They speak English. They can help with visa and immigration processes, career guidance and employability, and are available for one-off or ongoing mentoring."
428,Wati,Setiawan,Student,University of Queensland,Medicine,Bachelor,Southeast Asian,Philippines,English;Indonesian,20,True,True,True,False,7,83,1,4.4,cultural_adjustment;visa;housing;career,"Wati Setiawan is a Bachelor student in Medicine at University of Queensland. They have been living in Australia for 20 years. Originally from Philippines, they offer a cross-cultural perspective. They speak English, Indonesian. They can help with visa and immigration processes, housing and accommodation, cultural adaptation and settling in, and are available for one-off or ongoing mentoring."
429,Dewi,Le,Parent,University of Sydney,Finance,Bachelor,Southeast Asian,Philippines,English;Thai,5,True,True,True,False,3,76,2,4.3,school_enrollment;visa;finances,"Dewi Le has been living in Australia for 5 years and supports their child at University of Sydney. Originally from Philippines, they offer a cross-cultural perspective. They speak English, Thai. They can help with visa and immigration processes, housing and accommodation, cultural adaptation and settling in, and are available for one-off or ongoing mentoring."
430,Luis,Flores,Professor,Australian National University,Data Science,Master,Latin American,Venezuela,English;Spanish,19,False,False,True,True,10,25,46,4.8,academics;networking,"Luis Flores is a Professor in the Data Science department at Australian National University. They have 19 years of experience in Australian higher education. Originally from Venezuela, they offer a cross-cultural perspective. They speak English, Spanish. They can help with cultural adaptation and settling in, career guidance and employability, and are available for one-off or ongoing mentoring."
431,Mei,Liu,Professor,University of Melbourne,Electrical Engineering,Master,Chinese,China,English;Mandarin;Cantonese,6,True,True,False,True,6,181,38,4.8,networking;research;career,"Mei Liu is a Professor in the Electrical Engineering department at University of Melbourne. They have 6 years of experience in Australian higher education. Originally from China, they offer a cross-cultural perspective. They speak English, Mandarin, Cantonese. They can help with visa and immigration processes, housing and accommodation, career guidance and employability, and are available for one-off or ongoing mentoring."
432,Jian,Lin,Parent,University of Sydney,Nursing,Bachelor,Chinese,China,English;Mandarin,16,True,False,True,False,7,111,18,4.3,visa;cultural_adjustment,"Jian Lin has been living in Australia for 16 years and supports their child at University of Sydney. Originally from China, they offer a cross-cultural perspective. They speak English, Mandarin. They can help with visa and immigration processes, cultural adaptation and settling in, and are available for one-off or ongoing mentoring."
433,Ethan,White,Parent,University of Technology Sydney,Mechanical Engineering,Bachelor,Australian Domestic,New Zealand,English,16,True,True,True,False,8,129,5,3.5,student_safety;housing,"Ethan White has been living in Australia for 16 years and supports their child at University of Technology Sydney. Originally from New Zealand, they offer a cross-cultural perspective. They speak English. They can help with visa and immigration processes, housing and accommodation, cultural adaptation and settling in, and are available for one-off or ongoing mentoring."
434,Luis,Castillo,Student,University of Sydney,Computer Science,Master,Latin American,Venezuela,Spanish;English,7,False,True,True,False,1,143,12,4.5,cultural_adjustment;academics;scholarships,"Luis Castillo is a Master student in Computer Science at University of Sydney. They have been living in Australia for 7 years. Originally from Venezuela, they offer a cross-cultural perspective. They speak Spanish, English. They can help with housing and accommodation, cultural adaptation and settling in, and are available for one-off or ongoing mentoring."
435,Sarah,Anderson,Professor,University of Sydney,Chemical Engineering,Master,European,France,English;German,13,False,False,True,True,7,150,28,4.7,academics;networking,"Sarah Anderson is a Professor in the Chemical Engineering department at University of Sydney. They have 13 years of experience in Australian higher education. Originally from France, they offer a cross-cultural perspective. They speak English, German. They can help with cultural adaptation and settling in, career guidance and employability, and are available for one-off or ongoing mentoring."
436,Elena,Ortiz,Parent,University of Queensland,Finance,Master,Latin American,Brazil,English;Portuguese,13,False,True,True,False,7,58,14,3.8,student_safety;cultural_adjustment;visa;housing,"Elena Ortiz has been living in Australia for 13 years and supports their child at University of Queensland. Originally from Brazil, they offer a cross-cultural perspective. They speak English, Portuguese. They can help with housing and accommodation, cultural adaptation and settling in, and are available for one-off or ongoing mentoring."
437,Gbenga,Abiodun,Student,University of Melbourne,Architecture,Bachelor,African,Nigeria,English,2,True,False,True,True,4,11,27,4.4,housing;academics,"Gbenga Abiodun is a Bachelor student in Architecture at University of Melbourne. They have been living in Australia for 2 years. Originally from Nigeria, they offer a cross-cultural perspective. They speak English. They can help with visa and immigration processes, cultural adaptation and settling in, career guidance and employability, and are available for one-off or ongoing mentoring."
438,Yanti,Santoso,Parent,University of Newcastle,Psychology,Bachelor,Southeast Asian,Malaysia,English;Vietnamese,19,True,True,True,True,4,106,5,4.1,visa;housing;school_enrollment,"Yanti Santoso has been living in Australia for 19 years and supports their child at University of Newcastle. Originally from Malaysia, they offer a cross-cultural perspective. They speak English, Vietnamese. They can help with visa and immigration processes, housing and accommodation, cultural adaptation and settling in, career guidance and employability, and are available for one-off or ongoing mentoring."
439,Helene,Green,Student,Monash University,Medicine,Master,European,Germany,English;Spanish,20,False,True,True,True,1,60,9,4.8,cultural_adjustment;scholarships,"Helene Green is a Master student in Medicine at Monash University. They have been living in Australia for 20 years. Originally from Germany, they offer a cross-cultural perspective. They speak English, Spanish. They can help with housing and accommodation, cultural adaptation and settling in, career guidance and employability, and are available for one-off or ongoing mentoring."
440,Abena,Dankwa,Student,Curtin University,Education,Bachelor,African,Zimbabwe,English,2,True,False,True,False,2,85,29,4.0,visa;scholarships;housing;academics,"Abena Dankwa is a Bachelor student in Education at Curtin University. They have been living in Australia for 2 years. Originally from Zimbabwe, they offer a cross-cultural perspective. They speak English. They can help with visa and immigration processes, cultural adaptation and settling in, and are available for one-off or ongoing mentoring."
441,Aziz,Do,Student,University of Newcastle,Electrical Engineering,Bachelor,Southeast Asian,Vietnam,English;Thai,16,True,True,False,False,8,94,14,4.7,academics;housing;visa,"Aziz Do is a Bachelor student in Electrical Engineering at University of Newcastle. They have been living in Australia for 16 years. Originally from Vietnam, they offer a cross-cultural perspective. They speak English, Thai. They can help with visa and immigration processes, housing and accommodation, and are available for one-off or ongoing mentoring."
442,Aziz,Hoang,Parent,Macquarie University,Marketing,Bachelor,Southeast Asian,Indonesia,English;Vietnamese,6,True,True,True,False,4,126,35,3.6,visa;school_enrollment,"Aziz Hoang has been living in Australia for 6 years and supports their child at Macquarie University. Originally from Indonesia, they offer a cross-cultural perspective. They speak English, Vietnamese. They can help with visa and immigration processes, housing and accommodation, cultural adaptation and settling in, and are available for one-off or ongoing mentoring."
443,Tanvi,Joshi,Professor,University of Sydney,Biotechnology,PostDoc,Indian,India,English;Bengali,1,False,False,True,True,9,136,23,3.7,scholarships;academics;networking,"Tanvi Joshi is a Professor in the Biotechnology department at University of Sydney. They have 1 years of experience in Australian higher education. Originally from India, they offer a cross-cultural perspective. They speak English, Bengali. They can help with cultural adaptation and settling in, career guidance and employability, and are available for one-off or ongoing mentoring."
444,Lena,Klein,Student,University of Newcastle,Data Science,Bachelor,European,Spain,English,10,False,False,False,False,7,165,10,3.7,cultural_adjustment;scholarships,"Lena Klein is a Bachelor student in Data Science at University of Newcastle. They have been living in Australia for 10 years. Originally from Spain, they offer a cross-cultural perspective. They speak English. They can help with general orientation and university life, and are available for one-off or ongoing mentoring."
445,Tuan,Tran,Professor,University of Adelaide,Finance,PostDoc,Southeast Asian,Malaysia,English;Vietnamese,6,True,True,False,True,6,149,10,4.9,networking;industry_transition;career;research,"Tuan Tran is a Professor in the Finance department at University of Adelaide. They have 6 years of experience in Australian higher education. Originally from Malaysia, they offer a cross-cultural perspective. They speak English, Vietnamese. They can help with visa and immigration processes, housing and accommodation, career guidance and employability, and are available for one-off or ongoing mentoring."
446,Yaa,Jallow,Professor,Deakin University,Mechanical Engineering,PostDoc,African,Zimbabwe,English;Arabic,9,True,False,False,True,3,59,35,3.9,scholarships;academics;career,"Yaa Jallow is a Professor in the Mechanical Engineering department at Deakin University. They have 9 years of experience in Australian higher education. Originally from Zimbabwe, they offer a cross-cultural perspective. They speak English, Arabic. They can help with visa and immigration processes, career guidance and employability, and are available for one-off or ongoing mentoring."
447,Huong,Sari,Parent,Australian National University,Civil Engineering,Bachelor,Southeast Asian,Singapore,English;Vietnamese,20,False,True,True,False,8,154,20,4.2,visa;student_safety,"Huong Sari has been living in Australia for 20 years and supports their child at Australian National University. Originally from Singapore, they offer a cross-cultural perspective. They speak English, Vietnamese. They can help with housing and accommodation, cultural adaptation and settling in, and are available for one-off or ongoing mentoring."
448,Ahmed,Nasser,Parent,University of New South Wales,Psychology,PhD,Middle Eastern,Iran,Arabic;English,16,True,True,True,True,7,185,43,3.6,housing;visa,"Ahmed Nasser has been living in Australia for 16 years and supports their child at University of New South Wales. Originally from Iran, they offer a cross-cultural perspective. They speak Arabic, English. They can help with visa and immigration processes, housing and accommodation, cultural adaptation and settling in, career guidance and employability, and are available for one-off or ongoing mentoring."
449,Yash,Tiwari,Student,Australian National University,Nursing,Bachelor,Indian,India,English;Hindi,13,False,True,True,False,8,128,44,3.7,visa;housing;cultural_adjustment,"Yash Tiwari is a Bachelor student in Nursing at Australian National University. They have been living in Australia for 13 years. Originally from India, they offer a cross-cultural perspective. They speak English, Hindi. They can help with housing and accommodation, cultural adaptation and settling in, and are available for one-off or ongoing mentoring."
450,Putri,Budi,Professor,University of Queensland,Biotechnology,PhD,Southeast Asian,Philippines,English;Vietnamese,10,False,False,True,True,10,140,26,3.8,industry_transition;career,"Putri Budi is a Professor in the Biotechnology department at University of Queensland. They have 10 years of experience in Australian higher education. Originally from Philippines, they offer a cross-cultural perspective. They speak English, Vietnamese. They can help with cultural adaptation and settling in, career guidance and employability, and are available for one-off or ongoing mentoring."
451,Mark,Garcia,Parent,University of Melbourne,Public Health,Master,European,Germany,English;French,5,True,True,True,True,9,181,15,4.8,school_enrollment;housing;visa,"Mark Garcia has been living in Australia for 5 years and supports their child at University of Melbourne. Originally from Germany, they offer a cross-cultural perspective. They speak English, French. They can help with visa and immigration processes, housing and accommodation, cultural adaptation and settling in, career guidance and employability, and are available for one-off or ongoing mentoring."
452,Sophie,Johnson,Student,Deakin University,Psychology,Master,European,Germany,English;Dutch,16,True,False,True,True,4,61,18,4.7,visa;career,"Sophie Johnson is a Master student in Psychology at Deakin University. They have been living in Australia for 16 years. Originally from Germany, they offer a cross-cultural perspective. They speak English, Dutch. They can help with visa and immigration processes, cultural adaptation and settling in, career guidance and employability, and are available for one-off or ongoing mentoring."
453,Lachlan,Williams,Student,University of Newcastle,Economics,Bachelor,Australian Domestic,Australia,English,18,True,True,True,False,5,37,23,3.5,visa;career;scholarships,"Lachlan Williams is a Bachelor student in Economics at University of Newcastle. They have been living in Australia for 18 years. Originally from Australia, they offer a cross-cultural perspective. They speak English. They can help with visa and immigration processes, housing and accommodation, cultural adaptation and settling in, and are available for one-off or ongoing mentoring."
454,Amit,Patel,Parent,Deakin University,Education,Master,Indian,India,English;Bengali,15,False,True,True,False,6,123,41,4.4,school_enrollment;visa;housing,"Amit Patel has been living in Australia for 15 years and supports their child at Deakin University. Originally from India, they offer a cross-cultural perspective. They speak English, Bengali. They can help with housing and accommodation, cultural adaptation and settling in, and are available for one-off or ongoing mentoring."
455,Fang,Zhou,Student,University of Sydney,Finance,PhD,Chinese,Hong Kong,Mandarin;English,9,True,True,False,False,4,38,40,4.0,scholarships;academics;housing,"Fang Zhou is a PhD student in Finance at University of Sydney. They have been living in Australia for 9 years. Originally from Hong Kong, they offer a cross-cultural perspective. They speak Mandarin, English. They can help with visa and immigration processes, housing and accommodation, and are available for one-off or ongoing mentoring."
456,Ahmad,Wibowo,Parent,Curtin University,Law,Bachelor,Southeast Asian,Thailand,English;Malay;Indonesian,6,True,True,True,False,1,195,25,3.6,visa;school_enrollment;finances,"Ahmad Wibowo has been living in Australia for 6 years and supports their child at Curtin University. Originally from Thailand, they offer a cross-cultural perspective. They speak English, Malay, Indonesian. They can help with visa and immigration processes, housing and accommodation, cultural adaptation and settling in, and are available for one-off or ongoing mentoring."
457,Aarav,Patel,Parent,Curtin University,Data Science,PhD,Indian,India,English;Hindi;Bengali,5,True,True,True,False,6,153,42,4.9,finances;student_safety,"Aarav Patel has been living in Australia for 5 years and supports their child at Curtin University. Originally from India, they offer a cross-cultural perspective. They speak English, Hindi, Bengali. They can help with visa and immigration processes, housing and accommodation, cultural adaptation and settling in, and are available for one-off or ongoing mentoring."
458,Ngozi,Abiodun,Professor,University of Sydney,Biotechnology,Bachelor,African,Ghana,English;French,10,False,True,True,True,4,115,18,4.5,research;networking,"Ngozi Abiodun is a Professor in the Biotechnology department at University of Sydney. They have 10 years of experience in Australian higher education. Originally from Ghana, they offer a cross-cultural perspective. They speak English, French. They can help with housing and accommodation, cultural adaptation and settling in, career guidance and employability, and are available for one-off or ongoing mentoring."
459,Nnamdi,Jallow,Parent,Queensland University of Technology,Civil Engineering,PhD,African,South Africa,English;Arabic,16,True,True,True,True,5,3,15,4.7,school_enrollment;student_safety;housing;cultural_adjustment,"Nnamdi Jallow has been living in Australia for 16 years and supports their child at Queensland University of Technology. Originally from South Africa, they offer a cross-cultural perspective. They speak English, Arabic. They can help with visa and immigration processes, housing and accommodation, cultural adaptation and settling in, career guidance and employability, and are available for one-off or ongoing mentoring."
460,Thanh,Pratama,Student,Queensland University of Technology,Accounting,Bachelor,Southeast Asian,Malaysia,English;Malay,6,True,False,True,True,5,66,32,4.8,career;visa;academics,"Thanh Pratama is a Bachelor student in Accounting at Queensland University of Technology. They have been living in Australia for 6 years. Originally from Malaysia, they offer a cross-cultural perspective. They speak English, Malay. They can help with visa and immigration processes, cultural adaptation and settling in, career guidance and employability, and are available for one-off or ongoing mentoring."
461,Hudson,Hill,Parent,Curtin University,Data Science,Bachelor,Australian Domestic,Australia,English;Mandarin,17,True,False,True,False,8,16,23,4.7,housing;cultural_adjustment;student_safety;visa,"Hudson Hill has been living in Australia for 17 years and supports their child at Curtin University. Originally from Australia, they offer a cross-cultural perspective. They speak English, Mandarin. They can help with visa and immigration processes, cultural adaptation and settling in, and are available for one-off or ongoing mentoring."
462,Varun,Joshi,Professor,RMIT University,Cybersecurity,PhD,Indian,Sri Lanka,English;Tamil,6,False,True,True,False,5,137,1,4.0,networking;industry_transition;scholarships,"Varun Joshi is a Professor in the Cybersecurity department at RMIT University. They have 6 years of experience in Australian higher education. Originally from Sri Lanka, they offer a cross-cultural perspective. They speak English, Tamil. They can help with housing and accommodation, cultural adaptation and settling in, and are available for one-off or ongoing mentoring."
463,Emily,Anderson,Professor,Monash University,Biotechnology,PostDoc,Australian Domestic,New Zealand,English;Mandarin,16,True,True,True,True,8,140,30,3.8,academics;career;scholarships;industry_transition,"Emily Anderson is a Professor in the Biotechnology department at Monash University. They have 16 years of experience in Australian higher education. Originally from New Zealand, they offer a cross-cultural perspective. They speak English, Mandarin. They can help with visa and immigration processes, housing and accommodation, cultural adaptation and settling in, career guidance and employability, and are available for one-off or ongoing mentoring."
464,Ngozi,Fadahunsi,Parent,University of New South Wales,Computer Science,Bachelor,African,Kenya,English;Arabic,7,True,True,True,True,2,145,45,4.8,finances;school_enrollment;visa,"Ngozi Fadahunsi has been living in Australia for 7 years and supports their child at University of New South Wales. Originally from Kenya, they offer a cross-cultural perspective. They speak English, Arabic. They can help with visa and immigration processes, housing and accommodation, cultural adaptation and settling in, career guidance and employability, and are available for one-off or ongoing mentoring."
465,Elena,Morales,Student,University of Newcastle,Economics,Master,Latin American,Chile,English;Portuguese,16,False,True,False,True,3,46,20,4.2,scholarships;visa;career;cultural_adjustment,"Elena Morales is a Master student in Economics at University of Newcastle. They have been living in Australia for 16 years. Originally from Chile, they offer a cross-cultural perspective. They speak English, Portuguese. They can help with housing and accommodation, career guidance and employability, and are available for one-off or ongoing mentoring."
466,Bui,Sari,Student,Deakin University,Medicine,Bachelor,Southeast Asian,Thailand,English;Thai,3,True,True,True,True,3,85,30,4.3,visa;scholarships;housing;academics,"Bui Sari is a Bachelor student in Medicine at Deakin University. They have been living in Australia for 3 years. Originally from Thailand, they offer a cross-cultural perspective. They speak English, Thai. They can help with visa and immigration processes, housing and accommodation, cultural adaptation and settling in, career guidance and employability, and are available for one-off or ongoing mentoring."
467,Leila,Qureshi,Parent,University of Melbourne,Psychology,PhD,Middle Eastern,Turkey,Arabic;English,15,True,True,True,True,2,16,23,4.8,housing;school_enrollment;visa;cultural_adjustment,"Leila Qureshi has been living in Australia for 15 years and supports their child at University of Melbourne. Originally from Turkey, they offer a cross-cultural perspective. They speak Arabic, English. They can help with visa and immigration processes, housing and accommodation, cultural adaptation and settling in, career guidance and employability, and are available for one-off or ongoing mentoring."
468,Emeka,Kanu,Student,RMIT University,Artificial Intelligence,Bachelor,African,Ghana,English,14,True,False,False,False,2,53,7,4.7,housing;scholarships;visa,"Emeka Kanu is a Bachelor student in Artificial Intelligence at RMIT University. They have been living in Australia for 14 years. Originally from Ghana, they offer a cross-cultural perspective. They speak English. They can help with visa and immigration processes, and are available for one-off or ongoing mentoring."
469,Mohamed,Bakr,Student,RMIT University,Law,PhD,Middle Eastern,Lebanon,Arabic;English,12,True,False,True,False,3,187,6,3.5,housing;scholarships,"Mohamed Bakr is a PhD student in Law at RMIT University. They have been living in Australia for 12 years. Originally from Lebanon, they offer a cross-cultural perspective. They speak Arabic, English. They can help with visa and immigration processes, cultural adaptation and settling in, and are available for one-off or ongoing mentoring."
470,Xiao,Luo,Student,Deakin University,Electrical Engineering,Master,Chinese,China,Mandarin;English,19,False,False,True,True,8,0,24,4.1,scholarships;visa;housing;cultural_adjustment,"Xiao Luo is a Master student in Electrical Engineering at Deakin University. They have been living in Australia for 19 years. Originally from China, they offer a cross-cultural perspective. They speak Mandarin, English. They can help with cultural adaptation and settling in, career guidance and employability, and are available for one-off or ongoing mentoring."
471,Gloria,Perez,Parent,University of Technology Sydney,Law,Bachelor,Latin American,Colombia,English;Portuguese,7,True,False,True,False,4,111,33,4.2,school_enrollment;cultural_adjustment;student_safety,"Gloria Perez has been living in Australia for 7 years and supports their child at University of Technology Sydney. Originally from Colombia, they offer a cross-cultural perspective. They speak English, Portuguese. They can help with visa and immigration processes, cultural adaptation and settling in, and are available for one-off or ongoing mentoring."
472,Kai,Lin,Student,Australian National University,Mechanical Engineering,Master,Chinese,China,Mandarin;English,15,False,True,True,True,1,70,9,4.8,housing;visa;career;academics,"Kai Lin is a Master student in Mechanical Engineering at Australian National University. They have been living in Australia for 15 years. Originally from China, they offer a cross-cultural perspective. They speak Mandarin, English. They can help with housing and accommodation, cultural adaptation and settling in, career guidance and employability, and are available for one-off or ongoing mentoring."
473,Tuan,Do,Professor,University of Western Australia,Pharmacy,PostDoc,Southeast Asian,Thailand,English;Indonesian,2,True,False,True,True,10,148,48,3.8,research;academics;networking,"Tuan Do is a Professor in the Pharmacy department at University of Western Australia. They have 2 years of experience in Australian higher education. Originally from Thailand, they offer a cross-cultural perspective. They speak English, Indonesian. They can help with visa and immigration processes, cultural adaptation and settling in, career guidance and employability, and are available for one-off or ongoing mentoring."
474,Rui,Luo,Parent,RMIT University,Public Health,Master,Chinese,China,English;Mandarin;Cantonese,20,False,False,True,False,6,159,23,4.9,finances;visa;school_enrollment,"Rui Luo has been living in Australia for 20 years and supports their child at RMIT University. Originally from China, they offer a cross-cultural perspective. They speak English, Mandarin, Cantonese. They can help with cultural adaptation and settling in, and are available for one-off or ongoing mentoring."
475,Thanh,Tran,Parent,Monash University,Psychology,Master,Southeast Asian,Vietnam,English;Vietnamese,1,False,True,False,True,7,133,2,3.6,housing;visa;cultural_adjustment;student_safety,"Thanh Tran has been living in Australia for 1 years and supports their child at Monash University. Originally from Vietnam, they offer a cross-cultural perspective. They speak English, Vietnamese. They can help with housing and accommodation, career guidance and employability, and are available for one-off or ongoing mentoring."
476,Mark,Schmidt,Parent,University of Sydney,Finance,Bachelor,European,Poland,English;French,4,False,True,True,False,10,33,37,3.6,finances;student_safety;visa;cultural_adjustment,"Mark Schmidt has been living in Australia for 4 years and supports their child at University of Sydney. Originally from Poland, they offer a cross-cultural perspective. They speak English, French. They can help with housing and accommodation, cultural adaptation and settling in, and are available for one-off or ongoing mentoring."
477,Hassan,Saleh,Parent,University of Melbourne,Environmental Science,Bachelor,Middle Eastern,Turkey,English;Arabic;French,14,True,True,True,False,6,146,20,4.3,finances;visa,"Hassan Saleh has been living in Australia for 14 years and supports their child at University of Melbourne. Originally from Turkey, they offer a cross-cultural perspective. They speak English, Arabic, French. They can help with visa and immigration processes, housing and accommodation, cultural adaptation and settling in, and are available for one-off or ongoing mentoring."
478,Chris,Williams,Student,University of Technology Sydney,Law,PhD,European,United Kingdom,English;Dutch,7,False,True,True,True,10,76,24,4.4,scholarships;housing,"Chris Williams is a PhD student in Law at University of Technology Sydney. They have been living in Australia for 7 years. Originally from United Kingdom, they offer a cross-cultural perspective. They speak English, Dutch. They can help with housing and accommodation, cultural adaptation and settling in, career guidance and employability, and are available for one-off or ongoing mentoring."
479,Ahmed,Karimi,Parent,Monash University,Nursing,Bachelor,Middle Eastern,Iran,English;Arabic,12,True,True,True,False,1,91,15,3.8,finances;housing;cultural_adjustment,"Ahmed Karimi has been living in Australia for 12 years and supports their child at Monash University. Originally from Iran, they offer a cross-cultural perspective. They speak English, Arabic. They can help with visa and immigration processes, housing and accommodation, cultural adaptation and settling in, and are available for one-off or ongoing mentoring."
480,Isla,Harris,Student,Deakin University,Public Health,Bachelor,Australian Domestic,Australia,English;Hindi,14,True,False,True,True,2,174,26,4.4,visa;housing,"Isla Harris is a Bachelor student in Public Health at Deakin University. They have been living in Australia for 14 years. Originally from Australia, they offer a cross-cultural perspective. They speak English, Hindi. They can help with visa and immigration processes, cultural adaptation and settling in, career guidance and employability, and are available for one-off or ongoing mentoring."
481,Arjun,Shah,Professor,RMIT University,Mechanical Engineering,PhD,Indian,India,English;Hindi;Bengali,4,False,True,True,True,7,196,26,4.2,academics;networking;career;industry_transition,"Arjun Shah is a Professor in the Mechanical Engineering department at RMIT University. They have 4 years of experience in Australian higher education. Originally from India, they offer a cross-cultural perspective. They speak English, Hindi, Bengali. They can help with housing and accommodation, cultural adaptation and settling in, career guidance and employability, and are available for one-off or ongoing mentoring."
482,Lucy,Johnson,Parent,University of Queensland,Biotechnology,Master,European,Sweden,English;German,20,True,True,True,False,9,150,10,4.0,school_enrollment;cultural_adjustment;finances;student_safety,"Lucy Johnson has been living in Australia for 20 years and supports their child at University of Queensland. Originally from Sweden, they offer a cross-cultural perspective. They speak English, German. They can help with visa and immigration processes, housing and accommodation, cultural adaptation and settling in, and are available for one-off or ongoing mentoring."
483,Dewi,Nguyen,Student,Monash University,Mechanical Engineering,Bachelor,Southeast Asian,Philippines,English;Malay,3,True,True,True,False,10,164,45,4.0,visa;academics;cultural_adjustment,"Dewi Nguyen is a Bachelor student in Mechanical Engineering at Monash University. They have been living in Australia for 3 years. Originally from Philippines, they offer a cross-cultural perspective. They speak English, Malay. They can help with visa and immigration processes, housing and accommodation, cultural adaptation and settling in, and are available for one-off or ongoing mentoring."
484,Gbenga,Nwosu,Parent,Australian National University,Biotechnology,PostDoc,African,Nigeria,English;Swahili,4,False,True,True,True,2,62,46,4.8,visa;finances;school_enrollment,"Gbenga Nwosu has been living in Australia for 4 years and supports their child at Australian National University. Originally from Nigeria, they offer a cross-cultural perspective. They speak English, Swahili. They can help with housing and accommodation, cultural adaptation and settling in, career guidance and employability, and are available for one-off or ongoing mentoring."
485,Chioma,Sesay,Student,Macquarie University,Chemical Engineering,Master,African,Zimbabwe,English;French,7,True,True,True,False,10,72,44,4.0,housing;visa;cultural_adjustment,"Chioma Sesay is a Master student in Chemical Engineering at Macquarie University. They have been living in Australia for 7 years. Originally from Zimbabwe, they offer a cross-cultural perspective. They speak English, French. They can help with visa and immigration processes, housing and accommodation, cultural adaptation and settling in, and are available for one-off or ongoing mentoring."
486,Yusuf,Tahir,Student,Macquarie University,Medicine,PhD,Middle Eastern,Iran,English;Arabic;French,2,True,False,True,False,2,85,10,4.4,cultural_adjustment;scholarships,"Yusuf Tahir is a PhD student in Medicine at Macquarie University. They have been living in Australia for 2 years. Originally from Iran, they offer a cross-cultural perspective. They speak English, Arabic, French. They can help with visa and immigration processes, cultural adaptation and settling in, and are available for one-off or ongoing mentoring."
487,Tariq,Nasser,Professor,University of Western Australia,Biotechnology,PostDoc,Middle Eastern,UAE,English;Arabic,20,True,True,False,False,7,19,9,3.7,industry_transition;networking;career,"Tariq Nasser is a Professor in the Biotechnology department at University of Western Australia. They have 20 years of experience in Australian higher education. Originally from UAE, they offer a cross-cultural perspective. They speak English, Arabic. They can help with visa and immigration processes, housing and accommodation, and are available for one-off or ongoing mentoring."
488,Arjun,Verma,Parent,University of Newcastle,Information Systems,Bachelor,Indian,India,English;Hindi,4,True,True,True,False,7,166,30,4.9,housing;student_safety,"Arjun Verma has been living in Australia for 4 years and supports their child at University of Newcastle. Originally from India, they offer a cross-cultural perspective. They speak English, Hindi. They can help with visa and immigration processes, housing and accommodation, cultural adaptation and settling in, and are available for one-off or ongoing mentoring."
489,Zaid,Saleh,Professor,Australian National University,Psychology,PhD,Middle Eastern,Iran,Arabic;English,6,False,True,True,True,1,80,13,4.3,networking;academics;career;scholarships,"Zaid Saleh is a Professor in the Psychology department at Australian National University. They have 6 years of experience in Australian higher education. Originally from Iran, they offer a cross-cultural perspective. They speak Arabic, English. They can help with housing and accommodation, cultural adaptation and settling in, career guidance and employability, and are available for one-off or ongoing mentoring."
490,Kemi,Conteh,Student,RMIT University,Finance,Master,African,Zimbabwe,English,14,True,True,True,True,3,21,2,4.6,visa;cultural_adjustment;housing,"Kemi Conteh is a Master student in Finance at RMIT University. They have been living in Australia for 14 years. Originally from Zimbabwe, they offer a cross-cultural perspective. They speak English. They can help with visa and immigration processes, housing and accommodation, cultural adaptation and settling in, career guidance and employability, and are available for one-off or ongoing mentoring."
491,Zhen,He,Professor,RMIT University,Chemical Engineering,PhD,Chinese,China,English;Mandarin;Cantonese,17,False,False,True,True,2,141,20,4.4,career;research;scholarships;networking,"Zhen He is a Professor in the Chemical Engineering department at RMIT University. They have 17 years of experience in Australian higher education. Originally from China, they offer a cross-cultural perspective. They speak English, Mandarin, Cantonese. They can help with cultural adaptation and settling in, career guidance and employability, and are available for one-off or ongoing mentoring."
492,Laura,Schmidt,Parent,University of Newcastle,Business Analytics,Master,European,Germany,English;German,9,True,True,True,True,9,15,43,3.7,student_safety;visa,"Laura Schmidt has been living in Australia for 9 years and supports their child at University of Newcastle. Originally from Germany, they offer a cross-cultural perspective. They speak English, German. They can help with visa and immigration processes, housing and accommodation, cultural adaptation and settling in, career guidance and employability, and are available for one-off or ongoing mentoring."
493,Hai,Ahmad,Professor,University of Newcastle,Chemical Engineering,PhD,Southeast Asian,Myanmar,English;Vietnamese,10,False,False,True,True,4,27,19,4.0,research;career;industry_transition,"Hai Ahmad is a Professor in the Chemical Engineering department at University of Newcastle. They have 10 years of experience in Australian higher education. Originally from Myanmar, they offer a cross-cultural perspective. They speak English, Vietnamese. They can help with cultural adaptation and settling in, career guidance and employability, and are available for one-off or ongoing mentoring."
494,Lina,Ibrahim,Professor,Australian National University,Civil Engineering,Bachelor,Middle Eastern,Lebanon,English;Arabic,4,True,True,True,True,2,72,16,4.2,networking;academics;career,"Lina Ibrahim is a Professor in the Civil Engineering department at Australian National University. They have 4 years of experience in Australian higher education. Originally from Lebanon, they offer a cross-cultural perspective. They speak English, Arabic. They can help with visa and immigration processes, housing and accommodation, cultural adaptation and settling in, career guidance and employability, and are available for one-off or ongoing mentoring."
495,Laura,Smith,Professor,University of Queensland,Accounting,Master,European,Poland,English;French,10,False,True,False,True,10,188,34,4.9,research;career;scholarships;networking,"Laura Smith is a Professor in the Accounting department at University of Queensland. They have 10 years of experience in Australian higher education. Originally from Poland, they offer a cross-cultural perspective. They speak English, French. They can help with housing and accommodation, career guidance and employability, and are available for one-off or ongoing mentoring."
496,Omar,Bakr,Professor,Deakin University,Artificial Intelligence,PostDoc,Middle Eastern,Iran,English;Arabic;French,10,False,True,True,True,7,48,14,4.3,academics;industry_transition;scholarships;networking,"Omar Bakr is a Professor in the Artificial Intelligence department at Deakin University. They have 10 years of experience in Australian higher education. Originally from Iran, they offer a cross-cultural perspective. They speak English, Arabic, French. They can help with housing and accommodation, cultural adaptation and settling in, career guidance and employability, and are available for one-off or ongoing mentoring."
497,Carlos,Castillo,Student,Deakin University,Pharmacy,Bachelor,Latin American,Colombia,English;Spanish,4,True,False,True,True,1,187,19,3.7,housing;career;visa;academics,"Carlos Castillo is a Bachelor student in Pharmacy at Deakin University. They have been living in Australia for 4 years. Originally from Colombia, they offer a cross-cultural perspective. They speak English, Spanish. They can help with visa and immigration processes, cultural adaptation and settling in, career guidance and employability, and are available for one-off or ongoing mentoring."
498,Rahul,Mehta,Professor,Macquarie University,Medicine,PhD,Indian,India,English;Hindi,14,False,False,True,True,5,173,20,4.9,networking;scholarships;academics,"Rahul Mehta is a Professor in the Medicine department at Macquarie University. They have 14 years of experience in Australian higher education. Originally from India, they offer a cross-cultural perspective. They speak English, Hindi. They can help with cultural adaptation and settling in, career guidance and employability, and are available for one-off or ongoing mentoring."
499,Lena,Williams,Professor,University of Adelaide,Medicine,Master,European,Netherlands,English;Italian,18,False,True,True,False,8,30,21,4.5,scholarships;academics;research;industry_transition,"Lena Williams is a Professor in the Medicine department at University of Adelaide. They have 18 years of experience in Australian higher education. Originally from Netherlands, they offer a cross-cultural perspective. They speak English, Italian. They can help with housing and accommodation, cultural adaptation and settling in, and are available for one-off or ongoing mentoring."
500,Rui,Wu,Parent,University of New South Wales,Law,PhD,Chinese,China,English;Mandarin;Cantonese,10,True,True,True,False,5,118,42,4.3,visa;student_safety;school_enrollment,"Rui Wu has been living in Australia for 10 years and supports their child at University of New South Wales. Originally from China, they offer a cross-cultural perspective. They speak English, Mandarin, Cantonese. They can help with visa and immigration processes, housing and accommodation, cultural adaptation and settling in, and are available for one-off or ongoing mentoring."
501,Irene,Jimenez,Parent,Macquarie University,Economics,Bachelor,Latin American,Venezuela,English;Spanish;Portuguese,9,True,True,True,True,9,154,17,3.8,housing;finances;school_enrollment,"Irene Jimenez has been living in Australia for 9 years and supports their child at Macquarie University. Originally from Venezuela, they offer a cross-cultural perspective. They speak English, Spanish, Portuguese. They can help with visa and immigration processes, housing and accommodation, cultural adaptation and settling in, career guidance and employability, and are available for one-off or ongoing mentoring."
502,Yemi,Idowu,Student,University of Technology Sydney,Social Work,Bachelor,African,South Africa,English;Arabic,4,True,True,True,False,8,183,29,4.5,cultural_adjustment;scholarships;housing,"Yemi Idowu is a Bachelor student in Social Work at University of Technology Sydney. They have been living in Australia for 4 years. Originally from South Africa, they offer a cross-cultural perspective. They speak English, Arabic. They can help with visa and immigration processes, housing and accommodation, cultural adaptation and settling in, and are available for one-off or ongoing mentoring."
503,Ahmad,Dewi,Parent,RMIT University,Information Systems,Bachelor,Southeast Asian,Singapore,English;Malay,8,True,True,True,False,9,26,21,4.1,cultural_adjustment;visa;housing,"Ahmad Dewi has been living in Australia for 8 years and supports their child at RMIT University. Originally from Singapore, they offer a cross-cultural perspective. They speak English, Malay. They can help with visa and immigration processes, housing and accommodation, cultural adaptation and settling in, and are available for one-off or ongoing mentoring."
504,Rania,Latif,Student,University of Technology Sydney,Education,Master,Middle Eastern,Egypt,English;Arabic,15,True,False,True,True,1,79,41,4.5,visa;academics;career,"Rania Latif is a Master student in Education at University of Technology Sydney. They have been living in Australia for 15 years. Originally from Egypt, they offer a cross-cultural perspective. They speak English, Arabic. They can help with visa and immigration processes, cultural adaptation and settling in, career guidance and employability, and are available for one-off or ongoing mentoring."
505,Dylan,Brown,Parent,Queensland University of Technology,Marketing,Bachelor,Australian Domestic,Australia,English;Hindi,19,True,True,True,False,7,114,45,3.7,cultural_adjustment;school_enrollment,"Dylan Brown has been living in Australia for 19 years and supports their child at Queensland University of Technology. Originally from Australia, they offer a cross-cultural perspective. They speak English, Hindi. They can help with visa and immigration processes, housing and accommodation, cultural adaptation and settling in, and are available for one-off or ongoing mentoring."
506,Lily,Harris,Professor,Queensland University of Technology,Pharmacy,PhD,Australian Domestic,New Zealand,English,11,True,False,True,True,5,55,29,4.0,industry_transition;research;networking;academics,"Lily Harris is a Professor in the Pharmacy department at Queensland University of Technology. They have 11 years of experience in Australian higher education. Originally from New Zealand, they offer a cross-cultural perspective. They speak English. They can help with visa and immigration processes, cultural adaptation and settling in, career guidance and employability, and are available for one-off or ongoing mentoring."
507,Adam,Dahl,Professor,Australian National University,Psychology,PostDoc,European,Germany,English;Italian,2,True,True,True,True,2,185,18,4.3,academics;networking;scholarships,"Adam Dahl is a Professor in the Psychology department at Australian National University. They have 2 years of experience in Australian higher education. Originally from Germany, they offer a cross-cultural perspective. They speak English, Italian. They can help with visa and immigration processes, housing and accommodation, cultural adaptation and settling in, career guidance and employability, and are available for one-off or ongoing mentoring."
508,Carlos,Rodriguez,Parent,University of Western Australia,Electrical Engineering,Bachelor,Latin American,Colombia,Spanish;English,4,True,True,True,False,4,45,4,4.1,finances;cultural_adjustment,"Carlos Rodriguez has been living in Australia for 4 years and supports their child at University of Western Australia. Originally from Colombia, they offer a cross-cultural perspective. They speak Spanish, English. They can help with visa and immigration processes, housing and accommodation, cultural adaptation and settling in, and are available for one-off or ongoing mentoring."
509,Ibrahim,Abbas,Student,Macquarie University,Cybersecurity,Master,Middle Eastern,Egypt,English;Arabic;Farsi,12,True,True,True,True,2,190,2,4.7,visa;academics;cultural_adjustment;scholarships,"Ibrahim Abbas is a Master student in Cybersecurity at Macquarie University. They have been living in Australia for 12 years. Originally from Egypt, they offer a cross-cultural perspective. They speak English, Arabic, Farsi. They can help with visa and immigration processes, housing and accommodation, cultural adaptation and settling in, career guidance and employability, and are available for one-off or ongoing mentoring."
510,Nneka,Owusu,Professor,Curtin University,Civil Engineering,PostDoc,African,Zimbabwe,English,12,True,False,True,True,7,121,38,4.7,scholarships;academics;career;industry_transition,"Nneka Owusu is a Professor in the Civil Engineering department at Curtin University. They have 12 years of experience in Australian higher education. Originally from Zimbabwe, they offer a cross-cultural perspective. They speak English. They can help with visa and immigration processes, cultural adaptation and settling in, career guidance and employability, and are available for one-off or ongoing mentoring."
511,Bashir,Qureshi,Parent,Monash University,Biotechnology,PhD,Middle Eastern,Lebanon,Arabic;English,2,True,True,True,True,1,116,30,3.8,student_safety;finances,"Bashir Qureshi has been living in Australia for 2 years and supports their child at Monash University. Originally from Lebanon, they offer a cross-cultural perspective. They speak Arabic, English. They can help with visa and immigration processes, housing and accommodation, cultural adaptation and settling in, career guidance and employability, and are available for one-off or ongoing mentoring."
512,Ana,Perez,Professor,University of Western Australia,Chemical Engineering,PhD,Latin American,Chile,English;Spanish;Portuguese,6,True,True,True,True,8,170,34,4.2,networking;industry_transition,"Ana Perez is a Professor in the Chemical Engineering department at University of Western Australia. They have 6 years of experience in Australian higher education. Originally from Chile, they offer a cross-cultural perspective. They speak English, Spanish, Portuguese. They can help with visa and immigration processes, housing and accommodation, cultural adaptation and settling in, career guidance and employability, and are available for one-off or ongoing mentoring."
513,Aditya,Bhat,Student,University of Newcastle,Finance,Master,Indian,India,English;Hindi;Bengali,5,False,True,True,False,3,53,30,4.2,housing;scholarships,"Aditya Bhat is a Master student in Finance at University of Newcastle. They have been living in Australia for 5 years. Originally from India, they offer a cross-cultural perspective. They speak English, Hindi, Bengali. They can help with housing and accommodation, cultural adaptation and settling in, and are available for one-off or ongoing mentoring."
514,Lachlan,White,Professor,University of Newcastle,Cybersecurity,PhD,Australian Domestic,Australia,English,18,True,True,False,False,3,107,7,4.1,career;industry_transition;networking;academics,"Lachlan White is a Professor in the Cybersecurity department at University of Newcastle. They have 18 years of experience in Australian higher education. Originally from Australia, they offer a cross-cultural perspective. They speak English. They can help with visa and immigration processes, housing and accommodation, and are available for one-off or ongoing mentoring."
515,Efua,Jallow,Student,University of Queensland,Marketing,Bachelor,African,Tanzania,English,10,True,True,True,False,1,79,31,4.5,academics;visa,"Efua Jallow is a Bachelor student in Marketing at University of Queensland. They have been living in Australia for 10 years. Originally from Tanzania, they offer a cross-cultural perspective. They speak English. They can help with visa and immigration processes, housing and accommodation, cultural adaptation and settling in, and are available for one-off or ongoing mentoring."
516,Duc,Widodo,Professor,University of Technology Sydney,Chemical Engineering,Master,Southeast Asian,Malaysia,English;Indonesian,7,True,False,True,True,8,8,22,3.5,scholarships;research;networking,"Duc Widodo is a Professor in the Chemical Engineering department at University of Technology Sydney. They have 7 years of experience in Australian higher education. Originally from Malaysia, they offer a cross-cultural perspective. They speak English, Indonesian. They can help with visa and immigration processes, cultural adaptation and settling in, career guidance and employability, and are available for one-off or ongoing mentoring."
517,Tunde,Abiodun,Professor,University of Western Australia,Environmental Science,Bachelor,African,Tanzania,English;Swahili,3,True,False,False,True,7,187,16,3.8,industry_transition;scholarships,"Tunde Abiodun is a Professor in the Environmental Science department at University of Western Australia. They have 3 years of experience in Australian higher education. Originally from Tanzania, they offer a cross-cultural perspective. They speak English, Swahili. They can help with visa and immigration processes, career guidance and employability, and are available for one-off or ongoing mentoring."
518,Wen,Tang,Parent,Macquarie University,Economics,Bachelor,Chinese,China,English;Mandarin,12,True,True,True,False,10,19,26,4.4,housing;school_enrollment,"Wen Tang has been living in Australia for 12 years and supports their child at Macquarie University. Originally from China, they offer a cross-cultural perspective. They speak English, Mandarin. They can help with visa and immigration processes, housing and accommodation, cultural adaptation and settling in, and are available for one-off or ongoing mentoring."
519,Tuan,Le,Professor,Queensland University of Technology,Cybersecurity,PhD,Southeast Asian,Indonesia,English;Thai,13,True,True,True,True,5,93,34,4.8,research;scholarships;networking;academics,"Tuan Le is a Professor in the Cybersecurity department at Queensland University of Technology. They have 13 years of experience in Australian higher education. Originally from Indonesia, they offer a cross-cultural perspective. They speak English, Thai. They can help with visa and immigration processes, housing and accommodation, cultural adaptation and settling in, career guidance and employability, and are available for one-off or ongoing mentoring."
520,Brianna,Harris,Student,University of Newcastle,Data Science,Master,Australian Domestic,Australia,English;Mandarin,16,True,True,True,True,10,46,25,4.1,cultural_adjustment;career;academics,"Brianna Harris is a Master student in Data Science at University of Newcastle. They have been living in Australia for 16 years. Originally from Australia, they offer a cross-cultural perspective. They speak English, Mandarin. They can help with visa and immigration processes, housing and accommodation, cultural adaptation and settling in, career guidance and employability, and are available for one-off or ongoing mentoring."
521,Siti,Budi,Student,RMIT University,Civil Engineering,Bachelor,Southeast Asian,Malaysia,English;Vietnamese,6,False,True,True,False,7,168,2,3.9,career;visa,"Siti Budi is a Bachelor student in Civil Engineering at RMIT University. They have been living in Australia for 6 years. Originally from Malaysia, they offer a cross-cultural perspective. They speak English, Vietnamese. They can help with housing and accommodation, cultural adaptation and settling in, and are available for one-off or ongoing mentoring."
522,Ravi,Singh,Professor,University of Western Australia,Biotechnology,Master,Indian,Sri Lanka,English;Hindi,7,False,True,False,True,10,58,38,3.8,industry_transition;scholarships,"Ravi Singh is a Professor in the Biotechnology department at University of Western Australia. They have 7 years of experience in Australian higher education. Originally from Sri Lanka, they offer a cross-cultural perspective. They speak English, Hindi. They can help with housing and accommodation, career guidance and employability, and are available for one-off or ongoing mentoring."
523,Yusuf,Nasser,Student,University of Queensland,Marketing,Master,Middle Eastern,Lebanon,Arabic;English,20,True,False,True,True,10,130,14,3.7,academics;cultural_adjustment;visa,"Yusuf Nasser is a Master student in Marketing at University of Queensland. They have been living in Australia for 20 years. Originally from Lebanon, they offer a cross-cultural perspective. They speak Arabic, English. They can help with visa and immigration processes, cultural adaptation and settling in, career guidance and employability, and are available for one-off or ongoing mentoring."
524,Sofia,Martinez,Student,Deakin University,Pharmacy,PhD,Latin American,Chile,English;Portuguese,3,True,True,True,False,1,153,35,4.3,housing;academics,"Sofia Martinez is a PhD student in Pharmacy at Deakin University. They have been living in Australia for 3 years. Originally from Chile, they offer a cross-cultural perspective. They speak English, Portuguese. They can help with visa and immigration processes, housing and accommodation, cultural adaptation and settling in, and are available for one-off or ongoing mentoring."
525,Linh,Sari,Parent,Curtin University,Business Analytics,PostDoc,Southeast Asian,Singapore,English;Indonesian,11,False,True,True,True,7,125,15,4.7,school_enrollment;finances;housing;visa,"Linh Sari has been living in Australia for 11 years and supports their child at Curtin University. Originally from Singapore, they offer a cross-cultural perspective. They speak English, Indonesian. They can help with housing and accommodation, cultural adaptation and settling in, career guidance and employability, and are available for one-off or ongoing mentoring."
526,Khalid,Abbas,Parent,University of Sydney,Data Science,PhD,Middle Eastern,Saudi Arabia,English;Arabic;French,20,False,True,True,False,8,64,24,3.6,school_enrollment;finances;cultural_adjustment;student_safety,"Khalid Abbas has been living in Australia for 20 years and supports their child at University of Sydney. Originally from Saudi Arabia, they offer a cross-cultural perspective. They speak English, Arabic, French. They can help with housing and accommodation, cultural adaptation and settling in, and are available for one-off or ongoing mentoring."
527,Lei,Wu,Student,University of Adelaide,Electrical Engineering,Master,Chinese,Hong Kong,English;Mandarin,8,True,True,False,True,6,118,21,4.8,career;cultural_adjustment;scholarships;housing,"Lei Wu is a Master student in Electrical Engineering at University of Adelaide. They have been living in Australia for 8 years. Originally from Hong Kong, they offer a cross-cultural perspective. They speak English, Mandarin. They can help with visa and immigration processes, housing and accommodation, career guidance and employability, and are available for one-off or ongoing mentoring."
528,Hayden,Brown,Student,Curtin University,Accounting,Bachelor,Australian Domestic,Australia,English;Mandarin,7,False,True,True,False,7,84,24,4.8,visa;cultural_adjustment;housing,"Hayden Brown is a Bachelor student in Accounting at Curtin University. They have been living in Australia for 7 years. Originally from Australia, they offer a cross-cultural perspective. They speak English, Mandarin. They can help with housing and accommodation, cultural adaptation and settling in, and are available for one-off or ongoing mentoring."
529,Jide,Balogun,Professor,University of Sydney,Architecture,PhD,African,Tanzania,English,20,True,False,True,True,3,35,13,4.1,networking;industry_transition;career,"Jide Balogun is a Professor in the Architecture department at University of Sydney. They have 20 years of experience in Australian higher education. Originally from Tanzania, they offer a cross-cultural perspective. They speak English. They can help with visa and immigration processes, cultural adaptation and settling in, career guidance and employability, and are available for one-off or ongoing mentoring."
530,Alejandro,Torres,Professor,RMIT University,Mechanical Engineering,PostDoc,Latin American,Peru,English;Spanish;Portuguese,5,True,True,True,True,2,127,30,4.2,industry_transition;career;research,"Alejandro Torres is a Professor in the Mechanical Engineering department at RMIT University. They have 5 years of experience in Australian higher education. Originally from Peru, they offer a cross-cultural perspective. They speak English, Spanish, Portuguese. They can help with visa and immigration processes, housing and accommodation, cultural adaptation and settling in, career guidance and employability, and are available for one-off or ongoing mentoring."
531,Yemi,Owusu,Parent,University of Melbourne,Pharmacy,Bachelor,African,Tanzania,English;Arabic,7,False,True,True,False,10,7,15,3.9,visa;finances,"Yemi Owusu has been living in Australia for 7 years and supports their child at University of Melbourne. Originally from Tanzania, they offer a cross-cultural perspective. They speak English, Arabic. They can help with housing and accommodation, cultural adaptation and settling in, and are available for one-off or ongoing mentoring."
532,Olivia,Thompson,Student,Deakin University,Chemical Engineering,Master,Australian Domestic,Australia,English,17,False,True,True,True,6,53,48,4.9,visa;housing,"Olivia Thompson is a Master student in Chemical Engineering at Deakin University. They have been living in Australia for 17 years. Originally from Australia, they offer a cross-cultural perspective. They speak English. They can help with housing and accommodation, cultural adaptation and settling in, career guidance and employability, and are available for one-off or ongoing mentoring."
533,Cooper,Hill,Parent,Australian National University,Computer Science,Master,Australian Domestic,Australia,English,13,True,True,True,True,2,179,23,4.8,housing;student_safety,"Cooper Hill has been living in Australia for 13 years and supports their child at Australian National University. Originally from Australia, they offer a cross-cultural perspective. They speak English. They can help with visa and immigration processes, housing and accommodation, cultural adaptation and settling in, career guidance and employability, and are available for one-off or ongoing mentoring."
534,Georgia,Hall,Parent,University of Adelaide,Cybersecurity,Master,Australian Domestic,New Zealand,English;Mandarin,5,True,False,True,False,10,185,17,4.0,school_enrollment;visa;housing;cultural_adjustment,"Georgia Hall has been living in Australia for 5 years and supports their child at University of Adelaide. Originally from New Zealand, they offer a cross-cultural perspective. They speak English, Mandarin. They can help with visa and immigration processes, cultural adaptation and settling in, and are available for one-off or ongoing mentoring."
535,Aisha,Farouk,Parent,University of New South Wales,Electrical Engineering,PostDoc,Middle Eastern,Egypt,English;Arabic,19,True,True,True,False,6,75,39,4.4,cultural_adjustment;school_enrollment,"Aisha Farouk has been living in Australia for 19 years and supports their child at University of New South Wales. Originally from Egypt, they offer a cross-cultural perspective. They speak English, Arabic. They can help with visa and immigration processes, housing and accommodation, cultural adaptation and settling in, and are available for one-off or ongoing mentoring."
536,Obinna,Gyang,Professor,University of Newcastle,Nursing,Master,African,Kenya,English;French,14,True,True,True,True,7,2,21,3.9,scholarships;academics,"Obinna Gyang is a Professor in the Nursing department at University of Newcastle. They have 14 years of experience in Australian higher education. Originally from Kenya, they offer a cross-cultural perspective. They speak English, French. They can help with visa and immigration processes, housing and accommodation, cultural adaptation and settling in, career guidance and employability, and are available for one-off or ongoing mentoring."
537,Ethan,Jackson,Student,Monash University,Information Systems,Bachelor,Australian Domestic,Australia,English,14,True,False,True,True,2,44,7,4.2,career;housing;academics;scholarships,"Ethan Jackson is a Bachelor student in Information Systems at Monash University. They have been living in Australia for 14 years. Originally from Australia, they offer a cross-cultural perspective. They speak English. They can help with visa and immigration processes, cultural adaptation and settling in, career guidance and employability, and are available for one-off or ongoing mentoring."
538,Hannah,Taylor,Parent,University of Technology Sydney,Data Science,Bachelor,European,Sweden,English,14,True,True,True,False,7,113,36,4.9,finances;cultural_adjustment;school_enrollment;student_safety,"Hannah Taylor has been living in Australia for 14 years and supports their child at University of Technology Sydney. Originally from Sweden, they offer a cross-cultural perspective. They speak English. They can help with visa and immigration processes, housing and accommodation, cultural adaptation and settling in, and are available for one-off or ongoing mentoring."
539,Jose,Martinez,Parent,Curtin University,Public Health,PhD,Latin American,Venezuela,English;Spanish;Portuguese,12,True,True,False,False,1,66,26,4.8,visa;cultural_adjustment;housing,"Jose Martinez has been living in Australia for 12 years and supports their child at Curtin University. Originally from Venezuela, they offer a cross-cultural perspective. They speak English, Spanish, Portuguese. They can help with visa and immigration processes, housing and accommodation, and are available for one-off or ongoing mentoring."
540,David,Christensen,Student,Australian National University,Marketing,Bachelor,European,Poland,English;Spanish,15,True,True,True,True,5,33,23,4.9,career;housing,"David Christensen is a Bachelor student in Marketing at Australian National University. They have been living in Australia for 15 years. Originally from Poland, they offer a cross-cultural perspective. They speak English, Spanish. They can help with visa and immigration processes, housing and accommodation, cultural adaptation and settling in, career guidance and employability, and are available for one-off or ongoing mentoring."
541,Eko,Budi,Student,University of Newcastle,Pharmacy,Bachelor,Southeast Asian,Philippines,English;Malay;Indonesian,17,True,True,True,False,7,124,33,3.8,visa;housing;career,"Eko Budi is a Bachelor student in Pharmacy at University of Newcastle. They have been living in Australia for 17 years. Originally from Philippines, they offer a cross-cultural perspective. They speak English, Malay, Indonesian. They can help with visa and immigration processes, housing and accommodation, cultural adaptation and settling in, and are available for one-off or ongoing mentoring."
542,Mona,Ghazali,Student,Macquarie University,Nursing,Bachelor,Middle Eastern,Jordan,English;Arabic;Farsi,17,False,False,True,True,6,182,42,4.5,visa;cultural_adjustment;career,"Mona Ghazali is a Bachelor student in Nursing at Macquarie University. They have been living in Australia for 17 years. Originally from Jordan, they offer a cross-cultural perspective. They speak English, Arabic, Farsi. They can help with cultural adaptation and settling in, career guidance and employability, and are available for one-off or ongoing mentoring."
543,Neha,Kumar,Professor,University of Western Australia,Computer Science,PhD,Indian,India,English;Hindi,14,True,True,True,True,6,88,13,4.4,academics;scholarships;career,"Neha Kumar is a Professor in the Computer Science department at University of Western Australia. They have 14 years of experience in Australian higher education. Originally from India, they offer a cross-cultural perspective. They speak English, Hindi. They can help with visa and immigration processes, housing and accommodation, cultural adaptation and settling in, career guidance and employability, and are available for one-off or ongoing mentoring."
544,Luke,Johnson,Student,University of Western Australia,Public Health,Master,European,Sweden,English;Italian,5,True,True,True,True,10,52,45,4.7,housing;visa;academics;career,"Luke Johnson is a Master student in Public Health at University of Western Australia. They have been living in Australia for 5 years. Originally from Sweden, they offer a cross-cultural perspective. They speak English, Italian. They can help with visa and immigration processes, housing and accommodation, cultural adaptation and settling in, career guidance and employability, and are available for one-off or ongoing mentoring."
545,Daniela,Torres,Professor,University of Newcastle,Psychology,PostDoc,Latin American,Brazil,English;Spanish,19,True,False,True,False,9,92,32,3.9,academics;career;research,"Daniela Torres is a Professor in the Psychology department at University of Newcastle. They have 19 years of experience in Australian higher education. Originally from Brazil, they offer a cross-cultural perspective. They speak English, Spanish. They can help with visa and immigration processes, cultural adaptation and settling in, and are available for one-off or ongoing mentoring."
546,Yusuf,Ghazali,Student,University of Melbourne,Nursing,Bachelor,Middle Eastern,Lebanon,Arabic;English,2,False,False,True,True,10,125,21,3.6,academics;career;scholarships;visa,"Yusuf Ghazali is a Bachelor student in Nursing at University of Melbourne. They have been living in Australia for 2 years. Originally from Lebanon, they offer a cross-cultural perspective. They speak Arabic, English. They can help with cultural adaptation and settling in, career guidance and employability, and are available for one-off or ongoing mentoring."
547,Na,Yang,Professor,University of Melbourne,Civil Engineering,PhD,Chinese,China,Mandarin;English,4,True,True,True,True,8,12,33,3.7,research;academics,"Na Yang is a Professor in the Civil Engineering department at University of Melbourne. They have 4 years of experience in Australian higher education. Originally from China, they offer a cross-cultural perspective. They speak Mandarin, English. They can help with visa and immigration processes, housing and accommodation, cultural adaptation and settling in, career guidance and employability, and are available for one-off or ongoing mentoring."
548,Sneha,Sharma,Parent,University of Western Australia,Artificial Intelligence,Bachelor,Indian,India,English;Tamil,2,True,True,True,True,8,45,40,4.4,cultural_adjustment;school_enrollment;student_safety;visa,"Sneha Sharma has been living in Australia for 2 years and supports their child at University of Western Australia. Originally from India, they offer a cross-cultural perspective. They speak English, Tamil. They can help with visa and immigration processes, housing and accommodation, cultural adaptation and settling in, career guidance and employability, and are available for one-off or ongoing mentoring."
549,Leila,Al-Rashid,Student,University of Western Australia,Biotechnology,Master,Middle Eastern,Egypt,English;Arabic;French,12,True,False,True,False,5,72,9,4.7,visa;scholarships,"Leila Al-Rashid is a Master student in Biotechnology at University of Western Australia. They have been living in Australia for 12 years. Originally from Egypt, they offer a cross-cultural perspective. They speak English, Arabic, French. They can help with visa and immigration processes, cultural adaptation and settling in, and are available for one-off or ongoing mentoring."
550,Jide,Dankwa,Professor,Queensland University of Technology,Law,Master,African,Tanzania,English,7,False,False,False,True,5,22,14,3.6,academics;scholarships;career,"Jide Dankwa is a Professor in the Law department at Queensland University of Technology. They have 7 years of experience in Australian higher education. Originally from Tanzania, they offer a cross-cultural perspective. They speak English. They can help with career guidance and employability, and are available for one-off or ongoing mentoring."
551,Amira,Karimi,Parent,University of Western Australia,Civil Engineering,PhD,Middle Eastern,Lebanon,English;Arabic;Farsi,4,False,True,True,False,4,52,19,4.6,housing;visa;finances;student_safety,"Amira Karimi has been living in Australia for 4 years and supports their child at University of Western Australia. Originally from Lebanon, they offer a cross-cultural perspective. They speak English, Arabic, Farsi. They can help with housing and accommodation, cultural adaptation and settling in, and are available for one-off or ongoing mentoring."
552,Hassan,Darwish,Professor,University of Adelaide,Accounting,Bachelor,Middle Eastern,Saudi Arabia,English;Arabic;French,7,False,False,True,False,8,162,43,4.3,academics;industry_transition;networking;scholarships,"Hassan Darwish is a Professor in the Accounting department at University of Adelaide. They have 7 years of experience in Australian higher education. Originally from Saudi Arabia, they offer a cross-cultural perspective. They speak English, Arabic, French. They can help with cultural adaptation and settling in, and are available for one-off or ongoing mentoring."
553,Efua,Fadahunsi,Parent,University of Adelaide,Artificial Intelligence,PhD,African,Ghana,English;French,12,True,False,True,False,5,69,43,3.6,student_safety;housing,"Efua Fadahunsi has been living in Australia for 12 years and supports their child at University of Adelaide. Originally from Ghana, they offer a cross-cultural perspective. They speak English, French. They can help with visa and immigration processes, cultural adaptation and settling in, and are available for one-off or ongoing mentoring."
554,Luke,Jensen,Student,Deakin University,Electrical Engineering,Master,European,Sweden,English;German,10,False,False,True,False,10,36,4,3.8,scholarships;housing;academics,"Luke Jensen is a Master student in Electrical Engineering at Deakin University. They have been living in Australia for 10 years. Originally from Sweden, they offer a cross-cultural perspective. They speak English, German. They can help with cultural adaptation and settling in, and are available for one-off or ongoing mentoring."
555,Sneha,Sharma,Parent,RMIT University,Pharmacy,Bachelor,Indian,India,English;Tamil,16,True,False,True,False,4,147,41,4.7,visa;finances,"Sneha Sharma has been living in Australia for 16 years and supports their child at RMIT University. Originally from India, they offer a cross-cultural perspective. They speak English, Tamil. They can help with visa and immigration processes, cultural adaptation and settling in, and are available for one-off or ongoing mentoring."
556,Nnamdi,Eze,Student,Monash University,Environmental Science,PhD,African,Ethiopia,English;Swahili,7,False,True,True,False,5,147,25,4.1,career;visa;scholarships;housing,"Nnamdi Eze is a PhD student in Environmental Science at Monash University. They have been living in Australia for 7 years. Originally from Ethiopia, they offer a cross-cultural perspective. They speak English, Swahili. They can help with housing and accommodation, cultural adaptation and settling in, and are available for one-off or ongoing mentoring."
557,Aiden,Williams,Professor,University of Adelaide,Artificial Intelligence,PhD,Australian Domestic,Australia,English,12,False,True,True,True,8,152,10,3.5,academics;career;industry_transition,"Aiden Williams is a Professor in the Artificial Intelligence department at University of Adelaide. They have 12 years of experience in Australian higher education. Originally from Australia, they offer a cross-cultural perspective. They speak English. They can help with housing and accommodation, cultural adaptation and settling in, career guidance and employability, and are available for one-off or ongoing mentoring."
558,Kwame,Adeyemi,Professor,Curtin University,Medicine,PostDoc,African,Tanzania,English;Arabic,15,True,False,True,True,10,135,16,4.4,research;industry_transition,"Kwame Adeyemi is a Professor in the Medicine department at Curtin University. They have 15 years of experience in Australian higher education. Originally from Tanzania, they offer a cross-cultural perspective. They speak English, Arabic. They can help with visa and immigration processes, cultural adaptation and settling in, career guidance and employability, and are available for one-off or ongoing mentoring."
559,Jun,Tang,Student,University of Sydney,Business Analytics,Master,Chinese,China,English;Mandarin,2,False,False,False,True,10,87,29,4.0,academics;visa;cultural_adjustment,"Jun Tang is a Master student in Business Analytics at University of Sydney. They have been living in Australia for 2 years. Originally from China, they offer a cross-cultural perspective. They speak English, Mandarin. They can help with career guidance and employability, and are available for one-off or ongoing mentoring."
560,Lakshmi,Tiwari,Professor,Australian National University,Nursing,PostDoc,Indian,Sri Lanka,English;Hindi;Tamil,7,False,False,True,True,7,109,28,4.8,networking;research;academics;scholarships,"Lakshmi Tiwari is a Professor in the Nursing department at Australian National University. They have 7 years of experience in Australian higher education. Originally from Sri Lanka, they offer a cross-cultural perspective. They speak English, Hindi, Tamil. They can help with cultural adaptation and settling in, career guidance and employability, and are available for one-off or ongoing mentoring."
561,Lina,Qureshi,Student,University of Western Australia,Mechanical Engineering,Bachelor,Middle Eastern,Iran,English;Arabic;Farsi,18,True,True,True,True,6,101,11,3.6,career;housing,"Lina Qureshi is a Bachelor student in Mechanical Engineering at University of Western Australia. They have been living in Australia for 18 years. Originally from Iran, they offer a cross-cultural perspective. They speak English, Arabic, Farsi. They can help with visa and immigration processes, housing and accommodation, cultural adaptation and settling in, career guidance and employability, and are available for one-off or ongoing mentoring."
562,Lina,Yilmaz,Student,Australian National University,Computer Science,Master,Middle Eastern,Lebanon,English;Arabic;French,12,False,False,True,True,8,194,36,4.9,housing;cultural_adjustment,"Lina Yilmaz is a Master student in Computer Science at Australian National University. They have been living in Australia for 12 years. Originally from Lebanon, they offer a cross-cultural perspective. They speak English, Arabic, French. They can help with cultural adaptation and settling in, career guidance and employability, and are available for one-off or ongoing mentoring."
563,Kate,Harris,Parent,University of Queensland,Marketing,Master,Australian Domestic,New Zealand,English;Hindi,11,True,True,True,True,7,93,4,4.1,school_enrollment;student_safety;finances;housing,"Kate Harris has been living in Australia for 11 years and supports their child at University of Queensland. Originally from New Zealand, they offer a cross-cultural perspective. They speak English, Hindi. They can help with visa and immigration processes, housing and accommodation, cultural adaptation and settling in, career guidance and employability, and are available for one-off or ongoing mentoring."
564,Alice,Klein,Professor,Australian National University,Business Analytics,PostDoc,European,United Kingdom,English;Spanish,14,True,True,False,True,7,156,32,4.4,industry_transition;networking,"Alice Klein is a Professor in the Business Analytics department at Australian National University. They have 14 years of experience in Australian higher education. Originally from United Kingdom, they offer a cross-cultural perspective. They speak English, Spanish. They can help with visa and immigration processes, housing and accommodation, career guidance and employability, and are available for one-off or ongoing mentoring."
565,Lin,Lin,Student,Monash University,Civil Engineering,Master,Chinese,China,English;Mandarin,17,True,False,True,True,8,84,1,4.8,scholarships;visa;academics;housing,"Lin Lin is a Master student in Civil Engineering at Monash University. They have been living in Australia for 17 years. Originally from China, they offer a cross-cultural perspective. They speak English, Mandarin. They can help with visa and immigration processes, cultural adaptation and settling in, career guidance and employability, and are available for one-off or ongoing mentoring."
566,Deepak,Verma,Student,Deakin University,Social Work,Master,Indian,India,English;Hindi;Tamil,18,True,True,True,True,7,34,32,4.1,scholarships;academics;housing,"Deepak Verma is a Master student in Social Work at Deakin University. They have been living in Australia for 18 years. Originally from India, they offer a cross-cultural perspective. They speak English, Hindi, Tamil. They can help with visa and immigration processes, housing and accommodation, cultural adaptation and settling in, career guidance and employability, and are available for one-off or ongoing mentoring."
567,Daniel,Williams,Student,University of Newcastle,Law,Master,European,Poland,English;German,20,False,True,True,False,4,186,35,4.0,visa;housing;career;cultural_adjustment,"Daniel Williams is a Master student in Law at University of Newcastle. They have been living in Australia for 20 years. Originally from Poland, they offer a cross-cultural perspective. They speak English, German. They can help with housing and accommodation, cultural adaptation and settling in, and are available for one-off or ongoing mentoring."
568,Ana,Castillo,Professor,Curtin University,Civil Engineering,PostDoc,Latin American,Argentina,English;Spanish;Portuguese,5,True,False,True,True,3,1,37,4.5,networking;academics,"Ana Castillo is a Professor in the Civil Engineering department at Curtin University. They have 5 years of experience in Australian higher education. Originally from Argentina, they offer a cross-cultural perspective. They speak English, Spanish, Portuguese. They can help with visa and immigration processes, cultural adaptation and settling in, career guidance and employability, and are available for one-off or ongoing mentoring."
569,Lakshmi,Singh,Student,University of Newcastle,Medicine,Bachelor,Indian,India,English;Hindi;Bengali,14,True,True,True,False,2,13,21,4.5,scholarships;housing;cultural_adjustment,"Lakshmi Singh is a Bachelor student in Medicine at University of Newcastle. They have been living in Australia for 14 years. Originally from India, they offer a cross-cultural perspective. They speak English, Hindi, Bengali. They can help with visa and immigration processes, housing and accommodation, cultural adaptation and settling in, and are available for one-off or ongoing mentoring."
570,Anh,Dewi,Student,Curtin University,Public Health,Bachelor,Southeast Asian,Vietnam,English;Malay;Indonesian,7,True,False,True,False,5,43,6,3.5,visa;academics;housing,"Anh Dewi is a Bachelor student in Public Health at Curtin University. They have been living in Australia for 7 years. Originally from Vietnam, they offer a cross-cultural perspective. They speak English, Malay, Indonesian. They can help with visa and immigration processes, cultural adaptation and settling in, and are available for one-off or ongoing mentoring."
571,Aziz,Santoso,Professor,University of Melbourne,Law,PhD,Southeast Asian,Singapore,English;Vietnamese,15,True,True,True,True,5,30,22,5.0,networking;academics,"Aziz Santoso is a Professor in the Law department at University of Melbourne. They have 15 years of experience in Australian higher education. Originally from Singapore, they offer a cross-cultural perspective. They speak English, Vietnamese. They can help with visa and immigration processes, housing and accommodation, cultural adaptation and settling in, career guidance and employability, and are available for one-off or ongoing mentoring."
572,Rania,Ghazali,Student,University of Western Australia,Artificial Intelligence,PhD,Middle Eastern,Turkey,English;Arabic;French,19,False,False,True,False,7,23,43,4.1,academics;visa;housing,"Rania Ghazali is a PhD student in Artificial Intelligence at University of Western Australia. They have been living in Australia for 19 years. Originally from Turkey, they offer a cross-cultural perspective. They speak English, Arabic, French. They can help with cultural adaptation and settling in, and are available for one-off or ongoing mentoring."
573,Wati,Wibowo,Professor,Australian National University,Mechanical Engineering,PhD,Southeast Asian,Myanmar,English;Malay;Indonesian,11,False,False,True,True,3,124,30,4.6,scholarships;networking;research;academics,"Wati Wibowo is a Professor in the Mechanical Engineering department at Australian National University. They have 11 years of experience in Australian higher education. Originally from Myanmar, they offer a cross-cultural perspective. They speak English, Malay, Indonesian. They can help with cultural adaptation and settling in, career guidance and employability, and are available for one-off or ongoing mentoring."
574,Riya,Nair,Professor,Monash University,Public Health,Master,Indian,Sri Lanka,English;Hindi,17,False,True,True,True,4,90,5,4.5,networking;career,"Riya Nair is a Professor in the Public Health department at Monash University. They have 17 years of experience in Australian higher education. Originally from Sri Lanka, they offer a cross-cultural perspective. They speak English, Hindi. They can help with housing and accommodation, cultural adaptation and settling in, career guidance and employability, and are available for one-off or ongoing mentoring."
575,Ava,Jackson,Student,University of Western Australia,Mechanical Engineering,Master,Australian Domestic,Australia,English;Hindi,7,True,False,True,True,8,91,37,4.8,scholarships;housing;academics;cultural_adjustment,"Ava Jackson is a Master student in Mechanical Engineering at University of Western Australia. They have been living in Australia for 7 years. Originally from Australia, they offer a cross-cultural perspective. They speak English, Hindi. They can help with visa and immigration processes, cultural adaptation and settling in, career guidance and employability, and are available for one-off or ongoing mentoring."
576,Amara,Kamara,Professor,Monash University,Cybersecurity,PhD,African,Zimbabwe,English,4,False,True,True,True,3,53,13,3.6,research;career,"Amara Kamara is a Professor in the Cybersecurity department at Monash University. They have 4 years of experience in Australian higher education. Originally from Zimbabwe, they offer a cross-cultural perspective. They speak English. They can help with housing and accommodation, cultural adaptation and settling in, career guidance and employability, and are available for one-off or ongoing mentoring."
577,Hamid,Khalil,Parent,University of Technology Sydney,Business Analytics,Master,Middle Eastern,Turkey,English;Arabic;French,20,True,True,True,False,10,165,3,4.8,visa;housing;student_safety;school_enrollment,"Hamid Khalil has been living in Australia for 20 years and supports their child at University of Technology Sydney. Originally from Turkey, they offer a cross-cultural perspective. They speak English, Arabic, French. They can help with visa and immigration processes, housing and accommodation, cultural adaptation and settling in, and are available for one-off or ongoing mentoring."
578,Noah,Harris,Professor,University of Sydney,Economics,PhD,Australian Domestic,Australia,English;Mandarin,11,True,True,False,True,2,106,17,4.4,academics;industry_transition;career,"Noah Harris is a Professor in the Economics department at University of Sydney. They have 11 years of experience in Australian higher education. Originally from Australia, they offer a cross-cultural perspective. They speak English, Mandarin. They can help with visa and immigration processes, housing and accommodation, career guidance and employability, and are available for one-off or ongoing mentoring."
579,Adam,Muller,Professor,Monash University,Economics,PhD,European,United Kingdom,English;German,9,False,True,True,True,4,160,7,3.9,industry_transition;career;research,"Adam Muller is a Professor in the Economics department at Monash University. They have 9 years of experience in Australian higher education. Originally from United Kingdom, they offer a cross-cultural perspective. They speak English, German. They can help with housing and accommodation, cultural adaptation and settling in, career guidance and employability, and are available for one-off or ongoing mentoring."
580,Rui,Tang,Professor,RMIT University,Electrical Engineering,PhD,Chinese,Taiwan,English;Mandarin;Cantonese,3,True,True,False,True,4,104,33,3.7,academics;industry_transition,"Rui Tang is a Professor in the Electrical Engineering department at RMIT University. They have 3 years of experience in Australian higher education. Originally from Taiwan, they offer a cross-cultural perspective. They speak English, Mandarin, Cantonese. They can help with visa and immigration processes, housing and accommodation, career guidance and employability, and are available for one-off or ongoing mentoring."
581,Mia,Berg,Professor,Curtin University,Psychology,PhD,European,Sweden,English;French,3,True,True,True,True,1,131,9,4.9,career;academics,"Mia Berg is a Professor in the Psychology department at Curtin University. They have 3 years of experience in Australian higher education. Originally from Sweden, they offer a cross-cultural perspective. They speak English, French. They can help with visa and immigration processes, housing and accommodation, cultural adaptation and settling in, career guidance and employability, and are available for one-off or ongoing mentoring."
582,Andres,Aguilar,Professor,University of Technology Sydney,Accounting,PostDoc,Latin American,Peru,English;Portuguese,5,False,True,False,True,6,11,41,4.8,research;career,"Andres Aguilar is a Professor in the Accounting department at University of Technology Sydney. They have 5 years of experience in Australian higher education. Originally from Peru, they offer a cross-cultural perspective. They speak English, Portuguese. They can help with housing and accommodation, career guidance and employability, and are available for one-off or ongoing mentoring."
583,Aiden,Moore,Student,Macquarie University,Business Analytics,Master,Australian Domestic,Australia,English,17,True,False,False,True,5,171,47,4.4,career;cultural_adjustment;visa;scholarships,"Aiden Moore is a Master student in Business Analytics at Macquarie University. They have been living in Australia for 17 years. Originally from Australia, they offer a cross-cultural perspective. They speak English. They can help with visa and immigration processes, career guidance and employability, and are available for one-off or ongoing mentoring."
584,Lily,White,Student,University of Queensland,Psychology,PostDoc,Australian Domestic,Australia,English,15,False,True,True,False,5,98,21,3.7,housing;scholarships;career,"Lily White is a PostDoc student in Psychology at University of Queensland. They have been living in Australia for 15 years. Originally from Australia, they offer a cross-cultural perspective. They speak English. They can help with housing and accommodation, cultural adaptation and settling in, and are available for one-off or ongoing mentoring."
585,Hassan,Yilmaz,Student,RMIT University,Chemical Engineering,Bachelor,Middle Eastern,UAE,English;Arabic;Farsi,5,False,True,True,False,7,76,25,4.0,career;scholarships,"Hassan Yilmaz is a Bachelor student in Chemical Engineering at RMIT University. They have been living in Australia for 5 years. Originally from UAE, they offer a cross-cultural perspective. They speak English, Arabic, Farsi. They can help with housing and accommodation, cultural adaptation and settling in, and are available for one-off or ongoing mentoring."
586,Dewi,Wibowo,Student,Macquarie University,Psychology,Bachelor,Southeast Asian,Vietnam,English;Malay,20,True,False,True,False,8,87,17,4.3,visa;cultural_adjustment;career;scholarships,"Dewi Wibowo is a Bachelor student in Psychology at Macquarie University. They have been living in Australia for 20 years. Originally from Vietnam, they offer a cross-cultural perspective. They speak English, Malay. They can help with visa and immigration processes, cultural adaptation and settling in, and are available for one-off or ongoing mentoring."
587,Hudson,Brown,Student,Australian National University,Finance,Bachelor,Australian Domestic,Australia,English;Mandarin,11,False,False,True,True,9,173,14,3.9,visa;housing,"Hudson Brown is a Bachelor student in Finance at Australian National University. They have been living in Australia for 11 years. Originally from Australia, they offer a cross-cultural perspective. They speak English, Mandarin. They can help with cultural adaptation and settling in, career guidance and employability, and are available for one-off or ongoing mentoring."
588,Jide,Eze,Parent,Macquarie University,Business Analytics,Bachelor,African,Zimbabwe,English;Swahili,3,True,True,True,True,1,109,16,3.7,student_safety;school_enrollment;finances;housing,"Jide Eze has been living in Australia for 3 years and supports their child at Macquarie University. Originally from Zimbabwe, they offer a cross-cultural perspective. They speak English, Swahili. They can help with visa and immigration processes, housing and accommodation, cultural adaptation and settling in, career guidance and employability, and are available for one-off or ongoing mentoring."
589,Aiden,Lewis,Professor,RMIT University,Law,PostDoc,Australian Domestic,Australia,English;Mandarin,15,True,False,True,True,3,106,15,3.7,networking;industry_transition,"Aiden Lewis is a Professor in the Law department at RMIT University. They have 15 years of experience in Australian higher education. Originally from Australia, they offer a cross-cultural perspective. They speak English, Mandarin. They can help with visa and immigration processes, cultural adaptation and settling in, career guidance and employability, and are available for one-off or ongoing mentoring."
590,Yasmine,Bakr,Professor,University of Melbourne,Social Work,PhD,Middle Eastern,UAE,English;Arabic,17,True,True,False,True,3,143,8,4.2,networking;research;career;academics,"Yasmine Bakr is a Professor in the Social Work department at University of Melbourne. They have 17 years of experience in Australian higher education. Originally from UAE, they offer a cross-cultural perspective. They speak English, Arabic. They can help with visa and immigration processes, housing and accommodation, career guidance and employability, and are available for one-off or ongoing mentoring."
591,Chiamaka,Jallow,Parent,University of Western Australia,Chemical Engineering,Master,African,Kenya,English;Swahili,11,True,True,True,False,8,182,7,4.7,housing;visa;cultural_adjustment,"Chiamaka Jallow has been living in Australia for 11 years and supports their child at University of Western Australia. Originally from Kenya, they offer a cross-cultural perspective. They speak English, Swahili. They can help with visa and immigration processes, housing and accommodation, cultural adaptation and settling in, and are available for one-off or ongoing mentoring."
592,Khalid,Tahir,Professor,Curtin University,Social Work,PhD,Middle Eastern,Lebanon,English;Arabic,1,False,True,True,True,4,28,25,3.8,career;research,"Khalid Tahir is a Professor in the Social Work department at Curtin University. They have 1 years of experience in Australian higher education. Originally from Lebanon, they offer a cross-cultural perspective. They speak English, Arabic. They can help with housing and accommodation, cultural adaptation and settling in, career guidance and employability, and are available for one-off or ongoing mentoring."
593,Rohan,Kaur,Parent,Macquarie University,Economics,Bachelor,Indian,India,English;Hindi;Bengali,1,False,True,True,False,3,93,32,4.4,student_safety;finances;visa;school_enrollment,"Rohan Kaur has been living in Australia for 1 years and supports their child at Macquarie University. Originally from India, they offer a cross-cultural perspective. They speak English, Hindi, Bengali. They can help with housing and accommodation, cultural adaptation and settling in, and are available for one-off or ongoing mentoring."
594,Lily,Wilson,Parent,Macquarie University,Biotechnology,Bachelor,Australian Domestic,Australia,English;Hindi,6,False,True,True,False,2,91,10,4.7,housing;visa;student_safety;cultural_adjustment,"Lily Wilson has been living in Australia for 6 years and supports their child at Macquarie University. Originally from Australia, they offer a cross-cultural perspective. They speak English, Hindi. They can help with housing and accommodation, cultural adaptation and settling in, and are available for one-off or ongoing mentoring."
595,Ibrahim,Farouk,Student,University of Queensland,Environmental Science,Bachelor,Middle Eastern,Lebanon,English;Arabic,4,False,True,True,True,1,192,10,4.2,academics;scholarships;visa,"Ibrahim Farouk is a Bachelor student in Environmental Science at University of Queensland. They have been living in Australia for 4 years. Originally from Lebanon, they offer a cross-cultural perspective. They speak English, Arabic. They can help with housing and accommodation, cultural adaptation and settling in, career guidance and employability, and are available for one-off or ongoing mentoring."
596,Kareem,Hakim,Student,University of Sydney,Architecture,Bachelor,Middle Eastern,Lebanon,English;Arabic,1,True,False,True,True,5,61,38,4.7,scholarships;visa;housing,"Kareem Hakim is a Bachelor student in Architecture at University of Sydney. They have been living in Australia for 1 years. Originally from Lebanon, they offer a cross-cultural perspective. They speak English, Arabic. They can help with visa and immigration processes, cultural adaptation and settling in, career guidance and employability, and are available for one-off or ongoing mentoring."
597,Karen,Castillo,Professor,Curtin University,Economics,Master,Latin American,Venezuela,English;Portuguese,8,False,False,True,True,2,137,11,3.8,scholarships;research,"Karen Castillo is a Professor in the Economics department at Curtin University. They have 8 years of experience in Australian higher education. Originally from Venezuela, they offer a cross-cultural perspective. They speak English, Portuguese. They can help with cultural adaptation and settling in, career guidance and employability, and are available for one-off or ongoing mentoring."
598,Bashir,Ismail,Parent,University of Queensland,Data Science,Master,Middle Eastern,UAE,Arabic;English,3,True,True,True,True,1,98,30,4.5,school_enrollment;housing;cultural_adjustment;visa,"Bashir Ismail has been living in Australia for 3 years and supports their child at University of Queensland. Originally from UAE, they offer a cross-cultural perspective. They speak Arabic, English. They can help with visa and immigration processes, housing and accommodation, cultural adaptation and settling in, career guidance and employability, and are available for one-off or ongoing mentoring."
599,Tanvi,Chopra,Parent,University of Queensland,Law,PostDoc,Indian,India,English;Tamil,16,True,True,True,True,6,90,39,4.9,housing;finances,"Tanvi Chopra has been living in Australia for 16 years and supports their child at University of Queensland. Originally from India, they offer a cross-cultural perspective. They speak English, Tamil. They can help with visa and immigration processes, housing and accommodation, cultural adaptation and settling in, career guidance and employability, and are available for one-off or ongoing mentoring."
600,Sanjay,Mehta,Professor,University of Melbourne,Education,Master,Indian,India,English;Tamil,14,True,False,True,True,7,178,31,4.1,career;scholarships;academics,"Sanjay Mehta is a Professor in the Education department at University of Melbourne. They have 14 years of experience in Australian higher education. Originally from India, they offer a cross-cultural perspective. They speak English, Tamil. They can help with visa and immigration processes, cultural adaptation and settling in, career guidance and employability, and are available for one-off or ongoing mentoring."
601,Khalid,Yilmaz,Parent,University of Western Australia,Chemical Engineering,PhD,Middle Eastern,Turkey,English;Arabic,12,True,True,False,True,5,154,29,4.3,cultural_adjustment;housing;finances,"Khalid Yilmaz has been living in Australia for 12 years and supports their child at University of Western Australia. Originally from Turkey, they offer a cross-cultural perspective. They speak English, Arabic. They can help with visa and immigration processes, housing and accommodation, career guidance and employability, and are available for one-off or ongoing mentoring."
602,Tom,Green,Professor,University of Western Australia,Public Health,PhD,European,Italy,English;German,3,True,True,True,True,4,144,39,4.1,academics;career,"Tom Green is a Professor in the Public Health department at University of Western Australia. They have 3 years of experience in Australian higher education. Originally from Italy, they offer a cross-cultural perspective. They speak English, German. They can help with visa and immigration processes, housing and accommodation, cultural adaptation and settling in, career guidance and employability, and are available for one-off or ongoing mentoring."
603,Chioma,Okafor,Student,Macquarie University,Accounting,Master,African,Nigeria,English;French,15,True,False,True,True,9,6,34,4.7,housing;career,"Chioma Okafor is a Master student in Accounting at Macquarie University. They have been living in Australia for 15 years. Originally from Nigeria, they offer a cross-cultural perspective. They speak English, French. They can help with visa and immigration processes, cultural adaptation and settling in, career guidance and employability, and are available for one-off or ongoing mentoring."
604,Rohan,Agarwal,Student,University of Western Australia,Biotechnology,Master,Indian,Sri Lanka,English;Bengali,12,False,True,True,False,8,66,9,4.0,visa;career;academics,"Rohan Agarwal is a Master student in Biotechnology at University of Western Australia. They have been living in Australia for 12 years. Originally from Sri Lanka, they offer a cross-cultural perspective. They speak English, Bengali. They can help with housing and accommodation, cultural adaptation and settling in, and are available for one-off or ongoing mentoring."
605,Georgia,Jackson,Professor,University of Newcastle,Law,PhD,Australian Domestic,Australia,English;Hindi,19,False,False,True,True,8,133,42,4.8,research;career;industry_transition,"Georgia Jackson is a Professor in the Law department at University of Newcastle. They have 19 years of experience in Australian higher education. Originally from Australia, they offer a cross-cultural perspective. They speak English, Hindi. They can help with cultural adaptation and settling in, career guidance and employability, and are available for one-off or ongoing mentoring."
606,Anh,Wibowo,Parent,University of New South Wales,Environmental Science,PostDoc,Southeast Asian,Indonesia,English;Malay;Indonesian,20,True,True,True,False,4,173,11,4.7,finances;visa;housing,"Anh Wibowo has been living in Australia for 20 years and supports their child at University of New South Wales. Originally from Indonesia, they offer a cross-cultural perspective. They speak English, Malay, Indonesian. They can help with visa and immigration processes, housing and accommodation, cultural adaptation and settling in, and are available for one-off or ongoing mentoring."
607,Kemi,Kamara,Professor,University of Adelaide,Artificial Intelligence,PostDoc,African,Ghana,English;French,20,False,True,True,True,6,18,36,4.8,scholarships;academics;career,"Kemi Kamara is a Professor in the Artificial Intelligence department at University of Adelaide. They have 20 years of experience in Australian higher education. Originally from Ghana, they offer a cross-cultural perspective. They speak English, French. They can help with housing and accommodation, cultural adaptation and settling in, career guidance and employability, and are available for one-off or ongoing mentoring."
608,Emily,Williams,Student,Macquarie University,Civil Engineering,Master,Australian Domestic,Australia,English,3,True,False,True,False,10,123,11,4.6,housing;academics;career;cultural_adjustment,"Emily Williams is a Master student in Civil Engineering at Macquarie University. They have been living in Australia for 3 years. Originally from Australia, they offer a cross-cultural perspective. They speak English. They can help with visa and immigration processes, cultural adaptation and settling in, and are available for one-off or ongoing mentoring."
609,Emily,Moore,Parent,University of Technology Sydney,Social Work,Master,Australian Domestic,Australia,English;Mandarin,17,False,True,True,True,2,48,3,4.6,finances;visa;school_enrollment;student_safety,"Emily Moore has been living in Australia for 17 years and supports their child at University of Technology Sydney. Originally from Australia, they offer a cross-cultural perspective. They speak English, Mandarin. They can help with housing and accommodation, cultural adaptation and settling in, career guidance and employability, and are available for one-off or ongoing mentoring."
610,Bui,Wibowo,Professor,University of Newcastle,Education,PhD,Southeast Asian,Indonesia,English;Malay,16,True,False,False,True,3,114,23,4.4,career;scholarships;academics,"Bui Wibowo is a Professor in the Education department at University of Newcastle. They have 16 years of experience in Australian higher education. Originally from Indonesia, they offer a cross-cultural perspective. They speak English, Malay. They can help with visa and immigration processes, career guidance and employability, and are available for one-off or ongoing mentoring."
611,Yaa,Eze,Parent,Queensland University of Technology,Marketing,Bachelor,African,Tanzania,English,20,True,True,True,True,7,97,48,4.8,visa;finances;school_enrollment;student_safety,"Yaa Eze has been living in Australia for 20 years and supports their child at Queensland University of Technology. Originally from Tanzania, they offer a cross-cultural perspective. They speak English. They can help with visa and immigration processes, housing and accommodation, cultural adaptation and settling in, career guidance and employability, and are available for one-off or ongoing mentoring."
612,Aiden,Jackson,Professor,University of Queensland,Data Science,PostDoc,Australian Domestic,Australia,English,1,False,False,True,True,7,143,14,4.8,academics;career;industry_transition;networking,"Aiden Jackson is a Professor in the Data Science department at University of Queensland. They have 1 years of experience in Australian higher education. Originally from Australia, they offer a cross-cultural perspective. They speak English. They can help with cultural adaptation and settling in, career guidance and employability, and are available for one-off or ongoing mentoring."
613,Faisal,Darwish,Student,Curtin University,Electrical Engineering,Bachelor,Middle Eastern,Iran,English;Arabic;Farsi,19,True,False,False,True,9,122,5,3.6,housing;career,"Faisal Darwish is a Bachelor student in Electrical Engineering at Curtin University. They have been living in Australia for 19 years. Originally from Iran, they offer a cross-cultural perspective. They speak English, Arabic, Farsi. They can help with visa and immigration processes, career guidance and employability, and are available for one-off or ongoing mentoring."
614,Van,Ngo,Professor,Australian National University,Cybersecurity,Master,Southeast Asian,Philippines,English;Malay,12,True,True,False,False,10,84,33,4.4,scholarships;industry_transition,"Van Ngo is a Professor in the Cybersecurity department at Australian National University. They have 12 years of experience in Australian higher education. Originally from Philippines, they offer a cross-cultural perspective. They speak English, Malay. They can help with visa and immigration processes, housing and accommodation, and are available for one-off or ongoing mentoring."
615,Lina,Mansour,Parent,University of Western Australia,Law,Bachelor,Middle Eastern,Iran,English;Arabic;Farsi,20,True,True,False,False,3,183,6,4.8,housing;cultural_adjustment;student_safety;finances,"Lina Mansour has been living in Australia for 20 years and supports their child at University of Western Australia. Originally from Iran, they offer a cross-cultural perspective. They speak English, Arabic, Farsi. They can help with visa and immigration processes, housing and accommodation, and are available for one-off or ongoing mentoring."
616,Yan,Gao,Parent,University of Western Australia,Artificial Intelligence,PostDoc,Chinese,Taiwan,English;Mandarin,10,True,True,True,False,4,95,12,3.8,finances;cultural_adjustment;student_safety;school_enrollment,"Yan Gao has been living in Australia for 10 years and supports their child at University of Western Australia. Originally from Taiwan, they offer a cross-cultural perspective. They speak English, Mandarin. They can help with visa and immigration processes, housing and accommodation, cultural adaptation and settling in, and are available for one-off or ongoing mentoring."
617,Aiden,Brown,Parent,University of Melbourne,Artificial Intelligence,Master,Australian Domestic,Australia,English;Mandarin,20,False,True,True,False,7,115,28,4.7,cultural_adjustment;school_enrollment;housing,"Aiden Brown has been living in Australia for 20 years and supports their child at University of Melbourne. Originally from Australia, they offer a cross-cultural perspective. They speak English, Mandarin. They can help with housing and accommodation, cultural adaptation and settling in, and are available for one-off or ongoing mentoring."
618,Laura,Schmidt,Professor,University of New South Wales,Public Health,Master,European,United Kingdom,English;Spanish,20,True,True,True,True,7,114,28,3.8,academics;research;scholarships,"Laura Schmidt is a Professor in the Public Health department at University of New South Wales. They have 20 years of experience in Australian higher education. Originally from United Kingdom, they offer a cross-cultural perspective. They speak English, Spanish. They can help with visa and immigration processes, housing and accommodation, cultural adaptation and settling in, career guidance and employability, and are available for one-off or ongoing mentoring."
619,Carlos,Torres,Parent,Queensland University of Technology,Information Systems,Master,Latin American,Peru,English;Portuguese,10,False,True,True,False,6,163,33,4.8,cultural_adjustment;finances;school_enrollment;housing,"Carlos Torres has been living in Australia for 10 years and supports their child at Queensland University of Technology. Originally from Peru, they offer a cross-cultural perspective. They speak English, Portuguese. They can help with housing and accommodation, cultural adaptation and settling in, and are available for one-off or ongoing mentoring."
620,Chioma,Nwosu,Parent,Deakin University,Biotechnology,Bachelor,African,Nigeria,English;French,6,True,True,True,True,3,119,25,4.1,cultural_adjustment;student_safety;school_enrollment,"Chioma Nwosu has been living in Australia for 6 years and supports their child at Deakin University. Originally from Nigeria, they offer a cross-cultural perspective. They speak English, French. They can help with visa and immigration processes, housing and accommodation, cultural adaptation and settling in, career guidance and employability, and are available for one-off or ongoing mentoring."
621,Gbenga,Sesay,Professor,University of Adelaide,Nursing,PhD,African,Zimbabwe,English;Swahili,9,False,True,True,True,3,164,7,4.8,scholarships;industry_transition,"Gbenga Sesay is a Professor in the Nursing department at University of Adelaide. They have 9 years of experience in Australian higher education. Originally from Zimbabwe, they offer a cross-cultural perspective. They speak English, Swahili. They can help with housing and accommodation, cultural adaptation and settling in, career guidance and employability, and are available for one-off or ongoing mentoring."
622,Aisha,Jawad,Professor,Macquarie University,Finance,PostDoc,Middle Eastern,Saudi Arabia,Arabic;English,5,False,True,False,True,4,89,25,4.1,research;networking,"Aisha Jawad is a Professor in the Finance department at Macquarie University. They have 5 years of experience in Australian higher education. Originally from Saudi Arabia, they offer a cross-cultural perspective. They speak Arabic, English. They can help with housing and accommodation, career guidance and employability, and are available for one-off or ongoing mentoring."
623,Daniela,Ramirez,Professor,University of Sydney,Public Health,PostDoc,Latin American,Peru,Spanish;English,1,False,False,False,True,1,28,13,3.8,scholarships;industry_transition;academics;career,"Daniela Ramirez is a Professor in the Public Health department at University of Sydney. They have 1 years of experience in Australian higher education. Originally from Peru, they offer a cross-cultural perspective. They speak Spanish, English. They can help with career guidance and employability, and are available for one-off or ongoing mentoring."
624,Kofi,Sesay,Professor,Australian National University,Computer Science,Master,African,Nigeria,English,12,False,False,True,True,4,17,23,3.9,research;networking;academics,"Kofi Sesay is a Professor in the Computer Science department at Australian National University. They have 12 years of experience in Australian higher education. Originally from Nigeria, they offer a cross-cultural perspective. They speak English. They can help with cultural adaptation and settling in, career guidance and employability, and are available for one-off or ongoing mentoring."
625,Karen,Diaz,Student,University of New South Wales,Law,Bachelor,Latin American,Peru,English;Spanish,13,True,True,False,True,6,112,48,4.4,academics;housing,"Karen Diaz is a Bachelor student in Law at University of New South Wales. They have been living in Australia for 13 years. Originally from Peru, they offer a cross-cultural perspective. They speak English, Spanish. They can help with visa and immigration processes, housing and accommodation, career guidance and employability, and are available for one-off or ongoing mentoring."
626,Alex,Smith,Parent,Australian National University,Pharmacy,Master,European,Germany,English;Spanish,10,True,True,True,True,1,173,25,4.0,cultural_adjustment;housing;finances;school_enrollment,"Alex Smith has been living in Australia for 10 years and supports their child at Australian National University. Originally from Germany, they offer a cross-cultural perspective. They speak English, Spanish. They can help with visa and immigration processes, housing and accommodation, cultural adaptation and settling in, career guidance and employability, and are available for one-off or ongoing mentoring."
627,Andres,Medina,Parent,Monash University,Finance,Bachelor,Latin American,Venezuela,Spanish;English,6,False,True,True,True,2,22,20,3.9,visa;finances;cultural_adjustment;school_enrollment,"Andres Medina has been living in Australia for 6 years and supports their child at Monash University. Originally from Venezuela, they offer a cross-cultural perspective. They speak Spanish, English. They can help with housing and accommodation, cultural adaptation and settling in, career guidance and employability, and are available for one-off or ongoing mentoring."
628,Hai,Hassan,Parent,University of Western Australia,Finance,Master,Southeast Asian,Malaysia,English;Indonesian,5,True,True,True,False,5,187,25,4.8,housing;student_safety;school_enrollment,"Hai Hassan has been living in Australia for 5 years and supports their child at University of Western Australia. Originally from Malaysia, they offer a cross-cultural perspective. They speak English, Indonesian. They can help with visa and immigration processes, housing and accommodation, cultural adaptation and settling in, and are available for one-off or ongoing mentoring."
629,Mai,Hoang,Student,University of Newcastle,Information Systems,Master,Southeast Asian,Malaysia,English;Malay;Indonesian,11,False,False,True,True,8,66,16,4.3,housing;cultural_adjustment;scholarships;academics,"Mai Hoang is a Master student in Information Systems at University of Newcastle. They have been living in Australia for 11 years. Originally from Malaysia, they offer a cross-cultural perspective. They speak English, Malay, Indonesian. They can help with cultural adaptation and settling in, career guidance and employability, and are available for one-off or ongoing mentoring."
630,Yemi,Abiodun,Parent,Queensland University of Technology,Public Health,Master,African,Tanzania,English;French,6,False,True,True,True,5,38,8,3.5,cultural_adjustment;student_safety,"Yemi Abiodun has been living in Australia for 6 years and supports their child at Queensland University of Technology. Originally from Tanzania, they offer a cross-cultural perspective. They speak English, French. They can help with housing and accommodation, cultural adaptation and settling in, career guidance and employability, and are available for one-off or ongoing mentoring."
631,Van,Setiawan,Professor,University of Western Australia,Education,PhD,Southeast Asian,Myanmar,English;Indonesian,12,True,False,True,True,8,180,40,4.3,research;scholarships;industry_transition,"Van Setiawan is a Professor in the Education department at University of Western Australia. They have 12 years of experience in Australian higher education. Originally from Myanmar, they offer a cross-cultural perspective. They speak English, Indonesian. They can help with visa and immigration processes, cultural adaptation and settling in, career guidance and employability, and are available for one-off or ongoing mentoring."
632,Zhen,Wang,Parent,Australian National University,Data Science,Master,Chinese,China,English;Mandarin;Cantonese,5,True,True,False,False,3,163,24,4.1,finances;school_enrollment,"Zhen Wang has been living in Australia for 5 years and supports their child at Australian National University. Originally from China, they offer a cross-cultural perspective. They speak English, Mandarin, Cantonese. They can help with visa and immigration processes, housing and accommodation, and are available for one-off or ongoing mentoring."
633,Yemi,Balogun,Professor,Queensland University of Technology,Economics,PhD,African,Kenya,English;Arabic,2,True,False,True,True,8,89,8,4.2,research;career;industry_transition;scholarships,"Yemi Balogun is a Professor in the Economics department at Queensland University of Technology. They have 2 years of experience in Australian higher education. Originally from Kenya, they offer a cross-cultural perspective. They speak English, Arabic. They can help with visa and immigration processes, cultural adaptation and settling in, career guidance and employability, and are available for one-off or ongoing mentoring."
634,Fatima,Ibrahim,Professor,Monash University,Law,PhD,Middle Eastern,Iran,English;Arabic;Farsi,10,True,True,True,True,2,59,21,4.9,research;career;academics;scholarships,"Fatima Ibrahim is a Professor in the Law department at Monash University. They have 10 years of experience in Australian higher education. Originally from Iran, they offer a cross-cultural perspective. They speak English, Arabic, Farsi. They can help with visa and immigration processes, housing and accommodation, cultural adaptation and settling in, career guidance and employability, and are available for one-off or ongoing mentoring."
635,Lucia,Hernandez,Student,University of Newcastle,Chemical Engineering,PhD,Latin American,Colombia,Spanish;English,20,True,True,True,True,2,110,6,4.7,scholarships;career,"Lucia Hernandez is a PhD student in Chemical Engineering at University of Newcastle. They have been living in Australia for 20 years. Originally from Colombia, they offer a cross-cultural perspective. They speak Spanish, English. They can help with visa and immigration processes, housing and accommodation, cultural adaptation and settling in, career guidance and employability, and are available for one-off or ongoing mentoring."
636,Putri,Setiawan,Student,Queensland University of Technology,Cybersecurity,Bachelor,Southeast Asian,Singapore,English;Thai,16,True,True,True,True,3,12,45,4.4,housing;academics;cultural_adjustment;visa,"Putri Setiawan is a Bachelor student in Cybersecurity at Queensland University of Technology. They have been living in Australia for 16 years. Originally from Singapore, they offer a cross-cultural perspective. They speak English, Thai. They can help with visa and immigration processes, housing and accommodation, cultural adaptation and settling in, career guidance and employability, and are available for one-off or ongoing mentoring."
637,Karl,Christensen,Parent,Deakin University,Economics,Bachelor,European,Netherlands,English;Spanish,10,True,True,True,True,2,22,21,4.1,school_enrollment;student_safety;cultural_adjustment;housing,"Karl Christensen has been living in Australia for 10 years and supports their child at Deakin University. Originally from Netherlands, they offer a cross-cultural perspective. They speak English, Spanish. They can help with visa and immigration processes, housing and accommodation, cultural adaptation and settling in, career guidance and employability, and are available for one-off or ongoing mentoring."
638,Eko,Tran,Parent,University of Technology Sydney,Environmental Science,Master,Southeast Asian,Vietnam,English;Vietnamese,8,True,True,True,False,2,140,21,4.8,student_safety;visa,"Eko Tran has been living in Australia for 8 years and supports their child at University of Technology Sydney. Originally from Vietnam, they offer a cross-cultural perspective. They speak English, Vietnamese. They can help with visa and immigration processes, housing and accommodation, cultural adaptation and settling in, and are available for one-off or ongoing mentoring."
639,Damilola,Mensah,Professor,University of Sydney,Education,PostDoc,African,Kenya,English;French,20,True,True,True,True,5,174,21,4.9,research;academics;networking,"Damilola Mensah is a Professor in the Education department at University of Sydney. They have 20 years of experience in Australian higher education. Originally from Kenya, they offer a cross-cultural perspective. They speak English, French. They can help with visa and immigration processes, housing and accommodation, cultural adaptation and settling in, career guidance and employability, and are available for one-off or ongoing mentoring."
640,Neha,Reddy,Parent,Curtin University,Medicine,Master,Indian,Sri Lanka,English;Tamil,14,False,True,True,False,9,53,7,4.1,housing;cultural_adjustment,"Neha Reddy has been living in Australia for 14 years and supports their child at Curtin University. Originally from Sri Lanka, they offer a cross-cultural perspective. They speak English, Tamil. They can help with housing and accommodation, cultural adaptation and settling in, and are available for one-off or ongoing mentoring."
641,Aarti,Iyer,Parent,University of Newcastle,Chemical Engineering,Bachelor,Indian,India,English;Hindi;Bengali,13,True,True,False,True,6,5,30,4.6,finances;school_enrollment;visa,"Aarti Iyer has been living in Australia for 13 years and supports their child at University of Newcastle. Originally from India, they offer a cross-cultural perspective. They speak English, Hindi, Bengali. They can help with visa and immigration processes, housing and accommodation, career guidance and employability, and are available for one-off or ongoing mentoring."
642,Nour,Bakr,Professor,Australian National University,Information Systems,Master,Middle Eastern,UAE,English;Arabic,2,True,False,True,True,4,34,25,4.6,scholarships;career;academics,"Nour Bakr is a Professor in the Information Systems department at Australian National University. They have 2 years of experience in Australian higher education. Originally from UAE, they offer a cross-cultural perspective. They speak English, Arabic. They can help with visa and immigration processes, cultural adaptation and settling in, career guidance and employability, and are available for one-off or ongoing mentoring."
643,Elena,Rossi,Parent,University of Technology Sydney,Mechanical Engineering,Master,European,United Kingdom,English,10,True,True,True,False,1,1,1,4.8,school_enrollment;housing;visa;cultural_adjustment,"Elena Rossi has been living in Australia for 10 years and supports their child at University of Technology Sydney. Originally from United Kingdom, they offer a cross-cultural perspective. They speak English. They can help with visa and immigration processes, housing and accommodation, cultural adaptation and settling in, and are available for one-off or ongoing mentoring."
644,Yi,Zhu,Student,University of Newcastle,Medicine,Master,Chinese,China,English;Mandarin;Cantonese,19,True,True,True,True,10,147,15,4.3,career;scholarships,"Yi Zhu is a Master student in Medicine at University of Newcastle. They have been living in Australia for 19 years. Originally from China, they offer a cross-cultural perspective. They speak English, Mandarin, Cantonese. They can help with visa and immigration processes, housing and accommodation, cultural adaptation and settling in, career guidance and employability, and are available for one-off or ongoing mentoring."
645,Aarti,Sharma,Parent,University of Sydney,Medicine,PhD,Indian,Sri Lanka,English;Hindi,15,True,True,True,True,1,133,28,4.6,cultural_adjustment;housing;student_safety;finances,"Aarti Sharma has been living in Australia for 15 years and supports their child at University of Sydney. Originally from Sri Lanka, they offer a cross-cultural perspective. They speak English, Hindi. They can help with visa and immigration processes, housing and accommodation, cultural adaptation and settling in, career guidance and employability, and are available for one-off or ongoing mentoring."
646,Hien,Susanto,Student,Australian National University,Public Health,Bachelor,Southeast Asian,Malaysia,English;Malay;Indonesian,4,False,False,True,True,2,124,32,3.8,academics;career,"Hien Susanto is a Bachelor student in Public Health at Australian National University. They have been living in Australia for 4 years. Originally from Malaysia, they offer a cross-cultural perspective. They speak English, Malay, Indonesian. They can help with cultural adaptation and settling in, career guidance and employability, and are available for one-off or ongoing mentoring."
647,Tariq,Abbas,Parent,Curtin University,Business Analytics,Master,Middle Eastern,Iran,English;Arabic;French,14,False,True,True,False,8,108,43,4.1,student_safety;housing,"Tariq Abbas has been living in Australia for 14 years and supports their child at Curtin University. Originally from Iran, they offer a cross-cultural perspective. They speak English, Arabic, French. They can help with housing and accommodation, cultural adaptation and settling in, and are available for one-off or ongoing mentoring."
648,Jing,Zhao,Student,RMIT University,Public Health,Bachelor,Chinese,China,English;Mandarin,16,True,True,True,True,3,136,6,4.8,housing;academics,"Jing Zhao is a Bachelor student in Public Health at RMIT University. They have been living in Australia for 16 years. Originally from China, they offer a cross-cultural perspective. They speak English, Mandarin. They can help with visa and immigration processes, housing and accommodation, cultural adaptation and settling in, career guidance and employability, and are available for one-off or ongoing mentoring."
649,Roberto,Diaz,Student,RMIT University,Artificial Intelligence,Master,Latin American,Mexico,English;Spanish;Portuguese,19,True,True,True,True,5,165,48,3.9,housing;scholarships;career;cultural_adjustment,"Roberto Diaz is a Master student in Artificial Intelligence at RMIT University. They have been living in Australia for 19 years. Originally from Mexico, they offer a cross-cultural perspective. They speak English, Spanish, Portuguese. They can help with visa and immigration processes, housing and accommodation, cultural adaptation and settling in, career guidance and employability, and are available for one-off or ongoing mentoring."
650,Leila,Jawad,Student,University of Newcastle,Accounting,Bachelor,Middle Eastern,Saudi Arabia,Arabic;English,11,False,True,False,False,5,10,23,3.6,housing;academics,"Leila Jawad is a Bachelor student in Accounting at University of Newcastle. They have been living in Australia for 11 years. Originally from Saudi Arabia, they offer a cross-cultural perspective. They speak Arabic, English. They can help with housing and accommodation, and are available for one-off or ongoing mentoring."
651,Ting,Ma,Student,Australian National University,Law,Master,Chinese,China,English;Mandarin;Cantonese,19,False,False,True,True,5,75,31,4.8,visa;housing,"Ting Ma is a Master student in Law at Australian National University. They have been living in Australia for 19 years. Originally from China, they offer a cross-cultural perspective. They speak English, Mandarin, Cantonese. They can help with cultural adaptation and settling in, career guidance and employability, and are available for one-off or ongoing mentoring."
652,Mark,Williams,Professor,University of Sydney,Artificial Intelligence,PhD,European,Italy,English;Italian,5,False,False,False,False,7,97,24,4.1,industry_transition;academics,"Mark Williams is a Professor in the Artificial Intelligence department at University of Sydney. They have 5 years of experience in Australian higher education. Originally from Italy, they offer a cross-cultural perspective. They speak English, Italian. They can help with general orientation and university life, and are available for one-off or ongoing mentoring."
653,Tariq,Qureshi,Parent,University of Western Australia,Environmental Science,Master,Middle Eastern,UAE,English;Arabic;French,15,True,True,True,False,9,64,13,4.4,school_enrollment;visa,"Tariq Qureshi has been living in Australia for 15 years and supports their child at University of Western Australia. Originally from UAE, they offer a cross-cultural perspective. They speak English, Arabic, French. They can help with visa and immigration processes, housing and accommodation, cultural adaptation and settling in, and are available for one-off or ongoing mentoring."
654,Huong,Hassan,Parent,Australian National University,Data Science,Master,Southeast Asian,Philippines,English;Malay,11,True,True,True,False,8,50,44,4.6,visa;housing,"Huong Hassan has been living in Australia for 11 years and supports their child at Australian National University. Originally from Philippines, they offer a cross-cultural perspective. They speak English, Malay. They can help with visa and immigration processes, housing and accommodation, cultural adaptation and settling in, and are available for one-off or ongoing mentoring."
655,Roberto,Flores,Parent,Curtin University,Information Systems,Bachelor,Latin American,Argentina,English;Spanish;Portuguese,16,True,True,True,False,8,134,36,4.3,cultural_adjustment;student_safety;finances,"Roberto Flores has been living in Australia for 16 years and supports their child at Curtin University. Originally from Argentina, they offer a cross-cultural perspective. They speak English, Spanish, Portuguese. They can help with visa and immigration processes, housing and accommodation, cultural adaptation and settling in, and are available for one-off or ongoing mentoring."
656,Emeka,Kamara,Parent,University of Sydney,Psychology,PhD,African,Ghana,English,15,False,True,True,True,10,13,25,4.4,housing;student_safety,"Emeka Kamara has been living in Australia for 15 years and supports their child at University of Sydney. Originally from Ghana, they offer a cross-cultural perspective. They speak English. They can help with housing and accommodation, cultural adaptation and settling in, career guidance and employability, and are available for one-off or ongoing mentoring."
657,Amira,Qureshi,Parent,Australian National University,Business Analytics,PhD,Middle Eastern,Turkey,English;Arabic;French,13,True,True,False,False,10,134,20,3.7,housing;school_enrollment,"Amira Qureshi has been living in Australia for 13 years and supports their child at Australian National University. Originally from Turkey, they offer a cross-cultural perspective. They speak English, Arabic, French. They can help with visa and immigration processes, housing and accommodation, and are available for one-off or ongoing mentoring."
658,Lena,Anderson,Student,Macquarie University,Business Analytics,Bachelor,European,United Kingdom,English;French,9,False,True,True,True,2,57,14,4.0,housing;career;scholarships;visa,"Lena Anderson is a Bachelor student in Business Analytics at Macquarie University. They have been living in Australia for 9 years. Originally from United Kingdom, they offer a cross-cultural perspective. They speak English, French. They can help with housing and accommodation, cultural adaptation and settling in, career guidance and employability, and are available for one-off or ongoing mentoring."
659,Karl,Williams,Student,Monash University,Artificial Intelligence,Master,European,Sweden,English;Dutch,19,True,False,True,True,6,52,34,4.9,cultural_adjustment;scholarships;academics;career,"Karl Williams is a Master student in Artificial Intelligence at Monash University. They have been living in Australia for 19 years. Originally from Sweden, they offer a cross-cultural perspective. They speak English, Dutch. They can help with visa and immigration processes, cultural adaptation and settling in, career guidance and employability, and are available for one-off or ongoing mentoring."
660,Khalid,Khalil,Parent,Deakin University,Pharmacy,PhD,Middle Eastern,Jordan,Arabic;English,11,True,True,True,False,4,30,23,4.6,student_safety;housing;cultural_adjustment;finances,"Khalid Khalil has been living in Australia for 11 years and supports their child at Deakin University. Originally from Jordan, they offer a cross-cultural perspective. They speak Arabic, English. They can help with visa and immigration processes, housing and accommodation, cultural adaptation and settling in, and are available for one-off or ongoing mentoring."
661,Finn,Jones,Professor,University of Western Australia,Data Science,PhD,Australian Domestic,Australia,English;Hindi,19,False,True,False,True,3,71,7,5.0,academics;research;scholarships,"Finn Jones is a Professor in the Data Science department at University of Western Australia. They have 19 years of experience in Australian higher education. Originally from Australia, they offer a cross-cultural perspective. They speak English, Hindi. They can help with housing and accommodation, career guidance and employability, and are available for one-off or ongoing mentoring."
662,Luis,Perez,Parent,Queensland University of Technology,Computer Science,Bachelor,Latin American,Peru,Spanish;English,10,True,False,True,False,10,123,26,3.7,finances;school_enrollment,"Luis Perez has been living in Australia for 10 years and supports their child at Queensland University of Technology. Originally from Peru, they offer a cross-cultural perspective. They speak Spanish, English. They can help with visa and immigration processes, cultural adaptation and settling in, and are available for one-off or ongoing mentoring."
663,Deepak,Patel,Parent,University of Western Australia,Medicine,Master,Indian,India,English;Bengali,9,True,True,True,False,8,196,22,5.0,finances;student_safety;school_enrollment;visa,"Deepak Patel has been living in Australia for 9 years and supports their child at University of Western Australia. Originally from India, they offer a cross-cultural perspective. They speak English, Bengali. They can help with visa and immigration processes, housing and accommodation, cultural adaptation and settling in, and are available for one-off or ongoing mentoring."
664,Kai,Zhou,Professor,University of Technology Sydney,Electrical Engineering,PhD,Chinese,China,English;Mandarin,20,False,False,False,True,10,101,26,3.8,career;industry_transition,"Kai Zhou is a Professor in the Electrical Engineering department at University of Technology Sydney. They have 20 years of experience in Australian higher education. Originally from China, they offer a cross-cultural perspective. They speak English, Mandarin. They can help with career guidance and employability, and are available for one-off or ongoing mentoring."
665,Helene,Green,Parent,University of Western Australia,Nursing,Bachelor,European,Sweden,English;German,15,True,True,True,True,8,31,12,3.6,student_safety;housing;visa;school_enrollment,"Helene Green has been living in Australia for 15 years and supports their child at University of Western Australia. Originally from Sweden, they offer a cross-cultural perspective. They speak English, German. They can help with visa and immigration processes, housing and accommodation, cultural adaptation and settling in, career guidance and employability, and are available for one-off or ongoing mentoring."
666,Amara,Okafor,Professor,Queensland University of Technology,Business Analytics,PhD,African,Tanzania,English;Arabic,19,False,False,True,True,3,113,33,5.0,research;academics;networking,"Amara Okafor is a Professor in the Business Analytics department at Queensland University of Technology. They have 19 years of experience in Australian higher education. Originally from Tanzania, they offer a cross-cultural perspective. They speak English, Arabic. They can help with cultural adaptation and settling in, career guidance and employability, and are available for one-off or ongoing mentoring."
667,Jun,Li,Parent,University of Western Australia,Nursing,PostDoc,Chinese,China,Mandarin;English,14,False,True,True,False,2,168,35,4.1,school_enrollment;cultural_adjustment;finances;student_safety,"Jun Li has been living in Australia for 14 years and supports their child at University of Western Australia. Originally from China, they offer a cross-cultural perspective. They speak Mandarin, English. They can help with housing and accommodation, cultural adaptation and settling in, and are available for one-off or ongoing mentoring."
668,Hayden,Moore,Student,University of Melbourne,Business Analytics,Bachelor,Australian Domestic,Australia,English,17,True,True,True,True,8,136,24,4.7,housing;cultural_adjustment;career,"Hayden Moore is a Bachelor student in Business Analytics at University of Melbourne. They have been living in Australia for 17 years. Originally from Australia, they offer a cross-cultural perspective. They speak English. They can help with visa and immigration processes, housing and accommodation, cultural adaptation and settling in, career guidance and employability, and are available for one-off or ongoing mentoring."
669,Miguel,Flores,Parent,Deakin University,Psychology,Bachelor,Latin American,Mexico,English;Spanish,8,True,True,False,False,5,19,9,3.7,cultural_adjustment;housing;school_enrollment,"Miguel Flores has been living in Australia for 8 years and supports their child at Deakin University. Originally from Mexico, they offer a cross-cultural perspective. They speak English, Spanish. They can help with visa and immigration processes, housing and accommodation, and are available for one-off or ongoing mentoring."
670,Ekene,Eze,Professor,University of Queensland,Civil Engineering,Master,African,South Africa,English;French,14,True,True,True,True,7,0,13,5.0,industry_transition;networking,"Ekene Eze is a Professor in the Civil Engineering department at University of Queensland. They have 14 years of experience in Australian higher education. Originally from South Africa, they offer a cross-cultural perspective. They speak English, French. They can help with visa and immigration processes, housing and accommodation, cultural adaptation and settling in, career guidance and employability, and are available for one-off or ongoing mentoring."
671,Ethan,White,Professor,Deakin University,Law,PhD,Australian Domestic,Australia,English,9,True,True,True,True,7,156,31,4.4,industry_transition;research;networking;academics,"Ethan White is a Professor in the Law department at Deakin University. They have 9 years of experience in Australian higher education. Originally from Australia, they offer a cross-cultural perspective. They speak English. They can help with visa and immigration processes, housing and accommodation, cultural adaptation and settling in, career guidance and employability, and are available for one-off or ongoing mentoring."
672,Ifeoma,Dankwa,Professor,University of New South Wales,Cybersecurity,PhD,African,Ghana,English;Arabic,17,False,False,True,True,8,53,36,4.8,networking;academics;scholarships,"Ifeoma Dankwa is a Professor in the Cybersecurity department at University of New South Wales. They have 17 years of experience in Australian higher education. Originally from Ghana, they offer a cross-cultural perspective. They speak English, Arabic. They can help with cultural adaptation and settling in, career guidance and employability, and are available for one-off or ongoing mentoring."
673,Bui,Setiawan,Student,University of Adelaide,Pharmacy,Master,Southeast Asian,Malaysia,English;Malay;Indonesian,8,True,False,True,False,3,29,38,4.4,cultural_adjustment;career,"Bui Setiawan is a Master student in Pharmacy at University of Adelaide. They have been living in Australia for 8 years. Originally from Malaysia, they offer a cross-cultural perspective. They speak English, Malay, Indonesian. They can help with visa and immigration processes, cultural adaptation and settling in, and are available for one-off or ongoing mentoring."
674,Michael,Schmidt,Student,University of Western Australia,Psychology,Bachelor,European,Italy,English,12,True,True,True,False,7,169,41,4.2,academics;scholarships;cultural_adjustment;visa,"Michael Schmidt is a Bachelor student in Psychology at University of Western Australia. They have been living in Australia for 12 years. Originally from Italy, they offer a cross-cultural perspective. They speak English. They can help with visa and immigration processes, housing and accommodation, cultural adaptation and settling in, and are available for one-off or ongoing mentoring."
675,Nadia,Ghazali,Professor,University of Newcastle,Accounting,PhD,Middle Eastern,Turkey,English;Arabic;French,3,True,True,True,True,10,112,17,4.9,networking;industry_transition;research;academics,"Nadia Ghazali is a Professor in the Accounting department at University of Newcastle. They have 3 years of experience in Australian higher education. Originally from Turkey, they offer a cross-cultural perspective. They speak English, Arabic, French. They can help with visa and immigration processes, housing and accommodation, cultural adaptation and settling in, career guidance and employability, and are available for one-off or ongoing mentoring."
676,Alex,Dahl,Professor,Monash University,Finance,PostDoc,European,Spain,English;German,13,True,False,True,True,9,177,31,4.2,career;academics;industry_transition,"Alex Dahl is a Professor in the Finance department at Monash University. They have 13 years of experience in Australian higher education. Originally from Spain, they offer a cross-cultural perspective. They speak English, German. They can help with visa and immigration processes, cultural adaptation and settling in, career guidance and employability, and are available for one-off or ongoing mentoring."
677,Lucia,Diaz,Student,University of Adelaide,Computer Science,Bachelor,Latin American,Venezuela,English;Spanish;Portuguese,1,True,False,False,True,8,103,14,4.4,cultural_adjustment;visa;scholarships,"Lucia Diaz is a Bachelor student in Computer Science at University of Adelaide. They have been living in Australia for 1 years. Originally from Venezuela, they offer a cross-cultural perspective. They speak English, Spanish, Portuguese. They can help with visa and immigration processes, career guidance and employability, and are available for one-off or ongoing mentoring."
678,Ethan,Martin,Professor,University of Newcastle,Accounting,PhD,Australian Domestic,New Zealand,English;Mandarin,17,False,False,True,True,1,6,38,4.4,networking;scholarships;industry_transition;career,"Ethan Martin is a Professor in the Accounting department at University of Newcastle. They have 17 years of experience in Australian higher education. Originally from New Zealand, they offer a cross-cultural perspective. They speak English, Mandarin. They can help with cultural adaptation and settling in, career guidance and employability, and are available for one-off or ongoing mentoring."
679,Kate,Clark,Professor,University of Queensland,Computer Science,PostDoc,Australian Domestic,Australia,English,10,True,True,True,True,8,95,18,3.8,career;research;scholarships,"Kate Clark is a Professor in the Computer Science department at University of Queensland. They have 10 years of experience in Australian higher education. Originally from Australia, they offer a cross-cultural perspective. They speak English. They can help with visa and immigration processes, housing and accommodation, cultural adaptation and settling in, career guidance and employability, and are available for one-off or ongoing mentoring."
680,Finn,Johnson,Professor,University of Melbourne,Marketing,PhD,European,Germany,English,20,False,True,True,True,7,78,25,4.6,career;research,"Finn Johnson is a Professor in the Marketing department at University of Melbourne. They have 20 years of experience in Australian higher education. Originally from Germany, they offer a cross-cultural perspective. They speak English. They can help with housing and accommodation, cultural adaptation and settling in, career guidance and employability, and are available for one-off or ongoing mentoring."
681,Alejandro,Gonzalez,Student,University of Melbourne,Education,Master,Latin American,Argentina,English;Spanish,16,False,False,False,False,7,177,37,3.9,scholarships;academics;housing;career,"Alejandro Gonzalez is a Master student in Education at University of Melbourne. They have been living in Australia for 16 years. Originally from Argentina, they offer a cross-cultural perspective. They speak English, Spanish. They can help with general orientation and university life, and are available for one-off or ongoing mentoring."
682,Jun,Han,Student,Monash University,Accounting,Bachelor,Chinese,Hong Kong,Mandarin;English,17,False,True,True,False,8,87,1,3.6,career;scholarships;academics,"Jun Han is a Bachelor student in Accounting at Monash University. They have been living in Australia for 17 years. Originally from Hong Kong, they offer a cross-cultural perspective. They speak Mandarin, English. They can help with housing and accommodation, cultural adaptation and settling in, and are available for one-off or ongoing mentoring."
683,Luis,Ortiz,Professor,University of Western Australia,Accounting,Master,Latin American,Chile,Spanish;English,9,True,True,True,True,3,32,7,4.0,networking;career;industry_transition;academics,"Luis Ortiz is a Professor in the Accounting department at University of Western Australia. They have 9 years of experience in Australian higher education. Originally from Chile, they offer a cross-cultural perspective. They speak Spanish, English. They can help with visa and immigration processes, housing and accommodation, cultural adaptation and settling in, career guidance and employability, and are available for one-off or ongoing mentoring."
684,Jun,Zhang,Parent,University of Western Australia,Education,Master,Chinese,Taiwan,English;Mandarin;Cantonese,7,True,True,True,False,10,83,38,4.9,visa;cultural_adjustment;finances,"Jun Zhang has been living in Australia for 7 years and supports their child at University of Western Australia. Originally from Taiwan, they offer a cross-cultural perspective. They speak English, Mandarin, Cantonese. They can help with visa and immigration processes, housing and accommodation, cultural adaptation and settling in, and are available for one-off or ongoing mentoring."
685,Wen,Zhao,Parent,University of Sydney,Nursing,PhD,Chinese,Hong Kong,English;Mandarin;Cantonese,3,False,True,True,True,9,165,8,3.6,visa;finances,"Wen Zhao has been living in Australia for 3 years and supports their child at University of Sydney. Originally from Hong Kong, they offer a cross-cultural perspective. They speak English, Mandarin, Cantonese. They can help with housing and accommodation, cultural adaptation and settling in, career guidance and employability, and are available for one-off or ongoing mentoring."
686,Duc,Hassan,Parent,University of New South Wales,Law,Bachelor,Southeast Asian,Philippines,English;Thai,17,True,True,True,False,9,147,16,3.5,housing;student_safety;cultural_adjustment;visa,"Duc Hassan has been living in Australia for 17 years and supports their child at University of New South Wales. Originally from Philippines, they offer a cross-cultural perspective. They speak English, Thai. They can help with visa and immigration processes, housing and accommodation, cultural adaptation and settling in, and are available for one-off or ongoing mentoring."
687,Aditya,Agarwal,Professor,Australian National University,Environmental Science,PostDoc,Indian,India,English;Hindi;Bengali,7,False,False,True,True,5,179,47,4.3,networking;industry_transition;scholarships;research,"Aditya Agarwal is a Professor in the Environmental Science department at Australian National University. They have 7 years of experience in Australian higher education. Originally from India, they offer a cross-cultural perspective. They speak English, Hindi, Bengali. They can help with cultural adaptation and settling in, career guidance and employability, and are available for one-off or ongoing mentoring."
688,Tunde,Conteh,Parent,University of Technology Sydney,Artificial Intelligence,Master,African,Ethiopia,English;French,18,False,True,True,False,2,159,12,4.9,visa;cultural_adjustment;student_safety;finances,"Tunde Conteh has been living in Australia for 18 years and supports their child at University of Technology Sydney. Originally from Ethiopia, they offer a cross-cultural perspective. They speak English, French. They can help with housing and accommodation, cultural adaptation and settling in, and are available for one-off or ongoing mentoring."
689,Farah,Pratama,Professor,Queensland University of Technology,Environmental Science,Master,Southeast Asian,Vietnam,English;Vietnamese,2,False,True,True,True,5,69,41,4.1,career;academics,"Farah Pratama is a Professor in the Environmental Science department at Queensland University of Technology. They have 2 years of experience in Australian higher education. Originally from Vietnam, they offer a cross-cultural perspective. They speak English, Vietnamese. They can help with housing and accommodation, cultural adaptation and settling in, career guidance and employability, and are available for one-off or ongoing mentoring."
690,Grace,Evans,Professor,Deakin University,Pharmacy,PhD,Australian Domestic,Australia,English,14,False,False,False,True,6,158,2,4.8,industry_transition;career;scholarships,"Grace Evans is a Professor in the Pharmacy department at Deakin University. They have 14 years of experience in Australian higher education. Originally from Australia, they offer a cross-cultural perspective. They speak English. They can help with career guidance and employability, and are available for one-off or ongoing mentoring."
691,Minh,Setiawan,Student,Curtin University,Electrical Engineering,Master,Southeast Asian,Indonesia,English;Malay,19,True,True,True,True,3,145,38,3.6,housing;visa,"Minh Setiawan is a Master student in Electrical Engineering at Curtin University. They have been living in Australia for 19 years. Originally from Indonesia, they offer a cross-cultural perspective. They speak English, Malay. They can help with visa and immigration processes, housing and accommodation, cultural adaptation and settling in, career guidance and employability, and are available for one-off or ongoing mentoring."
692,Ibrahim,Al-Rashid,Parent,RMIT University,Business Analytics,Master,Middle Eastern,UAE,English;Arabic;Farsi,16,True,True,True,True,4,43,6,3.7,student_safety;visa;housing;finances,"Ibrahim Al-Rashid has been living in Australia for 16 years and supports their child at RMIT University. Originally from UAE, they offer a cross-cultural perspective. They speak English, Arabic, Farsi. They can help with visa and immigration processes, housing and accommodation, cultural adaptation and settling in, career guidance and employability, and are available for one-off or ongoing mentoring."
693,Minh,Wibowo,Professor,RMIT University,Medicine,PostDoc,Southeast Asian,Thailand,English;Malay,1,False,False,True,False,6,41,16,4.2,research;career,"Minh Wibowo is a Professor in the Medicine department at RMIT University. They have 1 years of experience in Australian higher education. Originally from Thailand, they offer a cross-cultural perspective. They speak English, Malay. They can help with cultural adaptation and settling in, and are available for one-off or ongoing mentoring."
694,Rania,Tahir,Student,Monash University,Pharmacy,Bachelor,Middle Eastern,UAE,English;Arabic;Farsi,14,True,False,False,True,9,8,48,4.5,career;academics;scholarships,"Rania Tahir is a Bachelor student in Pharmacy at Monash University. They have been living in Australia for 14 years. Originally from UAE, they offer a cross-cultural perspective. They speak English, Arabic, Farsi. They can help with visa and immigration processes, career guidance and employability, and are available for one-off or ongoing mentoring."
695,Kate,Anderson,Student,University of Melbourne,Cybersecurity,Bachelor,Australian Domestic,Australia,English,12,False,True,True,True,4,175,35,5.0,housing;cultural_adjustment;academics;scholarships,"Kate Anderson is a Bachelor student in Cybersecurity at University of Melbourne. They have been living in Australia for 12 years. Originally from Australia, they offer a cross-cultural perspective. They speak English. They can help with housing and accommodation, cultural adaptation and settling in, career guidance and employability, and are available for one-off or ongoing mentoring."
696,Gloria,Torres,Parent,University of Melbourne,Public Health,PhD,Latin American,Peru,English;Spanish,10,False,False,True,True,2,75,18,4.1,student_safety;school_enrollment,"Gloria Torres has been living in Australia for 10 years and supports their child at University of Melbourne. Originally from Peru, they offer a cross-cultural perspective. They speak English, Spanish. They can help with cultural adaptation and settling in, career guidance and employability, and are available for one-off or ongoing mentoring."
697,Ali,Al-Rashid,Parent,Monash University,Nursing,PhD,Middle Eastern,Iran,English;Arabic;French,5,False,True,True,False,6,170,22,3.9,school_enrollment;finances;housing;student_safety,"Ali Al-Rashid has been living in Australia for 5 years and supports their child at Monash University. Originally from Iran, they offer a cross-cultural perspective. They speak English, Arabic, French. They can help with housing and accommodation, cultural adaptation and settling in, and are available for one-off or ongoing mentoring."
698,Yaa,Balogun,Parent,University of Sydney,Public Health,Master,African,Ethiopia,English;French,8,True,False,True,True,9,26,28,3.8,finances;cultural_adjustment;student_safety,"Yaa Balogun has been living in Australia for 8 years and supports their child at University of Sydney. Originally from Ethiopia, they offer a cross-cultural perspective. They speak English, French. They can help with visa and immigration processes, cultural adaptation and settling in, career guidance and employability, and are available for one-off or ongoing mentoring."
699,Noah,Evans,Student,University of New South Wales,Finance,Master,Australian Domestic,Australia,English;Mandarin,13,True,True,False,False,4,51,6,4.5,scholarships;visa,"Noah Evans is a Master student in Finance at University of New South Wales. They have been living in Australia for 13 years. Originally from Australia, they offer a cross-cultural perspective. They speak English, Mandarin. They can help with visa and immigration processes, housing and accommodation, and are available for one-off or ongoing mentoring."
700,Sanjay,Kumar,Student,Deakin University,Education,PhD,Indian,India,English;Hindi;Tamil,16,True,True,True,True,10,49,29,3.8,visa;career,"Sanjay Kumar is a PhD student in Education at Deakin University. They have been living in Australia for 16 years. Originally from India, they offer a cross-cultural perspective. They speak English, Hindi, Tamil. They can help with visa and immigration processes, housing and accommodation, cultural adaptation and settling in, career guidance and employability, and are available for one-off or ongoing mentoring."
701,Mai,Santoso,Parent,Queensland University of Technology,Cybersecurity,Bachelor,Southeast Asian,Indonesia,English;Malay,12,True,True,False,False,5,169,13,3.7,school_enrollment;cultural_adjustment;finances;housing,"Mai Santoso has been living in Australia for 12 years and supports their child at Queensland University of Technology. Originally from Indonesia, they offer a cross-cultural perspective. They speak English, Malay. They can help with visa and immigration processes, housing and accommodation, and are available for one-off or ongoing mentoring."
702,Tunde,Okafor,Professor,University of Sydney,Education,PhD,African,Ghana,English;Arabic,5,False,True,True,True,6,112,32,4.4,scholarships;academics,"Tunde Okafor is a Professor in the Education department at University of Sydney. They have 5 years of experience in Australian higher education. Originally from Ghana, they offer a cross-cultural perspective. They speak English, Arabic. They can help with housing and accommodation, cultural adaptation and settling in, career guidance and employability, and are available for one-off or ongoing mentoring."
703,Ava,Taylor,Student,University of Queensland,Computer Science,Master,Australian Domestic,Australia,English;Hindi,9,True,True,False,False,5,26,24,4.9,cultural_adjustment;visa;housing;scholarships,"Ava Taylor is a Master student in Computer Science at University of Queensland. They have been living in Australia for 9 years. Originally from Australia, they offer a cross-cultural perspective. They speak English, Hindi. They can help with visa and immigration processes, housing and accommodation, and are available for one-off or ongoing mentoring."
704,Elena,Evans,Professor,Monash University,Data Science,PostDoc,European,Germany,English;Dutch,13,True,False,True,True,4,126,45,4.9,academics;industry_transition,"Elena Evans is a Professor in the Data Science department at Monash University. They have 13 years of experience in Australian higher education. Originally from Germany, they offer a cross-cultural perspective. They speak English, Dutch. They can help with visa and immigration processes, cultural adaptation and settling in, career guidance and employability, and are available for one-off or ongoing mentoring."
705,Siti,Pham,Student,Curtin University,Environmental Science,Master,Southeast Asian,Malaysia,English;Indonesian,3,True,True,True,True,9,69,1,4.6,visa;housing,"Siti Pham is a Master student in Environmental Science at Curtin University. They have been living in Australia for 3 years. Originally from Malaysia, they offer a cross-cultural perspective. They speak English, Indonesian. They can help with visa and immigration processes, housing and accommodation, cultural adaptation and settling in, career guidance and employability, and are available for one-off or ongoing mentoring."
706,Yan,Wang,Parent,University of Melbourne,Marketing,Bachelor,Chinese,China,Mandarin;English,16,True,True,True,False,5,149,23,3.6,school_enrollment;cultural_adjustment;student_safety;finances,"Yan Wang has been living in Australia for 16 years and supports their child at University of Melbourne. Originally from China, they offer a cross-cultural perspective. They speak Mandarin, English. They can help with visa and immigration processes, housing and accommodation, cultural adaptation and settling in, and are available for one-off or ongoing mentoring."
707,Priya,Patel,Parent,University of New South Wales,Education,Bachelor,Indian,Sri Lanka,English;Bengali,14,True,True,True,False,4,133,34,4.8,student_safety;cultural_adjustment;housing,"Priya Patel has been living in Australia for 14 years and supports their child at University of New South Wales. Originally from Sri Lanka, they offer a cross-cultural perspective. They speak English, Bengali. They can help with visa and immigration processes, housing and accommodation, cultural adaptation and settling in, and are available for one-off or ongoing mentoring."
708,Cuong,Yanto,Parent,University of Technology Sydney,Data Science,Master,Southeast Asian,Myanmar,English;Vietnamese,10,True,True,True,True,1,169,1,4.1,cultural_adjustment;school_enrollment,"Cuong Yanto has been living in Australia for 10 years and supports their child at University of Technology Sydney. Originally from Myanmar, they offer a cross-cultural perspective. They speak English, Vietnamese. They can help with visa and immigration processes, housing and accommodation, cultural adaptation and settling in, career guidance and employability, and are available for one-off or ongoing mentoring."
709,Duc,Susanto,Parent,University of Queensland,Marketing,Bachelor,Southeast Asian,Indonesia,English;Vietnamese,1,True,True,True,False,3,116,12,3.7,housing;finances;cultural_adjustment,"Duc Susanto has been living in Australia for 1 years and supports their child at University of Queensland. Originally from Indonesia, they offer a cross-cultural perspective. They speak English, Vietnamese. They can help with visa and immigration processes, housing and accommodation, cultural adaptation and settling in, and are available for one-off or ongoing mentoring."
710,Lena,Johnson,Professor,Deakin University,Law,PhD,European,Sweden,English;Spanish,15,True,True,False,True,6,66,38,3.8,research;networking;scholarships,"Lena Johnson is a Professor in the Law department at Deakin University. They have 15 years of experience in Australian higher education. Originally from Sweden, they offer a cross-cultural perspective. They speak English, Spanish. They can help with visa and immigration processes, housing and accommodation, career guidance and employability, and are available for one-off or ongoing mentoring."
711,Kai,He,Parent,University of Adelaide,Public Health,Master,Chinese,China,Mandarin;English,5,True,True,True,False,10,143,40,4.6,finances;cultural_adjustment,"Kai He has been living in Australia for 5 years and supports their child at University of Adelaide. Originally from China, they offer a cross-cultural perspective. They speak Mandarin, English. They can help with visa and immigration processes, housing and accommodation, cultural adaptation and settling in, and are available for one-off or ongoing mentoring."
712,Mai,Ahmad,Student,Deakin University,Medicine,PhD,Southeast Asian,Singapore,English;Thai,10,True,True,True,True,4,111,24,4.1,academics;visa;housing;career,"Mai Ahmad is a PhD student in Medicine at Deakin University. They have been living in Australia for 10 years. Originally from Singapore, they offer a cross-cultural perspective. They speak English, Thai. They can help with visa and immigration processes, housing and accommodation, cultural adaptation and settling in, career guidance and employability, and are available for one-off or ongoing mentoring."
713,Ethan,Martin,Student,Queensland University of Technology,Social Work,Master,Australian Domestic,New Zealand,English;Mandarin,6,True,True,True,True,10,48,35,4.5,career;housing;scholarships,"Ethan Martin is a Master student in Social Work at Queensland University of Technology. They have been living in Australia for 6 years. Originally from New Zealand, they offer a cross-cultural perspective. They speak English, Mandarin. They can help with visa and immigration processes, housing and accommodation, cultural adaptation and settling in, career guidance and employability, and are available for one-off or ongoing mentoring."
714,Emeka,Fadahunsi,Professor,University of Western Australia,Biotechnology,PostDoc,African,South Africa,English;Swahili,6,False,False,True,True,6,26,11,4.3,industry_transition;networking;career;research,"Emeka Fadahunsi is a Professor in the Biotechnology department at University of Western Australia. They have 6 years of experience in Australian higher education. Originally from South Africa, they offer a cross-cultural perspective. They speak English, Swahili. They can help with cultural adaptation and settling in, career guidance and employability, and are available for one-off or ongoing mentoring."
715,Siti,Santoso,Student,Australian National University,Architecture,Master,Southeast Asian,Thailand,English;Vietnamese,7,True,True,True,False,4,57,42,4.6,career;cultural_adjustment;housing;academics,"Siti Santoso is a Master student in Architecture at Australian National University. They have been living in Australia for 7 years. Originally from Thailand, they offer a cross-cultural perspective. They speak English, Vietnamese. They can help with visa and immigration processes, housing and accommodation, cultural adaptation and settling in, and are available for one-off or ongoing mentoring."
716,Rui,Xu,Student,Monash University,Mechanical Engineering,Master,Chinese,Taiwan,Mandarin;English,10,True,False,True,True,10,129,34,4.6,career;cultural_adjustment,"Rui Xu is a Master student in Mechanical Engineering at Monash University. They have been living in Australia for 10 years. Originally from Taiwan, they offer a cross-cultural perspective. They speak Mandarin, English. They can help with visa and immigration processes, cultural adaptation and settling in, career guidance and employability, and are available for one-off or ongoing mentoring."
717,Gaurav,Bhat,Parent,Monash University,Psychology,Bachelor,Indian,India,English;Hindi;Bengali,7,False,True,False,False,2,90,5,4.2,cultural_adjustment;finances;student_safety;visa,"Gaurav Bhat has been living in Australia for 7 years and supports their child at Monash University. Originally from India, they offer a cross-cultural perspective. They speak English, Hindi, Bengali. They can help with housing and accommodation, and are available for one-off or ongoing mentoring."
718,Ishaan,Nair,Student,Curtin University,Marketing,Bachelor,Indian,India,English;Tamil,16,False,True,True,False,2,9,14,4.7,visa;academics,"Ishaan Nair is a Bachelor student in Marketing at Curtin University. They have been living in Australia for 16 years. Originally from India, they offer a cross-cultural perspective. They speak English, Tamil. They can help with housing and accommodation, cultural adaptation and settling in, and are available for one-off or ongoing mentoring."
719,Chris,Muller,Professor,Deakin University,Medicine,PostDoc,European,Netherlands,English;Italian,20,True,True,True,True,5,25,17,5.0,scholarships;research,"Chris Muller is a Professor in the Medicine department at Deakin University. They have 20 years of experience in Australian higher education. Originally from Netherlands, they offer a cross-cultural perspective. They speak English, Italian. They can help with visa and immigration processes, housing and accommodation, cultural adaptation and settling in, career guidance and employability, and are available for one-off or ongoing mentoring."
720,Rohan,Agarwal,Professor,Queensland University of Technology,Mechanical Engineering,PostDoc,Indian,India,English;Hindi,11,False,True,True,True,8,139,29,4.2,academics;industry_transition;networking;career,"Rohan Agarwal is a Professor in the Mechanical Engineering department at Queensland University of Technology. They have 11 years of experience in Australian higher education. Originally from India, they offer a cross-cultural perspective. They speak English, Hindi. They can help with housing and accommodation, cultural adaptation and settling in, career guidance and employability, and are available for one-off or ongoing mentoring."
721,Grace,Martin,Professor,Curtin University,Psychology,PhD,Australian Domestic,Australia,English;Mandarin,13,True,True,True,True,1,53,13,4.6,networking;research;academics;scholarships,"Grace Martin is a Professor in the Psychology department at Curtin University. They have 13 years of experience in Australian higher education. Originally from Australia, they offer a cross-cultural perspective. They speak English, Mandarin. They can help with visa and immigration processes, housing and accommodation, cultural adaptation and settling in, career guidance and employability, and are available for one-off or ongoing mentoring."
722,Seun,Adeyemi,Professor,Queensland University of Technology,Mechanical Engineering,PhD,African,Ghana,English,12,True,True,True,False,9,186,31,4.2,industry_transition;scholarships,"Seun Adeyemi is a Professor in the Mechanical Engineering department at Queensland University of Technology. They have 12 years of experience in Australian higher education. Originally from Ghana, they offer a cross-cultural perspective. They speak English. They can help with visa and immigration processes, housing and accommodation, cultural adaptation and settling in, and are available for one-off or ongoing mentoring."
723,Vikram,Sharma,Professor,University of Adelaide,Accounting,PhD,Indian,Sri Lanka,English;Hindi,20,False,False,True,True,2,153,47,4.1,industry_transition;networking;scholarships,"Vikram Sharma is a Professor in the Accounting department at University of Adelaide. They have 20 years of experience in Australian higher education. Originally from Sri Lanka, they offer a cross-cultural perspective. They speak English, Hindi. They can help with cultural adaptation and settling in, career guidance and employability, and are available for one-off or ongoing mentoring."
724,Leila,Karimi,Professor,University of Queensland,Mechanical Engineering,PhD,Middle Eastern,UAE,English;Arabic,19,False,True,False,True,9,174,30,3.9,research;industry_transition,"Leila Karimi is a Professor in the Mechanical Engineering department at University of Queensland. They have 19 years of experience in Australian higher education. Originally from UAE, they offer a cross-cultural perspective. They speak English, Arabic. They can help with housing and accommodation, career guidance and employability, and are available for one-off or ongoing mentoring."
725,Yemi,Diallo,Parent,University of Adelaide,Architecture,Bachelor,African,Kenya,English;Arabic,11,True,True,True,False,8,53,22,3.8,finances;visa,"Yemi Diallo has been living in Australia for 11 years and supports their child at University of Adelaide. Originally from Kenya, they offer a cross-cultural perspective. They speak English, Arabic. They can help with visa and immigration processes, housing and accommodation, cultural adaptation and settling in, and are available for one-off or ongoing mentoring."
726,Siti,Santoso,Parent,University of Western Australia,Economics,Master,Southeast Asian,Thailand,English;Malay;Indonesian,12,False,True,True,True,7,41,5,3.6,school_enrollment;finances;cultural_adjustment;visa,"Siti Santoso has been living in Australia for 12 years and supports their child at University of Western Australia. Originally from Thailand, they offer a cross-cultural perspective. They speak English, Malay, Indonesian. They can help with housing and accommodation, cultural adaptation and settling in, career guidance and employability, and are available for one-off or ongoing mentoring."
727,Gbenga,Kanu,Professor,Queensland University of Technology,Environmental Science,PostDoc,African,Kenya,English;Swahili,7,True,True,True,True,1,52,44,3.6,research;scholarships;career;networking,"Gbenga Kanu is a Professor in the Environmental Science department at Queensland University of Technology. They have 7 years of experience in Australian higher education. Originally from Kenya, they offer a cross-cultural perspective. They speak English, Swahili. They can help with visa and immigration processes, housing and accommodation, cultural adaptation and settling in, career guidance and employability, and are available for one-off or ongoing mentoring."
728,Francisco,Aguilar,Professor,University of Western Australia,Cybersecurity,PhD,Latin American,Chile,English;Portuguese,20,True,True,True,True,3,48,7,3.9,career;research;academics,"Francisco Aguilar is a Professor in the Cybersecurity department at University of Western Australia. They have 20 years of experience in Australian higher education. Originally from Chile, they offer a cross-cultural perspective. They speak English, Portuguese. They can help with visa and immigration processes, housing and accommodation, cultural adaptation and settling in, career guidance and employability, and are available for one-off or ongoing mentoring."
729,Emma,Taylor,Student,University of Western Australia,Pharmacy,PhD,European,United Kingdom,English;French,20,False,True,True,True,10,184,47,4.6,career;academics;housing;scholarships,"Emma Taylor is a PhD student in Pharmacy at University of Western Australia. They have been living in Australia for 20 years. Originally from United Kingdom, they offer a cross-cultural perspective. They speak English, French. They can help with housing and accommodation, cultural adaptation and settling in, career guidance and employability, and are available for one-off or ongoing mentoring."
730,Ivan,Johnson,Professor,RMIT University,Cybersecurity,PhD,European,Netherlands,English;Dutch,3,False,False,True,True,3,153,45,4.1,scholarships;career,"Ivan Johnson is a Professor in the Cybersecurity department at RMIT University. They have 3 years of experience in Australian higher education. Originally from Netherlands, they offer a cross-cultural perspective. They speak English, Dutch. They can help with cultural adaptation and settling in, career guidance and employability, and are available for one-off or ongoing mentoring."
731,Sade,Owusu,Parent,Australian National University,Law,Master,African,South Africa,English;French,19,True,True,True,False,7,3,19,3.7,student_safety;visa,"Sade Owusu has been living in Australia for 19 years and supports their child at Australian National University. Originally from South Africa, they offer a cross-cultural perspective. They speak English, French. They can help with visa and immigration processes, housing and accommodation, cultural adaptation and settling in, and are available for one-off or ongoing mentoring."
732,Suresh,Joshi,Student,University of New South Wales,Electrical Engineering,Master,Indian,India,English;Bengali,17,True,False,True,False,7,128,12,3.5,career;scholarships,"Suresh Joshi is a Master student in Electrical Engineering at University of New South Wales. They have been living in Australia for 17 years. Originally from India, they offer a cross-cultural perspective. They speak English, Bengali. They can help with visa and immigration processes, cultural adaptation and settling in, and are available for one-off or ongoing mentoring."
733,Thu,Pratama,Professor,Macquarie University,Environmental Science,Master,Southeast Asian,Myanmar,English;Indonesian,6,False,False,True,True,3,2,39,4.6,networking;academics;scholarships,"Thu Pratama is a Professor in the Environmental Science department at Macquarie University. They have 6 years of experience in Australian higher education. Originally from Myanmar, they offer a cross-cultural perspective. They speak English, Indonesian. They can help with cultural adaptation and settling in, career guidance and employability, and are available for one-off or ongoing mentoring."
734,Duc,Le,Professor,University of New South Wales,Marketing,PhD,Southeast Asian,Indonesia,English;Malay,8,True,True,True,True,4,61,32,4.4,networking;scholarships,"Duc Le is a Professor in the Marketing department at University of New South Wales. They have 8 years of experience in Australian higher education. Originally from Indonesia, they offer a cross-cultural perspective. They speak English, Malay. They can help with visa and immigration processes, housing and accommodation, cultural adaptation and settling in, career guidance and employability, and are available for one-off or ongoing mentoring."
735,Kate,Davis,Student,Macquarie University,Cybersecurity,Bachelor,Australian Domestic,New Zealand,English;Hindi,7,True,True,True,True,4,61,15,3.5,visa;housing,"Kate Davis is a Bachelor student in Cybersecurity at Macquarie University. They have been living in Australia for 7 years. Originally from New Zealand, they offer a cross-cultural perspective. They speak English, Hindi. They can help with visa and immigration processes, housing and accommodation, cultural adaptation and settling in, career guidance and employability, and are available for one-off or ongoing mentoring."
736,Shan,Zhou,Student,University of Queensland,Computer Science,Bachelor,Chinese,Hong Kong,English;Mandarin,3,False,True,True,False,10,74,35,4.6,housing;visa;career;cultural_adjustment,"Shan Zhou is a Bachelor student in Computer Science at University of Queensland. They have been living in Australia for 3 years. Originally from Hong Kong, they offer a cross-cultural perspective. They speak English, Mandarin. They can help with housing and accommodation, cultural adaptation and settling in, and are available for one-off or ongoing mentoring."
737,Yi,Zhao,Parent,University of Melbourne,Artificial Intelligence,Master,Chinese,Taiwan,English;Mandarin;Cantonese,1,False,True,True,False,10,30,16,3.6,school_enrollment;cultural_adjustment;housing,"Yi Zhao has been living in Australia for 1 years and supports their child at University of Melbourne. Originally from Taiwan, they offer a cross-cultural perspective. They speak English, Mandarin, Cantonese. They can help with housing and accommodation, cultural adaptation and settling in, and are available for one-off or ongoing mentoring."
738,Mariam,Yilmaz,Professor,University of Adelaide,Nursing,PostDoc,Middle Eastern,Saudi Arabia,Arabic;English,11,True,False,True,True,3,54,9,4.8,research;career;networking;scholarships,"Mariam Yilmaz is a Professor in the Nursing department at University of Adelaide. They have 11 years of experience in Australian higher education. Originally from Saudi Arabia, they offer a cross-cultural perspective. They speak Arabic, English. They can help with visa and immigration processes, cultural adaptation and settling in, career guidance and employability, and are available for one-off or ongoing mentoring."
739,Omar,Tahir,Parent,Curtin University,Public Health,PhD,Middle Eastern,UAE,English;Arabic;Farsi,15,True,True,False,True,3,30,43,4.4,school_enrollment;finances,"Omar Tahir has been living in Australia for 15 years and supports their child at Curtin University. Originally from UAE, they offer a cross-cultural perspective. They speak English, Arabic, Farsi. They can help with visa and immigration processes, housing and accommodation, career guidance and employability, and are available for one-off or ongoing mentoring."
740,Felipe,Perez,Student,Australian National University,Information Systems,PhD,Latin American,Brazil,English;Spanish,11,True,True,True,True,4,2,29,4.8,academics;cultural_adjustment,"Felipe Perez is a PhD student in Information Systems at Australian National University. They have been living in Australia for 11 years. Originally from Brazil, they offer a cross-cultural perspective. They speak English, Spanish. They can help with visa and immigration processes, housing and accommodation, cultural adaptation and settling in, career guidance and employability, and are available for one-off or ongoing mentoring."
741,Andres,Torres,Student,University of Sydney,Electrical Engineering,Bachelor,Latin American,Mexico,English;Spanish,1,True,True,False,False,4,105,20,3.8,scholarships;academics,"Andres Torres is a Bachelor student in Electrical Engineering at University of Sydney. They have been living in Australia for 1 years. Originally from Mexico, they offer a cross-cultural perspective. They speak English, Spanish. They can help with visa and immigration processes, housing and accommodation, and are available for one-off or ongoing mentoring."
742,Obinna,Chukwu,Parent,University of Newcastle,Marketing,Master,African,South Africa,English;Arabic,20,False,True,True,False,3,98,39,4.3,housing;visa;student_safety;cultural_adjustment,"Obinna Chukwu has been living in Australia for 20 years and supports their child at University of Newcastle. Originally from South Africa, they offer a cross-cultural perspective. They speak English, Arabic. They can help with housing and accommodation, cultural adaptation and settling in, and are available for one-off or ongoing mentoring."
743,Gabriela,Morales,Parent,Deakin University,Chemical Engineering,PhD,Latin American,Argentina,Spanish;English,4,False,True,True,False,8,30,39,4.4,cultural_adjustment;student_safety,"Gabriela Morales has been living in Australia for 4 years and supports their child at Deakin University. Originally from Argentina, they offer a cross-cultural perspective. They speak Spanish, English. They can help with housing and accommodation, cultural adaptation and settling in, and are available for one-off or ongoing mentoring."
744,Ibrahim,Yilmaz,Parent,University of Queensland,Chemical Engineering,Master,Middle Eastern,Lebanon,English;Arabic;French,4,False,True,True,False,10,83,45,3.7,finances;student_safety,"Ibrahim Yilmaz has been living in Australia for 4 years and supports their child at University of Queensland. Originally from Lebanon, they offer a cross-cultural perspective. They speak English, Arabic, French. They can help with housing and accommodation, cultural adaptation and settling in, and are available for one-off or ongoing mentoring."
745,Cooper,Evans,Professor,Australian National University,Computer Science,PhD,Australian Domestic,Australia,English,1,False,True,True,False,10,43,40,4.8,industry_transition;career,"Cooper Evans is a Professor in the Computer Science department at Australian National University. They have 1 years of experience in Australian higher education. Originally from Australia, they offer a cross-cultural perspective. They speak English. They can help with housing and accommodation, cultural adaptation and settling in, and are available for one-off or ongoing mentoring."
746,Sofia,Aguilar,Parent,RMIT University,Data Science,Master,Latin American,Chile,English;Spanish,7,True,True,True,True,8,188,47,4.9,visa;school_enrollment;housing;student_safety,"Sofia Aguilar has been living in Australia for 7 years and supports their child at RMIT University. Originally from Chile, they offer a cross-cultural perspective. They speak English, Spanish. They can help with visa and immigration processes, housing and accommodation, cultural adaptation and settling in, career guidance and employability, and are available for one-off or ongoing mentoring."
747,Ifeoma,Owusu,Parent,Australian National University,Civil Engineering,PhD,African,Zimbabwe,English;Swahili,19,False,True,True,False,3,151,41,3.7,finances;housing,"Ifeoma Owusu has been living in Australia for 19 years and supports their child at Australian National University. Originally from Zimbabwe, they offer a cross-cultural perspective. They speak English, Swahili. They can help with housing and accommodation, cultural adaptation and settling in, and are available for one-off or ongoing mentoring."
748,Layla,Jawad,Parent,University of New South Wales,Business Analytics,Bachelor,Middle Eastern,Saudi Arabia,English;Arabic;Farsi,3,True,True,True,False,10,149,32,4.6,housing;student_safety;finances,"Layla Jawad has been living in Australia for 3 years and supports their child at University of New South Wales. Originally from Saudi Arabia, they offer a cross-cultural perspective. They speak English, Arabic, Farsi. They can help with visa and immigration processes, housing and accommodation, cultural adaptation and settling in, and are available for one-off or ongoing mentoring."
749,Divya,Iyer,Parent,University of Technology Sydney,Cybersecurity,PhD,Indian,Sri Lanka,English;Hindi;Tamil,13,True,True,True,True,7,194,27,4.0,cultural_adjustment;school_enrollment;finances,"Divya Iyer has been living in Australia for 13 years and supports their child at University of Technology Sydney. Originally from Sri Lanka, they offer a cross-cultural perspective. They speak English, Hindi, Tamil. They can help with visa and immigration processes, housing and accommodation, cultural adaptation and settling in, career guidance and employability, and are available for one-off or ongoing mentoring."
750,Yi,Lin,Student,Macquarie University,Business Analytics,Master,Chinese,China,Mandarin;English,17,True,False,False,False,5,144,40,4.4,career;cultural_adjustment;visa;academics,"Yi Lin is a Master student in Business Analytics at Macquarie University. They have been living in Australia for 17 years. Originally from China, they offer a cross-cultural perspective. They speak Mandarin, English. They can help with visa and immigration processes, and are available for one-off or ongoing mentoring."
751,Minh,Nguyen,Student,University of Queensland,Social Work,Bachelor,Southeast Asian,Vietnam,English;Indonesian,8,False,True,True,True,2,148,46,4.3,scholarships;cultural_adjustment,"Minh Nguyen is a Bachelor student in Social Work at University of Queensland. They have been living in Australia for 8 years. Originally from Vietnam, they offer a cross-cultural perspective. They speak English, Indonesian. They can help with housing and accommodation, cultural adaptation and settling in, career guidance and employability, and are available for one-off or ongoing mentoring."
752,Dung,Budi,Student,RMIT University,Artificial Intelligence,PostDoc,Southeast Asian,Vietnam,English;Indonesian,19,False,True,True,True,3,112,7,4.7,visa;career;academics;cultural_adjustment,"Dung Budi is a PostDoc student in Artificial Intelligence at RMIT University. They have been living in Australia for 19 years. Originally from Vietnam, they offer a cross-cultural perspective. They speak English, Indonesian. They can help with housing and accommodation, cultural adaptation and settling in, career guidance and employability, and are available for one-off or ongoing mentoring."
753,Arjun,Chopra,Parent,Australian National University,Electrical Engineering,Bachelor,Indian,Sri Lanka,English;Bengali,6,True,True,True,False,2,167,42,4.1,housing;student_safety,"Arjun Chopra has been living in Australia for 6 years and supports their child at Australian National University. Originally from Sri Lanka, they offer a cross-cultural perspective. They speak English, Bengali. They can help with visa and immigration processes, housing and accommodation, cultural adaptation and settling in, and are available for one-off or ongoing mentoring."
754,Adaeze,Fadahunsi,Professor,RMIT University,Information Systems,PhD,African,Tanzania,English,2,True,True,True,True,6,153,18,3.7,research;career;industry_transition,"Adaeze Fadahunsi is a Professor in the Information Systems department at RMIT University. They have 2 years of experience in Australian higher education. Originally from Tanzania, they offer a cross-cultural perspective. They speak English. They can help with visa and immigration processes, housing and accommodation, cultural adaptation and settling in, career guidance and employability, and are available for one-off or ongoing mentoring."
755,Adaeze,Fadahunsi,Parent,Macquarie University,Economics,Bachelor,African,Kenya,English,14,True,True,True,False,9,70,31,3.7,housing;student_safety,"Adaeze Fadahunsi has been living in Australia for 14 years and supports their child at Macquarie University. Originally from Kenya, they offer a cross-cultural perspective. They speak English. They can help with visa and immigration processes, housing and accommodation, cultural adaptation and settling in, and are available for one-off or ongoing mentoring."
756,Jun,Liu,Student,University of Queensland,Law,Master,Chinese,China,English;Mandarin;Cantonese,11,True,False,True,False,2,13,7,3.9,visa;scholarships,"Jun Liu is a Master student in Law at University of Queensland. They have been living in Australia for 11 years. Originally from China, they offer a cross-cultural perspective. They speak English, Mandarin, Cantonese. They can help with visa and immigration processes, cultural adaptation and settling in, and are available for one-off or ongoing mentoring."
757,Mia,Wilson,Parent,Deakin University,Economics,Master,Australian Domestic,New Zealand,English,9,False,True,True,False,6,109,15,4.7,finances;school_enrollment;student_safety,"Mia Wilson has been living in Australia for 9 years and supports their child at Deakin University. Originally from New Zealand, they offer a cross-cultural perspective. They speak English. They can help with housing and accommodation, cultural adaptation and settling in, and are available for one-off or ongoing mentoring."
758,Olivia,Moore,Professor,University of Technology Sydney,Finance,PhD,Australian Domestic,New Zealand,English;Hindi,15,True,False,True,True,2,157,13,4.8,research;career;scholarships;networking,"Olivia Moore is a Professor in the Finance department at University of Technology Sydney. They have 15 years of experience in Australian higher education. Originally from New Zealand, they offer a cross-cultural perspective. They speak English, Hindi. They can help with visa and immigration processes, cultural adaptation and settling in, career guidance and employability, and are available for one-off or ongoing mentoring."
759,Angus,White,Parent,University of New South Wales,Marketing,Bachelor,Australian Domestic,Australia,English,18,True,False,True,True,2,180,6,4.5,housing;cultural_adjustment;visa;student_safety,"Angus White has been living in Australia for 18 years and supports their child at University of New South Wales. Originally from Australia, they offer a cross-cultural perspective. They speak English. They can help with visa and immigration processes, cultural adaptation and settling in, career guidance and employability, and are available for one-off or ongoing mentoring."
760,Tom,Christensen,Student,Curtin University,Electrical Engineering,Bachelor,European,Spain,English;Dutch,19,True,False,True,True,10,192,2,4.6,career;cultural_adjustment,"Tom Christensen is a Bachelor student in Electrical Engineering at Curtin University. They have been living in Australia for 19 years. Originally from Spain, they offer a cross-cultural perspective. They speak English, Dutch. They can help with visa and immigration processes, cultural adaptation and settling in, career guidance and employability, and are available for one-off or ongoing mentoring."
761,Lachlan,Davis,Parent,University of Melbourne,Artificial Intelligence,Bachelor,Australian Domestic,Australia,English,20,True,True,True,True,1,113,25,4.8,finances;visa,"Lachlan Davis has been living in Australia for 20 years and supports their child at University of Melbourne. Originally from Australia, they offer a cross-cultural perspective. They speak English. They can help with visa and immigration processes, housing and accommodation, cultural adaptation and settling in, career guidance and employability, and are available for one-off or ongoing mentoring."
762,Ishaan,Nair,Professor,University of Technology Sydney,Nursing,PhD,Indian,India,English;Hindi;Bengali,5,False,False,False,True,3,135,20,4.7,networking;academics,"Ishaan Nair is a Professor in the Nursing department at University of Technology Sydney. They have 5 years of experience in Australian higher education. Originally from India, they offer a cross-cultural perspective. They speak English, Hindi, Bengali. They can help with career guidance and employability, and are available for one-off or ongoing mentoring."
763,Kwame,Boateng,Professor,Curtin University,Social Work,PhD,African,Ethiopia,English;Swahili,2,True,True,False,True,8,43,6,4.7,scholarships;research;industry_transition;academics,"Kwame Boateng is a Professor in the Social Work department at Curtin University. They have 2 years of experience in Australian higher education. Originally from Ethiopia, they offer a cross-cultural perspective. They speak English, Swahili. They can help with visa and immigration processes, housing and accommodation, career guidance and employability, and are available for one-off or ongoing mentoring."
764,Bashir,Tahir,Student,University of New South Wales,Electrical Engineering,Master,Middle Eastern,Iran,English;Arabic;Farsi,4,True,False,False,True,10,7,5,4.2,cultural_adjustment;scholarships;career;academics,"Bashir Tahir is a Master student in Electrical Engineering at University of New South Wales. They have been living in Australia for 4 years. Originally from Iran, they offer a cross-cultural perspective. They speak English, Arabic, Farsi. They can help with visa and immigration processes, career guidance and employability, and are available for one-off or ongoing mentoring."
765,Ravi,Rao,Parent,Deakin University,Electrical Engineering,Bachelor,Indian,India,English;Tamil,17,False,True,False,False,5,123,3,4.7,school_enrollment;finances;visa,"Ravi Rao has been living in Australia for 17 years and supports their child at Deakin University. Originally from India, they offer a cross-cultural perspective. They speak English, Tamil. They can help with housing and accommodation, and are available for one-off or ongoing mentoring."
766,Nur,Hassan,Parent,University of Western Australia,Medicine,Master,Southeast Asian,Malaysia,English;Indonesian,13,True,True,True,False,2,21,8,3.7,visa;school_enrollment;student_safety,"Nur Hassan has been living in Australia for 13 years and supports their child at University of Western Australia. Originally from Malaysia, they offer a cross-cultural perspective. They speak English, Indonesian. They can help with visa and immigration processes, housing and accommodation, cultural adaptation and settling in, and are available for one-off or ongoing mentoring."
767,Daniela,Ortiz,Professor,University of Sydney,Nursing,PhD,Latin American,Venezuela,Spanish;English,14,True,False,True,True,7,20,23,3.5,research;industry_transition;career;scholarships,"Daniela Ortiz is a Professor in the Nursing department at University of Sydney. They have 14 years of experience in Australian higher education. Originally from Venezuela, they offer a cross-cultural perspective. They speak Spanish, English. They can help with visa and immigration processes, cultural adaptation and settling in, career guidance and employability, and are available for one-off or ongoing mentoring."
768,Yasmine,Farouk,Professor,Monash University,Computer Science,PhD,Middle Eastern,Turkey,Arabic;English,1,False,True,False,True,10,170,32,4.3,research;academics,"Yasmine Farouk is a Professor in the Computer Science department at Monash University. They have 1 years of experience in Australian higher education. Originally from Turkey, they offer a cross-cultural perspective. They speak Arabic, English. They can help with housing and accommodation, career guidance and employability, and are available for one-off or ongoing mentoring."
769,Adam,Jensen,Student,RMIT University,Artificial Intelligence,Bachelor,European,Italy,English;French,8,True,False,True,False,10,169,2,3.7,academics;housing;cultural_adjustment,"Adam Jensen is a Bachelor student in Artificial Intelligence at RMIT University. They have been living in Australia for 8 years. Originally from Italy, they offer a cross-cultural perspective. They speak English, French. They can help with visa and immigration processes, cultural adaptation and settling in, and are available for one-off or ongoing mentoring."
770,Putri,Setiawan,Parent,Curtin University,Data Science,Master,Southeast Asian,Thailand,English;Malay;Indonesian,2,True,True,True,False,10,144,1,3.9,finances;student_safety,"Putri Setiawan has been living in Australia for 2 years and supports their child at Curtin University. Originally from Thailand, they offer a cross-cultural perspective. They speak English, Malay, Indonesian. They can help with visa and immigration processes, housing and accommodation, cultural adaptation and settling in, and are available for one-off or ongoing mentoring."
771,Hamid,Qureshi,Student,Deakin University,Social Work,Master,Middle Eastern,UAE,English;Arabic;Farsi,17,False,True,True,False,7,20,27,4.6,cultural_adjustment;scholarships;academics,"Hamid Qureshi is a Master student in Social Work at Deakin University. They have been living in Australia for 17 years. Originally from UAE, they offer a cross-cultural perspective. They speak English, Arabic, Farsi. They can help with housing and accommodation, cultural adaptation and settling in, and are available for one-off or ongoing mentoring."
772,Siti,Widodo,Parent,University of New South Wales,Information Systems,Bachelor,Southeast Asian,Indonesia,English;Malay,13,True,True,True,False,10,118,35,4.3,school_enrollment;cultural_adjustment,"Siti Widodo has been living in Australia for 13 years and supports their child at University of New South Wales. Originally from Indonesia, they offer a cross-cultural perspective. They speak English, Malay. They can help with visa and immigration processes, housing and accommodation, cultural adaptation and settling in, and are available for one-off or ongoing mentoring."
773,Nnamdi,Eze,Student,Monash University,Social Work,Master,African,Zimbabwe,English,12,True,True,False,True,6,10,21,4.1,housing;career;academics,"Nnamdi Eze is a Master student in Social Work at Monash University. They have been living in Australia for 12 years. Originally from Zimbabwe, they offer a cross-cultural perspective. They speak English. They can help with visa and immigration processes, housing and accommodation, career guidance and employability, and are available for one-off or ongoing mentoring."
774,Lucy,Jensen,Student,Monash University,Information Systems,Bachelor,European,Poland,English;French,4,True,True,False,True,8,15,29,4.9,academics;housing;visa;scholarships,"Lucy Jensen is a Bachelor student in Information Systems at Monash University. They have been living in Australia for 4 years. Originally from Poland, they offer a cross-cultural perspective. They speak English, French. They can help with visa and immigration processes, housing and accommodation, career guidance and employability, and are available for one-off or ongoing mentoring."
775,Tanvi,Reddy,Parent,University of Western Australia,Mechanical Engineering,Master,Indian,India,English;Hindi;Tamil,18,True,False,False,False,5,99,12,4.0,finances;housing;cultural_adjustment;student_safety,"Tanvi Reddy has been living in Australia for 18 years and supports their child at University of Western Australia. Originally from India, they offer a cross-cultural perspective. They speak English, Hindi, Tamil. They can help with visa and immigration processes, and are available for one-off or ongoing mentoring."
776,Michael,Dubois,Professor,RMIT University,Civil Engineering,Master,European,Poland,English;Dutch,19,True,True,False,True,9,72,16,4.9,academics;industry_transition,"Michael Dubois is a Professor in the Civil Engineering department at RMIT University. They have 19 years of experience in Australian higher education. Originally from Poland, they offer a cross-cultural perspective. They speak English, Dutch. They can help with visa and immigration processes, housing and accommodation, career guidance and employability, and are available for one-off or ongoing mentoring."
777,Mia,Dahl,Professor,Monash University,Medicine,PhD,European,Sweden,English;Dutch,7,True,False,True,True,10,19,45,4.8,networking;industry_transition;career;research,"Mia Dahl is a Professor in the Medicine department at Monash University. They have 7 years of experience in Australian higher education. Originally from Sweden, they offer a cross-cultural perspective. They speak English, Dutch. They can help with visa and immigration processes, cultural adaptation and settling in, career guidance and employability, and are available for one-off or ongoing mentoring."
778,Sneha,Shah,Parent,University of Newcastle,Architecture,Bachelor,Indian,India,English;Hindi,7,True,True,True,True,8,177,26,3.7,school_enrollment;student_safety,"Sneha Shah has been living in Australia for 7 years and supports their child at University of Newcastle. Originally from India, they offer a cross-cultural perspective. They speak English, Hindi. They can help with visa and immigration processes, housing and accommodation, cultural adaptation and settling in, career guidance and employability, and are available for one-off or ongoing mentoring."
779,Hannah,Jensen,Student,RMIT University,Information Systems,Bachelor,European,Netherlands,English;French,1,False,False,True,True,7,196,25,4.5,housing;cultural_adjustment,"Hannah Jensen is a Bachelor student in Information Systems at RMIT University. They have been living in Australia for 1 years. Originally from Netherlands, they offer a cross-cultural perspective. They speak English, French. They can help with cultural adaptation and settling in, career guidance and employability, and are available for one-off or ongoing mentoring."
780,Tao,Yang,Student,Queensland University of Technology,Artificial Intelligence,Bachelor,Chinese,China,Mandarin;English,11,True,True,False,True,1,82,13,4.2,scholarships;visa,"Tao Yang is a Bachelor student in Artificial Intelligence at Queensland University of Technology. They have been living in Australia for 11 years. Originally from China, they offer a cross-cultural perspective. They speak Mandarin, English. They can help with visa and immigration processes, housing and accommodation, career guidance and employability, and are available for one-off or ongoing mentoring."
781,Bao,Zhao,Professor,University of Technology Sydney,Business Analytics,PostDoc,Chinese,China,Mandarin;English,17,False,True,False,True,8,123,24,4.1,networking;career;scholarships,"Bao Zhao is a Professor in the Business Analytics department at University of Technology Sydney. They have 17 years of experience in Australian higher education. Originally from China, they offer a cross-cultural perspective. They speak Mandarin, English. They can help with housing and accommodation, career guidance and employability, and are available for one-off or ongoing mentoring."
782,Wei,Liu,Student,Monash University,Social Work,Bachelor,Chinese,China,Mandarin;English,5,True,False,True,False,1,124,29,4.0,housing;cultural_adjustment;scholarships;career,"Wei Liu is a Bachelor student in Social Work at Monash University. They have been living in Australia for 5 years. Originally from China, they offer a cross-cultural perspective. They speak Mandarin, English. They can help with visa and immigration processes, cultural adaptation and settling in, and are available for one-off or ongoing mentoring."
783,Julia,Garcia,Student,University of Technology Sydney,Architecture,Bachelor,European,Sweden,English;Dutch,19,True,True,True,True,9,174,9,4.8,scholarships;career;housing;academics,"Julia Garcia is a Bachelor student in Architecture at University of Technology Sydney. They have been living in Australia for 19 years. Originally from Sweden, they offer a cross-cultural perspective. They speak English, Dutch. They can help with visa and immigration processes, housing and accommodation, cultural adaptation and settling in, career guidance and employability, and are available for one-off or ongoing mentoring."
784,Jasper,Anderson,Student,University of Newcastle,Law,Bachelor,Australian Domestic,New Zealand,English,16,True,True,False,True,5,143,31,4.5,housing;cultural_adjustment;career,"Jasper Anderson is a Bachelor student in Law at University of Newcastle. They have been living in Australia for 16 years. Originally from New Zealand, they offer a cross-cultural perspective. They speak English. They can help with visa and immigration processes, housing and accommodation, career guidance and employability, and are available for one-off or ongoing mentoring."
785,John,Williams,Professor,Deakin University,Economics,PhD,European,United Kingdom,English;German,16,True,False,True,True,7,170,35,4.3,industry_transition;scholarships;networking;career,"John Williams is a Professor in the Economics department at Deakin University. They have 16 years of experience in Australian higher education. Originally from United Kingdom, they offer a cross-cultural perspective. They speak English, German. They can help with visa and immigration processes, cultural adaptation and settling in, career guidance and employability, and are available for one-off or ongoing mentoring."
786,Suresh,Agarwal,Student,RMIT University,Marketing,Master,Indian,India,English;Tamil,13,True,False,True,True,7,84,6,4.3,housing;academics;scholarships,"Suresh Agarwal is a Master student in Marketing at RMIT University. They have been living in Australia for 13 years. Originally from India, they offer a cross-cultural perspective. They speak English, Tamil. They can help with visa and immigration processes, cultural adaptation and settling in, career guidance and employability, and are available for one-off or ongoing mentoring."
787,Yanti,Le,Student,Macquarie University,Accounting,PhD,Southeast Asian,Malaysia,English;Malay;Indonesian,5,True,True,False,False,9,191,47,4.1,cultural_adjustment;housing;academics;career,"Yanti Le is a PhD student in Accounting at Macquarie University. They have been living in Australia for 5 years. Originally from Malaysia, they offer a cross-cultural perspective. They speak English, Malay, Indonesian. They can help with visa and immigration processes, housing and accommodation, and are available for one-off or ongoing mentoring."
788,Thi,Pham,Student,University of Melbourne,Marketing,Bachelor,Southeast Asian,Myanmar,English;Indonesian,19,True,True,True,False,6,94,45,4.8,cultural_adjustment;housing,"Thi Pham is a Bachelor student in Marketing at University of Melbourne. They have been living in Australia for 19 years. Originally from Myanmar, they offer a cross-cultural perspective. They speak English, Indonesian. They can help with visa and immigration processes, housing and accommodation, cultural adaptation and settling in, and are available for one-off or ongoing mentoring."
789,Aarti,Gupta,Parent,Queensland University of Technology,Information Systems,Master,Indian,India,English;Hindi;Bengali,12,True,True,False,False,4,81,8,4.1,housing;visa,"Aarti Gupta has been living in Australia for 12 years and supports their child at Queensland University of Technology. Originally from India, they offer a cross-cultural perspective. They speak English, Hindi, Bengali. They can help with visa and immigration processes, housing and accommodation, and are available for one-off or ongoing mentoring."
790,Obinna,Diallo,Student,Australian National University,Economics,Bachelor,African,Nigeria,English;French,3,False,True,True,False,9,65,29,5.0,housing;scholarships;cultural_adjustment,"Obinna Diallo is a Bachelor student in Economics at Australian National University. They have been living in Australia for 3 years. Originally from Nigeria, they offer a cross-cultural perspective. They speak English, French. They can help with housing and accommodation, cultural adaptation and settling in, and are available for one-off or ongoing mentoring."
791,Olivia,Wilson,Professor,RMIT University,Civil Engineering,PostDoc,Australian Domestic,Australia,English,7,True,False,False,True,4,106,25,4.4,career;networking;research;scholarships,"Olivia Wilson is a Professor in the Civil Engineering department at RMIT University. They have 7 years of experience in Australian higher education. Originally from Australia, they offer a cross-cultural perspective. They speak English. They can help with visa and immigration processes, career guidance and employability, and are available for one-off or ongoing mentoring."
792,Claire,Klein,Student,University of Newcastle,Economics,Master,European,Spain,English;Italian,7,True,False,True,True,5,193,22,4.1,academics;visa;cultural_adjustment,"Claire Klein is a Master student in Economics at University of Newcastle. They have been living in Australia for 7 years. Originally from Spain, they offer a cross-cultural perspective. They speak English, Italian. They can help with visa and immigration processes, cultural adaptation and settling in, career guidance and employability, and are available for one-off or ongoing mentoring."
793,Irene,Reyes,Student,Deakin University,Economics,Bachelor,Latin American,Argentina,English;Spanish,20,True,True,False,False,8,134,13,5.0,visa;cultural_adjustment;housing,"Irene Reyes is a Bachelor student in Economics at Deakin University. They have been living in Australia for 20 years. Originally from Argentina, they offer a cross-cultural perspective. They speak English, Spanish. They can help with visa and immigration processes, housing and accommodation, and are available for one-off or ongoing mentoring."
794,Ana,Morales,Student,University of Western Australia,Marketing,Bachelor,Latin American,Chile,English;Spanish;Portuguese,9,False,True,False,True,3,186,34,4.5,scholarships;academics,"Ana Morales is a Bachelor student in Marketing at University of Western Australia. They have been living in Australia for 9 years. Originally from Chile, they offer a cross-cultural perspective. They speak English, Spanish, Portuguese. They can help with housing and accommodation, career guidance and employability, and are available for one-off or ongoing mentoring."
795,Rahul,Shah,Student,University of Newcastle,Data Science,Master,Indian,India,English;Hindi,3,True,True,False,True,2,35,42,4.5,academics;visa;cultural_adjustment,"Rahul Shah is a Master student in Data Science at University of Newcastle. They have been living in Australia for 3 years. Originally from India, they offer a cross-cultural perspective. They speak English, Hindi. They can help with visa and immigration processes, housing and accommodation, career guidance and employability, and are available for one-off or ongoing mentoring."
796,Hudson,Taylor,Professor,University of Newcastle,Information Systems,PhD,Australian Domestic,Australia,English;Hindi,6,False,True,True,True,8,127,31,4.1,academics;industry_transition;research;networking,"Hudson Taylor is a Professor in the Information Systems department at University of Newcastle. They have 6 years of experience in Australian higher education. Originally from Australia, they offer a cross-cultural perspective. They speak English, Hindi. They can help with housing and accommodation, cultural adaptation and settling in, career guidance and employability, and are available for one-off or ongoing mentoring."
797,Tom,Evans,Professor,Deakin University,Economics,PostDoc,European,Italy,English;German,6,True,False,False,True,5,162,15,3.6,research;industry_transition,"Tom Evans is a Professor in the Economics department at Deakin University. They have 6 years of experience in Australian higher education. Originally from Italy, they offer a cross-cultural perspective. They speak English, German. They can help with visa and immigration processes, career guidance and employability, and are available for one-off or ongoing mentoring."
798,Peng,Sun,Student,Australian National University,Information Systems,Bachelor,Chinese,Taiwan,Mandarin;English,8,True,True,True,True,10,108,48,3.9,career;scholarships;cultural_adjustment,"Peng Sun is a Bachelor student in Information Systems at Australian National University. They have been living in Australia for 8 years. Originally from Taiwan, they offer a cross-cultural perspective. They speak Mandarin, English. They can help with visa and immigration processes, housing and accommodation, cultural adaptation and settling in, career guidance and employability, and are available for one-off or ongoing mentoring."
799,Ben,Taylor,Professor,University of Western Australia,Accounting,PhD,European,Italy,English;French,5,True,False,False,True,9,50,48,4.4,research;academics;scholarships;career,"Ben Taylor is a Professor in the Accounting department at University of Western Australia. They have 5 years of experience in Australian higher education. Originally from Italy, they offer a cross-cultural perspective. They speak English, French. They can help with visa and immigration processes, career guidance and employability, and are available for one-off or ongoing mentoring."
800,Francisco,Aguilar,Professor,University of Technology Sydney,Education,Master,Latin American,Venezuela,English;Portuguese,15,False,True,False,True,3,76,17,4.8,career;scholarships;industry_transition,"Francisco Aguilar is a Professor in the Education department at University of Technology Sydney. They have 15 years of experience in Australian higher education. Originally from Venezuela, they offer a cross-cultural perspective. They speak English, Portuguese. They can help with housing and accommodation, career guidance and employability, and are available for one-off or ongoing mentoring."
801,Julia,Brown,Parent,University of Technology Sydney,Architecture,PhD,European,Italy,English;Dutch,14,False,True,True,False,3,76,11,4.1,cultural_adjustment;student_safety;finances,"Julia Brown has been living in Australia for 14 years and supports their child at University of Technology Sydney. Originally from Italy, they offer a cross-cultural perspective. They speak English, Dutch. They can help with housing and accommodation, cultural adaptation and settling in, and are available for one-off or ongoing mentoring."
802,Xiao,He,Professor,University of Newcastle,Economics,PhD,Chinese,China,English;Mandarin,1,False,True,False,True,6,128,46,4.2,research;industry_transition;scholarships,"Xiao He is a Professor in the Economics department at University of Newcastle. They have 1 years of experience in Australian higher education. Originally from China, they offer a cross-cultural perspective. They speak English, Mandarin. They can help with housing and accommodation, career guidance and employability, and are available for one-off or ongoing mentoring."
803,Hassan,Latif,Student,University of Western Australia,Business Analytics,Bachelor,Middle Eastern,Egypt,Arabic;English,4,False,True,True,True,3,132,36,3.5,cultural_adjustment;scholarships,"Hassan Latif is a Bachelor student in Business Analytics at University of Western Australia. They have been living in Australia for 4 years. Originally from Egypt, they offer a cross-cultural perspective. They speak Arabic, English. They can help with housing and accommodation, cultural adaptation and settling in, career guidance and employability, and are available for one-off or ongoing mentoring."
804,Daniel,Klein,Professor,Deakin University,Law,PhD,European,Sweden,English,1,False,False,True,True,5,56,48,4.5,research;career;scholarships;academics,"Daniel Klein is a Professor in the Law department at Deakin University. They have 1 years of experience in Australian higher education. Originally from Sweden, they offer a cross-cultural perspective. They speak English. They can help with cultural adaptation and settling in, career guidance and employability, and are available for one-off or ongoing mentoring."
805,Emeka,Diallo,Parent,Australian National University,Medicine,PhD,African,Kenya,English;Arabic,1,True,False,True,False,3,32,4,4.0,school_enrollment;housing,"Emeka Diallo has been living in Australia for 1 years and supports their child at Australian National University. Originally from Kenya, they offer a cross-cultural perspective. They speak English, Arabic. They can help with visa and immigration processes, cultural adaptation and settling in, and are available for one-off or ongoing mentoring."
806,Damilola,Balogun,Parent,University of Western Australia,Environmental Science,PostDoc,African,Ethiopia,English,17,True,True,True,True,8,29,1,4.8,finances;student_safety;housing,"Damilola Balogun has been living in Australia for 17 years and supports their child at University of Western Australia. Originally from Ethiopia, they offer a cross-cultural perspective. They speak English. They can help with visa and immigration processes, housing and accommodation, cultural adaptation and settling in, career guidance and employability, and are available for one-off or ongoing mentoring."
807,Elena,Martinez,Parent,Curtin University,Social Work,Bachelor,Latin American,Chile,English;Portuguese,7,True,True,True,True,7,131,34,4.4,cultural_adjustment;finances;student_safety;visa,"Elena Martinez has been living in Australia for 7 years and supports their child at Curtin University. Originally from Chile, they offer a cross-cultural perspective. They speak English, Portuguese. They can help with visa and immigration processes, housing and accommodation, cultural adaptation and settling in, career guidance and employability, and are available for one-off or ongoing mentoring."
808,Ahmed,Saleh,Student,University of Newcastle,Architecture,Bachelor,Middle Eastern,Jordan,English;Arabic;Farsi,11,True,False,False,True,8,200,4,4.9,scholarships;housing;visa;cultural_adjustment,"Ahmed Saleh is a Bachelor student in Architecture at University of Newcastle. They have been living in Australia for 11 years. Originally from Jordan, they offer a cross-cultural perspective. They speak English, Arabic, Farsi. They can help with visa and immigration processes, career guidance and employability, and are available for one-off or ongoing mentoring."
809,Hamid,Abbas,Professor,University of Technology Sydney,Nursing,PostDoc,Middle Eastern,Turkey,English;Arabic;French,18,True,True,False,False,5,105,40,4.8,career;research,"Hamid Abbas is a Professor in the Nursing department at University of Technology Sydney. They have 18 years of experience in Australian higher education. Originally from Turkey, they offer a cross-cultural perspective. They speak English, Arabic, French. They can help with visa and immigration processes, housing and accommodation, and are available for one-off or ongoing mentoring."
810,Aziz,Nguyen,Professor,Australian National University,Information Systems,Master,Southeast Asian,Vietnam,English;Thai,9,True,False,True,True,8,61,33,4.7,research;industry_transition,"Aziz Nguyen is a Professor in the Information Systems department at Australian National University. They have 9 years of experience in Australian higher education. Originally from Vietnam, they offer a cross-cultural perspective. They speak English, Thai. They can help with visa and immigration processes, cultural adaptation and settling in, career guidance and employability, and are available for one-off or ongoing mentoring."
811,Nneka,Adeyemi,Parent,University of Adelaide,Pharmacy,Master,African,Ghana,English;French,8,True,True,True,True,8,103,24,4.2,finances;visa;student_safety,"Nneka Adeyemi has been living in Australia for 8 years and supports their child at University of Adelaide. Originally from Ghana, they offer a cross-cultural perspective. They speak English, French. They can help with visa and immigration processes, housing and accommodation, cultural adaptation and settling in, career guidance and employability, and are available for one-off or ongoing mentoring."
812,Arjun,Kumar,Student,University of Technology Sydney,Economics,PhD,Indian,India,English;Hindi;Tamil,9,True,False,True,False,4,77,33,4.5,housing;academics,"Arjun Kumar is a PhD student in Economics at University of Technology Sydney. They have been living in Australia for 9 years. Originally from India, they offer a cross-cultural perspective. They speak English, Hindi, Tamil. They can help with visa and immigration processes, cultural adaptation and settling in, and are available for one-off or ongoing mentoring."
813,Diego,Aguilar,Student,University of Technology Sydney,Information Systems,Bachelor,Latin American,Mexico,English;Spanish;Portuguese,17,True,True,True,True,6,117,22,3.6,visa;academics;scholarships;housing,"Diego Aguilar is a Bachelor student in Information Systems at University of Technology Sydney. They have been living in Australia for 17 years. Originally from Mexico, they offer a cross-cultural perspective. They speak English, Spanish, Portuguese. They can help with visa and immigration processes, housing and accommodation, cultural adaptation and settling in, career guidance and employability, and are available for one-off or ongoing mentoring."
814,Huong,Wibowo,Parent,University of New South Wales,Biotechnology,Bachelor,Southeast Asian,Vietnam,English;Thai,18,False,True,True,True,9,22,16,4.3,school_enrollment;cultural_adjustment;visa;student_safety,"Huong Wibowo has been living in Australia for 18 years and supports their child at University of New South Wales. Originally from Vietnam, they offer a cross-cultural perspective. They speak English, Thai. They can help with housing and accommodation, cultural adaptation and settling in, career guidance and employability, and are available for one-off or ongoing mentoring."
815,Emily,White,Parent,University of Sydney,Law,Master,Australian Domestic,Australia,English,16,False,False,False,True,8,169,3,3.6,cultural_adjustment;housing;finances,"Emily White has been living in Australia for 16 years and supports their child at University of Sydney. Originally from Australia, they offer a cross-cultural perspective. They speak English. They can help with career guidance and employability, and are available for one-off or ongoing mentoring."
816,Callum,Wilson,Parent,Macquarie University,Marketing,Master,Australian Domestic,New Zealand,English,2,True,False,True,False,8,80,27,4.8,student_safety;school_enrollment;visa;housing,"Callum Wilson has been living in Australia for 2 years and supports their child at Macquarie University. Originally from New Zealand, they offer a cross-cultural perspective. They speak English. They can help with visa and immigration processes, cultural adaptation and settling in, and are available for one-off or ongoing mentoring."
817,Sophie,Evans,Parent,Monash University,Artificial Intelligence,Master,Australian Domestic,New Zealand,English;Hindi,13,True,True,True,False,9,47,36,4.4,school_enrollment;visa,"Sophie Evans has been living in Australia for 13 years and supports their child at Monash University. Originally from New Zealand, they offer a cross-cultural perspective. They speak English, Hindi. They can help with visa and immigration processes, housing and accommodation, cultural adaptation and settling in, and are available for one-off or ongoing mentoring."
818,Jake,Davis,Parent,Monash University,Cybersecurity,PhD,Australian Domestic,Australia,English,19,True,True,True,False,2,67,38,4.8,student_safety;school_enrollment,"Jake Davis has been living in Australia for 19 years and supports their child at Monash University. Originally from Australia, they offer a cross-cultural perspective. They speak English. They can help with visa and immigration processes, housing and accommodation, cultural adaptation and settling in, and are available for one-off or ongoing mentoring."
819,Nur,Pham,Parent,Queensland University of Technology,Accounting,Master,Southeast Asian,Singapore,English;Thai,18,True,True,True,True,10,97,18,4.5,housing;visa,"Nur Pham has been living in Australia for 18 years and supports their child at Queensland University of Technology. Originally from Singapore, they offer a cross-cultural perspective. They speak English, Thai. They can help with visa and immigration processes, housing and accommodation, cultural adaptation and settling in, career guidance and employability, and are available for one-off or ongoing mentoring."
820,Helene,Anderson,Parent,University of Melbourne,Economics,PhD,European,Netherlands,English;French,1,True,True,True,False,9,198,30,4.1,housing;cultural_adjustment;student_safety;finances,"Helene Anderson has been living in Australia for 1 years and supports their child at University of Melbourne. Originally from Netherlands, they offer a cross-cultural perspective. They speak English, French. They can help with visa and immigration processes, housing and accommodation, cultural adaptation and settling in, and are available for one-off or ongoing mentoring."
821,Hector,Sanchez,Parent,University of New South Wales,Psychology,PostDoc,Latin American,Colombia,Spanish;English,3,False,True,False,False,3,115,29,4.3,cultural_adjustment;visa,"Hector Sanchez has been living in Australia for 3 years and supports their child at University of New South Wales. Originally from Colombia, they offer a cross-cultural perspective. They speak Spanish, English. They can help with housing and accommodation, and are available for one-off or ongoing mentoring."
822,Duc,Wibowo,Parent,Deakin University,Computer Science,Bachelor,Southeast Asian,Indonesia,English;Thai,3,False,True,True,True,4,72,3,3.8,housing;finances;visa,"Duc Wibowo has been living in Australia for 3 years and supports their child at Deakin University. Originally from Indonesia, they offer a cross-cultural perspective. They speak English, Thai. They can help with housing and accommodation, cultural adaptation and settling in, career guidance and employability, and are available for one-off or ongoing mentoring."
823,Miguel,Martinez,Professor,Curtin University,Marketing,PhD,Latin American,Venezuela,English;Spanish,17,True,False,True,True,1,23,15,3.9,industry_transition;research;academics;networking,"Miguel Martinez is a Professor in the Marketing department at Curtin University. They have 17 years of experience in Australian higher education. Originally from Venezuela, they offer a cross-cultural perspective. They speak English, Spanish. They can help with visa and immigration processes, cultural adaptation and settling in, career guidance and employability, and are available for one-off or ongoing mentoring."
824,Fang,Zhang,Parent,Macquarie University,Chemical Engineering,PhD,Chinese,China,English;Mandarin,19,True,True,True,False,2,148,10,4.2,housing;cultural_adjustment;student_safety,"Fang Zhang has been living in Australia for 19 years and supports their child at Macquarie University. Originally from China, they offer a cross-cultural perspective. They speak English, Mandarin. They can help with visa and immigration processes, housing and accommodation, cultural adaptation and settling in, and are available for one-off or ongoing mentoring."
825,Emily,Williams,Professor,Australian National University,Economics,PostDoc,Australian Domestic,Australia,English;Hindi,14,False,False,True,True,9,190,13,3.8,career;networking;scholarships,"Emily Williams is a Professor in the Economics department at Australian National University. They have 14 years of experience in Australian higher education. Originally from Australia, they offer a cross-cultural perspective. They speak English, Hindi. They can help with cultural adaptation and settling in, career guidance and employability, and are available for one-off or ongoing mentoring."
826,Vikram,Malhotra,Parent,Monash University,Education,Master,Indian,India,English;Hindi,20,True,True,True,False,4,57,34,4.8,finances;cultural_adjustment;school_enrollment;visa,"Vikram Malhotra has been living in Australia for 20 years and supports their child at Monash University. Originally from India, they offer a cross-cultural perspective. They speak English, Hindi. They can help with visa and immigration processes, housing and accommodation, cultural adaptation and settling in, and are available for one-off or ongoing mentoring."
827,Ama,Diallo,Professor,Australian National University,Business Analytics,PhD,African,Ghana,English;Arabic,20,False,True,False,True,3,186,46,5.0,industry_transition;academics;scholarships,"Ama Diallo is a Professor in the Business Analytics department at Australian National University. They have 20 years of experience in Australian higher education. Originally from Ghana, they offer a cross-cultural perspective. They speak English, Arabic. They can help with housing and accommodation, career guidance and employability, and are available for one-off or ongoing mentoring."
828,Faisal,Farouk,Parent,University of Western Australia,Architecture,PhD,Middle Eastern,UAE,English;Arabic;French,15,True,True,False,False,7,123,14,4.5,student_safety;visa;school_enrollment;housing,"Faisal Farouk has been living in Australia for 15 years and supports their child at University of Western Australia. Originally from UAE, they offer a cross-cultural perspective. They speak English, Arabic, French. They can help with visa and immigration processes, housing and accommodation, and are available for one-off or ongoing mentoring."
829,Nikhil,Joshi,Professor,University of Melbourne,Social Work,PhD,Indian,India,English;Hindi;Tamil,19,True,True,True,True,3,111,32,4.3,career;scholarships;academics,"Nikhil Joshi is a Professor in the Social Work department at University of Melbourne. They have 19 years of experience in Australian higher education. Originally from India, they offer a cross-cultural perspective. They speak English, Hindi, Tamil. They can help with visa and immigration processes, housing and accommodation, cultural adaptation and settling in, career guidance and employability, and are available for one-off or ongoing mentoring."
830,Ifeoma,Chukwu,Student,University of Western Australia,Artificial Intelligence,Master,African,South Africa,English;Swahili,5,True,True,False,True,2,63,14,3.5,career;cultural_adjustment;visa,"Ifeoma Chukwu is a Master student in Artificial Intelligence at University of Western Australia. They have been living in Australia for 5 years. Originally from South Africa, they offer a cross-cultural perspective. They speak English, Swahili. They can help with visa and immigration processes, housing and accommodation, career guidance and employability, and are available for one-off or ongoing mentoring."
831,Hamid,Nasser,Parent,University of Melbourne,Electrical Engineering,Master,Middle Eastern,Egypt,English;Arabic;Farsi,11,True,False,True,False,4,14,33,4.3,finances;visa,"Hamid Nasser has been living in Australia for 11 years and supports their child at University of Melbourne. Originally from Egypt, they offer a cross-cultural perspective. They speak English, Arabic, Farsi. They can help with visa and immigration processes, cultural adaptation and settling in, and are available for one-off or ongoing mentoring."
832,Damilola,Kanu,Professor,University of Queensland,Chemical Engineering,Bachelor,African,Zimbabwe,English;French,7,False,False,True,True,5,75,40,3.6,career;scholarships;academics,"Damilola Kanu is a Professor in the Chemical Engineering department at University of Queensland. They have 7 years of experience in Australian higher education. Originally from Zimbabwe, they offer a cross-cultural perspective. They speak English, French. They can help with cultural adaptation and settling in, career guidance and employability, and are available for one-off or ongoing mentoring."
833,Kofi,Kamara,Professor,University of Adelaide,Information Systems,PhD,African,Ghana,English;French,10,False,False,False,True,5,51,28,4.1,academics;networking;career;industry_transition,"Kofi Kamara is a Professor in the Information Systems department at University of Adelaide. They have 10 years of experience in Australian higher education. Originally from Ghana, they offer a cross-cultural perspective. They speak English, French. They can help with career guidance and employability, and are available for one-off or ongoing mentoring."
834,Yusuf,Al-Rashid,Professor,Macquarie University,Economics,PhD,Middle Eastern,Saudi Arabia,Arabic;English,18,False,True,False,True,2,95,26,4.1,academics;networking,"Yusuf Al-Rashid is a Professor in the Economics department at Macquarie University. They have 18 years of experience in Australian higher education. Originally from Saudi Arabia, they offer a cross-cultural perspective. They speak Arabic, English. They can help with housing and accommodation, career guidance and employability, and are available for one-off or ongoing mentoring."
835,Hao,Wang,Professor,University of Sydney,Biotechnology,PostDoc,Chinese,Hong Kong,English;Mandarin;Cantonese,20,False,False,True,True,2,132,39,4.3,academics;research;networking;industry_transition,"Hao Wang is a Professor in the Biotechnology department at University of Sydney. They have 20 years of experience in Australian higher education. Originally from Hong Kong, they offer a cross-cultural perspective. They speak English, Mandarin, Cantonese. They can help with cultural adaptation and settling in, career guidance and employability, and are available for one-off or ongoing mentoring."
836,Blake,Clark,Student,University of Adelaide,Data Science,Bachelor,Australian Domestic,New Zealand,English;Hindi,13,True,False,True,True,2,123,46,3.9,housing;cultural_adjustment,"Blake Clark is a Bachelor student in Data Science at University of Adelaide. They have been living in Australia for 13 years. Originally from New Zealand, they offer a cross-cultural perspective. They speak English, Hindi. They can help with visa and immigration processes, cultural adaptation and settling in, career guidance and employability, and are available for one-off or ongoing mentoring."
837,Gbenga,Adeyemi,Student,Monash University,Civil Engineering,PhD,African,Nigeria,English;Swahili,12,True,True,False,True,10,22,23,4.5,visa;academics;scholarships,"Gbenga Adeyemi is a PhD student in Civil Engineering at Monash University. They have been living in Australia for 12 years. Originally from Nigeria, they offer a cross-cultural perspective. They speak English, Swahili. They can help with visa and immigration processes, housing and accommodation, career guidance and employability, and are available for one-off or ongoing mentoring."
838,Ananya,Reddy,Professor,University of Melbourne,Economics,PhD,Indian,Sri Lanka,English;Hindi,2,True,True,True,True,6,166,1,3.6,academics;scholarships;career;industry_transition,"Ananya Reddy is a Professor in the Economics department at University of Melbourne. They have 2 years of experience in Australian higher education. Originally from Sri Lanka, they offer a cross-cultural perspective. They speak English, Hindi. They can help with visa and immigration processes, housing and accommodation, cultural adaptation and settling in, career guidance and employability, and are available for one-off or ongoing mentoring."
839,Jun,Ma,Student,University of Adelaide,Public Health,Bachelor,Chinese,Hong Kong,English;Mandarin;Cantonese,16,True,True,False,True,2,79,22,3.7,career;cultural_adjustment;housing,"Jun Ma is a Bachelor student in Public Health at University of Adelaide. They have been living in Australia for 16 years. Originally from Hong Kong, they offer a cross-cultural perspective. They speak English, Mandarin, Cantonese. They can help with visa and immigration processes, housing and accommodation, career guidance and employability, and are available for one-off or ongoing mentoring."
840,Lanre,Okafor,Professor,University of Technology Sydney,Electrical Engineering,Bachelor,African,South Africa,English;Swahili,7,False,False,True,True,1,96,14,4.4,industry_transition;career;scholarships;research,"Lanre Okafor is a Professor in the Electrical Engineering department at University of Technology Sydney. They have 7 years of experience in Australian higher education. Originally from South Africa, they offer a cross-cultural perspective. They speak English, Swahili. They can help with cultural adaptation and settling in, career guidance and employability, and are available for one-off or ongoing mentoring."
841,Aditya,Patel,Professor,University of Technology Sydney,Psychology,PhD,Indian,India,English;Hindi;Bengali,4,False,True,False,False,5,192,16,4.9,scholarships;academics;networking,"Aditya Patel is a Professor in the Psychology department at University of Technology Sydney. They have 4 years of experience in Australian higher education. Originally from India, they offer a cross-cultural perspective. They speak English, Hindi, Bengali. They can help with housing and accommodation, and are available for one-off or ongoing mentoring."
842,Yash,Tiwari,Student,University of Melbourne,Medicine,PostDoc,Indian,India,English;Hindi;Tamil,8,True,False,True,True,7,32,21,4.4,visa;career,"Yash Tiwari is a PostDoc student in Medicine at University of Melbourne. They have been living in Australia for 8 years. Originally from India, they offer a cross-cultural perspective. They speak English, Hindi, Tamil. They can help with visa and immigration processes, cultural adaptation and settling in, career guidance and employability, and are available for one-off or ongoing mentoring."
843,Mai,Yanto,Professor,University of Queensland,Finance,PhD,Southeast Asian,Vietnam,English;Malay;Indonesian,4,True,False,False,True,1,109,12,4.8,academics;networking;research;career,"Mai Yanto is a Professor in the Finance department at University of Queensland. They have 4 years of experience in Australian higher education. Originally from Vietnam, they offer a cross-cultural perspective. They speak English, Malay, Indonesian. They can help with visa and immigration processes, career guidance and employability, and are available for one-off or ongoing mentoring."
844,Lucia,Jimenez,Student,Curtin University,Electrical Engineering,Bachelor,Latin American,Brazil,English;Portuguese,13,True,False,True,True,2,24,31,3.7,visa;scholarships,"Lucia Jimenez is a Bachelor student in Electrical Engineering at Curtin University. They have been living in Australia for 13 years. Originally from Brazil, they offer a cross-cultural perspective. They speak English, Portuguese. They can help with visa and immigration processes, cultural adaptation and settling in, career guidance and employability, and are available for one-off or ongoing mentoring."
845,Chloe,Anderson,Student,University of Technology Sydney,Computer Science,PhD,Australian Domestic,Australia,English;Mandarin,12,True,False,True,True,3,183,20,5.0,scholarships;academics;housing;cultural_adjustment,"Chloe Anderson is a PhD student in Computer Science at University of Technology Sydney. They have been living in Australia for 12 years. Originally from Australia, they offer a cross-cultural perspective. They speak English, Mandarin. They can help with visa and immigration processes, cultural adaptation and settling in, career guidance and employability, and are available for one-off or ongoing mentoring."
846,Ravi,Iyer,Student,University of Newcastle,Accounting,Bachelor,Indian,India,English;Bengali,18,True,False,True,True,3,74,19,4.1,academics;cultural_adjustment,"Ravi Iyer is a Bachelor student in Accounting at University of Newcastle. They have been living in Australia for 18 years. Originally from India, they offer a cross-cultural perspective. They speak English, Bengali. They can help with visa and immigration processes, cultural adaptation and settling in, career guidance and employability, and are available for one-off or ongoing mentoring."
847,Alejandro,Perez,Professor,Queensland University of Technology,Economics,PhD,Latin American,Argentina,English;Spanish;Portuguese,15,False,True,True,True,3,35,17,3.7,research;scholarships;industry_transition,"Alejandro Perez is a Professor in the Economics department at Queensland University of Technology. They have 15 years of experience in Australian higher education. Originally from Argentina, they offer a cross-cultural perspective. They speak English, Spanish, Portuguese. They can help with housing and accommodation, cultural adaptation and settling in, career guidance and employability, and are available for one-off or ongoing mentoring."
848,Mark,Brown,Parent,Deakin University,Psychology,Bachelor,European,Netherlands,English;German,17,True,False,True,False,10,1,18,3.9,school_enrollment;visa;finances,"Mark Brown has been living in Australia for 17 years and supports their child at Deakin University. Originally from Netherlands, they offer a cross-cultural perspective. They speak English, German. They can help with visa and immigration processes, cultural adaptation and settling in, and are available for one-off or ongoing mentoring."
849,Arjun,Sharma,Student,University of Western Australia,Architecture,Bachelor,Indian,India,English;Tamil,2,True,True,True,True,10,63,41,3.7,housing;career;visa,"Arjun Sharma is a Bachelor student in Architecture at University of Western Australia. They have been living in Australia for 2 years. Originally from India, they offer a cross-cultural perspective. They speak English, Tamil. They can help with visa and immigration processes, housing and accommodation, cultural adaptation and settling in, career guidance and employability, and are available for one-off or ongoing mentoring."
850,Chioma,Abiodun,Student,University of Newcastle,Artificial Intelligence,Master,African,Ethiopia,English;Arabic,16,True,False,True,False,2,190,21,4.5,cultural_adjustment;scholarships,"Chioma Abiodun is a Master student in Artificial Intelligence at University of Newcastle. They have been living in Australia for 16 years. Originally from Ethiopia, they offer a cross-cultural perspective. They speak English, Arabic. They can help with visa and immigration processes, cultural adaptation and settling in, and are available for one-off or ongoing mentoring."
851,James,Muller,Parent,University of Newcastle,Artificial Intelligence,Bachelor,European,Sweden,English;Dutch,15,True,True,True,True,8,42,19,4.3,housing;finances;visa;school_enrollment,"James Muller has been living in Australia for 15 years and supports their child at University of Newcastle. Originally from Sweden, they offer a cross-cultural perspective. They speak English, Dutch. They can help with visa and immigration processes, housing and accommodation, cultural adaptation and settling in, career guidance and employability, and are available for one-off or ongoing mentoring."
852,Folake,Dankwa,Professor,University of Technology Sydney,Cybersecurity,Master,African,South Africa,English,18,False,False,True,True,9,1,39,4.3,research;academics,"Folake Dankwa is a Professor in the Cybersecurity department at University of Technology Sydney. They have 18 years of experience in Australian higher education. Originally from South Africa, they offer a cross-cultural perspective. They speak English. They can help with cultural adaptation and settling in, career guidance and employability, and are available for one-off or ongoing mentoring."
853,Aiden,Moore,Parent,University of Sydney,Biotechnology,PhD,Australian Domestic,Australia,English;Mandarin,12,True,True,True,True,3,125,38,3.7,visa;housing;cultural_adjustment;school_enrollment,"Aiden Moore has been living in Australia for 12 years and supports their child at University of Sydney. Originally from Australia, they offer a cross-cultural perspective. They speak English, Mandarin. They can help with visa and immigration processes, housing and accommodation, cultural adaptation and settling in, career guidance and employability, and are available for one-off or ongoing mentoring."
854,Sneha,Rao,Professor,Monash University,Business Analytics,PostDoc,Indian,Sri Lanka,English;Bengali,19,False,False,True,True,6,156,45,4.7,career;research;networking;scholarships,"Sneha Rao is a Professor in the Business Analytics department at Monash University. They have 19 years of experience in Australian higher education. Originally from Sri Lanka, they offer a cross-cultural perspective. They speak English, Bengali. They can help with cultural adaptation and settling in, career guidance and employability, and are available for one-off or ongoing mentoring."
855,Aditya,Rao,Parent,University of Adelaide,Artificial Intelligence,PhD,Indian,India,English;Bengali,16,True,True,True,False,8,27,23,3.6,student_safety;cultural_adjustment;housing,"Aditya Rao has been living in Australia for 16 years and supports their child at University of Adelaide. Originally from India, they offer a cross-cultural perspective. They speak English, Bengali. They can help with visa and immigration processes, housing and accommodation, cultural adaptation and settling in, and are available for one-off or ongoing mentoring."
856,Mona,Jawad,Professor,RMIT University,Electrical Engineering,PhD,Middle Eastern,UAE,Arabic;English,2,True,True,True,True,3,165,33,4.1,academics;industry_transition;scholarships,"Mona Jawad is a Professor in the Electrical Engineering department at RMIT University. They have 2 years of experience in Australian higher education. Originally from UAE, they offer a cross-cultural perspective. They speak Arabic, English. They can help with visa and immigration processes, housing and accommodation, cultural adaptation and settling in, career guidance and employability, and are available for one-off or ongoing mentoring."
857,Lakshmi,Iyer,Parent,Australian National University,Medicine,Bachelor,Indian,India,English;Hindi;Bengali,2,True,True,False,False,4,120,9,4.5,school_enrollment;visa;student_safety;finances,"Lakshmi Iyer has been living in Australia for 2 years and supports their child at Australian National University. Originally from India, they offer a cross-cultural perspective. They speak English, Hindi, Bengali. They can help with visa and immigration processes, housing and accommodation, and are available for one-off or ongoing mentoring."
858,Mia,Anderson,Parent,Australian National University,Biotechnology,PhD,Australian Domestic,Australia,English;Mandarin,19,False,True,True,False,8,19,22,4.0,housing;student_safety;cultural_adjustment;finances,"Mia Anderson has been living in Australia for 19 years and supports their child at Australian National University. Originally from Australia, they offer a cross-cultural perspective. They speak English, Mandarin. They can help with housing and accommodation, cultural adaptation and settling in, and are available for one-off or ongoing mentoring."
859,Ivan,Jensen,Student,University of Sydney,Psychology,Bachelor,European,Germany,English;Dutch,16,True,True,True,False,1,59,24,3.8,visa;housing;scholarships,"Ivan Jensen is a Bachelor student in Psychology at University of Sydney. They have been living in Australia for 16 years. Originally from Germany, they offer a cross-cultural perspective. They speak English, Dutch. They can help with visa and immigration processes, housing and accommodation, cultural adaptation and settling in, and are available for one-off or ongoing mentoring."
860,Ahmed,Abbas,Professor,University of Queensland,Social Work,PhD,Middle Eastern,Lebanon,English;Arabic;Farsi,11,True,False,True,False,7,63,8,5.0,career;research;scholarships;academics,"Ahmed Abbas is a Professor in the Social Work department at University of Queensland. They have 11 years of experience in Australian higher education. Originally from Lebanon, they offer a cross-cultural perspective. They speak English, Arabic, Farsi. They can help with visa and immigration processes, cultural adaptation and settling in, and are available for one-off or ongoing mentoring."
861,Kwame,Kamara,Professor,Queensland University of Technology,Medicine,PostDoc,African,South Africa,English;Swahili,20,True,False,True,True,7,83,43,4.4,scholarships;research,"Kwame Kamara is a Professor in the Medicine department at Queensland University of Technology. They have 20 years of experience in Australian higher education. Originally from South Africa, they offer a cross-cultural perspective. They speak English, Swahili. They can help with visa and immigration processes, cultural adaptation and settling in, career guidance and employability, and are available for one-off or ongoing mentoring."
862,Aisha,Khalil,Professor,University of Sydney,Biotechnology,PhD,Middle Eastern,Lebanon,Arabic;English,15,False,True,False,True,2,145,35,3.6,academics;industry_transition,"Aisha Khalil is a Professor in the Biotechnology department at University of Sydney. They have 15 years of experience in Australian higher education. Originally from Lebanon, they offer a cross-cultural perspective. They speak Arabic, English. They can help with housing and accommodation, career guidance and employability, and are available for one-off or ongoing mentoring."
863,Yusuf,Tahir,Parent,University of New South Wales,Civil Engineering,Bachelor,Middle Eastern,Saudi Arabia,English;Arabic;Farsi,9,False,True,True,True,9,155,41,4.5,school_enrollment;student_safety,"Yusuf Tahir has been living in Australia for 9 years and supports their child at University of New South Wales. Originally from Saudi Arabia, they offer a cross-cultural perspective. They speak English, Arabic, Farsi. They can help with housing and accommodation, cultural adaptation and settling in, career guidance and employability, and are available for one-off or ongoing mentoring."
864,Mei,Han,Professor,Deakin University,Medicine,PhD,Chinese,China,English;Mandarin,13,False,False,True,True,4,69,24,4.4,networking;industry_transition;research,"Mei Han is a Professor in the Medicine department at Deakin University. They have 13 years of experience in Australian higher education. Originally from China, they offer a cross-cultural perspective. They speak English, Mandarin. They can help with cultural adaptation and settling in, career guidance and employability, and are available for one-off or ongoing mentoring."
865,Sofia,Rodriguez,Professor,University of Technology Sydney,Public Health,PostDoc,Latin American,Brazil,English;Spanish,1,True,True,True,True,9,179,14,3.8,academics;scholarships,"Sofia Rodriguez is a Professor in the Public Health department at University of Technology Sydney. They have 1 years of experience in Australian higher education. Originally from Brazil, they offer a cross-cultural perspective. They speak English, Spanish. They can help with visa and immigration processes, housing and accommodation, cultural adaptation and settling in, career guidance and employability, and are available for one-off or ongoing mentoring."
866,Noah,Smith,Student,University of Adelaide,Social Work,PhD,Australian Domestic,New Zealand,English;Mandarin,2,True,True,True,False,1,167,28,3.9,academics;scholarships;cultural_adjustment;visa,"Noah Smith is a PhD student in Social Work at University of Adelaide. They have been living in Australia for 2 years. Originally from New Zealand, they offer a cross-cultural perspective. They speak English, Mandarin. They can help with visa and immigration processes, housing and accommodation, cultural adaptation and settling in, and are available for one-off or ongoing mentoring."
867,Cuong,Pratama,Parent,University of Melbourne,Architecture,Bachelor,Southeast Asian,Thailand,English;Indonesian,20,True,True,True,False,8,74,38,3.9,cultural_adjustment;student_safety;housing;school_enrollment,"Cuong Pratama has been living in Australia for 20 years and supports their child at University of Melbourne. Originally from Thailand, they offer a cross-cultural perspective. They speak English, Indonesian. They can help with visa and immigration processes, housing and accommodation, cultural adaptation and settling in, and are available for one-off or ongoing mentoring."
868,Claire,Anderson,Professor,University of Queensland,Biotechnology,PostDoc,European,Sweden,English;German,9,False,False,True,True,7,132,36,4.3,academics;scholarships,"Claire Anderson is a Professor in the Biotechnology department at University of Queensland. They have 9 years of experience in Australian higher education. Originally from Sweden, they offer a cross-cultural perspective. They speak English, German. They can help with cultural adaptation and settling in, career guidance and employability, and are available for one-off or ongoing mentoring."
869,Duc,Yanto,Professor,University of Adelaide,Education,Master,Southeast Asian,Vietnam,English;Malay,1,True,False,True,True,3,63,46,3.8,networking;industry_transition;academics,"Duc Yanto is a Professor in the Education department at University of Adelaide. They have 1 years of experience in Australian higher education. Originally from Vietnam, they offer a cross-cultural perspective. They speak English, Malay. They can help with visa and immigration processes, cultural adaptation and settling in, career guidance and employability, and are available for one-off or ongoing mentoring."
870,Mei,Ma,Parent,University of Melbourne,Medicine,PhD,Chinese,Hong Kong,English;Mandarin,18,True,False,True,False,5,99,30,4.2,visa;school_enrollment;cultural_adjustment;finances,"Mei Ma has been living in Australia for 18 years and supports their child at University of Melbourne. Originally from Hong Kong, they offer a cross-cultural perspective. They speak English, Mandarin. They can help with visa and immigration processes, cultural adaptation and settling in, and are available for one-off or ongoing mentoring."
871,Camila,Jimenez,Student,University of Melbourne,Computer Science,Bachelor,Latin American,Argentina,English;Spanish;Portuguese,10,False,True,True,True,6,22,39,4.1,career;scholarships;academics,"Camila Jimenez is a Bachelor student in Computer Science at University of Melbourne. They have been living in Australia for 10 years. Originally from Argentina, they offer a cross-cultural perspective. They speak English, Spanish, Portuguese. They can help with housing and accommodation, cultural adaptation and settling in, career guidance and employability, and are available for one-off or ongoing mentoring."
872,Aarti,Reddy,Student,Curtin University,Pharmacy,Bachelor,Indian,India,English;Hindi;Bengali,14,True,False,True,False,7,89,16,4.3,cultural_adjustment;visa;academics;career,"Aarti Reddy is a Bachelor student in Pharmacy at Curtin University. They have been living in Australia for 14 years. Originally from India, they offer a cross-cultural perspective. They speak English, Hindi, Bengali. They can help with visa and immigration processes, cultural adaptation and settling in, and are available for one-off or ongoing mentoring."
873,Ananya,Gupta,Student,University of Melbourne,Biotechnology,Master,Indian,India,English;Hindi;Tamil,1,False,True,False,False,8,150,38,4.2,housing;career;academics,"Ananya Gupta is a Master student in Biotechnology at University of Melbourne. They have been living in Australia for 1 years. Originally from India, they offer a cross-cultural perspective. They speak English, Hindi, Tamil. They can help with housing and accommodation, and are available for one-off or ongoing mentoring."
874,Ivan,Fischer,Parent,University of Technology Sydney,Education,Master,European,United Kingdom,English;Italian,8,True,True,True,False,1,26,37,3.7,finances;visa,"Ivan Fischer has been living in Australia for 8 years and supports their child at University of Technology Sydney. Originally from United Kingdom, they offer a cross-cultural perspective. They speak English, Italian. They can help with visa and immigration processes, housing and accommodation, cultural adaptation and settling in, and are available for one-off or ongoing mentoring."
875,Aziz,Yanto,Student,University of Adelaide,Pharmacy,Bachelor,Southeast Asian,Myanmar,English;Malay,14,True,True,True,True,7,87,22,4.3,visa;cultural_adjustment,"Aziz Yanto is a Bachelor student in Pharmacy at University of Adelaide. They have been living in Australia for 14 years. Originally from Myanmar, they offer a cross-cultural perspective. They speak English, Malay. They can help with visa and immigration processes, housing and accommodation, cultural adaptation and settling in, career guidance and employability, and are available for one-off or ongoing mentoring."
876,Hudson,Hill,Professor,RMIT University,Artificial Intelligence,Master,Australian Domestic,Australia,English;Mandarin,7,True,False,True,True,1,13,11,4.0,research;academics;career;scholarships,"Hudson Hill is a Professor in the Artificial Intelligence department at RMIT University. They have 7 years of experience in Australian higher education. Originally from Australia, they offer a cross-cultural perspective. They speak English, Mandarin. They can help with visa and immigration processes, cultural adaptation and settling in, career guidance and employability, and are available for one-off or ongoing mentoring."
877,Budi,Pham,Professor,University of Newcastle,Cybersecurity,PostDoc,Southeast Asian,Myanmar,English;Indonesian,8,True,False,True,True,9,56,21,4.8,industry_transition;networking,"Budi Pham is a Professor in the Cybersecurity department at University of Newcastle. They have 8 years of experience in Australian higher education. Originally from Myanmar, they offer a cross-cultural perspective. They speak English, Indonesian. They can help with visa and immigration processes, cultural adaptation and settling in, career guidance and employability, and are available for one-off or ongoing mentoring."
878,Olivia,Thompson,Professor,University of Sydney,Civil Engineering,PhD,Australian Domestic,Australia,English;Mandarin,4,True,False,False,True,5,93,34,4.2,scholarships;industry_transition,"Olivia Thompson is a Professor in the Civil Engineering department at University of Sydney. They have 4 years of experience in Australian higher education. Originally from Australia, they offer a cross-cultural perspective. They speak English, Mandarin. They can help with visa and immigration processes, career guidance and employability, and are available for one-off or ongoing mentoring."
879,Khalid,Nasser,Student,Queensland University of Technology,Medicine,Bachelor,Middle Eastern,Saudi Arabia,English;Arabic,15,True,True,False,True,6,86,32,3.9,academics;visa;housing;scholarships,"Khalid Nasser is a Bachelor student in Medicine at Queensland University of Technology. They have been living in Australia for 15 years. Originally from Saudi Arabia, they offer a cross-cultural perspective. They speak English, Arabic. They can help with visa and immigration processes, housing and accommodation, career guidance and employability, and are available for one-off or ongoing mentoring."
880,Jasper,Anderson,Parent,Queensland University of Technology,Psychology,Bachelor,Australian Domestic,Australia,English,16,True,True,False,True,6,161,24,4.8,school_enrollment;finances;student_safety,"Jasper Anderson has been living in Australia for 16 years and supports their child at Queensland University of Technology. Originally from Australia, they offer a cross-cultural perspective. They speak English. They can help with visa and immigration processes, housing and accommodation, career guidance and employability, and are available for one-off or ongoing mentoring."
881,Kareem,Khalil,Student,University of Western Australia,Medicine,Bachelor,Middle Eastern,Jordan,Arabic;English,2,True,False,True,True,5,31,41,5.0,housing;cultural_adjustment;scholarships,"Kareem Khalil is a Bachelor student in Medicine at University of Western Australia. They have been living in Australia for 2 years. Originally from Jordan, they offer a cross-cultural perspective. They speak Arabic, English. They can help with visa and immigration processes, cultural adaptation and settling in, career guidance and employability, and are available for one-off or ongoing mentoring."
882,Nour,Mansour,Professor,University of New South Wales,Finance,PhD,Middle Eastern,Iran,Arabic;English,5,True,False,True,False,5,58,14,4.5,industry_transition;career,"Nour Mansour is a Professor in the Finance department at University of New South Wales. They have 5 years of experience in Australian higher education. Originally from Iran, they offer a cross-cultural perspective. They speak Arabic, English. They can help with visa and immigration processes, cultural adaptation and settling in, and are available for one-off or ongoing mentoring."
883,Daniel,Muller,Professor,University of Queensland,Computer Science,Master,European,Poland,English;Spanish,5,False,False,True,True,10,174,38,3.8,scholarships;industry_transition,"Daniel Muller is a Professor in the Computer Science department at University of Queensland. They have 5 years of experience in Australian higher education. Originally from Poland, they offer a cross-cultural perspective. They speak English, Spanish. They can help with cultural adaptation and settling in, career guidance and employability, and are available for one-off or ongoing mentoring."
884,Cesar,Martinez,Parent,Australian National University,Chemical Engineering,PhD,Latin American,Peru,English;Portuguese,8,True,True,True,True,5,100,3,3.6,housing;visa;cultural_adjustment,"Cesar Martinez has been living in Australia for 8 years and supports their child at Australian National University. Originally from Peru, they offer a cross-cultural perspective. They speak English, Portuguese. They can help with visa and immigration processes, housing and accommodation, cultural adaptation and settling in, career guidance and employability, and are available for one-off or ongoing mentoring."
885,Jasmine,Darwish,Student,RMIT University,Information Systems,Bachelor,Middle Eastern,UAE,English;Arabic,7,True,True,True,False,3,34,30,4.7,visa;career;scholarships;housing,"Jasmine Darwish is a Bachelor student in Information Systems at RMIT University. They have been living in Australia for 7 years. Originally from UAE, they offer a cross-cultural perspective. They speak English, Arabic. They can help with visa and immigration processes, housing and accommodation, cultural adaptation and settling in, and are available for one-off or ongoing mentoring."
886,Jorge,Hernandez,Professor,University of Technology Sydney,Psychology,PhD,Latin American,Venezuela,English;Spanish,16,False,True,False,True,6,118,31,4.7,career;research;industry_transition,"Jorge Hernandez is a Professor in the Psychology department at University of Technology Sydney. They have 16 years of experience in Australian higher education. Originally from Venezuela, they offer a cross-cultural perspective. They speak English, Spanish. They can help with housing and accommodation, career guidance and employability, and are available for one-off or ongoing mentoring."
887,Lachlan,Hall,Professor,University of Newcastle,Civil Engineering,PostDoc,Australian Domestic,Australia,English;Mandarin,10,True,True,True,True,2,19,26,3.6,career;scholarships;academics;industry_transition,"Lachlan Hall is a Professor in the Civil Engineering department at University of Newcastle. They have 10 years of experience in Australian higher education. Originally from Australia, they offer a cross-cultural perspective. They speak English, Mandarin. They can help with visa and immigration processes, housing and accommodation, cultural adaptation and settling in, career guidance and employability, and are available for one-off or ongoing mentoring."
888,Damilola,Conteh,Student,Monash University,Accounting,Bachelor,African,Tanzania,English;Swahili,9,True,False,True,False,9,90,43,4.1,scholarships;housing;career;visa,"Damilola Conteh is a Bachelor student in Accounting at Monash University. They have been living in Australia for 9 years. Originally from Tanzania, they offer a cross-cultural perspective. They speak English, Swahili. They can help with visa and immigration processes, cultural adaptation and settling in, and are available for one-off or ongoing mentoring."
889,Layla,Ghazali,Professor,RMIT University,Business Analytics,PhD,Middle Eastern,Egypt,English;Arabic,9,True,False,True,True,10,21,18,3.9,research;scholarships;networking;industry_transition,"Layla Ghazali is a Professor in the Business Analytics department at RMIT University. They have 9 years of experience in Australian higher education. Originally from Egypt, they offer a cross-cultural perspective. They speak English, Arabic. They can help with visa and immigration processes, cultural adaptation and settling in, career guidance and employability, and are available for one-off or ongoing mentoring."
890,Ava,White,Parent,RMIT University,Architecture,Master,Australian Domestic,Australia,English;Mandarin,11,True,True,True,False,1,105,30,4.2,housing;visa;finances;cultural_adjustment,"Ava White has been living in Australia for 11 years and supports their child at RMIT University. Originally from Australia, they offer a cross-cultural perspective. They speak English, Mandarin. They can help with visa and immigration processes, housing and accommodation, cultural adaptation and settling in, and are available for one-off or ongoing mentoring."
891,Mark,Christensen,Student,Macquarie University,Cybersecurity,Bachelor,European,Italy,English;French,16,True,False,True,True,10,22,43,4.7,visa;career;scholarships;housing,"Mark Christensen is a Bachelor student in Cybersecurity at Macquarie University. They have been living in Australia for 16 years. Originally from Italy, they offer a cross-cultural perspective. They speak English, French. They can help with visa and immigration processes, cultural adaptation and settling in, career guidance and employability, and are available for one-off or ongoing mentoring."
892,Adam,Evans,Student,University of Newcastle,Civil Engineering,Master,European,Netherlands,English;Spanish,18,True,True,True,True,9,30,23,3.6,housing;cultural_adjustment,"Adam Evans is a Master student in Civil Engineering at University of Newcastle. They have been living in Australia for 18 years. Originally from Netherlands, they offer a cross-cultural perspective. They speak English, Spanish. They can help with visa and immigration processes, housing and accommodation, cultural adaptation and settling in, career guidance and employability, and are available for one-off or ongoing mentoring."
893,Hamid,Farouk,Student,RMIT University,Finance,Bachelor,Middle Eastern,Jordan,English;Arabic;French,6,True,False,True,True,9,31,20,3.9,cultural_adjustment;housing;academics,"Hamid Farouk is a Bachelor student in Finance at RMIT University. They have been living in Australia for 6 years. Originally from Jordan, they offer a cross-cultural perspective. They speak English, Arabic, French. They can help with visa and immigration processes, cultural adaptation and settling in, career guidance and employability, and are available for one-off or ongoing mentoring."
894,Hayden,Jones,Parent,University of Newcastle,Computer Science,Bachelor,Australian Domestic,Australia,English,7,True,True,True,False,1,22,9,4.5,visa;student_safety,"Hayden Jones has been living in Australia for 7 years and supports their child at University of Newcastle. Originally from Australia, they offer a cross-cultural perspective. They speak English. They can help with visa and immigration processes, housing and accommodation, cultural adaptation and settling in, and are available for one-off or ongoing mentoring."
895,Nikhil,Singh,Parent,University of Queensland,Business Analytics,PostDoc,Indian,India,English;Tamil,20,True,True,True,False,1,144,45,3.7,housing;visa,"Nikhil Singh has been living in Australia for 20 years and supports their child at University of Queensland. Originally from India, they offer a cross-cultural perspective. They speak English, Tamil. They can help with visa and immigration processes, housing and accommodation, cultural adaptation and settling in, and are available for one-off or ongoing mentoring."
896,Nadia,Karimi,Professor,Curtin University,Education,Master,Middle Eastern,Jordan,English;Arabic;French,17,True,False,True,True,7,114,19,3.6,industry_transition;academics,"Nadia Karimi is a Professor in the Education department at Curtin University. They have 17 years of experience in Australian higher education. Originally from Jordan, they offer a cross-cultural perspective. They speak English, Arabic, French. They can help with visa and immigration processes, cultural adaptation and settling in, career guidance and employability, and are available for one-off or ongoing mentoring."
897,Mai,Rahman,Professor,University of Newcastle,Electrical Engineering,PhD,Southeast Asian,Malaysia,English;Malay,12,False,False,True,True,3,23,14,4.0,academics;industry_transition,"Mai Rahman is a Professor in the Electrical Engineering department at University of Newcastle. They have 12 years of experience in Australian higher education. Originally from Malaysia, they offer a cross-cultural perspective. They speak English, Malay. They can help with cultural adaptation and settling in, career guidance and employability, and are available for one-off or ongoing mentoring."
898,Omar,Farouk,Student,Queensland University of Technology,Chemical Engineering,Bachelor,Middle Eastern,Egypt,English;Arabic;French,19,True,True,True,True,7,76,19,3.5,academics;housing;visa;scholarships,"Omar Farouk is a Bachelor student in Chemical Engineering at Queensland University of Technology. They have been living in Australia for 19 years. Originally from Egypt, they offer a cross-cultural perspective. They speak English, Arabic, French. They can help with visa and immigration processes, housing and accommodation, cultural adaptation and settling in, career guidance and employability, and are available for one-off or ongoing mentoring."
899,Fatima,Hakim,Parent,University of Newcastle,Finance,Bachelor,Middle Eastern,Turkey,English;Arabic;Farsi,12,True,True,True,False,9,83,23,4.0,finances;student_safety,"Fatima Hakim has been living in Australia for 12 years and supports their child at University of Newcastle. Originally from Turkey, they offer a cross-cultural perspective. They speak English, Arabic, Farsi. They can help with visa and immigration processes, housing and accommodation, cultural adaptation and settling in, and are available for one-off or ongoing mentoring."
900,Ella,Evans,Student,University of Sydney,Data Science,Bachelor,Australian Domestic,Australia,English;Mandarin,18,True,False,True,False,10,38,47,4.7,career;cultural_adjustment;scholarships;housing,"Ella Evans is a Bachelor student in Data Science at University of Sydney. They have been living in Australia for 18 years. Originally from Australia, they offer a cross-cultural perspective. They speak English, Mandarin. They can help with visa and immigration processes, cultural adaptation and settling in, and are available for one-off or ongoing mentoring."
901,Divya,Agarwal,Professor,University of Queensland,Social Work,PostDoc,Indian,India,English;Hindi;Tamil,17,True,False,True,True,3,169,14,4.6,academics;career;industry_transition,"Divya Agarwal is a Professor in the Social Work department at University of Queensland. They have 17 years of experience in Australian higher education. Originally from India, they offer a cross-cultural perspective. They speak English, Hindi, Tamil. They can help with visa and immigration processes, cultural adaptation and settling in, career guidance and employability, and are available for one-off or ongoing mentoring."
902,Angus,Wilson,Student,Monash University,Marketing,PhD,Australian Domestic,New Zealand,English;Mandarin,1,True,False,False,False,6,13,12,4.5,academics;cultural_adjustment;visa,"Angus Wilson is a PhD student in Marketing at Monash University. They have been living in Australia for 1 years. Originally from New Zealand, they offer a cross-cultural perspective. They speak English, Mandarin. They can help with visa and immigration processes, and are available for one-off or ongoing mentoring."
903,Lina,Ibrahim,Student,University of Melbourne,Data Science,PhD,Middle Eastern,UAE,English;Arabic;Farsi,19,True,True,True,False,5,43,19,4.3,career;housing;academics,"Lina Ibrahim is a PhD student in Data Science at University of Melbourne. They have been living in Australia for 19 years. Originally from UAE, they offer a cross-cultural perspective. They speak English, Arabic, Farsi. They can help with visa and immigration processes, housing and accommodation, cultural adaptation and settling in, and are available for one-off or ongoing mentoring."
904,Rohan,Sharma,Professor,University of New South Wales,Accounting,PhD,Indian,India,English;Hindi;Bengali,15,True,False,True,True,6,178,26,4.4,research;networking,"Rohan Sharma is a Professor in the Accounting department at University of New South Wales. They have 15 years of experience in Australian higher education. Originally from India, they offer a cross-cultural perspective. They speak English, Hindi, Bengali. They can help with visa and immigration processes, cultural adaptation and settling in, career guidance and employability, and are available for one-off or ongoing mentoring."
905,Dung,Le,Student,Macquarie University,Environmental Science,Master,Southeast Asian,Vietnam,English;Indonesian,1,True,True,True,True,1,199,40,4.5,housing;cultural_adjustment;academics;visa,"Dung Le is a Master student in Environmental Science at Macquarie University. They have been living in Australia for 1 years. Originally from Vietnam, they offer a cross-cultural perspective. They speak English, Indonesian. They can help with visa and immigration processes, housing and accommodation, cultural adaptation and settling in, career guidance and employability, and are available for one-off or ongoing mentoring."
906,Kemi,Gyang,Parent,RMIT University,Psychology,Bachelor,African,Zimbabwe,English;Arabic,16,False,True,True,False,8,71,27,4.6,student_safety;cultural_adjustment;finances,"Kemi Gyang has been living in Australia for 16 years and supports their child at RMIT University. Originally from Zimbabwe, they offer a cross-cultural perspective. They speak English, Arabic. They can help with housing and accommodation, cultural adaptation and settling in, and are available for one-off or ongoing mentoring."
907,Rahul,Chopra,Parent,Deakin University,Computer Science,Master,Indian,India,English;Hindi,4,False,True,True,False,3,79,5,4.9,finances;student_safety,"Rahul Chopra has been living in Australia for 4 years and supports their child at Deakin University. Originally from India, they offer a cross-cultural perspective. They speak English, Hindi. They can help with housing and accommodation, cultural adaptation and settling in, and are available for one-off or ongoing mentoring."
908,Camila,Flores,Parent,Deakin University,Pharmacy,Bachelor,Latin American,Mexico,Spanish;English,6,True,True,True,True,9,133,13,4.5,student_safety;visa;cultural_adjustment,"Camila Flores has been living in Australia for 6 years and supports their child at Deakin University. Originally from Mexico, they offer a cross-cultural perspective. They speak Spanish, English. They can help with visa and immigration processes, housing and accommodation, cultural adaptation and settling in, career guidance and employability, and are available for one-off or ongoing mentoring."
909,Chen,Zhang,Parent,Macquarie University,Pharmacy,Master,Chinese,China,Mandarin;English,15,True,True,False,False,10,111,7,5.0,housing;school_enrollment;visa,"Chen Zhang has been living in Australia for 15 years and supports their child at Macquarie University. Originally from China, they offer a cross-cultural perspective. They speak Mandarin, English. They can help with visa and immigration processes, housing and accommodation, and are available for one-off or ongoing mentoring."
910,Tao,Zhu,Professor,Queensland University of Technology,Business Analytics,PhD,Chinese,Taiwan,Mandarin;English,1,True,True,True,True,8,132,42,4.7,career;research;scholarships,"Tao Zhu is a Professor in the Business Analytics department at Queensland University of Technology. They have 1 years of experience in Australian higher education. Originally from Taiwan, they offer a cross-cultural perspective. They speak Mandarin, English. They can help with visa and immigration processes, housing and accommodation, cultural adaptation and settling in, career guidance and employability, and are available for one-off or ongoing mentoring."
911,Kai,Wu,Student,University of Adelaide,Accounting,Bachelor,Chinese,China,English;Mandarin,13,True,True,True,False,5,102,26,4.2,visa;academics;cultural_adjustment;housing,"Kai Wu is a Bachelor student in Accounting at University of Adelaide. They have been living in Australia for 13 years. Originally from China, they offer a cross-cultural perspective. They speak English, Mandarin. They can help with visa and immigration processes, housing and accommodation, cultural adaptation and settling in, and are available for one-off or ongoing mentoring."
912,Tao,Huang,Parent,University of New South Wales,Information Systems,Bachelor,Chinese,China,English;Mandarin;Cantonese,15,False,True,True,False,4,77,47,3.9,student_safety;finances,"Tao Huang has been living in Australia for 15 years and supports their child at University of New South Wales. Originally from China, they offer a cross-cultural perspective. They speak English, Mandarin, Cantonese. They can help with housing and accommodation, cultural adaptation and settling in, and are available for one-off or ongoing mentoring."
913,Yi,Wang,Parent,University of New South Wales,Information Systems,Bachelor,Chinese,China,English;Mandarin;Cantonese,11,True,False,True,False,9,77,18,3.5,finances;student_safety,"Yi Wang has been living in Australia for 11 years and supports their child at University of New South Wales. Originally from China, they offer a cross-cultural perspective. They speak English, Mandarin, Cantonese. They can help with visa and immigration processes, cultural adaptation and settling in, and are available for one-off or ongoing mentoring."
914,Sophie,Harris,Student,University of Melbourne,Medicine,Master,Australian Domestic,Australia,English;Hindi,15,True,True,True,True,4,125,41,4.4,scholarships;academics;cultural_adjustment,"Sophie Harris is a Master student in Medicine at University of Melbourne. They have been living in Australia for 15 years. Originally from Australia, they offer a cross-cultural perspective. They speak English, Hindi. They can help with visa and immigration processes, housing and accommodation, cultural adaptation and settling in, career guidance and employability, and are available for one-off or ongoing mentoring."
915,Yasmine,Mansour,Professor,Monash University,Artificial Intelligence,PostDoc,Middle Eastern,Egypt,English;Arabic,1,False,True,True,True,8,187,36,3.7,scholarships;career;networking,"Yasmine Mansour is a Professor in the Artificial Intelligence department at Monash University. They have 1 years of experience in Australian higher education. Originally from Egypt, they offer a cross-cultural perspective. They speak English, Arabic. They can help with housing and accommodation, cultural adaptation and settling in, career guidance and employability, and are available for one-off or ongoing mentoring."
916,Mohamed,Nasser,Professor,Macquarie University,Medicine,Master,Middle Eastern,Saudi Arabia,English;Arabic,13,False,True,False,True,4,198,12,4.6,research;industry_transition,"Mohamed Nasser is a Professor in the Medicine department at Macquarie University. They have 13 years of experience in Australian higher education. Originally from Saudi Arabia, they offer a cross-cultural perspective. They speak English, Arabic. They can help with housing and accommodation, career guidance and employability, and are available for one-off or ongoing mentoring."
917,Kwame,Conteh,Parent,RMIT University,Computer Science,PhD,African,South Africa,English;Arabic,2,True,True,False,False,5,193,35,4.4,cultural_adjustment;student_safety;housing;school_enrollment,"Kwame Conteh has been living in Australia for 2 years and supports their child at RMIT University. Originally from South Africa, they offer a cross-cultural perspective. They speak English, Arabic. They can help with visa and immigration processes, housing and accommodation, and are available for one-off or ongoing mentoring."
918,Yasmine,Yilmaz,Student,Deakin University,Nursing,Master,Middle Eastern,Saudi Arabia,English;Arabic;French,4,True,True,True,False,2,196,33,4.1,academics;visa,"Yasmine Yilmaz is a Master student in Nursing at Deakin University. They have been living in Australia for 4 years. Originally from Saudi Arabia, they offer a cross-cultural perspective. They speak English, Arabic, French. They can help with visa and immigration processes, housing and accommodation, cultural adaptation and settling in, and are available for one-off or ongoing mentoring."
919,Flynn,White,Parent,Curtin University,Architecture,Master,Australian Domestic,Australia,English;Hindi,9,True,True,True,True,5,132,40,4.9,student_safety;finances;cultural_adjustment;housing,"Flynn White has been living in Australia for 9 years and supports their child at Curtin University. Originally from Australia, they offer a cross-cultural perspective. They speak English, Hindi. They can help with visa and immigration processes, housing and accommodation, cultural adaptation and settling in, career guidance and employability, and are available for one-off or ongoing mentoring."
920,Nikhil,Patel,Parent,University of Adelaide,Mechanical Engineering,Master,Indian,Sri Lanka,English;Hindi;Bengali,12,True,True,True,False,5,56,10,4.6,finances;visa,"Nikhil Patel has been living in Australia for 12 years and supports their child at University of Adelaide. Originally from Sri Lanka, they offer a cross-cultural perspective. They speak English, Hindi, Bengali. They can help with visa and immigration processes, housing and accommodation, cultural adaptation and settling in, and are available for one-off or ongoing mentoring."
921,Seun,Dankwa,Parent,University of Adelaide,Chemical Engineering,Master,African,Ghana,English;Arabic,12,False,True,True,False,2,186,47,4.9,finances;housing;student_safety,"Seun Dankwa has been living in Australia for 12 years and supports their child at University of Adelaide. Originally from Ghana, they offer a cross-cultural perspective. They speak English, Arabic. They can help with housing and accommodation, cultural adaptation and settling in, and are available for one-off or ongoing mentoring."
922,Paula,Ortiz,Parent,University of Melbourne,Data Science,Bachelor,Latin American,Mexico,English;Spanish;Portuguese,2,True,True,True,False,7,195,7,4.9,finances;student_safety,"Paula Ortiz has been living in Australia for 2 years and supports their child at University of Melbourne. Originally from Mexico, they offer a cross-cultural perspective. They speak English, Spanish, Portuguese. They can help with visa and immigration processes, housing and accommodation, cultural adaptation and settling in, and are available for one-off or ongoing mentoring."
923,Babatunde,Chukwu,Professor,University of Western Australia,Business Analytics,PhD,African,Ethiopia,English,19,False,True,True,True,8,83,28,3.7,industry_transition;research;scholarships,"Babatunde Chukwu is a Professor in the Business Analytics department at University of Western Australia. They have 19 years of experience in Australian higher education. Originally from Ethiopia, they offer a cross-cultural perspective. They speak English. They can help with housing and accommodation, cultural adaptation and settling in, career guidance and employability, and are available for one-off or ongoing mentoring."
924,Ben,Brown,Parent,University of Technology Sydney,Education,Bachelor,European,United Kingdom,English;Spanish,11,True,True,True,False,6,28,3,4.8,school_enrollment;cultural_adjustment;student_safety,"Ben Brown has been living in Australia for 11 years and supports their child at University of Technology Sydney. Originally from United Kingdom, they offer a cross-cultural perspective. They speak English, Spanish. They can help with visa and immigration processes, housing and accommodation, cultural adaptation and settling in, and are available for one-off or ongoing mentoring."
925,Bui,Setiawan,Professor,University of Adelaide,Medicine,PhD,Southeast Asian,Indonesia,English;Thai,16,True,False,True,True,1,42,19,5.0,research;industry_transition;academics;scholarships,"Bui Setiawan is a Professor in the Medicine department at University of Adelaide. They have 16 years of experience in Australian higher education. Originally from Indonesia, they offer a cross-cultural perspective. They speak English, Thai. They can help with visa and immigration processes, cultural adaptation and settling in, career guidance and employability, and are available for one-off or ongoing mentoring."
926,Lena,Hansen,Parent,Australian National University,Marketing,PhD,European,Germany,English;French,11,True,True,True,False,10,160,13,3.6,student_safety;visa,"Lena Hansen has been living in Australia for 11 years and supports their child at Australian National University. Originally from Germany, they offer a cross-cultural perspective. They speak English, French. They can help with visa and immigration processes, housing and accommodation, cultural adaptation and settling in, and are available for one-off or ongoing mentoring."
927,Hector,Sanchez,Student,University of New South Wales,Education,Master,Latin American,Brazil,English;Spanish,5,False,True,True,True,5,141,33,4.4,career;academics;cultural_adjustment;housing,"Hector Sanchez is a Master student in Education at University of New South Wales. They have been living in Australia for 5 years. Originally from Brazil, they offer a cross-cultural perspective. They speak English, Spanish. They can help with housing and accommodation, cultural adaptation and settling in, career guidance and employability, and are available for one-off or ongoing mentoring."
928,Ethan,Wilson,Parent,University of Queensland,Pharmacy,Master,Australian Domestic,Australia,English,17,True,True,False,True,10,138,26,3.8,visa;school_enrollment;finances;student_safety,"Ethan Wilson has been living in Australia for 17 years and supports their child at University of Queensland. Originally from Australia, they offer a cross-cultural perspective. They speak English. They can help with visa and immigration processes, housing and accommodation, career guidance and employability, and are available for one-off or ongoing mentoring."
929,Nadia,Qureshi,Student,University of Newcastle,Data Science,Master,Middle Eastern,UAE,English;Arabic,13,True,False,True,False,8,10,30,4.5,career;scholarships;cultural_adjustment;visa,"Nadia Qureshi is a Master student in Data Science at University of Newcastle. They have been living in Australia for 13 years. Originally from UAE, they offer a cross-cultural perspective. They speak English, Arabic. They can help with visa and immigration processes, cultural adaptation and settling in, and are available for one-off or ongoing mentoring."
930,Olivia,Davis,Student,University of Western Australia,Computer Science,Bachelor,Australian Domestic,Australia,English;Hindi,9,True,True,False,True,8,58,1,4.6,scholarships;academics;cultural_adjustment;career,"Olivia Davis is a Bachelor student in Computer Science at University of Western Australia. They have been living in Australia for 9 years. Originally from Australia, they offer a cross-cultural perspective. They speak English, Hindi. They can help with visa and immigration processes, housing and accommodation, career guidance and employability, and are available for one-off or ongoing mentoring."
931,Thanh,Nguyen,Student,Queensland University of Technology,Business Analytics,Bachelor,Southeast Asian,Myanmar,English;Thai,6,True,False,True,True,6,43,32,4.7,scholarships;visa;career;academics,"Thanh Nguyen is a Bachelor student in Business Analytics at Queensland University of Technology. They have been living in Australia for 6 years. Originally from Myanmar, they offer a cross-cultural perspective. They speak English, Thai. They can help with visa and immigration processes, cultural adaptation and settling in, career guidance and employability, and are available for one-off or ongoing mentoring."
932,Elena,Diaz,Professor,University of Melbourne,Environmental Science,PostDoc,Latin American,Brazil,Spanish;English,18,True,True,False,True,8,33,30,4.2,industry_transition;networking,"Elena Diaz is a Professor in the Environmental Science department at University of Melbourne. They have 18 years of experience in Australian higher education. Originally from Brazil, they offer a cross-cultural perspective. They speak Spanish, English. They can help with visa and immigration processes, housing and accommodation, career guidance and employability, and are available for one-off or ongoing mentoring."
933,Nikhil,Reddy,Parent,University of Western Australia,Environmental Science,PhD,Indian,India,English;Tamil,15,True,True,True,False,9,59,17,4.5,finances;student_safety;school_enrollment;visa,"Nikhil Reddy has been living in Australia for 15 years and supports their child at University of Western Australia. Originally from India, they offer a cross-cultural perspective. They speak English, Tamil. They can help with visa and immigration processes, housing and accommodation, cultural adaptation and settling in, and are available for one-off or ongoing mentoring."
934,Gaurav,Shah,Student,University of Technology Sydney,Computer Science,Master,Indian,India,English;Bengali,7,True,True,True,False,1,139,5,3.6,academics;scholarships,"Gaurav Shah is a Master student in Computer Science at University of Technology Sydney. They have been living in Australia for 7 years. Originally from India, they offer a cross-cultural perspective. They speak English, Bengali. They can help with visa and immigration processes, housing and accommodation, cultural adaptation and settling in, and are available for one-off or ongoing mentoring."
935,Wen,Xu,Parent,University of Adelaide,Finance,Master,Chinese,China,English;Mandarin,16,True,True,True,False,1,53,12,3.8,school_enrollment;student_safety,"Wen Xu has been living in Australia for 16 years and supports their child at University of Adelaide. Originally from China, they offer a cross-cultural perspective. They speak English, Mandarin. They can help with visa and immigration processes, housing and accommodation, cultural adaptation and settling in, and are available for one-off or ongoing mentoring."
936,Beatriz,Gonzalez,Parent,Curtin University,Finance,Master,Latin American,Chile,English;Spanish;Portuguese,10,False,True,True,False,5,196,19,4.9,finances;student_safety,"Beatriz Gonzalez has been living in Australia for 10 years and supports their child at Curtin University. Originally from Chile, they offer a cross-cultural perspective. They speak English, Spanish, Portuguese. They can help with housing and accommodation, cultural adaptation and settling in, and are available for one-off or ongoing mentoring."
937,Ravi,Iyer,Student,University of Technology Sydney,Accounting,Master,Indian,India,English;Bengali,3,True,True,False,False,8,145,37,4.6,academics;cultural_adjustment,"Ravi Iyer is a Master student in Accounting at University of Technology Sydney. They have been living in Australia for 3 years. Originally from India, they offer a cross-cultural perspective. They speak English, Bengali. They can help with visa and immigration processes, housing and accommodation, and are available for one-off or ongoing mentoring."
938,Aisha,Nasser,Student,University of Sydney,Mechanical Engineering,Bachelor,Middle Eastern,UAE,English;Arabic,18,True,False,True,False,4,7,35,4.2,career;academics;scholarships,"Aisha Nasser is a Bachelor student in Mechanical Engineering at University of Sydney. They have been living in Australia for 18 years. Originally from UAE, they offer a cross-cultural perspective. They speak English, Arabic. They can help with visa and immigration processes, cultural adaptation and settling in, and are available for one-off or ongoing mentoring."
939,Finn,Evans,Parent,Monash University,Mechanical Engineering,Bachelor,Australian Domestic,Australia,English,12,True,True,True,False,3,43,46,4.0,visa;student_safety;housing;school_enrollment,"Finn Evans has been living in Australia for 12 years and supports their child at Monash University. Originally from Australia, they offer a cross-cultural perspective. They speak English. They can help with visa and immigration processes, housing and accommodation, cultural adaptation and settling in, and are available for one-off or ongoing mentoring."
940,Roberto,Ramirez,Student,University of Queensland,Civil Engineering,Bachelor,Latin American,Venezuela,Spanish;English,18,True,False,True,False,2,42,23,4.8,academics;scholarships,"Roberto Ramirez is a Bachelor student in Civil Engineering at University of Queensland. They have been living in Australia for 18 years. Originally from Venezuela, they offer a cross-cultural perspective. They speak Spanish, English. They can help with visa and immigration processes, cultural adaptation and settling in, and are available for one-off or ongoing mentoring."
941,Hassan,Jawad,Parent,University of Technology Sydney,Finance,Master,Middle Eastern,UAE,English;Arabic,5,True,False,True,False,8,131,14,3.5,finances;housing,"Hassan Jawad has been living in Australia for 5 years and supports their child at University of Technology Sydney. Originally from UAE, they offer a cross-cultural perspective. They speak English, Arabic. They can help with visa and immigration processes, cultural adaptation and settling in, and are available for one-off or ongoing mentoring."
942,Jorge,Jimenez,Parent,University of Melbourne,Architecture,Bachelor,Latin American,Chile,English;Portuguese,14,False,True,False,True,2,77,48,4.5,student_safety;finances;school_enrollment;cultural_adjustment,"Jorge Jimenez has been living in Australia for 14 years and supports their child at University of Melbourne. Originally from Chile, they offer a cross-cultural perspective. They speak English, Portuguese. They can help with housing and accommodation, career guidance and employability, and are available for one-off or ongoing mentoring."
943,Adaeze,Diallo,Parent,University of Sydney,Public Health,Bachelor,African,Zimbabwe,English;Swahili,20,True,True,True,False,10,67,3,4.1,student_safety;cultural_adjustment;school_enrollment,"Adaeze Diallo has been living in Australia for 20 years and supports their child at University of Sydney. Originally from Zimbabwe, they offer a cross-cultural perspective. They speak English, Swahili. They can help with visa and immigration processes, housing and accommodation, cultural adaptation and settling in, and are available for one-off or ongoing mentoring."
944,Carlos,Guerrero,Professor,University of Technology Sydney,Architecture,PostDoc,Latin American,Brazil,English;Portuguese,20,False,True,False,True,8,186,43,4.6,research;industry_transition,"Carlos Guerrero is a Professor in the Architecture department at University of Technology Sydney. They have 20 years of experience in Australian higher education. Originally from Brazil, they offer a cross-cultural perspective. They speak English, Portuguese. They can help with housing and accommodation, career guidance and employability, and are available for one-off or ongoing mentoring."
945,Yi,Yang,Professor,Queensland University of Technology,Marketing,Master,Chinese,China,Mandarin;English,10,False,False,True,True,1,63,44,3.5,career;networking;research;scholarships,"Yi Yang is a Professor in the Marketing department at Queensland University of Technology. They have 10 years of experience in Australian higher education. Originally from China, they offer a cross-cultural perspective. They speak Mandarin, English. They can help with cultural adaptation and settling in, career guidance and employability, and are available for one-off or ongoing mentoring."
946,Thanh,Yanto,Professor,University of Newcastle,Environmental Science,PhD,Southeast Asian,Philippines,English;Thai,17,True,True,True,True,7,51,35,3.5,research;scholarships;networking,"Thanh Yanto is a Professor in the Environmental Science department at University of Newcastle. They have 17 years of experience in Australian higher education. Originally from Philippines, they offer a cross-cultural perspective. They speak English, Thai. They can help with visa and immigration processes, housing and accommodation, cultural adaptation and settling in, career guidance and employability, and are available for one-off or ongoing mentoring."
947,Rizky,Tran,Student,Curtin University,Education,Bachelor,Southeast Asian,Singapore,English;Malay,6,True,False,True,True,1,55,26,3.6,scholarships;housing;career;visa,"Rizky Tran is a Bachelor student in Education at Curtin University. They have been living in Australia for 6 years. Originally from Singapore, they offer a cross-cultural perspective. They speak English, Malay. They can help with visa and immigration processes, cultural adaptation and settling in, career guidance and employability, and are available for one-off or ongoing mentoring."
948,Chioma,Chukwu,Parent,Australian National University,Law,Bachelor,African,Ethiopia,English;Swahili,17,True,True,False,True,3,32,35,3.8,school_enrollment;finances;visa,"Chioma Chukwu has been living in Australia for 17 years and supports their child at Australian National University. Originally from Ethiopia, they offer a cross-cultural perspective. They speak English, Swahili. They can help with visa and immigration processes, housing and accommodation, career guidance and employability, and are available for one-off or ongoing mentoring."
949,Varun,Singh,Parent,Monash University,Computer Science,Master,Indian,India,English;Tamil,17,True,True,True,False,1,89,35,3.9,finances;visa,"Varun Singh has been living in Australia for 17 years and supports their child at Monash University. Originally from India, they offer a cross-cultural perspective. They speak English, Tamil. They can help with visa and immigration processes, housing and accommodation, cultural adaptation and settling in, and are available for one-off or ongoing mentoring."
950,Hafiz,Yanto,Parent,University of Queensland,Mechanical Engineering,Bachelor,Southeast Asian,Thailand,English;Malay,14,False,True,False,False,5,83,26,3.8,visa;cultural_adjustment;finances;student_safety,"Hafiz Yanto has been living in Australia for 14 years and supports their child at University of Queensland. Originally from Thailand, they offer a cross-cultural perspective. They speak English, Malay. They can help with housing and accommodation, and are available for one-off or ongoing mentoring."
951,Farah,Tran,Parent,University of Sydney,Economics,Master,Southeast Asian,Thailand,English;Malay;Indonesian,20,True,False,True,False,8,151,39,4.5,student_safety;visa;finances;cultural_adjustment,"Farah Tran has been living in Australia for 20 years and supports their child at University of Sydney. Originally from Thailand, they offer a cross-cultural perspective. They speak English, Malay, Indonesian. They can help with visa and immigration processes, cultural adaptation and settling in, and are available for one-off or ongoing mentoring."
952,Farah,Le,Professor,RMIT University,Medicine,PhD,Southeast Asian,Thailand,English;Malay;Indonesian,18,True,False,True,True,3,21,31,4.5,career;industry_transition;networking;research,"Farah Le is a Professor in the Medicine department at RMIT University. They have 18 years of experience in Australian higher education. Originally from Thailand, they offer a cross-cultural perspective. They speak English, Malay, Indonesian. They can help with visa and immigration processes, cultural adaptation and settling in, career guidance and employability, and are available for one-off or ongoing mentoring."
953,Blake,Lewis,Parent,University of Adelaide,Social Work,Master,Australian Domestic,New Zealand,English;Hindi,11,True,True,True,False,6,106,19,4.6,housing;school_enrollment;finances;cultural_adjustment,"Blake Lewis has been living in Australia for 11 years and supports their child at University of Adelaide. Originally from New Zealand, they offer a cross-cultural perspective. They speak English, Hindi. They can help with visa and immigration processes, housing and accommodation, cultural adaptation and settling in, and are available for one-off or ongoing mentoring."
954,Hector,Aguilar,Professor,University of Western Australia,Nursing,PhD,Latin American,Peru,English;Portuguese,15,True,True,True,True,7,41,25,4.1,networking;industry_transition;academics;career,"Hector Aguilar is a Professor in the Nursing department at University of Western Australia. They have 15 years of experience in Australian higher education. Originally from Peru, they offer a cross-cultural perspective. They speak English, Portuguese. They can help with visa and immigration processes, housing and accommodation, cultural adaptation and settling in, career guidance and employability, and are available for one-off or ongoing mentoring."
955,Aiden,Jones,Professor,Deakin University,Cybersecurity,PhD,Australian Domestic,Australia,English,8,False,True,False,True,7,10,26,5.0,industry_transition;career;research,"Aiden Jones is a Professor in the Cybersecurity department at Deakin University. They have 8 years of experience in Australian higher education. Originally from Australia, they offer a cross-cultural perspective. They speak English. They can help with housing and accommodation, career guidance and employability, and are available for one-off or ongoing mentoring."
956,Finn,Hansen,Professor,University of Technology Sydney,Mechanical Engineering,PhD,European,Netherlands,English;German,8,True,True,True,True,6,73,33,4.0,industry_transition;research;networking;career,"Finn Hansen is a Professor in the Mechanical Engineering department at University of Technology Sydney. They have 8 years of experience in Australian higher education. Originally from Netherlands, they offer a cross-cultural perspective. They speak English, German. They can help with visa and immigration processes, housing and accommodation, cultural adaptation and settling in, career guidance and employability, and are available for one-off or ongoing mentoring."
957,Obinna,Conteh,Student,University of Western Australia,Marketing,Master,African,South Africa,English,2,True,True,False,False,1,10,2,3.8,scholarships;cultural_adjustment,"Obinna Conteh is a Master student in Marketing at University of Western Australia. They have been living in Australia for 2 years. Originally from South Africa, they offer a cross-cultural perspective. They speak English. They can help with visa and immigration processes, housing and accommodation, and are available for one-off or ongoing mentoring."
958,Lucy,Green,Student,Australian National University,Environmental Science,Master,European,United Kingdom,English;Spanish,20,False,True,True,False,3,126,45,4.2,housing;academics;visa,"Lucy Green is a Master student in Environmental Science at Australian National University. They have been living in Australia for 20 years. Originally from United Kingdom, they offer a cross-cultural perspective. They speak English, Spanish. They can help with housing and accommodation, cultural adaptation and settling in, and are available for one-off or ongoing mentoring."
959,Thu,Le,Professor,RMIT University,Business Analytics,Master,Southeast Asian,Vietnam,English;Malay;Indonesian,4,True,True,True,True,10,40,31,3.6,scholarships;industry_transition;networking;academics,"Thu Le is a Professor in the Business Analytics department at RMIT University. They have 4 years of experience in Australian higher education. Originally from Vietnam, they offer a cross-cultural perspective. They speak English, Malay, Indonesian. They can help with visa and immigration processes, housing and accommodation, cultural adaptation and settling in, career guidance and employability, and are available for one-off or ongoing mentoring."
960,Lakshmi,Mehta,Parent,University of Melbourne,Mechanical Engineering,Master,Indian,India,English;Hindi,2,True,True,True,True,8,193,19,4.0,student_safety;housing,"Lakshmi Mehta has been living in Australia for 2 years and supports their child at University of Melbourne. Originally from India, they offer a cross-cultural perspective. They speak English, Hindi. They can help with visa and immigration processes, housing and accommodation, cultural adaptation and settling in, career guidance and employability, and are available for one-off or ongoing mentoring."
961,Hai,Setiawan,Professor,RMIT University,Chemical Engineering,PhD,Southeast Asian,Indonesia,English;Thai,18,False,False,True,True,4,56,8,4.8,research;career;scholarships;industry_transition,"Hai Setiawan is a Professor in the Chemical Engineering department at RMIT University. They have 18 years of experience in Australian higher education. Originally from Indonesia, they offer a cross-cultural perspective. They speak English, Thai. They can help with cultural adaptation and settling in, career guidance and employability, and are available for one-off or ongoing mentoring."
962,Jun,Wang,Professor,Curtin University,Social Work,PostDoc,Chinese,China,English;Mandarin,15,True,True,True,True,7,177,25,4.3,networking;research;industry_transition;career,"Jun Wang is a Professor in the Social Work department at Curtin University. They have 15 years of experience in Australian higher education. Originally from China, they offer a cross-cultural perspective. They speak English, Mandarin. They can help with visa and immigration processes, housing and accommodation, cultural adaptation and settling in, career guidance and employability, and are available for one-off or ongoing mentoring."
963,Blake,Wilson,Student,Australian National University,Economics,Bachelor,Australian Domestic,New Zealand,English,7,False,True,True,False,1,17,10,3.6,scholarships;career;academics;visa,"Blake Wilson is a Bachelor student in Economics at Australian National University. They have been living in Australia for 7 years. Originally from New Zealand, they offer a cross-cultural perspective. They speak English. They can help with housing and accommodation, cultural adaptation and settling in, and are available for one-off or ongoing mentoring."
964,Jorge,Aguilar,Student,RMIT University,Electrical Engineering,Bachelor,Latin American,Colombia,English;Spanish,3,False,True,True,False,1,86,40,4.8,housing;career;academics,"Jorge Aguilar is a Bachelor student in Electrical Engineering at RMIT University. They have been living in Australia for 3 years. Originally from Colombia, they offer a cross-cultural perspective. They speak English, Spanish. They can help with housing and accommodation, cultural adaptation and settling in, and are available for one-off or ongoing mentoring."
965,Felipe,Rodriguez,Professor,University of Technology Sydney,Pharmacy,PostDoc,Latin American,Brazil,English;Portuguese,1,False,True,False,True,1,73,9,3.6,academics;industry_transition,"Felipe Rodriguez is a Professor in the Pharmacy department at University of Technology Sydney. They have 1 years of experience in Australian higher education. Originally from Brazil, they offer a cross-cultural perspective. They speak English, Portuguese. They can help with housing and accommodation, career guidance and employability, and are available for one-off or ongoing mentoring."
966,Abena,Balogun,Student,Monash University,Business Analytics,Bachelor,African,Ethiopia,English,17,True,True,True,True,6,181,28,4.9,cultural_adjustment;visa;career;academics,"Abena Balogun is a Bachelor student in Business Analytics at Monash University. They have been living in Australia for 17 years. Originally from Ethiopia, they offer a cross-cultural perspective. They speak English. They can help with visa and immigration processes, housing and accommodation, cultural adaptation and settling in, career guidance and employability, and are available for one-off or ongoing mentoring."
967,Georgia,Taylor,Parent,University of Queensland,Education,Bachelor,Australian Domestic,Australia,English;Hindi,13,True,True,True,True,7,193,37,4.8,visa;finances;cultural_adjustment,"Georgia Taylor has been living in Australia for 13 years and supports their child at University of Queensland. Originally from Australia, they offer a cross-cultural perspective. They speak English, Hindi. They can help with visa and immigration processes, housing and accommodation, cultural adaptation and settling in, career guidance and employability, and are available for one-off or ongoing mentoring."
968,Helene,Green,Professor,University of Adelaide,Social Work,PostDoc,European,Netherlands,English;Dutch,7,False,False,True,True,6,21,30,4.8,research;academics;career;industry_transition,"Helene Green is a Professor in the Social Work department at University of Adelaide. They have 7 years of experience in Australian higher education. Originally from Netherlands, they offer a cross-cultural perspective. They speak English, Dutch. They can help with cultural adaptation and settling in, career guidance and employability, and are available for one-off or ongoing mentoring."
969,Nikhil,Sharma,Professor,University of Queensland,Accounting,PostDoc,Indian,India,English;Bengali,5,True,True,True,True,9,40,30,4.8,research;networking;industry_transition,"Nikhil Sharma is a Professor in the Accounting department at University of Queensland. They have 5 years of experience in Australian higher education. Originally from India, they offer a cross-cultural perspective. They speak English, Bengali. They can help with visa and immigration processes, housing and accommodation, cultural adaptation and settling in, career guidance and employability, and are available for one-off or ongoing mentoring."
970,Aditya,Desai,Professor,Macquarie University,Mechanical Engineering,PhD,Indian,India,English;Hindi;Tamil,15,True,False,True,True,4,0,5,3.9,career;scholarships;networking,"Aditya Desai is a Professor in the Mechanical Engineering department at Macquarie University. They have 15 years of experience in Australian higher education. Originally from India, they offer a cross-cultural perspective. They speak English, Hindi, Tamil. They can help with visa and immigration processes, cultural adaptation and settling in, career guidance and employability, and are available for one-off or ongoing mentoring."
971,Thi,Yanto,Parent,University of New South Wales,Law,Master,Southeast Asian,Vietnam,English;Vietnamese,18,True,True,True,False,1,30,45,4.9,cultural_adjustment;housing;student_safety,"Thi Yanto has been living in Australia for 18 years and supports their child at University of New South Wales. Originally from Vietnam, they offer a cross-cultural perspective. They speak English, Vietnamese. They can help with visa and immigration processes, housing and accommodation, cultural adaptation and settling in, and are available for one-off or ongoing mentoring."
972,Carlos,Ortiz,Student,University of Technology Sydney,Electrical Engineering,PhD,Latin American,Chile,Spanish;English,9,True,True,True,True,9,123,26,4.3,career;cultural_adjustment;housing;visa,"Carlos Ortiz is a PhD student in Electrical Engineering at University of Technology Sydney. They have been living in Australia for 9 years. Originally from Chile, they offer a cross-cultural perspective. They speak Spanish, English. They can help with visa and immigration processes, housing and accommodation, cultural adaptation and settling in, career guidance and employability, and are available for one-off or ongoing mentoring."
973,Lei,Sun,Student,University of Queensland,Education,Bachelor,Chinese,Taiwan,Mandarin;English,15,True,False,False,False,5,36,38,3.8,housing;academics;career,"Lei Sun is a Bachelor student in Education at University of Queensland. They have been living in Australia for 15 years. Originally from Taiwan, they offer a cross-cultural perspective. They speak Mandarin, English. They can help with visa and immigration processes, and are available for one-off or ongoing mentoring."
974,Damilola,Dankwa,Parent,Deakin University,Education,Bachelor,African,Kenya,English;Swahili,5,False,True,True,False,1,156,23,3.8,visa;cultural_adjustment;finances;school_enrollment,"Damilola Dankwa has been living in Australia for 5 years and supports their child at Deakin University. Originally from Kenya, they offer a cross-cultural perspective. They speak English, Swahili. They can help with housing and accommodation, cultural adaptation and settling in, and are available for one-off or ongoing mentoring."
975,Meera,Kaur,Parent,University of Newcastle,Education,Master,Indian,India,English;Hindi,6,True,True,True,False,4,96,10,4.6,finances;cultural_adjustment,"Meera Kaur has been living in Australia for 6 years and supports their child at University of Newcastle. Originally from India, they offer a cross-cultural perspective. They speak English, Hindi. They can help with visa and immigration processes, housing and accommodation, cultural adaptation and settling in, and are available for one-off or ongoing mentoring."
976,Jun,Wu,Professor,University of Melbourne,Marketing,PostDoc,Chinese,China,English;Mandarin;Cantonese,14,True,False,True,True,9,91,33,3.7,career;industry_transition;scholarships,"Jun Wu is a Professor in the Marketing department at University of Melbourne. They have 14 years of experience in Australian higher education. Originally from China, they offer a cross-cultural perspective. They speak English, Mandarin, Cantonese. They can help with visa and immigration processes, cultural adaptation and settling in, career guidance and employability, and are available for one-off or ongoing mentoring."
977,Riya,Kaur,Professor,Curtin University,Civil Engineering,PhD,Indian,India,English;Hindi;Tamil,16,False,False,False,False,5,171,44,4.5,career;research;networking;scholarships,"Riya Kaur is a Professor in the Civil Engineering department at Curtin University. They have 16 years of experience in Australian higher education. Originally from India, they offer a cross-cultural perspective. They speak English, Hindi, Tamil. They can help with general orientation and university life, and are available for one-off or ongoing mentoring."
978,Isabella,Clark,Parent,University of Technology Sydney,Artificial Intelligence,Bachelor,Australian Domestic,Australia,English,4,False,True,True,False,2,11,32,4.9,school_enrollment;student_safety;visa;cultural_adjustment,"Isabella Clark has been living in Australia for 4 years and supports their child at University of Technology Sydney. Originally from Australia, they offer a cross-cultural perspective. They speak English. They can help with housing and accommodation, cultural adaptation and settling in, and are available for one-off or ongoing mentoring."
979,Fang,He,Parent,Curtin University,Cybersecurity,Master,Chinese,China,English;Mandarin,3,True,True,True,True,8,2,6,4.6,student_safety;housing;visa,"Fang He has been living in Australia for 3 years and supports their child at Curtin University. Originally from China, they offer a cross-cultural perspective. They speak English, Mandarin. They can help with visa and immigration processes, housing and accommodation, cultural adaptation and settling in, career guidance and employability, and are available for one-off or ongoing mentoring."
980,Alex,Christensen,Student,University of Adelaide,Data Science,Bachelor,European,France,English;French,4,True,False,True,False,6,68,16,4.0,cultural_adjustment;career,"Alex Christensen is a Bachelor student in Data Science at University of Adelaide. They have been living in Australia for 4 years. Originally from France, they offer a cross-cultural perspective. They speak English, French. They can help with visa and immigration processes, cultural adaptation and settling in, and are available for one-off or ongoing mentoring."
981,Budi,Le,Student,Deakin University,Electrical Engineering,Master,Southeast Asian,Singapore,English;Malay,8,True,False,True,False,8,200,16,3.7,housing;career;visa,"Budi Le is a Master student in Electrical Engineering at Deakin University. They have been living in Australia for 8 years. Originally from Singapore, they offer a cross-cultural perspective. They speak English, Malay. They can help with visa and immigration processes, cultural adaptation and settling in, and are available for one-off or ongoing mentoring."
982,Minh,Rahman,Professor,Australian National University,Economics,PhD,Southeast Asian,Myanmar,English;Vietnamese,11,True,True,False,False,2,113,9,4.7,industry_transition;academics,"Minh Rahman is a Professor in the Economics department at Australian National University. They have 11 years of experience in Australian higher education. Originally from Myanmar, they offer a cross-cultural perspective. They speak English, Vietnamese. They can help with visa and immigration processes, housing and accommodation, and are available for one-off or ongoing mentoring."
983,Qian,Lin,Student,University of Adelaide,Social Work,PhD,Chinese,China,Mandarin;English,1,True,True,True,False,4,89,2,4.5,housing;scholarships;visa,"Qian Lin is a PhD student in Social Work at University of Adelaide. They have been living in Australia for 1 years. Originally from China, they offer a cross-cultural perspective. They speak Mandarin, English. They can help with visa and immigration processes, housing and accommodation, cultural adaptation and settling in, and are available for one-off or ongoing mentoring."
984,Kwame,Balogun,Parent,RMIT University,Psychology,PhD,African,Nigeria,English,19,True,True,True,True,1,87,18,4.5,finances;cultural_adjustment;school_enrollment,"Kwame Balogun has been living in Australia for 19 years and supports their child at RMIT University. Originally from Nigeria, they offer a cross-cultural perspective. They speak English. They can help with visa and immigration processes, housing and accommodation, cultural adaptation and settling in, career guidance and employability, and are available for one-off or ongoing mentoring."
985,Efua,Conteh,Parent,University of Melbourne,Mechanical Engineering,Master,African,Tanzania,English,7,True,False,False,False,10,72,36,4.5,housing;visa;finances,"Efua Conteh has been living in Australia for 7 years and supports their child at University of Melbourne. Originally from Tanzania, they offer a cross-cultural perspective. They speak English. They can help with visa and immigration processes, and are available for one-off or ongoing mentoring."
986,Alice,Hansen,Professor,Macquarie University,Psychology,Master,European,Spain,English;German,6,True,True,True,True,2,141,4,4.1,scholarships;research;career,"Alice Hansen is a Professor in the Psychology department at Macquarie University. They have 6 years of experience in Australian higher education. Originally from Spain, they offer a cross-cultural perspective. They speak English, German. They can help with visa and immigration processes, housing and accommodation, cultural adaptation and settling in, career guidance and employability, and are available for one-off or ongoing mentoring."
987,Elena,Ramirez,Parent,University of Queensland,Biotechnology,PhD,Latin American,Venezuela,English;Spanish;Portuguese,4,True,True,True,False,3,16,47,4.8,housing;visa;finances;student_safety,"Elena Ramirez has been living in Australia for 4 years and supports their child at University of Queensland. Originally from Venezuela, they offer a cross-cultural perspective. They speak English, Spanish, Portuguese. They can help with visa and immigration processes, housing and accommodation, cultural adaptation and settling in, and are available for one-off or ongoing mentoring."
988,Amara,Gyang,Student,University of New South Wales,Biotechnology,Bachelor,African,Nigeria,English;Arabic,12,False,True,True,False,6,53,45,3.9,visa;housing;cultural_adjustment,"Amara Gyang is a Bachelor student in Biotechnology at University of New South Wales. They have been living in Australia for 12 years. Originally from Nigeria, they offer a cross-cultural perspective. They speak English, Arabic. They can help with housing and accommodation, cultural adaptation and settling in, and are available for one-off or ongoing mentoring."
989,Nnamdi,Abiodun,Student,University of Sydney,Social Work,Bachelor,African,Kenya,English,6,False,True,False,True,7,163,38,3.5,career;housing,"Nnamdi Abiodun is a Bachelor student in Social Work at University of Sydney. They have been living in Australia for 6 years. Originally from Kenya, they offer a cross-cultural perspective. They speak English. They can help with housing and accommodation, career guidance and employability, and are available for one-off or ongoing mentoring."
990,Alice,Green,Professor,Curtin University,Marketing,PostDoc,European,United Kingdom,English;Dutch,16,False,True,True,True,3,185,3,3.6,academics;research;networking,"Alice Green is a Professor in the Marketing department at Curtin University. They have 16 years of experience in Australian higher education. Originally from United Kingdom, they offer a cross-cultural perspective. They speak English, Dutch. They can help with housing and accommodation, cultural adaptation and settling in, career guidance and employability, and are available for one-off or ongoing mentoring."
991,Bashir,Jawad,Parent,University of Melbourne,Marketing,Master,Middle Eastern,Saudi Arabia,English;Arabic;Farsi,12,False,True,True,True,1,32,7,4.0,finances;housing;student_safety;school_enrollment,"Bashir Jawad has been living in Australia for 12 years and supports their child at University of Melbourne. Originally from Saudi Arabia, they offer a cross-cultural perspective. They speak English, Arabic, Farsi. They can help with housing and accommodation, cultural adaptation and settling in, career guidance and employability, and are available for one-off or ongoing mentoring."
992,Hamid,Qureshi,Parent,Monash University,Nursing,PhD,Middle Eastern,Egypt,English;Arabic;French,20,False,True,True,False,6,177,8,4.8,school_enrollment;cultural_adjustment;student_safety;housing,"Hamid Qureshi has been living in Australia for 20 years and supports their child at Monash University. Originally from Egypt, they offer a cross-cultural perspective. They speak English, Arabic, French. They can help with housing and accommodation, cultural adaptation and settling in, and are available for one-off or ongoing mentoring."
993,Na,Tang,Parent,Deakin University,Mechanical Engineering,Master,Chinese,Hong Kong,Mandarin;English,19,True,False,True,True,9,134,43,4.1,finances;school_enrollment;housing,"Na Tang has been living in Australia for 19 years and supports their child at Deakin University. Originally from Hong Kong, they offer a cross-cultural perspective. They speak Mandarin, English. They can help with visa and immigration processes, cultural adaptation and settling in, career guidance and employability, and are available for one-off or ongoing mentoring."
994,Sophie,Williams,Student,Macquarie University,Medicine,Bachelor,Australian Domestic,Australia,English,13,True,True,True,True,6,173,17,4.5,academics;housing,"Sophie Williams is a Bachelor student in Medicine at Macquarie University. They have been living in Australia for 13 years. Originally from Australia, they offer a cross-cultural perspective. They speak English. They can help with visa and immigration processes, housing and accommodation, cultural adaptation and settling in, career guidance and employability, and are available for one-off or ongoing mentoring."
995,Divya,Bhat,Parent,Macquarie University,Medicine,PostDoc,Indian,Sri Lanka,English;Bengali,16,True,True,True,False,1,117,23,4.7,visa;housing;student_safety,"Divya Bhat has been living in Australia for 16 years and supports their child at Macquarie University. Originally from Sri Lanka, they offer a cross-cultural perspective. They speak English, Bengali. They can help with visa and immigration processes, housing and accommodation, cultural adaptation and settling in, and are available for one-off or ongoing mentoring."
996,Jake,Harris,Professor,University of New South Wales,Accounting,PhD,Australian Domestic,Australia,English,11,True,False,True,True,4,13,39,4.7,scholarships;industry_transition;academics,"Jake Harris is a Professor in the Accounting department at University of New South Wales. They have 11 years of experience in Australian higher education. Originally from Australia, they offer a cross-cultural perspective. They speak English. They can help with visa and immigration processes, cultural adaptation and settling in, career guidance and employability, and are available for one-off or ongoing mentoring."
997,Elena,Castillo,Student,Queensland University of Technology,Accounting,Master,Latin American,Argentina,English;Spanish,6,True,False,True,True,5,66,7,4.0,career;cultural_adjustment;visa,"Elena Castillo is a Master student in Accounting at Queensland University of Technology. They have been living in Australia for 6 years. Originally from Argentina, they offer a cross-cultural perspective. They speak English, Spanish. They can help with visa and immigration processes, cultural adaptation and settling in, career guidance and employability, and are available for one-off or ongoing mentoring."
998,Tanvi,Tiwari,Parent,University of Sydney,Medicine,PhD,Indian,India,English;Hindi;Bengali,8,False,False,True,False,3,156,4,4.3,visa;school_enrollment,"Tanvi Tiwari has been living in Australia for 8 years and supports their child at University of Sydney. Originally from India, they offer a cross-cultural perspective. They speak English, Hindi, Bengali. They can help with cultural adaptation and settling in, and are available for one-off or ongoing mentoring."
999,Jasper,White,Parent,Queensland University of Technology,Social Work,PhD,Australian Domestic,Australia,English,17,False,True,True,True,2,24,26,4.4,visa;student_safety;housing,"Jasper White has been living in Australia for 17 years and supports their child at Queensland University of Technology. Originally from Australia, they offer a cross-cultural perspective. They speak English. They can help with housing and accommodation, cultural adaptation and settling in, career guidance and employability, and are available for one-off or ongoing mentoring."
1000,Dina,Ghazali,Professor,RMIT University,Accounting,Master,Middle Eastern,UAE,English;Arabic,11,True,False,True,True,1,89,18,3.6,networking;industry_transition,"Dina Ghazali is a Professor in the Accounting department at RMIT University. They have 11 years of experience in Australian higher education. Originally from UAE, they offer a cross-cultural perspective. They speak English, Arabic. They can help with visa and immigration processes, cultural adaptation and settling in, career guidance and employability, and are available for one-off or ongoing mentoring."
