interaction_id,user_id,mentor_id,interaction_type,session_duration_minutes,rating_given_by_user,helpfulness_score,match_success
1,423,519,chat,7,4,8,1
2,7677,3401,video_call,52,5,10,1
3,9331,186,video_call,55,2,4,0
4,4642,2605,video_call,56,5,10,1
5,7315,4433,video_call,57,2,4,0
6,5208,888,video_call,51,4,8,1
7,7188,4859,video_call,58,4,8,1
8,9778,3175,video_call,27,5,10,1
9,9077,4235,video_call,36,5,10,1
10,4839,4484,chat,39,1,2,0
11,7250,547,chat,38,5,10,1
12,6371,2165,chat,30,5,10,1
13,1146,1606,chat,41,4,8,1
14,5060,1568,video_call,19,4,8,1
15,4520,105,chat,36,4,8,1
16,3395,1461,chat,18,1,2,0
17,1902,4251,video_call,54,4,8,1
18,7334,4322,chat,21,5,10,1
19,7268,740,chat,45,3,6,0
20,6798,2178,chat,40,2,4,0
21,821,2982,chat,42,4,8,1
22,3954,949,video_call,17,3,6,0
23,5878,2214,chat,6,2,4,0
24,7619,3884,video_call,57,4,8,1
25,2078,2095,chat,43,4,8,1
26,6742,1373,chat,35,1,2,0
27,2135,2381,video_call,10,4,8,1
28,2412,2064,video_call,11,5,10,1
29,5658,3022,video_call,46,4,8,1
30,1075,4728,video_call,48,4,8,1
31,693,1950,video_call,39,5,10,1
32,8789,678,chat,7,1,2,0
33,1307,822,video_call,29,1,2,0
34,6172,4551,video_call,30,5,10,1
35,4422,1874,chat,41,2,4,0
36,3876,3070,video_call,11,4,8,1
37,8720,2004,video_call,38,5,10,1
38,1104,4684,video_call,43,4,8,1
39,7233,4080,video_call,32,1,2,0
40,1050,3218,video_call,17,4,8,1
41,5657,1224,chat,15,5,10,1
42,5116,3834,video_call,39,1,2,0
43,303,3032,chat,39,5,10,1
44,6181,2841,video_call,28,4,8,1
45,1999,533,video_call,32,1,2,0
46,8761,529,video_call,43,4,8,1
47,313,1630,video_call,42,5,10,1
48,2306,552,video_call,15,4,8,1
49,679,4838,video_call,55,1,2,0
50,4325,4692,video_call,33,5,10,1
51,6364,3506,video_call,29,2,4,0
52,372,314,chat,38,2,4,0
53,752,1371,chat,36,2,4,0
54,9965,429,chat,20,5,10,1
55,4939,346,video_call,55,2,4,0
56,8748,488,chat,6,2,4,0
57,3079,3564,video_call,39,4,8,1
58,7430,2790,chat,25,4,8,1
59,2159,2207,chat,23,5,10,1
60,7480,2559,video_call,57,4,8,1
61,8901,4930,video_call,18,3,6,0
62,1395,2792,chat,8,5,10,1
63,647,2441,video_call,49,1,2,0
64,7807,3148,video_call,36,5,10,1
65,8062,358,video_call,58,4,8,1
66,2723,1113,video_call,23,5,10,1
67,3791,425,chat,22,3,6,0
68,3101,3567,video_call,51,2,4,0
69,6670,3898,video_call,37,5,10,1
70,2173,570,chat,15,4,8,1
71,9913,2010,chat,45,5,10,1
72,4968,613,video_call,35,4,8,1
73,7788,37,chat,28,2,4,0
74,5558,3267,chat,30,4,8,1
75,1129,1907,video_call,13,3,6,0
76,6747,3335,video_call,16,5,10,1
77,8026,4940,video_call,57,1,2,0
78,2736,31,chat,8,3,6,0
79,4226,667,chat,29,4,8,1
80,2630,3621,chat,40,1,2,0
81,9381,4678,chat,43,5,10,1
82,6653,2162,chat,32,4,8,1
83,5795,2486,chat,8,4,8,1
84,6532,692,chat,15,2,4,0
85,1136,1496,chat,29,3,6,0
86,2623,172,chat,10,5,10,1
87,6312,1401,chat,36,3,6,0
88,2926,1883,video_call,48,2,4,0
89,659,3153,chat,39,5,10,1
90,8844,2253,chat,23,2,4,0
91,2792,4762,video_call,51,1,2,0
92,7812,4183,video_call,54,5,10,1
93,2112,3908,chat,39,4,8,1
94,8560,1899,video_call,46,4,8,1
95,3813,4412,chat,21,4,8,1
96,8782,4855,chat,39,3,6,0
97,5551,4895,chat,26,5,10,1
98,4361,2743,chat,17,5,10,1
99,7539,4960,chat,17,5,10,1
100,199,4279,video_call,43,1,2,0
101,2531,4194,chat,14,5,10,1
102,4060,4996,video_call,27,4,8,1
103,2834,2229,video_call,48,1,2,0
104,3646,271,video_call,52,3,6,0
105,7264,760,video_call,18,3,6,0
106,369,3720,chat,32,3,6,0
107,5442,3789,chat,6,1,2,0
108,4243,3789,chat,9,3,6,0
109,9842,2548,chat,19,4,8,1
110,9092,4530,video_call,45,5,10,1
111,525,2150,video_call,15,2,4,0
112,9119,4458,video_call,51,2,4,0
113,3684,2095,video_call,56,4,8,1
114,6619,1124,chat,22,4,8,1
115,8233,4010,chat,7,1,2,0
116,1410,4144,chat,39,2,4,0
117,9863,2841,chat,43,5,10,1
118,4145,484,video_call,32,2,4,0
119,8568,662,chat,32,5,10,1
120,6633,4005,video_call,38,5,10,1
121,2824,3459,video_call,19,1,2,0
122,4320,3219,video_call,26,4,8,1
123,9604,3641,chat,40,3,6,0
124,1698,4327,chat,37,5,10,1
125,6142,2693,chat,20,5,10,1
126,1286,3660,chat,41,5,10,1
127,1799,652,video_call,32,1,2,0
128,2627,896,video_call,45,5,10,1
129,702,2320,chat,40,5,10,1
130,4080,4904,video_call,51,5,10,1
131,702,994,chat,5,3,6,0
132,1688,3390,video_call,49,4,8,1
133,274,2517,chat,7,4,8,1
134,6692,1,video_call,50,2,4,0
135,4786,1692,video_call,52,3,6,0
136,744,1910,chat,21,4,8,1
137,3659,2768,chat,5,2,4,0
138,2090,841,video_call,29,5,10,1
139,3637,1928,video_call,23,4,8,1
140,4419,813,chat,35,2,4,0
141,2231,3243,video_call,36,5,10,1
142,8800,691,video_call,36,4,8,1
143,7063,1152,video_call,53,2,4,0
144,7591,470,chat,30,5,10,1
145,2522,4197,video_call,12,4,8,1
146,1914,2735,chat,5,5,10,1
147,8243,576,video_call,12,5,10,1
148,5078,1438,chat,9,5,10,1
149,73,2743,chat,36,5,10,1
150,7748,3957,video_call,44,2,4,0
151,9680,4544,video_call,50,5,10,1
152,6274,2287,video_call,57,5,10,1
153,3882,472,chat,9,5,10,1
154,6736,4226,chat,44,3,6,0
155,2910,2070,video_call,58,5,10,1
156,1081,1917,chat,42,2,4,0
157,171,4929,video_call,42,3,6,0
158,853,1790,video_call,26,1,2,0
159,135,1920,chat,32,5,10,1
160,2713,1184,chat,5,3,6,0
161,7620,3329,video_call,24,5,10,1
162,980,66,video_call,53,5,10,1
163,3425,3689,video_call,28,5,10,1
164,7565,1396,video_call,50,3,6,0
165,3726,2949,video_call,47,4,8,1
166,1733,2724,video_call,29,5,10,1
167,8097,1669,chat,30,4,8,1
168,7339,3052,video_call,20,2,4,0
169,4575,2901,chat,43,5,10,1
170,3991,983,video_call,56,5,10,1
171,4700,1036,chat,30,4,8,1
172,7061,4227,video_call,39,3,6,0
173,624,2745,chat,9,1,2,0
174,4305,493,video_call,33,5,10,1
175,4984,1950,chat,45,2,4,0
176,8713,4047,chat,41,3,6,0
177,5478,3442,video_call,29,1,2,0
178,4486,197,chat,26,4,8,1
179,5354,4685,video_call,47,3,6,0
180,8231,4455,chat,32,2,4,0
181,878,3293,chat,13,4,8,1
182,4294,4065,video_call,47,5,10,1
183,6199,3613,video_call,22,4,8,1
184,8571,4336,chat,11,4,8,1
185,8442,1774,video_call,35,5,10,1
186,5335,2011,chat,42,5,10,1
187,8082,3332,video_call,36,1,2,0
188,5975,148,video_call,11,1,2,0
189,7828,443,video_call,25,5,10,1
190,148,3302,video_call,32,2,4,0
191,2298,3061,video_call,46,5,10,1
192,939,3256,chat,24,1,2,0
193,978,3501,chat,8,5,10,1
194,9810,327,video_call,38,4,8,1
195,5555,1985,chat,20,3,6,0
196,5784,2515,video_call,45,4,8,1
197,7234,525,chat,27,1,2,0
198,3993,656,chat,31,4,8,1
199,7180,870,video_call,20,2,4,0
200,9817,1079,chat,16,4,8,1
201,9673,4881,chat,32,3,6,0
202,9135,2849,video_call,55,5,10,1
203,5460,3640,video_call,17,5,10,1
204,6163,2119,chat,9,5,10,1
205,6588,901,video_call,32,5,10,1
206,1232,1277,chat,12,1,2,0
207,6227,90,video_call,40,3,6,0
208,6830,2189,video_call,28,3,6,0
209,7437,9,chat,42,3,6,0
210,5087,2267,chat,18,5,10,1
211,3611,4469,video_call,38,5,10,1
212,3964,1884,video_call,60,1,2,0
213,2140,1503,video_call,50,5,10,1
214,5605,2219,video_call,27,5,10,1
215,7393,2588,chat,42,3,6,0
216,3443,112,chat,33,3,6,0
217,840,2960,video_call,38,5,10,1
218,418,1983,chat,27,2,4,0
219,304,1327,chat,40,2,4,0
220,6123,4592,chat,5,2,4,0
221,2240,2742,video_call,35,5,10,1
222,837,1336,video_call,31,2,4,0
223,6555,4810,chat,13,5,10,1
224,2737,3941,video_call,21,5,10,1
225,4043,2032,chat,41,1,2,0
226,5517,3894,chat,14,3,6,0
227,8805,1817,chat,29,3,6,0
228,3541,4701,chat,7,4,8,1
229,9071,3432,chat,30,5,10,1
230,6398,4271,video_call,58,2,4,0
231,4271,905,chat,30,4,8,1
232,1050,3868,video_call,39,2,4,0
233,450,2098,chat,17,4,8,1
234,4693,4248,chat,38,1,2,0
235,1646,4851,video_call,39,4,8,1
236,7777,4030,video_call,15,5,10,1
237,4392,3456,chat,29,5,10,1
238,9737,3579,chat,44,5,10,1
239,5492,3122,video_call,48,5,10,1
240,1373,3530,chat,44,3,6,0
241,6402,995,chat,8,1,2,0
242,4169,1760,chat,41,1,2,0
243,1955,3093,video_call,20,5,10,1
244,519,4080,video_call,57,3,6,0
245,343,1204,chat,34,2,4,0
246,5354,2588,video_call,49,1,2,0
247,614,911,chat,10,4,8,1
248,586,1247,chat,11,5,10,1
249,4805,1372,video_call,41,2,4,0
250,6211,4960,chat,35,3,6,0
251,2619,1799,chat,9,4,8,1
252,5204,1731,chat,32,2,4,0
253,3990,4229,chat,5,3,6,0
254,8468,3102,video_call,60,4,8,1
255,1648,749,chat,20,2,4,0
256,5190,654,video_call,43,2,4,0
257,7161,4282,video_call,28,4,8,1
258,8652,4743,chat,23,2,4,0
259,3608,78,chat,13,2,4,0
260,9935,911,video_call,44,5,10,1
261,6428,2653,chat,14,5,10,1
262,5602,3349,video_call,50,5,10,1
263,3898,4421,video_call,14,4,8,1
264,6872,2396,chat,9,5,10,1
265,4571,1888,chat,44,5,10,1
266,8088,732,video_call,57,4,8,1
267,878,3996,chat,27,3,6,0
268,2555,579,chat,10,2,4,0
269,1021,4516,chat,12,4,8,1
270,6767,4518,chat,34,2,4,0
271,5268,1998,chat,44,4,8,1
272,6589,4189,chat,14,4,8,1
273,7729,2690,chat,36,4,8,1
274,7589,3099,chat,13,4,8,1
275,3288,2022,chat,45,4,8,1
276,4590,4577,video_call,22,5,10,1
277,156,778,video_call,46,5,10,1
278,2553,1106,video_call,39,4,8,1
279,4240,569,video_call,56,2,4,0
280,5538,1795,video_call,50,5,10,1
281,692,2982,chat,20,4,8,1
282,2669,1214,chat,9,3,6,0
283,8938,1286,video_call,36,4,8,1
284,1579,3580,video_call,34,1,2,0
285,6226,1998,chat,28,5,10,1
286,2203,3847,video_call,56,2,4,0
287,8252,2187,chat,34,4,8,1
288,6394,2157,video_call,30,3,6,0
289,1197,3813,chat,26,5,10,1
290,9170,1313,video_call,47,5,10,1
291,906,3399,chat,20,1,2,0
292,6406,3728,chat,24,1,2,0
293,7413,703,chat,36,5,10,1
294,2146,376,video_call,26,4,8,1
295,9455,1717,video_call,35,4,8,1
296,8671,443,video_call,57,4,8,1
297,4866,3002,video_call,18,5,10,1
298,1401,2275,video_call,31,5,10,1
299,2339,2594,video_call,32,2,4,0
300,6900,4731,chat,41,1,2,0
301,135,118,chat,33,4,8,1
302,9236,284,video_call,53,4,8,1
303,7752,2626,chat,29,1,2,0
304,138,4591,video_call,17,4,8,1
305,2831,4833,video_call,29,4,8,1
306,267,4725,chat,5,1,2,0
307,6675,386,video_call,35,4,8,1
308,5682,3558,video_call,39,5,10,1
309,9349,1684,video_call,40,3,6,0
310,9417,4027,video_call,19,4,8,1
311,496,2698,video_call,34,2,4,0
312,9293,1389,video_call,31,3,6,0
313,2776,4353,video_call,27,4,8,1
314,6479,617,video_call,37,4,8,1
315,5059,486,chat,13,5,10,1
316,205,3658,video_call,51,5,10,1
317,4289,206,video_call,21,5,10,1
318,5082,1314,video_call,59,4,8,1
319,4594,4741,chat,31,5,10,1
320,6153,4985,chat,40,5,10,1
321,2765,1952,video_call,31,4,8,1
322,4479,2910,video_call,26,5,10,1
323,1771,4440,chat,34,2,4,0
324,2825,719,video_call,53,5,10,1
325,3481,2631,video_call,38,4,8,1
326,5384,736,video_call,47,1,2,0
327,7601,39,chat,35,5,10,1
328,4169,750,chat,12,1,2,0
329,8951,4600,chat,23,5,10,1
330,4500,1733,video_call,18,4,8,1
331,314,1684,video_call,33,2,4,0
332,5651,3974,video_call,44,2,4,0
333,3536,2977,chat,22,5,10,1
334,7029,3185,video_call,46,1,2,0
335,3751,1430,video_call,45,5,10,1
336,6748,3088,video_call,47,2,4,0
337,7215,3434,video_call,48,3,6,0
338,646,3308,chat,24,4,8,1
339,3377,3845,video_call,46,5,10,1
340,4584,1770,video_call,46,2,4,0
341,7531,2210,chat,17,5,10,1
342,684,4879,video_call,57,5,10,1
343,2900,1107,chat,23,1,2,0
344,8969,1762,chat,31,4,8,1
345,6547,3969,chat,35,5,10,1
346,5785,2332,chat,31,5,10,1
347,411,3305,video_call,51,4,8,1
348,7109,3908,chat,38,4,8,1
349,4259,1864,video_call,46,3,6,0
350,8596,318,video_call,43,2,4,0
351,2081,2570,video_call,35,4,8,1
352,2959,334,chat,42,4,8,1
353,41,4665,video_call,24,5,10,1
354,5221,1680,chat,24,5,10,1
355,6171,2114,chat,44,5,10,1
356,1935,773,video_call,23,4,8,1
357,4321,1134,video_call,47,5,10,1
358,618,2548,video_call,22,5,10,1
359,3222,2766,chat,22,5,10,1
360,8012,3709,chat,26,5,10,1
361,3963,3849,video_call,50,5,10,1
362,828,3242,video_call,59,4,8,1
363,9935,4081,chat,11,3,6,0
364,6482,4549,video_call,25,4,8,1
365,4964,2301,video_call,37,3,6,0
366,4607,2084,video_call,58,5,10,1
367,1303,669,chat,16,5,10,1
368,1338,1656,video_call,60,3,6,0
369,5800,546,chat,6,2,4,0
370,9739,1768,chat,41,3,6,0
371,6695,1351,chat,44,5,10,1
372,5514,2776,video_call,15,5,10,1
373,618,1430,chat,33,5,10,1
374,1506,3322,chat,23,5,10,1
375,9039,3615,chat,34,2,4,0
376,5539,4327,chat,20,5,10,1
377,5583,2412,chat,21,5,10,1
378,6326,1292,video_call,22,3,6,0
379,129,3515,video_call,26,3,6,0
380,3010,1223,video_call,23,1,2,0
381,6729,4990,video_call,21,3,6,0
382,9443,4868,chat,37,5,10,1
383,595,3099,video_call,19,4,8,1
384,9668,2436,video_call,48,5,10,1
385,9699,2967,chat,45,4,8,1
386,7455,1656,video_call,43,2,4,0
387,4356,1352,video_call,17,5,10,1
388,9448,1674,chat,42,1,2,0
389,2487,3490,chat,15,5,10,1
390,2824,3835,chat,12,2,4,0
391,1304,2425,video_call,29,1,2,0
392,7088,2777,video_call,59,4,8,1
393,1741,2416,chat,37,4,8,1
394,2551,3046,video_call,38,5,10,1
395,8669,339,chat,20,1,2,0
396,6809,2618,video_call,29,5,10,1
397,7177,3498,chat,14,2,4,0
398,5474,2874,video_call,48,3,6,0
399,1343,2364,chat,45,5,10,1
400,5341,4604,video_call,38,5,10,1
401,4319,155,video_call,32,2,4,0
402,1982,1361,video_call,28,4,8,1
403,3016,1647,video_call,43,4,8,1
404,6944,1451,video_call,32,4,8,1
405,6959,1132,video_call,27,5,10,1
406,6170,1087,video_call,18,3,6,0
407,2923,4583,video_call,10,4,8,1
408,8137,1179,video_call,14,1,2,0
409,1809,3257,video_call,54,2,4,0
410,2135,2913,chat,16,4,8,1
411,7616,4286,chat,42,5,10,1
412,331,1280,chat,18,5,10,1
413,8619,330,chat,33,3,6,0
414,8792,2516,video_call,37,2,4,0
415,8715,679,chat,11,1,2,0
416,9422,371,video_call,43,4,8,1
417,5209,333,chat,34,5,10,1
418,1554,947,video_call,33,4,8,1
419,7931,395,video_call,53,5,10,1
420,1439,1354,video_call,45,5,10,1
421,9814,1456,chat,45,5,10,1
422,389,1035,chat,18,3,6,0
423,6582,4991,video_call,24,1,2,0
424,9009,3652,video_call,57,1,2,0
425,7681,125,video_call,36,2,4,0
426,1445,4649,chat,10,4,8,1
427,2103,3591,chat,32,5,10,1
428,2422,1525,video_call,27,1,2,0
429,717,1824,video_call,21,4,8,1
430,8031,519,video_call,37,5,10,1
431,9260,3489,video_call,28,2,4,0
432,6534,2651,chat,35,1,2,0
433,5657,2250,video_call,10,2,4,0
434,1253,1256,video_call,51,4,8,1
435,437,3984,video_call,21,2,4,0
436,8330,2998,chat,25,5,10,1
437,5150,581,video_call,49,5,10,1
438,5297,4492,video_call,56,5,10,1
439,6735,1473,chat,29,4,8,1
440,5915,4412,video_call,58,4,8,1
441,7397,1260,video_call,57,2,4,0
442,9149,3735,video_call,37,5,10,1
443,9036,3293,video_call,18,5,10,1
444,6610,1675,video_call,24,2,4,0
445,1810,991,video_call,35,1,2,0
446,7703,4696,chat,42,3,6,0
447,6271,3058,video_call,53,1,2,0
448,8611,3867,chat,20,5,10,1
449,9817,3884,video_call,19,5,10,1
450,3414,3050,video_call,50,5,10,1
451,1989,3132,video_call,12,2,4,0
452,9086,2464,video_call,12,4,8,1
453,6039,873,chat,27,2,4,0
454,7150,1773,video_call,13,5,10,1
455,8525,3730,video_call,11,5,10,1
456,1016,4926,video_call,11,4,8,1
457,6477,4072,video_call,29,2,4,0
458,8486,2364,chat,33,5,10,1
459,8484,4,chat,20,5,10,1
460,3771,684,video_call,26,5,10,1
461,4426,4421,chat,37,2,4,0
462,9174,2827,video_call,52,1,2,0
463,320,1275,chat,15,4,8,1
464,5137,4668,video_call,36,4,8,1
465,46,4937,chat,17,2,4,0
466,8809,527,video_call,58,2,4,0
467,448,2827,video_call,19,2,4,0
468,9704,2891,chat,32,5,10,1
469,6548,4875,chat,23,5,10,1
470,8735,3119,video_call,35,4,8,1
471,2507,4468,chat,6,2,4,0
472,2787,4508,chat,24,4,8,1
473,2098,2525,video_call,40,4,8,1
474,4785,4128,video_call,54,3,6,0
475,1565,1998,chat,6,5,10,1
476,4809,4654,chat,12,5,10,1
477,2099,3817,video_call,42,5,10,1
478,8617,1909,video_call,25,3,6,0
479,5644,71,video_call,29,1,2,0
480,8414,2492,video_call,54,1,2,0
481,5739,1011,video_call,30,2,4,0
482,419,4237,chat,23,1,2,0
483,7395,3530,video_call,40,2,4,0
484,5571,1152,chat,7,3,6,0
485,2255,676,video_call,38,1,2,0
486,1125,2675,chat,23,5,10,1
487,4138,1382,chat,38,5,10,1
488,300,2471,video_call,43,5,10,1
489,9206,468,video_call,25,1,2,0
490,7117,3280,chat,38,2,4,0
491,8051,4833,video_call,17,4,8,1
492,6566,4006,chat,44,5,10,1
493,139,2798,video_call,25,5,10,1
494,8743,1222,chat,30,3,6,0
495,7004,2540,chat,9,2,4,0
496,1436,131,video_call,57,4,8,1
497,9764,4400,video_call,47,5,10,1
498,8328,4266,video_call,29,3,6,0
499,4434,4114,video_call,54,2,4,0
500,8717,4356,chat,19,1,2,0
501,3316,4094,video_call,39,3,6,0
502,6721,945,chat,44,2,4,0
503,5082,4385,video_call,53,5,10,1
504,57,4913,chat,17,2,4,0
505,5460,1898,video_call,34,3,6,0
506,2380,4942,video_call,19,4,8,1
507,9345,2472,video_call,46,4,8,1
508,3350,4149,chat,24,5,10,1
509,2379,1742,video_call,25,5,10,1
510,205,2389,video_call,17,1,2,0
511,2190,1386,chat,20,5,10,1
512,8744,2514,chat,25,4,8,1
513,4125,3295,video_call,27,5,10,1
514,730,3942,video_call,32,3,6,0
515,6142,4168,video_call,40,4,8,1
516,7604,4171,chat,38,2,4,0
517,2044,34,chat,8,5,10,1
518,4801,1908,video_call,44,4,8,1
519,7070,4969,chat,12,4,8,1
520,7095,2111,chat,41,5,10,1
521,729,3673,chat,5,5,10,1
522,5231,3037,chat,39,4,8,1
523,9004,1085,chat,35,5,10,1
524,9615,3569,video_call,22,5,10,1
525,9398,4591,video_call,59,5,10,1
526,7767,2897,chat,15,5,10,1
527,8969,503,video_call,54,3,6,0
528,9724,4486,video_call,44,4,8,1
529,1849,675,video_call,35,4,8,1
530,9113,4158,video_call,53,4,8,1
531,6912,1577,video_call,18,3,6,0
532,6900,3647,video_call,40,4,8,1
533,1442,1420,video_call,50,2,4,0
534,5573,4364,chat,11,5,10,1
535,6557,4795,video_call,34,5,10,1
536,583,2648,chat,44,4,8,1
537,4706,3751,video_call,18,3,6,0
538,8203,755,video_call,42,4,8,1
539,8502,131,video_call,28,3,6,0
540,1905,781,chat,44,3,6,0
541,5635,4432,video_call,49,2,4,0
542,3152,241,chat,24,5,10,1
543,7163,4565,video_call,28,4,8,1
544,4835,1247,chat,6,5,10,1
545,5250,2177,video_call,13,3,6,0
546,1321,4394,video_call,53,5,10,1
547,1898,1942,chat,41,3,6,0
548,9495,3822,video_call,49,2,4,0
549,5147,2667,video_call,58,1,2,0
550,2276,4654,chat,21,5,10,1
551,8090,3025,chat,12,5,10,1
552,9123,4031,chat,10,3,6,0
553,9754,4296,chat,16,2,4,0
554,4692,4507,video_call,60,3,6,0
555,5783,26,video_call,56,5,10,1
556,307,2112,chat,7,3,6,0
557,4955,2146,video_call,41,5,10,1
558,2972,556,chat,10,5,10,1
559,6284,2650,chat,31,2,4,0
560,1418,2038,chat,6,5,10,1
561,2979,4977,chat,10,4,8,1
562,2380,3987,chat,14,5,10,1
563,2604,4702,chat,10,5,10,1
564,7895,4429,video_call,44,5,10,1
565,1521,3382,chat,19,5,10,1
566,6861,1150,chat,24,5,10,1
567,4820,4970,chat,30,5,10,1
568,2160,2742,chat,23,2,4,0
569,2696,4426,chat,30,3,6,0
570,6418,3323,chat,36,1,2,0
571,5204,1000,video_call,47,2,4,0
572,7487,3077,video_call,57,5,10,1
573,8541,1573,video_call,21,2,4,0
574,5293,3989,video_call,33,3,6,0
575,3617,976,video_call,32,4,8,1
576,1733,4670,chat,38,4,8,1
577,5191,3620,chat,12,4,8,1
578,9896,2751,chat,31,4,8,1
579,9094,3365,video_call,13,5,10,1
580,5252,2469,video_call,49,5,10,1
581,3986,204,chat,21,2,4,0
582,8715,2407,video_call,42,5,10,1
583,1762,4328,video_call,28,5,10,1
584,493,2446,chat,16,2,4,0
585,2331,189,chat,15,2,4,0
586,8833,972,chat,31,5,10,1
587,4629,4173,video_call,25,3,6,0
588,7849,3278,video_call,44,5,10,1
589,2584,4862,chat,24,4,8,1
590,692,1322,chat,31,3,6,0
591,5922,3695,video_call,26,2,4,0
592,9207,2683,chat,39,2,4,0
593,156,2203,chat,40,2,4,0
594,738,1738,chat,23,3,6,0
595,3067,3451,video_call,19,2,4,0
596,8442,2301,video_call,48,5,10,1
597,9476,1535,video_call,12,5,10,1
598,5363,3234,video_call,14,5,10,1
599,6745,4801,video_call,32,4,8,1
600,5390,3191,chat,23,4,8,1
601,4860,3936,chat,10,2,4,0
602,9839,2625,video_call,13,5,10,1
603,1603,1325,video_call,37,4,8,1
604,9280,4906,video_call,16,5,10,1
605,2307,2037,video_call,53,2,4,0
606,898,3557,video_call,37,2,4,0
607,1562,455,chat,22,1,2,0
608,1131,1355,chat,20,5,10,1
609,1184,4154,video_call,41,5,10,1
610,5299,4541,video_call,37,2,4,0
611,4505,3503,chat,23,5,10,1
612,7226,4169,video_call,37,5,10,1
613,1011,1511,video_call,36,5,10,1
614,8749,1313,video_call,11,5,10,1
615,5679,2674,video_call,24,5,10,1
616,6014,4982,chat,28,5,10,1
617,1990,2286,video_call,46,1,2,0
618,8646,4447,chat,13,1,2,0
619,8471,3385,video_call,28,5,10,1
620,9608,3834,video_call,26,4,8,1
621,6325,3227,video_call,18,4,8,1
622,2806,3186,chat,33,5,10,1
623,2494,2653,video_call,49,3,6,0
624,7050,994,video_call,58,5,10,1
625,3232,1220,chat,29,1,2,0
626,1788,1741,chat,10,2,4,0
627,3098,3446,video_call,50,5,10,1
628,8319,3768,video_call,25,5,10,1
629,3682,379,chat,10,5,10,1
630,6191,1183,video_call,47,4,8,1
631,2961,2289,video_call,32,2,4,0
632,6516,69,chat,13,5,10,1
633,7934,1840,chat,36,2,4,0
634,9989,3461,chat,11,5,10,1
635,206,633,chat,12,2,4,0
636,2386,3038,video_call,26,2,4,0
637,6382,993,video_call,35,3,6,0
638,9744,397,chat,44,5,10,1
639,7175,2481,chat,37,5,10,1
640,5953,1633,chat,14,5,10,1
641,3209,743,chat,31,2,4,0
642,2661,2379,video_call,23,3,6,0
643,5232,453,chat,20,2,4,0
644,3252,3965,chat,26,4,8,1
645,9842,1008,chat,34,4,8,1
646,7170,4880,chat,36,5,10,1
647,1711,4239,video_call,27,5,10,1
648,7606,1004,video_call,26,4,8,1
649,6098,2865,video_call,27,2,4,0
650,6588,4255,chat,8,4,8,1
651,9181,4829,chat,44,5,10,1
652,1715,834,video_call,11,5,10,1
653,8280,2173,chat,18,5,10,1
654,6208,430,video_call,29,2,4,0
655,9254,939,video_call,46,5,10,1
656,3841,3740,chat,38,2,4,0
657,586,696,video_call,24,5,10,1
658,6322,1394,chat,15,4,8,1
659,1737,826,video_call,50,2,4,0
660,1680,946,video_call,13,3,6,0
661,4770,713,chat,8,3,6,0
662,777,3325,chat,34,4,8,1
663,4113,3599,chat,40,2,4,0
664,9509,3316,video_call,54,3,6,0
665,536,429,video_call,28,3,6,0
666,5953,2190,video_call,59,2,4,0
667,1928,4385,video_call,49,1,2,0
668,9090,899,video_call,40,4,8,1
669,1862,2446,video_call,50,2,4,0
670,4349,4915,chat,37,1,2,0
671,4382,3426,chat,35,5,10,1
672,1479,4977,chat,41,5,10,1
673,4502,778,video_call,37,5,10,1
674,1783,3722,chat,42,2,4,0
675,2503,2597,video_call,46,1,2,0
676,6106,1726,chat,13,3,6,0
677,3817,3638,chat,7,4,8,1
678,9032,643,chat,35,4,8,1
679,8444,4938,video_call,38,4,8,1
680,4937,3762,chat,8,4,8,1
681,3929,4808,video_call,32,5,10,1
682,8539,2328,chat,40,5,10,1
683,9802,4813,video_call,50,3,6,0
684,6501,925,video_call,44,3,6,0
685,2585,2532,video_call,52,5,10,1
686,2626,1871,video_call,27,4,8,1
687,5942,2588,video_call,17,2,4,0
688,642,1959,video_call,47,5,10,1
689,1409,67,video_call,33,2,4,0
690,1564,2836,chat,7,5,10,1
691,2884,652,video_call,14,5,10,1
692,9249,1263,video_call,41,4,8,1
693,9948,2410,video_call,56,5,10,1
694,2045,3130,video_call,49,2,4,0
695,4227,4224,chat,35,1,2,0
696,9768,4334,chat,18,2,4,0
697,6221,916,chat,23,4,8,1
698,7401,3239,video_call,32,4,8,1
699,6616,4837,video_call,43,2,4,0
700,6771,75,video_call,28,5,10,1
701,6397,4721,video_call,48,2,4,0
702,6618,1336,video_call,34,4,8,1
703,3432,4139,chat,8,1,2,0
704,1321,763,chat,35,4,8,1
705,1929,118,chat,12,5,10,1
706,5681,3275,chat,17,5,10,1
707,1182,708,video_call,33,5,10,1
708,3508,935,video_call,46,5,10,1
709,5904,1681,video_call,17,5,10,1
710,9989,2663,chat,24,4,8,1
711,1536,3228,video_call,24,1,2,0
712,6572,4796,video_call,52,5,10,1
713,2556,1433,video_call,39,4,8,1
714,4514,1688,chat,9,3,6,0
715,611,735,video_call,15,5,10,1
716,8330,2475,chat,18,2,4,0
717,9433,3527,chat,44,5,10,1
718,9243,7,video_call,16,1,2,0
719,7593,3605,video_call,45,4,8,1
720,7068,482,chat,16,5,10,1
721,4817,786,chat,23,5,10,1
722,5359,645,video_call,12,4,8,1
723,1867,3401,video_call,55,1,2,0
724,1665,1069,chat,28,4,8,1
725,5270,3591,chat,28,3,6,0
726,6908,1023,video_call,37,2,4,0
727,5009,3544,chat,6,2,4,0
728,7960,2284,chat,27,1,2,0
729,864,3173,chat,16,2,4,0
730,1023,2817,video_call,10,2,4,0
731,5819,3630,chat,10,4,8,1
732,6473,2083,video_call,23,3,6,0
733,7153,2126,video_call,51,5,10,1
734,4941,2998,video_call,60,4,8,1
735,8396,849,chat,12,5,10,1
736,6455,1122,video_call,48,5,10,1
737,9199,547,chat,44,3,6,0
738,8237,1188,chat,18,4,8,1
739,5167,4421,chat,16,4,8,1
740,5443,544,chat,43,1,2,0
741,8170,3429,video_call,54,5,10,1
742,5882,2884,chat,33,2,4,0
743,6542,1677,video_call,36,4,8,1
744,3374,2594,video_call,35,1,2,0
745,1740,2889,video_call,24,4,8,1
746,2638,2702,video_call,35,1,2,0
747,6438,1516,video_call,28,3,6,0
748,7399,3749,video_call,45,5,10,1
749,2969,4605,video_call,56,2,4,0
750,4993,3627,chat,19,4,8,1
751,5535,2360,chat,44,2,4,0
752,2994,1130,chat,43,2,4,0
753,3778,4858,chat,13,2,4,0
754,481,2448,video_call,44,5,10,1
755,485,4942,chat,32,3,6,0
756,6744,1679,video_call,46,4,8,1
757,5870,1035,chat,15,5,10,1
758,9078,4282,chat,32,4,8,1
759,2388,498,video_call,22,5,10,1
760,1556,2798,video_call,27,5,10,1
761,9264,2674,chat,44,4,8,1
762,3771,145,chat,13,4,8,1
763,5788,686,video_call,31,2,4,0
764,1982,3189,video_call,45,3,6,0
765,2942,4541,video_call,43,1,2,0
766,3887,1100,chat,23,2,4,0
767,7239,1768,video_call,11,1,2,0
768,2111,4510,video_call,19,4,8,1
769,5537,4384,video_call,23,4,8,1
770,5720,1240,video_call,28,4,8,1
771,3512,1126,chat,28,4,8,1
772,205,50,chat,45,2,4,0
773,573,2920,video_call,59,1,2,0
774,4130,874,video_call,58,1,2,0
775,9894,753,video_call,29,5,10,1
776,3372,4514,video_call,51,2,4,0
777,4052,1962,video_call,46,3,6,0
778,6858,642,video_call,56,4,8,1
779,111,4644,video_call,44,2,4,0
780,5720,1846,video_call,41,2,4,0
781,2638,4788,video_call,60,1,2,0
782,1971,4650,chat,31,4,8,1
783,9698,3318,chat,8,4,8,1
784,3112,4373,video_call,15,3,6,0
785,3021,2488,chat,22,4,8,1
786,3795,2486,video_call,43,5,10,1
787,1055,2554,video_call,34,5,10,1
788,516,2469,video_call,13,4,8,1
789,94,4276,video_call,49,4,8,1
790,209,1392,video_call,50,1,2,0
791,8459,816,video_call,27,2,4,0
792,1881,1478,video_call,50,4,8,1
793,1315,2772,video_call,60,4,8,1
794,9648,3888,video_call,20,5,10,1
795,4500,4952,chat,6,1,2,0
796,4050,88,chat,7,4,8,1
797,9267,3931,video_call,58,5,10,1
798,8141,1314,video_call,50,5,10,1
799,7632,2132,chat,21,5,10,1
800,3797,1966,chat,14,5,10,1
801,4238,1885,video_call,40,4,8,1
802,7023,1157,video_call,34,5,10,1
803,6932,2691,chat,33,4,8,1
804,4600,4811,video_call,32,4,8,1
805,9311,2836,chat,31,5,10,1
806,7182,4760,video_call,49,4,8,1
807,5447,4233,chat,6,5,10,1
808,6999,2328,chat,9,5,10,1
809,2364,2074,video_call,17,1,2,0
810,5491,3816,video_call,53,2,4,0
811,7818,2435,video_call,14,5,10,1
812,9377,2214,chat,15,4,8,1
813,8108,4831,video_call,13,2,4,0
814,6854,373,chat,39,5,10,1
815,1232,4184,chat,42,5,10,1
816,8972,3701,video_call,29,4,8,1
817,2187,519,chat,6,5,10,1
818,21,3988,chat,10,5,10,1
819,4742,4843,video_call,48,1,2,0
820,7296,1798,video_call,33,3,6,0
821,3827,1275,chat,45,3,6,0
822,3823,2997,chat,10,5,10,1
823,9661,763,chat,45,5,10,1
824,6487,3209,video_call,47,3,6,0
825,978,1759,chat,15,5,10,1
826,5186,3141,chat,28,4,8,1
827,6910,3153,video_call,15,5,10,1
828,8960,380,video_call,57,1,2,0
829,1051,2670,video_call,43,5,10,1
830,8305,1904,chat,13,5,10,1
831,6014,1919,video_call,30,4,8,1
832,976,963,chat,40,5,10,1
833,5936,3449,chat,5,1,2,0
834,6651,2786,chat,44,5,10,1
835,1626,3799,chat,13,2,4,0
836,4821,1113,chat,25,2,4,0
837,6249,3712,video_call,32,3,6,0
838,402,4582,video_call,33,1,2,0
839,9624,3594,video_call,51,3,6,0
840,6736,250,video_call,48,2,4,0
841,9381,4737,chat,16,1,2,0
842,5288,3465,chat,33,5,10,1
843,544,1260,video_call,46,5,10,1
844,7754,3028,chat,45,4,8,1
845,8969,1980,chat,9,4,8,1
846,6455,3635,video_call,23,3,6,0
847,666,2958,chat,8,4,8,1
848,3379,3208,chat,36,4,8,1
849,9564,610,video_call,45,3,6,0
850,8021,4212,chat,19,1,2,0
851,3647,3120,chat,38,4,8,1
852,9624,4344,video_call,19,2,4,0
853,6616,154,chat,5,2,4,0
854,7858,4291,video_call,15,3,6,0
855,6937,4639,video_call,13,5,10,1
856,8130,3223,video_call,27,5,10,1
857,2650,2893,video_call,17,3,6,0
858,2903,353,video_call,55,5,10,1
859,4577,3705,chat,6,5,10,1
860,1573,2856,chat,12,5,10,1
861,2559,3158,chat,43,5,10,1
862,3434,4727,video_call,23,3,6,0
863,4385,4813,chat,29,1,2,0
864,9955,2139,video_call,49,5,10,1
865,9867,4922,video_call,42,1,2,0
866,6269,4813,video_call,16,2,4,0
867,3640,4816,chat,42,2,4,0
868,9209,3224,video_call,34,4,8,1
869,7543,4429,chat,22,4,8,1
870,6590,4280,video_call,31,3,6,0
871,3986,469,video_call,52,5,10,1
872,7582,3210,video_call,49,3,6,0
873,715,83,video_call,17,5,10,1
874,3665,2414,video_call,17,4,8,1
875,8965,449,video_call,54,3,6,0
876,1720,1302,chat,40,5,10,1
877,3566,2131,video_call,40,4,8,1
878,4343,3300,chat,31,5,10,1
879,7915,1268,video_call,24,2,4,0
880,590,4071,video_call,18,4,8,1
881,5865,1709,video_call,14,3,6,0
882,6306,2041,video_call,55,4,8,1
883,2248,4797,video_call,29,5,10,1
884,1501,2004,chat,13,4,8,1
885,3565,1101,chat,40,5,10,1
886,6513,4518,video_call,50,2,4,0
887,5245,76,video_call,51,5,10,1
888,3677,2699,video_call,14,5,10,1
889,1553,958,chat,19,1,2,0
890,8597,443,chat,22,5,10,1
891,139,800,video_call,59,5,10,1
892,9804,4795,chat,18,4,8,1
893,9728,2161,video_call,54,5,10,1
894,7092,1336,chat,14,4,8,1
895,5262,2414,video_call,39,4,8,1
896,3350,2626,chat,31,2,4,0
897,825,3884,chat,37,5,10,1
898,4977,1763,chat,19,4,8,1
899,8154,1788,video_call,42,5,10,1
900,6347,4507,video_call,35,5,10,1
901,2111,2364,video_call,48,4,8,1
902,8588,2374,video_call,42,4,8,1
903,5409,3663,video_call,56,2,4,0
904,8937,2577,chat,16,5,10,1
905,5736,833,video_call,12,4,8,1
906,6662,4758,chat,38,5,10,1
907,2811,2591,chat,26,4,8,1
908,9975,4009,chat,43,5,10,1
909,4981,673,chat,45,2,4,0
910,7352,355,video_call,30,5,10,1
911,1467,1471,video_call,27,2,4,0
912,1564,4818,chat,7,2,4,0
913,2599,813,chat,8,5,10,1
914,6,530,chat,14,2,4,0
915,8183,4417,video_call,40,1,2,0
916,17,688,video_call,20,3,6,0
917,7650,1678,chat,5,2,4,0
918,4192,2190,chat,28,4,8,1
919,5901,937,chat,17,3,6,0
920,3721,315,video_call,30,2,4,0
921,7487,4370,video_call,33,5,10,1
922,6986,2338,video_call,55,1,2,0
923,9626,2180,chat,5,3,6,0
924,2134,1227,video_call,22,2,4,0
925,9750,116,video_call,13,3,6,0
926,440,2579,video_call,13,2,4,0
927,2622,1627,video_call,52,3,6,0
928,5559,3806,chat,8,5,10,1
929,2933,4426,video_call,47,4,8,1
930,301,5,chat,42,5,10,1
931,827,3715,video_call,59,2,4,0
932,8188,1677,chat,42,3,6,0
933,6605,70,chat,41,5,10,1
934,2219,4610,video_call,44,4,8,1
935,3090,1465,chat,13,3,6,0
936,7999,1571,chat,26,5,10,1
937,5218,2446,chat,32,4,8,1
938,872,2361,video_call,37,4,8,1
939,8627,2256,chat,11,4,8,1
940,8495,1850,chat,18,5,10,1
941,2996,844,chat,6,3,6,0
942,8930,720,chat,6,4,8,1
943,4405,2598,video_call,31,4,8,1
944,1907,2711,video_call,12,1,2,0
945,9493,3826,chat,20,3,6,0
946,8174,111,chat,22,1,2,0
947,5001,3920,chat,15,5,10,1
948,1423,3907,chat,38,5,10,1
949,932,4111,chat,9,4,8,1
950,3547,4537,chat,20,5,10,1
951,985,1158,video_call,29,4,8,1
952,6795,834,video_call,24,4,8,1
953,658,3966,video_call,34,4,8,1
954,2230,1755,video_call,53,4,8,1
955,3829,3369,video_call,25,3,6,0
956,6846,3542,video_call,55,2,4,0
957,7705,261,chat,18,4,8,1
958,5727,2764,video_call,46,2,4,0
959,6297,3614,video_call,16,2,4,0
960,4944,3580,chat,28,3,6,0
961,3226,4478,chat,13,4,8,1
962,4417,1090,chat,15,2,4,0
963,6689,2044,video_call,60,5,10,1
964,4051,1626,video_call,52,2,4,0
965,1464,4818,video_call,23,5,10,1
966,2790,4702,chat,12,5,10,1
967,3866,4656,video_call,17,1,2,0
968,971,2366,video_call,15,4,8,1
969,8530,1980,video_call,18,4,8,1
970,7640,2593,video_call,38,5,10,1
971,2099,439,video_call,10,2,4,0
972,1145,2113,video_call,59,5,10,1
973,8469,3935,video_call,32,1,2,0
974,4635,4834,video_call,30,3,6,0
975,8636,1340,video_call,59,5,10,1
976,7554,738,video_call,43,2,4,0
977,6215,4646,video_call,15,4,8,1
978,4528,4320,chat,8,2,4,0
979,7022,751,chat,14,5,10,1
980,7083,1680,video_call,52,3,6,0
981,95,1684,chat,35,2,4,0
982,9489,514,video_call,36,4,8,1
983,3498,3453,video_call,13,1,2,0
984,1493,3786,video_call,49,4,8,1
985,2872,4609,video_call,15,5,10,1
986,6030,2750,chat,18,5,10,1
987,7607,614,chat,6,1,2,0
988,9642,3488,chat,31,2,4,0
989,8348,2890,video_call,59,2,4,0
990,6180,2072,chat,13,2,4,0
991,9321,2123,video_call,39,2,4,0
992,691,4477,chat,37,2,4,0
993,8580,301,chat,10,5,10,1
994,7965,1940,video_call,49,5,10,1
995,2178,4513,chat,45,5,10,1
996,406,888,chat,10,5,10,1
997,5082,5,video_call,48,5,10,1
998,4160,1063,video_call,33,5,10,1
999,6791,2020,video_call,48,4,8,1
1000,9419,3997,video_call,13,5,10,1
1001,1690,900,chat,26,5,10,1
1002,3053,1947,video_call,25,3,6,0
1003,5699,1771,video_call,34,2,4,0
1004,9202,195,video_call,51,1,2,0
1005,276,184,video_call,14,4,8,1
1006,3682,1441,chat,36,5,10,1
1007,9524,3088,video_call,45,5,10,1
1008,2635,587,video_call,39,5,10,1
1009,4141,1383,chat,12,5,10,1
1010,3350,671,video_call,18,4,8,1
1011,8171,2987,video_call,42,4,8,1
1012,1536,2611,chat,24,1,2,0
1013,7,2612,chat,26,2,4,0
1014,3241,1994,video_call,30,3,6,0
1015,9882,2008,chat,28,4,8,1
1016,4042,3595,video_call,49,1,2,0
1017,196,4779,video_call,45,5,10,1
1018,5839,3284,video_call,48,5,10,1
1019,1786,4191,video_call,10,3,6,0
1020,9146,1507,chat,40,4,8,1
1021,8468,4378,chat,33,4,8,1
1022,5438,480,chat,7,3,6,0
1023,7396,1647,chat,12,4,8,1
1024,6448,285,video_call,37,4,8,1
1025,5544,3257,video_call,60,5,10,1
1026,5491,4977,chat,25,4,8,1
1027,6220,2075,chat,33,1,2,0
1028,1470,3030,video_call,20,1,2,0
1029,9317,1956,video_call,45,4,8,1
1030,1884,4605,video_call,41,2,4,0
1031,5378,2073,chat,27,1,2,0
1032,4944,1952,video_call,15,3,6,0
1033,8484,392,video_call,41,3,6,0
1034,8027,2744,video_call,28,5,10,1
1035,6458,645,video_call,12,5,10,1
1036,4256,4588,chat,7,5,10,1
1037,2962,2151,video_call,40,1,2,0
1038,9333,4191,video_call,36,2,4,0
1039,9446,3812,chat,24,2,4,0
1040,3667,3187,chat,41,2,4,0
1041,2931,1193,video_call,39,5,10,1
1042,6169,2451,chat,13,4,8,1
1043,6429,2377,video_call,40,5,10,1
1044,8093,4946,chat,21,5,10,1
1045,8186,2708,chat,29,5,10,1
1046,8925,4195,chat,6,4,8,1
1047,8728,2255,video_call,18,4,8,1
1048,7619,4714,video_call,13,5,10,1
1049,6740,2664,chat,5,5,10,1
1050,7722,4771,chat,36,2,4,0
1051,2066,4683,video_call,39,4,8,1
1052,4275,281,video_call,17,5,10,1
1053,9416,4340,chat,33,4,8,1
1054,4997,2241,video_call,43,5,10,1
1055,3452,1505,video_call,38,2,4,0
1056,257,3102,chat,21,5,10,1
1057,7984,185,chat,34,5,10,1
1058,4698,3572,chat,32,3,6,0
1059,3992,4228,video_call,34,5,10,1
1060,8323,3339,chat,41,2,4,0
1061,5676,4536,video_call,10,5,10,1
1062,1804,4973,chat,6,5,10,1
1063,661,2729,chat,31,2,4,0
1064,3492,1365,video_call,43,3,6,0
1065,5545,3293,video_call,29,5,10,1
1066,1118,4559,video_call,57,5,10,1
1067,1679,101,video_call,42,3,6,0
1068,4776,590,chat,11,2,4,0
1069,3038,3624,video_call,52,5,10,1
1070,3919,1333,video_call,20,2,4,0
1071,7076,4316,chat,43,4,8,1
1072,4730,4522,chat,28,2,4,0
1073,5525,2487,chat,41,1,2,0
1074,5048,4383,video_call,35,1,2,0
1075,9878,2584,chat,24,4,8,1
1076,590,2363,chat,22,3,6,0
1077,3697,4412,chat,26,4,8,1
1078,2096,3012,video_call,33,5,10,1
1079,1003,3663,video_call,17,3,6,0
1080,825,4053,chat,11,2,4,0
1081,1624,764,video_call,54,5,10,1
1082,3389,4512,chat,27,2,4,0
1083,7915,145,chat,7,5,10,1
1084,2227,4428,chat,33,5,10,1
1085,7912,4228,chat,20,5,10,1
1086,4511,765,video_call,46,4,8,1
1087,8245,3307,chat,20,4,8,1
1088,541,4982,video_call,38,5,10,1
1089,779,1356,video_call,48,5,10,1
1090,6584,433,video_call,14,3,6,0
1091,5000,4467,chat,22,2,4,0
1092,6002,537,chat,12,5,10,1
1093,1725,4346,video_call,26,5,10,1
1094,562,16,video_call,30,4,8,1
1095,9716,3917,video_call,43,5,10,1
1096,1028,869,video_call,12,5,10,1
1097,4974,4421,chat,9,5,10,1
1098,5678,4729,chat,40,1,2,0
1099,4264,1295,video_call,22,1,2,0
1100,6176,862,chat,35,5,10,1
1101,1783,4083,video_call,47,5,10,1
1102,1257,1411,chat,33,2,4,0
1103,6095,4741,chat,26,4,8,1
1104,4169,501,chat,25,5,10,1
1105,7340,4336,chat,15,5,10,1
1106,1934,3254,video_call,60,3,6,0
1107,2416,2746,video_call,23,4,8,1
1108,8756,2260,chat,34,5,10,1
1109,8175,3195,chat,12,4,8,1
1110,9743,543,chat,29,5,10,1
1111,3872,3670,video_call,13,4,8,1
1112,7306,2982,video_call,42,5,10,1
1113,9735,3447,chat,23,2,4,0
1114,8988,1977,video_call,40,5,10,1
1115,799,2742,video_call,58,5,10,1
1116,1626,1103,video_call,36,2,4,0
1117,1475,667,chat,38,2,4,0
1118,5523,3824,video_call,48,5,10,1
1119,7508,1917,chat,34,5,10,1
1120,9309,926,video_call,28,5,10,1
1121,2530,557,video_call,48,2,4,0
1122,3361,4287,video_call,26,5,10,1
1123,3598,933,video_call,22,3,6,0
1124,789,4652,video_call,36,5,10,1
1125,5524,3229,chat,22,3,6,0
1126,2472,1123,chat,19,4,8,1
1127,3472,3932,video_call,45,5,10,1
1128,4786,750,chat,25,5,10,1
1129,2154,1184,chat,5,5,10,1
1130,6452,1730,video_call,55,4,8,1
1131,9588,1537,video_call,46,2,4,0
1132,2406,608,video_call,21,4,8,1
1133,7154,3352,chat,22,2,4,0
1134,7557,2324,video_call,12,5,10,1
1135,813,1372,chat,43,5,10,1
1136,7285,1049,video_call,47,4,8,1
1137,6010,4077,video_call,58,5,10,1
1138,5252,2748,chat,6,3,6,0
1139,7889,518,chat,6,2,4,0
1140,2114,2535,video_call,20,5,10,1
1141,6577,256,video_call,28,5,10,1
1142,3106,4283,chat,26,5,10,1
1143,1833,3357,video_call,23,5,10,1
1144,8590,4680,video_call,40,5,10,1
1145,4333,3670,chat,26,5,10,1
1146,7987,2104,video_call,18,5,10,1
1147,6561,4,chat,15,5,10,1
1148,6540,2004,chat,21,4,8,1
1149,9173,2204,video_call,58,3,6,0
1150,2543,413,chat,30,5,10,1
1151,1236,1346,video_call,45,4,8,1
1152,9640,1826,video_call,38,2,4,0
1153,7774,2236,video_call,33,5,10,1
1154,982,882,video_call,43,2,4,0
1155,6352,4946,chat,34,2,4,0
1156,4310,935,chat,42,1,2,0
1157,1193,1488,chat,12,5,10,1
1158,3274,386,chat,42,4,8,1
1159,8409,2622,video_call,19,4,8,1
1160,9622,3329,video_call,33,1,2,0
1161,5767,372,chat,44,2,4,0
1162,4290,837,chat,21,4,8,1
1163,9205,2401,video_call,42,5,10,1
1164,8193,4587,chat,19,2,4,0
1165,5777,239,chat,27,3,6,0
1166,3583,2104,video_call,53,2,4,0
1167,1666,860,video_call,10,5,10,1
1168,9073,482,chat,39,5,10,1
1169,714,1917,chat,19,5,10,1
1170,5329,3192,video_call,16,1,2,0
1171,777,3136,video_call,12,5,10,1
1172,241,2845,chat,38,5,10,1
1173,6300,2238,video_call,46,3,6,0
1174,5974,3598,video_call,22,3,6,0
1175,8109,2369,chat,28,2,4,0
1176,1087,1879,video_call,44,5,10,1
1177,7149,2013,chat,23,4,8,1
1178,6739,30,chat,18,5,10,1
1179,1554,4979,chat,33,4,8,1
1180,6511,4757,chat,5,4,8,1
1181,861,3673,chat,20,5,10,1
1182,3487,321,chat,20,5,10,1
1183,7353,1260,chat,7,4,8,1
1184,5091,2162,chat,5,5,10,1
1185,5181,2664,video_call,49,2,4,0
1186,291,1945,chat,29,3,6,0
1187,4605,2059,video_call,25,3,6,0
1188,1443,157,video_call,31,1,2,0
1189,4062,35,chat,43,3,6,0
1190,2431,3017,video_call,58,5,10,1
1191,8431,1670,chat,19,5,10,1
1192,1647,915,chat,18,4,8,1
1193,9018,3313,video_call,14,2,4,0
1194,9791,308,video_call,10,4,8,1
1195,3122,1942,chat,34,3,6,0
1196,9484,4041,chat,40,4,8,1
1197,1241,4911,video_call,12,2,4,0
1198,3202,1005,chat,41,4,8,1
1199,7053,4846,video_call,51,5,10,1
1200,7342,4139,video_call,57,2,4,0
1201,5881,1921,video_call,53,5,10,1
1202,9285,4647,chat,16,1,2,0
1203,5887,1208,video_call,48,5,10,1
1204,7545,4295,chat,33,5,10,1
1205,4844,3020,video_call,43,3,6,0
1206,5987,2916,video_call,22,1,2,0
1207,2340,3490,video_call,24,5,10,1
1208,5266,4836,chat,42,4,8,1
1209,3149,3890,chat,15,4,8,1
1210,9592,3268,chat,6,4,8,1
1211,6041,1022,chat,9,4,8,1
1212,8613,2729,chat,36,3,6,0
1213,5326,1569,chat,44,2,4,0
1214,4427,4386,video_call,38,5,10,1
1215,3289,1280,video_call,27,4,8,1
1216,9874,2927,chat,14,3,6,0
1217,7152,150,chat,32,2,4,0
1218,2295,633,video_call,59,3,6,0
1219,382,2194,chat,26,2,4,0
1220,4037,835,video_call,56,4,8,1
1221,2714,1509,video_call,27,5,10,1
1222,4167,2440,video_call,48,5,10,1
1223,4186,3438,chat,44,3,6,0
1224,7797,1361,chat,16,4,8,1
1225,9252,2260,video_call,60,5,10,1
1226,65,3350,chat,20,4,8,1
1227,4824,2224,chat,27,5,10,1
1228,3410,4475,video_call,12,4,8,1
1229,3790,4984,video_call,22,5,10,1
1230,6261,1381,chat,41,4,8,1
1231,4433,2000,chat,19,4,8,1
1232,9464,3016,video_call,21,3,6,0
1233,9328,629,video_call,42,3,6,0
1234,2746,3422,chat,18,2,4,0
1235,5259,4488,chat,32,4,8,1
1236,7275,3105,video_call,60,5,10,1
1237,2245,2469,video_call,50,3,6,0
1238,5123,3994,video_call,36,3,6,0
1239,8921,3572,chat,37,3,6,0
1240,2395,4008,video_call,17,1,2,0
1241,3996,4522,video_call,26,2,4,0
1242,6752,2119,chat,5,5,10,1
1243,6144,4786,video_call,16,1,2,0
1244,5501,656,chat,9,1,2,0
1245,1484,4513,chat,21,4,8,1
1246,368,3257,chat,31,5,10,1
1247,9152,4249,video_call,49,3,6,0
1248,685,1142,video_call,59,2,4,0
1249,3442,1468,video_call,22,5,10,1
1250,6482,2769,chat,45,2,4,0
1251,3379,2462,video_call,51,3,6,0
1252,2606,2366,video_call,21,5,10,1
1253,2382,1882,video_call,30,4,8,1
1254,9807,2468,chat,43,3,6,0
1255,3617,4413,video_call,29,4,8,1
1256,7606,3646,chat,42,5,10,1
1257,4803,2546,chat,22,1,2,0
1258,3375,842,video_call,15,1,2,0
1259,3208,1484,video_call,50,1,2,0
1260,5963,1518,video_call,55,4,8,1
1261,1738,902,chat,31,5,10,1
1262,7926,3809,video_call,43,1,2,0
1263,4662,2049,video_call,16,2,4,0
1264,8644,855,video_call,43,2,4,0
1265,9431,2693,video_call,35,1,2,0
1266,6477,1985,video_call,16,4,8,1
1267,6648,4805,chat,30,5,10,1
1268,5057,2707,chat,27,1,2,0
1269,8484,4892,video_call,53,5,10,1
1270,8247,1721,chat,36,5,10,1
1271,9125,2273,video_call,26,4,8,1
1272,3095,472,chat,24,1,2,0
1273,4374,3241,chat,6,1,2,0
1274,721,294,video_call,48,5,10,1
1275,8372,2723,chat,16,5,10,1
1276,190,4524,chat,44,5,10,1
1277,142,252,video_call,45,4,8,1
1278,6021,2654,video_call,46,5,10,1
1279,1454,3351,video_call,49,4,8,1
1280,2839,2265,chat,18,1,2,0
1281,4785,1256,video_call,60,2,4,0
1282,7491,1714,video_call,52,2,4,0
1283,5369,4341,chat,17,3,6,0
1284,6699,3394,video_call,31,2,4,0
1285,7382,139,video_call,11,4,8,1
1286,3125,2782,video_call,19,5,10,1
1287,5764,4356,video_call,56,1,2,0
1288,5839,3418,video_call,39,5,10,1
1289,7411,4541,video_call,39,2,4,0
1290,3834,2017,video_call,52,1,2,0
1291,823,4899,video_call,39,3,6,0
1292,8965,147,video_call,23,4,8,1
1293,2762,1584,chat,12,5,10,1
1294,4650,1450,video_call,57,4,8,1
1295,5267,4924,video_call,52,2,4,0
1296,2815,3680,video_call,48,1,2,0
1297,6579,1112,chat,9,2,4,0
1298,762,3212,chat,32,5,10,1
1299,49,1747,chat,18,3,6,0
1300,8949,939,chat,41,5,10,1
1301,5713,4679,chat,40,3,6,0
1302,61,2998,chat,42,2,4,0
1303,1948,4901,video_call,40,1,2,0
1304,1812,4190,video_call,35,2,4,0
1305,7342,2147,chat,31,5,10,1
1306,885,871,video_call,42,4,8,1
1307,5808,863,chat,38,1,2,0
1308,8298,783,chat,33,4,8,1
1309,4715,3675,video_call,60,4,8,1
1310,6145,3659,video_call,45,5,10,1
1311,3760,788,chat,40,5,10,1
1312,3015,638,video_call,44,5,10,1
1313,97,912,video_call,28,3,6,0
1314,9152,1704,video_call,48,2,4,0
1315,957,4084,chat,39,1,2,0
1316,8421,3679,chat,16,2,4,0
1317,3719,2009,video_call,39,5,10,1
1318,3499,3057,video_call,44,2,4,0
1319,2900,4307,chat,11,3,6,0
1320,9807,2405,video_call,18,5,10,1
1321,9199,1482,chat,24,5,10,1
1322,5716,948,chat,21,1,2,0
1323,6157,1880,video_call,34,5,10,1
1324,3485,3338,video_call,27,5,10,1
1325,519,2041,video_call,32,4,8,1
1326,9352,210,video_call,26,5,10,1
1327,7665,4891,video_call,30,1,2,0
1328,2825,2450,video_call,21,4,8,1
1329,6628,4909,chat,23,5,10,1
1330,6965,3002,chat,40,5,10,1
1331,5265,4275,video_call,28,5,10,1
1332,2462,2410,video_call,41,3,6,0
1333,6397,954,chat,13,3,6,0
1334,5028,3933,video_call,46,4,8,1
1335,2667,1530,video_call,11,4,8,1
1336,47,566,video_call,19,2,4,0
1337,1888,4547,chat,16,4,8,1
1338,439,280,video_call,29,2,4,0
1339,2152,2579,video_call,37,5,10,1
1340,3379,1192,video_call,10,2,4,0
1341,356,1716,video_call,29,5,10,1
1342,1568,1677,chat,12,3,6,0
1343,7884,2772,video_call,12,5,10,1
1344,5930,1445,chat,26,2,4,0
1345,4339,1385,video_call,44,3,6,0
1346,1862,1115,video_call,45,1,2,0
1347,4720,3427,chat,9,1,2,0
1348,8054,3362,video_call,33,4,8,1
1349,9427,3463,video_call,18,2,4,0
1350,4582,3711,chat,14,5,10,1
1351,2008,4028,chat,24,5,10,1
1352,362,1981,chat,29,3,6,0
1353,7059,2841,chat,9,5,10,1
1354,1762,3490,video_call,24,5,10,1
1355,8145,1024,video_call,33,5,10,1
1356,1589,1011,chat,40,3,6,0
1357,3878,1752,video_call,60,5,10,1
1358,5042,2966,video_call,37,5,10,1
1359,5966,1722,video_call,28,3,6,0
1360,8998,772,chat,31,2,4,0
1361,549,4003,chat,20,2,4,0
1362,5392,3162,video_call,45,5,10,1
1363,9481,2222,chat,34,5,10,1
1364,6097,1563,video_call,24,5,10,1
1365,4111,1152,video_call,39,4,8,1
1366,5975,1294,video_call,48,5,10,1
1367,742,3971,video_call,40,5,10,1
1368,6590,1577,video_call,28,5,10,1
1369,8583,3160,video_call,14,1,2,0
1370,1624,3811,video_call,54,2,4,0
1371,1151,22,chat,13,4,8,1
1372,197,724,video_call,29,5,10,1
1373,8793,3584,chat,29,4,8,1
1374,7171,3561,chat,32,2,4,0
1375,9123,4641,chat,5,4,8,1
1376,5896,4743,video_call,39,4,8,1
1377,1432,1372,chat,11,1,2,0
1378,3753,3720,video_call,43,4,8,1
1379,706,4602,video_call,43,4,8,1
1380,2577,605,video_call,57,5,10,1
1381,3123,1245,video_call,55,4,8,1
1382,9548,3451,chat,5,1,2,0
1383,4392,2777,video_call,37,3,6,0
1384,3408,3914,video_call,33,4,8,1
1385,2722,69,video_call,36,4,8,1
1386,4257,3646,video_call,18,5,10,1
1387,4725,4194,chat,32,5,10,1
1388,4661,2271,chat,42,4,8,1
1389,9264,4158,chat,10,5,10,1
1390,1869,3665,video_call,28,1,2,0
1391,8219,552,video_call,30,5,10,1
1392,6054,962,video_call,46,5,10,1
1393,764,2335,chat,8,1,2,0
1394,7059,2446,chat,14,5,10,1
1395,5767,4886,chat,13,4,8,1
1396,503,4054,video_call,28,5,10,1
1397,2623,763,chat,39,4,8,1
1398,4210,1017,chat,25,2,4,0
1399,8255,2048,chat,24,4,8,1
1400,8800,3934,chat,12,5,10,1
1401,6589,747,video_call,25,3,6,0
1402,610,1449,chat,41,1,2,0
1403,4852,13,chat,7,4,8,1
1404,8082,4082,video_call,59,4,8,1
1405,7395,3345,video_call,28,1,2,0
1406,6037,3346,video_call,40,4,8,1
1407,5907,3596,video_call,38,4,8,1
1408,6742,2607,video_call,12,5,10,1
1409,8696,3959,chat,19,5,10,1
1410,2757,1740,chat,30,4,8,1
1411,4637,1854,video_call,51,5,10,1
1412,4845,1311,chat,6,5,10,1
1413,7993,1385,video_call,49,2,4,0
1414,5220,330,chat,33,4,8,1
1415,7633,3537,video_call,21,2,4,0
1416,9534,2790,chat,26,1,2,0
1417,2205,635,video_call,39,2,4,0
1418,1201,1774,video_call,56,2,4,0
1419,1811,531,video_call,57,2,4,0
1420,8236,1969,chat,10,3,6,0
1421,6427,460,video_call,54,4,8,1
1422,7731,3079,video_call,15,5,10,1
1423,4215,3901,chat,30,1,2,0
1424,839,200,video_call,23,2,4,0
1425,6124,959,video_call,16,4,8,1
1426,2943,3732,video_call,58,5,10,1
1427,4713,4974,video_call,31,2,4,0
1428,6479,2082,chat,10,3,6,0
1429,1232,4597,video_call,43,4,8,1
1430,5267,4756,video_call,11,2,4,0
1431,5119,2244,video_call,42,2,4,0
1432,2926,3104,video_call,16,1,2,0
1433,5228,1670,chat,25,4,8,1
1434,3569,2964,video_call,20,2,4,0
1435,6396,2270,video_call,17,2,4,0
1436,7081,678,video_call,39,3,6,0
1437,9417,1045,chat,30,5,10,1
1438,6283,267,video_call,43,3,6,0
1439,5085,815,video_call,30,1,2,0
1440,347,2420,chat,29,1,2,0
1441,5235,1356,chat,43,1,2,0
1442,3810,4804,video_call,30,4,8,1
1443,9590,235,video_call,55,1,2,0
1444,4580,2062,chat,19,5,10,1
1445,7694,4522,video_call,35,4,8,1
1446,3637,3729,video_call,22,4,8,1
1447,6521,3281,chat,18,4,8,1
1448,3912,1540,chat,27,5,10,1
1449,4275,688,chat,12,2,4,0
1450,1734,138,chat,8,2,4,0
1451,1381,3003,chat,45,2,4,0
1452,7150,668,chat,16,4,8,1
1453,985,2485,video_call,22,1,2,0
1454,5982,3917,video_call,38,5,10,1
1455,9370,3000,chat,24,4,8,1
1456,755,1063,chat,37,5,10,1
1457,2967,896,video_call,45,2,4,0
1458,6525,2780,chat,14,2,4,0
1459,476,4244,chat,44,2,4,0
1460,5991,3155,video_call,57,4,8,1
1461,2494,2186,video_call,10,5,10,1
1462,5647,598,chat,33,2,4,0
1463,7110,3594,video_call,41,2,4,0
1464,2353,394,video_call,30,5,10,1
1465,977,2982,chat,43,5,10,1
1466,8597,3671,video_call,55,5,10,1
1467,6877,3062,chat,17,4,8,1
1468,4625,3770,chat,45,5,10,1
1469,1749,4171,chat,29,3,6,0
1470,8190,3215,video_call,28,2,4,0
1471,1590,2052,video_call,16,1,2,0
1472,9112,4187,chat,34,2,4,0
1473,5602,4393,video_call,15,2,4,0
1474,4565,302,chat,19,4,8,1
1475,6600,860,video_call,31,3,6,0
1476,7572,3041,chat,9,2,4,0
1477,4231,833,chat,26,2,4,0
1478,4174,4499,video_call,27,1,2,0
1479,8732,2186,video_call,31,5,10,1
1480,9291,114,chat,33,2,4,0
1481,886,4050,video_call,35,4,8,1
1482,8085,425,video_call,18,5,10,1
1483,2649,2242,chat,39,5,10,1
1484,5796,4194,video_call,37,5,10,1
1485,8089,1099,chat,25,5,10,1
1486,4982,2288,video_call,45,5,10,1
1487,4102,1681,video_call,26,1,2,0
1488,8907,4088,video_call,33,5,10,1
1489,8645,265,chat,38,5,10,1
1490,4112,4535,video_call,16,1,2,0
1491,653,250,chat,12,2,4,0
1492,6873,1958,video_call,48,4,8,1
1493,4009,442,chat,18,2,4,0
1494,7505,3730,video_call,36,2,4,0
1495,3735,147,chat,32,5,10,1
1496,354,4902,video_call,31,3,6,0
1497,207,3156,video_call,14,2,4,0
1498,2860,635,chat,14,2,4,0
1499,5675,1221,video_call,23,1,2,0
1500,1252,448,video_call,28,1,2,0
1501,8853,2959,chat,25,5,10,1
1502,7681,4556,video_call,55,1,2,0
1503,4798,1092,video_call,58,5,10,1
1504,1157,3650,video_call,57,2,4,0
1505,9864,2190,chat,8,5,10,1
1506,3935,4685,chat,41,3,6,0
1507,3129,2417,video_call,24,2,4,0
1508,6337,2608,chat,36,1,2,0
1509,3328,892,video_call,44,2,4,0
1510,7037,279,video_call,19,4,8,1
1511,2176,3947,video_call,41,2,4,0
1512,3003,1143,video_call,19,2,4,0
1513,1732,2126,chat,6,5,10,1
1514,5385,703,video_call,44,4,8,1
1515,8090,1109,chat,5,3,6,0
1516,8576,3492,video_call,27,5,10,1
1517,6459,729,chat,34,1,2,0
1518,9776,2769,chat,35,5,10,1
1519,5569,364,chat,12,5,10,1
1520,3614,4081,chat,30,1,2,0
1521,158,1450,chat,24,5,10,1
1522,6677,2344,video_call,52,2,4,0
1523,8561,2359,chat,5,2,4,0
1524,2946,1603,video_call,58,5,10,1
1525,4261,4273,video_call,19,5,10,1
1526,7343,1102,video_call,51,3,6,0
1527,5932,725,video_call,47,4,8,1
1528,438,766,chat,14,5,10,1
1529,873,99,chat,31,5,10,1
1530,2339,2015,video_call,33,2,4,0
1531,7671,3099,video_call,20,2,4,0
1532,1328,1275,video_call,54,4,8,1
1533,770,2052,chat,23,3,6,0
1534,8820,686,chat,18,5,10,1
1535,8766,1993,video_call,33,3,6,0
1536,32,982,chat,8,4,8,1
1537,2080,1504,chat,5,2,4,0
1538,4980,3143,video_call,58,4,8,1
1539,7191,4185,chat,37,4,8,1
1540,1612,3166,video_call,20,5,10,1
1541,6029,4501,video_call,13,3,6,0
1542,2597,558,video_call,21,5,10,1
1543,8824,1814,video_call,28,4,8,1
1544,5530,2037,video_call,55,1,2,0
1545,4694,1741,video_call,37,2,4,0
1546,1603,894,video_call,46,5,10,1
1547,235,3154,chat,9,4,8,1
1548,3747,708,video_call,57,2,4,0
1549,4246,751,video_call,10,4,8,1
1550,386,2550,chat,42,1,2,0
1551,2607,2903,chat,37,2,4,0
1552,2364,4498,video_call,57,5,10,1
1553,1037,353,chat,18,5,10,1
1554,899,4263,video_call,41,5,10,1
1555,5322,2452,video_call,23,4,8,1
1556,5622,1563,video_call,25,2,4,0
1557,6881,1773,chat,15,5,10,1
1558,7168,1572,video_call,36,1,2,0
1559,7485,4983,video_call,26,5,10,1
1560,6472,1294,video_call,25,2,4,0
1561,9525,836,video_call,28,2,4,0
1562,2369,2846,video_call,60,5,10,1
1563,9296,778,chat,17,2,4,0
1564,5269,2996,video_call,37,2,4,0
1565,696,2722,video_call,17,4,8,1
1566,4878,3425,chat,18,1,2,0
1567,6219,4794,chat,6,5,10,1
1568,8329,3159,video_call,36,5,10,1
1569,3438,2488,video_call,50,4,8,1
1570,102,4374,video_call,59,1,2,0
1571,3452,3160,chat,16,2,4,0
1572,5797,1093,video_call,40,2,4,0
1573,7452,1954,video_call,34,4,8,1
1574,6256,2586,chat,45,5,10,1
1575,3695,3862,chat,23,4,8,1
1576,4270,916,video_call,56,4,8,1
1577,4293,3031,chat,19,4,8,1
1578,6925,3109,video_call,18,5,10,1
1579,615,2229,video_call,35,3,6,0
1580,7494,3820,video_call,57,5,10,1
1581,9099,1942,chat,33,4,8,1
1582,2710,3140,video_call,36,2,4,0
1583,2443,1155,chat,45,2,4,0
1584,8929,807,chat,31,3,6,0
1585,3646,3658,chat,19,4,8,1
1586,7406,1547,chat,21,3,6,0
1587,7690,1092,video_call,30,5,10,1
1588,9682,4153,video_call,47,5,10,1
1589,517,657,chat,42,4,8,1
1590,9945,262,video_call,19,3,6,0
1591,2642,1838,video_call,48,4,8,1
1592,9015,3412,video_call,48,4,8,1
1593,6309,2552,chat,34,3,6,0
1594,967,2300,chat,5,2,4,0
1595,4385,3365,chat,25,5,10,1
1596,4381,3753,chat,7,5,10,1
1597,2835,2554,video_call,22,5,10,1
1598,2197,3687,chat,21,5,10,1
1599,4117,4721,video_call,15,2,4,0
1600,2876,1343,chat,45,5,10,1
1601,427,1980,chat,25,5,10,1
1602,1386,3703,chat,41,5,10,1
1603,7062,4720,chat,32,5,10,1
1604,85,4176,video_call,32,1,2,0
1605,5765,4767,chat,32,5,10,1
1606,811,1013,video_call,53,2,4,0
1607,3977,224,chat,24,4,8,1
1608,5814,623,video_call,23,5,10,1
1609,8608,1521,video_call,11,2,4,0
1610,4124,4043,video_call,21,1,2,0
1611,8308,2795,chat,6,5,10,1
1612,4264,338,chat,27,5,10,1
1613,9587,916,video_call,38,5,10,1
1614,5981,3926,chat,43,2,4,0
1615,1182,4396,chat,26,2,4,0
1616,9496,417,video_call,43,1,2,0
1617,7304,512,video_call,47,5,10,1
1618,4420,4550,chat,22,5,10,1
1619,6277,2774,chat,36,5,10,1
1620,8629,369,video_call,55,5,10,1
1621,6427,4105,chat,6,2,4,0
1622,3503,2190,chat,11,5,10,1
1623,2901,3357,chat,14,2,4,0
1624,2429,4918,chat,7,5,10,1
1625,896,3048,video_call,55,1,2,0
1626,8229,1290,video_call,60,1,2,0
1627,9089,3157,chat,22,1,2,0
1628,4310,973,video_call,59,5,10,1
1629,8574,1837,video_call,45,4,8,1
1630,8460,2358,chat,21,3,6,0
1631,5549,82,chat,40,4,8,1
1632,6561,4871,video_call,16,3,6,0
1633,4341,4658,video_call,29,4,8,1
1634,495,146,video_call,24,4,8,1
1635,304,2068,chat,6,1,2,0
1636,7146,1558,chat,32,5,10,1
1637,8869,4090,chat,18,3,6,0
1638,9945,1876,video_call,46,5,10,1
1639,1034,2607,video_call,18,5,10,1
1640,7096,2314,chat,22,5,10,1
1641,7787,1144,video_call,43,2,4,0
1642,1226,4321,video_call,60,5,10,1
1643,8979,567,video_call,14,5,10,1
1644,7767,2878,video_call,10,3,6,0
1645,5788,3601,video_call,28,2,4,0
1646,2335,4499,chat,37,4,8,1
1647,3511,1419,video_call,55,2,4,0
1648,2416,2524,video_call,59,5,10,1
1649,5623,365,video_call,43,5,10,1
1650,4177,4298,video_call,40,2,4,0
1651,9331,1003,video_call,57,4,8,1
1652,7855,687,video_call,38,5,10,1
1653,1218,2269,video_call,37,4,8,1
1654,8430,2166,chat,14,4,8,1
1655,5093,2138,video_call,13,2,4,0
1656,2074,4294,video_call,37,1,2,0
1657,5214,2526,chat,29,5,10,1
1658,4989,1181,chat,41,1,2,0
1659,7384,1419,chat,44,3,6,0
1660,7371,1743,chat,30,2,4,0
1661,5643,3852,video_call,11,1,2,0
1662,5793,4366,video_call,23,5,10,1
1663,6341,826,video_call,52,3,6,0
1664,5736,1184,video_call,47,1,2,0
1665,9693,788,video_call,43,4,8,1
1666,3443,2475,video_call,11,3,6,0
1667,3453,2608,video_call,45,4,8,1
1668,5227,4476,video_call,35,5,10,1
1669,8028,4448,video_call,41,3,6,0
1670,8524,865,chat,10,5,10,1
1671,9067,2062,video_call,31,4,8,1
1672,1749,2369,video_call,29,1,2,0
1673,4952,2787,video_call,12,1,2,0
1674,7630,2084,video_call,21,4,8,1
1675,4104,4410,chat,17,1,2,0
1676,7056,3301,chat,44,4,8,1
1677,1755,3313,chat,29,2,4,0
1678,2197,2385,chat,19,3,6,0
1679,2280,4895,video_call,39,4,8,1
1680,8319,1811,video_call,44,1,2,0
1681,5594,205,chat,19,4,8,1
1682,681,1232,video_call,31,3,6,0
1683,9893,94,video_call,20,5,10,1
1684,7509,4633,chat,10,1,2,0
1685,8496,1671,video_call,44,1,2,0
1686,4251,2458,chat,20,5,10,1
1687,1889,2620,chat,22,4,8,1
1688,3263,2703,chat,31,1,2,0
1689,9991,2656,video_call,18,1,2,0
1690,1631,243,video_call,18,2,4,0
1691,5978,3942,video_call,33,4,8,1
1692,4847,3215,chat,26,1,2,0
1693,4282,3573,video_call,15,1,2,0
1694,2938,3642,video_call,50,5,10,1
1695,2596,459,video_call,10,3,6,0
1696,9578,771,video_call,45,1,2,0
1697,580,4372,chat,20,4,8,1
1698,8957,4971,chat,40,5,10,1
1699,2536,358,video_call,50,5,10,1
1700,3086,1435,video_call,48,2,4,0
1701,9879,1352,chat,6,5,10,1
1702,3872,4077,video_call,32,1,2,0
1703,1997,2758,video_call,11,5,10,1
1704,3417,4138,video_call,29,4,8,1
1705,8465,3138,video_call,23,2,4,0
1706,1775,3856,chat,45,1,2,0
1707,8003,3191,video_call,50,5,10,1
1708,4790,3486,video_call,43,4,8,1
1709,7497,67,video_call,25,1,2,0
1710,4524,3297,chat,6,4,8,1
1711,1673,4680,video_call,11,5,10,1
1712,6685,2423,video_call,32,5,10,1
1713,1619,4131,video_call,41,5,10,1
1714,1531,1875,chat,7,2,4,0
1715,437,2635,chat,20,4,8,1
1716,6713,3290,video_call,27,1,2,0
1717,4907,4254,video_call,30,3,6,0
1718,4686,311,video_call,28,4,8,1
1719,8628,4809,video_call,26,2,4,0
1720,6368,3978,chat,45,5,10,1
1721,1448,4274,chat,38,2,4,0
1722,1061,1235,video_call,42,4,8,1
1723,6078,2381,video_call,11,5,10,1
1724,3499,2611,video_call,31,5,10,1
1725,6082,3337,video_call,28,3,6,0
1726,3460,2039,chat,39,1,2,0
1727,1678,4990,video_call,24,4,8,1
1728,4369,2952,video_call,46,5,10,1
1729,7993,1565,chat,45,5,10,1
1730,2083,92,chat,17,3,6,0
1731,4651,4892,video_call,54,2,4,0
1732,5153,2248,chat,43,1,2,0
1733,6410,1439,chat,19,5,10,1
1734,5151,202,video_call,25,5,10,1
1735,4448,1798,chat,19,2,4,0
1736,7834,4769,chat,31,2,4,0
1737,687,4055,video_call,26,3,6,0
1738,7555,4509,video_call,59,5,10,1
1739,5296,4446,video_call,18,5,10,1
1740,5756,3317,chat,12,5,10,1
1741,6766,195,video_call,19,1,2,0
1742,6396,1471,chat,15,1,2,0
1743,3241,4256,chat,20,1,2,0
1744,935,4777,video_call,41,4,8,1
1745,9004,4889,video_call,52,1,2,0
1746,1944,4014,chat,10,3,6,0
1747,7852,3415,chat,6,4,8,1
1748,3796,2488,chat,41,4,8,1
1749,3542,4034,video_call,13,3,6,0
1750,7618,3781,video_call,43,5,10,1
1751,2773,342,video_call,15,2,4,0
1752,9809,4727,chat,28,5,10,1
1753,454,751,video_call,36,2,4,0
1754,9402,1821,video_call,54,1,2,0
1755,3500,275,chat,20,5,10,1
1756,2979,2256,video_call,11,5,10,1
1757,6140,2672,chat,35,5,10,1
1758,4179,815,video_call,41,3,6,0
1759,7213,4695,video_call,43,2,4,0
1760,6179,4983,chat,42,4,8,1
1761,6758,2125,video_call,14,5,10,1
1762,4149,3741,video_call,28,1,2,0
1763,7992,881,video_call,15,4,8,1
1764,1403,4257,chat,25,1,2,0
1765,2161,1577,chat,12,1,2,0
1766,6687,3121,video_call,13,5,10,1
1767,1103,2164,video_call,31,3,6,0
1768,3488,3958,video_call,46,5,10,1
1769,6553,1050,chat,23,5,10,1
1770,4365,4783,chat,26,2,4,0
1771,1174,2484,chat,14,4,8,1
1772,6473,2850,video_call,23,3,6,0
1773,139,1451,chat,25,2,4,0
1774,4364,3674,video_call,25,5,10,1
1775,7016,1364,video_call,51,2,4,0
1776,3674,4248,chat,23,1,2,0
1777,171,589,chat,15,5,10,1
1778,1001,2979,video_call,28,5,10,1
1779,4972,4293,video_call,41,3,6,0
1780,5345,3610,chat,15,5,10,1
1781,9128,3283,chat,39,4,8,1
1782,1153,4865,video_call,59,2,4,0
1783,2354,1667,video_call,37,5,10,1
1784,1850,748,chat,11,1,2,0
1785,769,1354,chat,17,3,6,0
1786,314,3117,chat,29,3,6,0
1787,5951,4815,chat,10,3,6,0
1788,8645,2414,video_call,40,4,8,1
1789,1812,1837,video_call,34,5,10,1
1790,8510,234,video_call,20,1,2,0
1791,1170,152,video_call,54,5,10,1
1792,1442,1066,video_call,14,1,2,0
1793,7744,4723,video_call,39,1,2,0
1794,3330,797,video_call,49,4,8,1
1795,6923,2862,chat,29,3,6,0
1796,2331,2959,chat,5,4,8,1
1797,5975,616,video_call,19,3,6,0
1798,3278,4611,video_call,56,2,4,0
1799,4293,1623,video_call,21,3,6,0
1800,8036,4469,chat,5,5,10,1
1801,4790,2272,video_call,51,4,8,1
1802,7580,4431,video_call,39,4,8,1
1803,5871,488,chat,19,4,8,1
1804,1252,889,chat,40,5,10,1
1805,8866,1021,video_call,22,2,4,0
1806,3626,3557,video_call,24,1,2,0
1807,4036,4209,chat,33,2,4,0
1808,5489,806,video_call,42,5,10,1
1809,6703,296,video_call,10,2,4,0
1810,6345,3863,video_call,39,2,4,0
1811,578,907,video_call,17,5,10,1
1812,7487,4865,chat,13,5,10,1
1813,629,1730,video_call,36,4,8,1
1814,9691,2343,video_call,15,2,4,0
1815,4025,4704,video_call,40,5,10,1
1816,1401,4451,video_call,53,4,8,1
1817,7453,1607,chat,27,2,4,0
1818,6414,1481,video_call,57,2,4,0
1819,9946,1200,video_call,56,1,2,0
1820,4568,1061,video_call,60,5,10,1
1821,3582,4723,chat,38,3,6,0
1822,9028,3434,video_call,24,1,2,0
1823,8260,3611,chat,25,3,6,0
1824,4198,635,video_call,28,5,10,1
1825,3434,662,video_call,46,2,4,0
1826,3698,3893,chat,28,4,8,1
1827,3599,4578,chat,8,4,8,1
1828,9996,2548,chat,42,5,10,1
1829,2300,1690,video_call,60,1,2,0
1830,7103,4476,chat,16,4,8,1
1831,3269,4036,video_call,20,4,8,1
1832,5149,2268,chat,22,3,6,0
1833,8674,610,chat,39,4,8,1
1834,9264,4197,chat,28,4,8,1
1835,7713,192,video_call,56,3,6,0
1836,4089,2339,chat,20,1,2,0
1837,9753,2185,video_call,44,5,10,1
1838,3257,4427,chat,32,3,6,0
1839,6681,2459,chat,29,1,2,0
1840,5267,3186,chat,24,4,8,1
1841,4824,1989,video_call,16,5,10,1
1842,4407,2866,video_call,58,1,2,0
1843,2229,4710,video_call,57,5,10,1
1844,1529,1927,chat,19,5,10,1
1845,9967,1981,video_call,34,4,8,1
1846,1827,75,chat,44,5,10,1
1847,1271,4416,chat,14,4,8,1
1848,1393,282,video_call,18,3,6,0
1849,7699,4262,video_call,42,5,10,1
1850,5183,3468,chat,10,2,4,0
1851,3522,2381,chat,7,5,10,1
1852,7900,3549,chat,37,1,2,0
1853,5459,4089,chat,5,5,10,1
1854,8072,2574,chat,12,3,6,0
1855,2549,3569,video_call,59,3,6,0
1856,9446,4396,chat,39,2,4,0
1857,3001,4861,video_call,41,5,10,1
1858,6027,453,video_call,49,5,10,1
1859,6409,1036,video_call,31,4,8,1
1860,2086,3191,video_call,41,4,8,1
1861,1572,660,chat,39,4,8,1
1862,959,1172,video_call,32,4,8,1
1863,9488,4119,chat,11,3,6,0
1864,6750,849,chat,24,5,10,1
1865,5640,4521,video_call,43,2,4,0
1866,3501,3522,video_call,53,4,8,1
1867,9239,1468,chat,41,4,8,1
1868,2439,24,video_call,14,1,2,0
1869,8557,4100,chat,7,5,10,1
1870,8389,4335,chat,12,5,10,1
1871,9883,3767,video_call,30,4,8,1
1872,817,2155,video_call,22,2,4,0
1873,7280,3773,chat,19,5,10,1
1874,5906,1198,chat,29,3,6,0
1875,1084,658,chat,11,5,10,1
1876,1531,4208,chat,42,2,4,0
1877,1050,789,chat,19,3,6,0
1878,7136,4461,video_call,36,2,4,0
1879,4181,1805,chat,20,3,6,0
1880,7784,2691,video_call,52,5,10,1
1881,9996,2972,video_call,38,2,4,0
1882,9004,3776,video_call,20,2,4,0
1883,8701,1485,chat,21,1,2,0
1884,9417,3290,chat,13,3,6,0
1885,4124,4431,video_call,49,5,10,1
1886,4930,1300,video_call,32,1,2,0
1887,5089,1104,chat,30,5,10,1
1888,6007,2214,chat,45,5,10,1
1889,4383,2580,video_call,28,5,10,1
1890,9506,3103,video_call,54,4,8,1
1891,3074,3199,chat,26,2,4,0
1892,6253,3398,video_call,41,4,8,1
1893,7491,993,chat,35,4,8,1
1894,221,2705,video_call,53,5,10,1
1895,2168,3268,chat,25,4,8,1
1896,2401,2267,video_call,23,5,10,1
1897,5639,354,chat,27,5,10,1
1898,3257,2114,chat,16,4,8,1
1899,6442,163,chat,29,3,6,0
1900,8602,3271,chat,19,5,10,1
1901,6714,4283,chat,27,5,10,1
1902,2113,4060,chat,45,1,2,0
1903,8058,1784,video_call,18,2,4,0
1904,5034,2186,video_call,48,5,10,1
1905,9917,4370,chat,12,4,8,1
1906,9457,2879,chat,43,3,6,0
1907,4956,2150,video_call,14,5,10,1
1908,6689,4741,video_call,21,2,4,0
1909,1697,820,video_call,22,4,8,1
1910,3420,2202,chat,5,1,2,0
1911,4780,1981,video_call,20,1,2,0
1912,7670,3309,chat,38,4,8,1
1913,6084,4412,video_call,11,4,8,1
1914,955,4087,video_call,25,3,6,0
1915,3350,3226,video_call,42,5,10,1
1916,5884,2994,video_call,47,3,6,0
1917,4652,4973,video_call,26,2,4,0
1918,7054,4937,chat,20,5,10,1
1919,4719,465,chat,32,5,10,1
1920,8801,4746,video_call,13,5,10,1
1921,9644,2912,chat,15,5,10,1
1922,1380,1054,video_call,35,5,10,1
1923,7924,4514,chat,13,4,8,1
1924,8283,4454,video_call,42,1,2,0
1925,9085,4684,chat,28,5,10,1
1926,2200,2959,chat,33,4,8,1
1927,352,1757,video_call,59,2,4,0
1928,7264,360,chat,30,4,8,1
1929,9441,1229,chat,45,4,8,1
1930,9131,4423,video_call,12,4,8,1
1931,376,2561,video_call,16,4,8,1
1932,6743,4477,chat,26,2,4,0
1933,2301,2948,chat,44,5,10,1
1934,3247,4610,chat,8,2,4,0
1935,461,2457,chat,27,4,8,1
1936,3575,3387,video_call,31,3,6,0
1937,5420,4076,chat,13,4,8,1
1938,966,3135,video_call,46,5,10,1
1939,8715,4339,chat,14,5,10,1
1940,2666,3768,video_call,59,5,10,1
1941,5329,4729,chat,14,2,4,0
1942,5299,2674,chat,38,5,10,1
1943,2326,3215,video_call,14,2,4,0
1944,6290,4882,chat,16,5,10,1
1945,701,2344,chat,39,4,8,1
1946,3654,2828,video_call,26,2,4,0
1947,539,3955,video_call,48,4,8,1
1948,1844,2607,chat,11,5,10,1
1949,9504,2260,chat,29,4,8,1
1950,7904,2449,chat,14,5,10,1
1951,1237,2741,chat,37,2,4,0
1952,3592,1133,video_call,44,3,6,0
1953,2913,969,chat,18,1,2,0
1954,1512,1243,video_call,60,1,2,0
1955,930,1181,chat,20,5,10,1
1956,6273,133,video_call,56,5,10,1
1957,9161,4519,chat,19,5,10,1
1958,7173,4993,chat,38,5,10,1
1959,4257,4760,chat,11,5,10,1
1960,3930,3024,chat,24,2,4,0
1961,8873,1288,video_call,26,5,10,1
1962,597,1882,video_call,23,5,10,1
1963,4140,1170,video_call,16,2,4,0
1964,2145,110,video_call,23,1,2,0
1965,2444,165,video_call,21,5,10,1
1966,78,1800,video_call,43,4,8,1
1967,8014,3799,video_call,28,5,10,1
1968,4467,2289,video_call,15,5,10,1
1969,3575,659,video_call,30,5,10,1
1970,4719,2415,chat,7,5,10,1
1971,4937,954,video_call,58,4,8,1
1972,2958,434,chat,30,3,6,0
1973,9216,953,video_call,44,5,10,1
1974,2372,1329,video_call,22,4,8,1
1975,4989,2164,video_call,19,5,10,1
1976,363,4971,chat,25,5,10,1
1977,5171,2439,chat,24,5,10,1
1978,3231,3540,chat,13,4,8,1
1979,6801,4117,video_call,39,3,6,0
1980,6588,4200,video_call,53,5,10,1
1981,4658,3507,video_call,17,4,8,1
1982,2654,1054,video_call,15,4,8,1
1983,9421,377,video_call,26,2,4,0
1984,344,1831,chat,8,5,10,1
1985,1037,968,video_call,44,5,10,1
1986,1606,930,chat,29,1,2,0
1987,5168,3972,video_call,38,1,2,0
1988,8136,12,video_call,53,3,6,0
1989,7630,3522,video_call,25,4,8,1
1990,8323,30,chat,5,2,4,0
1991,7695,4265,video_call,41,5,10,1
1992,3994,3873,chat,13,4,8,1
1993,256,1272,video_call,45,4,8,1
1994,9253,2542,video_call,16,5,10,1
1995,3043,293,video_call,56,2,4,0
1996,8681,3632,video_call,28,4,8,1
1997,9373,3451,video_call,45,2,4,0
1998,6196,202,video_call,15,5,10,1
1999,2559,1058,video_call,25,2,4,0
2000,7246,4942,chat,42,5,10,1
2001,2057,4416,chat,45,5,10,1
2002,9944,4938,video_call,29,5,10,1
2003,1501,1769,video_call,23,5,10,1
2004,5739,3400,video_call,29,5,10,1
2005,5799,4006,video_call,21,4,8,1
2006,3826,4930,video_call,29,1,2,0
2007,8008,3673,video_call,58,3,6,0
2008,5823,1037,video_call,55,5,10,1
2009,9453,4238,video_call,45,2,4,0
2010,1828,385,video_call,42,5,10,1
2011,7464,2075,video_call,53,3,6,0
2012,2527,2184,chat,6,3,6,0
2013,838,1875,chat,12,2,4,0
2014,3506,4319,chat,8,4,8,1
2015,2771,3472,video_call,59,4,8,1
2016,9754,591,video_call,15,1,2,0
2017,810,4011,video_call,15,3,6,0
2018,1760,2503,video_call,12,4,8,1
2019,6180,3256,chat,11,1,2,0
2020,3713,4273,video_call,58,4,8,1
2021,4046,3880,video_call,22,3,6,0
2022,9969,257,video_call,40,2,4,0
2023,2544,914,chat,15,5,10,1
2024,891,4332,video_call,24,4,8,1
2025,5539,2741,video_call,34,1,2,0
2026,1803,1110,video_call,44,1,2,0
2027,721,1337,chat,38,1,2,0
2028,3162,900,chat,15,4,8,1
2029,9649,2913,chat,27,4,8,1
2030,5665,2528,video_call,12,3,6,0
2031,8949,24,chat,20,1,2,0
2032,7059,2139,chat,7,3,6,0
2033,9908,62,video_call,51,4,8,1
2034,4971,4152,video_call,42,1,2,0
2035,9273,1835,video_call,21,5,10,1
2036,7790,928,video_call,60,1,2,0
2037,7681,2801,video_call,56,5,10,1
2038,6304,2933,chat,38,1,2,0
2039,5859,1657,chat,39,5,10,1
2040,8216,533,video_call,30,3,6,0
2041,6669,4117,video_call,53,4,8,1
2042,9376,4895,video_call,44,4,8,1
2043,6397,838,video_call,38,3,6,0
2044,3676,2178,chat,28,5,10,1
2045,7340,1114,chat,21,1,2,0
2046,1864,4086,chat,30,3,6,0
2047,4288,1873,chat,18,3,6,0
2048,5853,1490,chat,37,4,8,1
2049,376,1889,video_call,31,2,4,0
2050,3419,2604,chat,17,1,2,0
2051,3024,4048,chat,23,3,6,0
2052,3243,1448,video_call,58,5,10,1
2053,5986,4546,video_call,34,5,10,1
2054,2504,1500,video_call,31,4,8,1
2055,7793,3432,video_call,30,5,10,1
2056,4192,4543,chat,27,5,10,1
2057,1597,3445,video_call,18,3,6,0
2058,2870,3892,video_call,32,3,6,0
2059,7550,3305,chat,6,3,6,0
2060,1277,1691,chat,42,3,6,0
2061,643,772,video_call,42,5,10,1
2062,8249,812,video_call,31,2,4,0
2063,9058,2906,chat,39,5,10,1
2064,1759,4914,video_call,21,2,4,0
2065,5620,4749,video_call,19,5,10,1
2066,2511,2289,video_call,30,4,8,1
2067,1891,1532,video_call,36,4,8,1
2068,7285,1926,chat,16,5,10,1
2069,8518,2996,video_call,51,1,2,0
2070,3489,3298,video_call,31,1,2,0
2071,1274,1109,video_call,25,5,10,1
2072,6300,2224,video_call,39,5,10,1
2073,3550,3216,video_call,56,4,8,1
2074,9097,169,chat,36,1,2,0
2075,9384,4015,video_call,20,2,4,0
2076,1408,4965,video_call,49,4,8,1
2077,5338,4735,video_call,24,4,8,1
2078,2985,2366,video_call,13,3,6,0
2079,4256,2115,video_call,50,5,10,1
2080,9821,3148,video_call,59,5,10,1
2081,9933,30,video_call,38,2,4,0
2082,7275,4442,chat,41,4,8,1
2083,4950,1763,video_call,35,3,6,0
2084,8656,4543,video_call,40,1,2,0
2085,9430,3350,chat,25,5,10,1
2086,6241,2113,chat,41,5,10,1
2087,5092,1486,chat,44,5,10,1
2088,3402,4805,chat,19,5,10,1
2089,5344,3384,video_call,11,1,2,0
2090,6697,4682,chat,21,5,10,1
2091,7230,4308,chat,34,4,8,1
2092,8062,1844,video_call,30,4,8,1
2093,7998,364,video_call,46,4,8,1
2094,8699,2960,chat,38,4,8,1
2095,5816,2901,video_call,13,5,10,1
2096,5962,2114,chat,35,4,8,1
2097,1256,1345,video_call,30,5,10,1
2098,2584,445,video_call,21,5,10,1
2099,4109,331,video_call,24,5,10,1
2100,5702,4236,video_call,41,5,10,1
2101,7489,2635,video_call,41,5,10,1
2102,9929,1983,video_call,41,5,10,1
2103,7919,2298,video_call,53,4,8,1
2104,3176,3453,video_call,23,1,2,0
2105,8398,1370,chat,16,4,8,1
2106,2763,2471,video_call,25,4,8,1
2107,8168,2600,video_call,43,3,6,0
2108,3458,1276,chat,24,4,8,1
2109,7778,4511,video_call,26,2,4,0
2110,157,3525,chat,12,3,6,0
2111,6663,4698,chat,22,3,6,0
2112,3088,2825,video_call,59,4,8,1
2113,9226,2953,chat,30,4,8,1
2114,1115,2167,chat,35,2,4,0
2115,8136,4954,video_call,44,5,10,1
2116,6317,2502,video_call,37,5,10,1
2117,8806,3799,video_call,10,5,10,1
2118,2465,1497,chat,45,5,10,1
2119,7702,58,video_call,32,4,8,1
2120,5944,4940,video_call,10,4,8,1
2121,3746,1458,chat,30,5,10,1
2122,4648,895,chat,37,1,2,0
2123,5785,2326,video_call,32,4,8,1
2124,2035,2566,video_call,58,1,2,0
2125,1902,4618,video_call,53,5,10,1
2126,2003,810,chat,6,5,10,1
2127,8132,1571,video_call,10,4,8,1
2128,3681,3884,chat,14,4,8,1
2129,9927,2910,chat,7,1,2,0
2130,696,3423,video_call,11,1,2,0
2131,196,2867,video_call,32,5,10,1
2132,3282,959,video_call,27,2,4,0
2133,6459,3100,chat,34,4,8,1
2134,7051,1933,chat,30,4,8,1
2135,6694,4924,video_call,36,2,4,0
2136,5410,4778,video_call,39,3,6,0
2137,1564,135,chat,11,5,10,1
2138,8115,883,chat,45,1,2,0
2139,4989,763,chat,38,5,10,1
2140,2380,2480,video_call,46,1,2,0
2141,4640,1641,video_call,39,5,10,1
2142,4826,1373,video_call,40,5,10,1
2143,4987,2799,chat,9,5,10,1
2144,5308,4647,chat,7,4,8,1
2145,9842,3272,video_call,33,3,6,0
2146,6176,1274,video_call,37,1,2,0
2147,8170,4991,chat,29,2,4,0
2148,791,4595,chat,32,4,8,1
2149,4400,3055,chat,7,5,10,1
2150,3963,4289,chat,16,3,6,0
2151,4611,184,video_call,49,4,8,1
2152,2009,607,video_call,36,3,6,0
2153,294,3814,video_call,11,2,4,0
2154,7219,4560,chat,41,5,10,1
2155,3160,2380,chat,41,5,10,1
2156,4283,3672,chat,29,4,8,1
2157,1573,1013,chat,16,3,6,0
2158,9918,2377,chat,24,4,8,1
2159,7245,2776,video_call,38,3,6,0
2160,91,3246,video_call,36,2,4,0
2161,6035,304,video_call,39,4,8,1
2162,8609,2927,video_call,38,5,10,1
2163,695,3731,chat,36,5,10,1
2164,5553,2881,chat,45,5,10,1
2165,9596,2437,video_call,11,4,8,1
2166,1511,4522,video_call,57,1,2,0
2167,5935,3080,chat,19,3,6,0
2168,3646,1956,video_call,30,5,10,1
2169,6787,3816,chat,12,5,10,1
2170,9141,4480,video_call,53,5,10,1
2171,9751,366,chat,35,3,6,0
2172,2733,1829,video_call,51,4,8,1
2173,2150,2283,video_call,50,4,8,1
2174,687,3732,video_call,37,5,10,1
2175,9368,2013,chat,31,2,4,0
2176,1522,46,video_call,33,5,10,1
2177,3564,3648,video_call,56,4,8,1
2178,3880,266,video_call,33,3,6,0
2179,7310,977,chat,32,5,10,1
2180,8850,4815,chat,8,1,2,0
2181,7310,601,video_call,52,3,6,0
2182,8719,4380,video_call,32,4,8,1
2183,2983,1065,video_call,34,4,8,1
2184,7777,3258,chat,36,2,4,0
2185,3267,257,video_call,21,1,2,0
2186,6771,542,video_call,33,5,10,1
2187,3312,4038,video_call,16,4,8,1
2188,778,651,chat,27,2,4,0
2189,5900,2697,chat,23,5,10,1
2190,5058,3599,video_call,34,5,10,1
2191,6455,258,video_call,20,4,8,1
2192,3244,4112,video_call,54,5,10,1
2193,5944,3513,chat,28,5,10,1
2194,8941,4929,chat,29,1,2,0
2195,557,405,video_call,54,5,10,1
2196,2873,2851,video_call,47,3,6,0
2197,5222,2571,video_call,21,2,4,0
2198,7001,1616,video_call,52,1,2,0
2199,433,1390,video_call,41,4,8,1
2200,7898,3786,video_call,60,5,10,1
2201,5509,4433,chat,28,2,4,0
2202,7174,3119,chat,18,5,10,1
2203,3014,99,video_call,36,1,2,0
2204,19,2577,video_call,19,5,10,1
2205,7836,4235,video_call,33,5,10,1
2206,4418,2685,chat,24,3,6,0
2207,3460,3260,chat,37,4,8,1
2208,3147,91,video_call,58,3,6,0
2209,715,1240,chat,7,5,10,1
2210,5319,1223,chat,40,2,4,0
2211,5175,4711,chat,41,2,4,0
2212,9608,242,chat,25,4,8,1
2213,6072,624,chat,15,3,6,0
2214,6219,4837,chat,21,5,10,1
2215,8636,1065,chat,41,5,10,1
2216,7309,963,video_call,31,5,10,1
2217,2925,4539,chat,17,1,2,0
2218,7634,3082,chat,13,5,10,1
2219,4336,1587,chat,35,1,2,0
2220,3836,288,video_call,18,5,10,1
2221,3126,413,video_call,44,2,4,0
2222,1406,1011,chat,30,4,8,1
2223,9781,4237,video_call,44,4,8,1
2224,7172,4712,video_call,19,5,10,1
2225,8596,3160,chat,10,3,6,0
2226,8620,4620,video_call,45,3,6,0
2227,6768,440,chat,30,1,2,0
2228,9703,4652,chat,25,3,6,0
2229,9146,722,chat,25,4,8,1
2230,8608,3768,video_call,47,5,10,1
2231,7716,2920,video_call,26,2,4,0
2232,3180,2208,chat,28,3,6,0
2233,8580,4235,video_call,54,4,8,1
2234,9998,784,chat,8,3,6,0
2235,5086,1191,chat,20,5,10,1
2236,2691,696,chat,29,2,4,0
2237,7690,892,video_call,28,1,2,0
2238,2402,2930,video_call,37,4,8,1
2239,92,2103,video_call,58,2,4,0
2240,5863,2920,video_call,22,2,4,0
2241,4748,2341,video_call,29,4,8,1
2242,5277,2467,chat,41,1,2,0
2243,6305,2047,video_call,40,5,10,1
2244,8657,400,chat,29,5,10,1
2245,3442,2506,chat,21,2,4,0
2246,9420,2024,video_call,16,4,8,1
2247,9641,3488,chat,39,5,10,1
2248,2221,751,chat,25,5,10,1
2249,5498,2465,chat,25,3,6,0
2250,8374,4968,chat,43,5,10,1
2251,7837,4340,chat,26,1,2,0
2252,270,2692,video_call,38,4,8,1
2253,3381,4445,video_call,39,4,8,1
2254,5883,3799,video_call,34,5,10,1
2255,4607,2535,video_call,48,4,8,1
2256,5578,1063,chat,30,5,10,1
2257,4425,4868,video_call,15,4,8,1
2258,2984,2877,chat,27,4,8,1
2259,7748,2005,video_call,15,3,6,0
2260,3337,1712,video_call,51,5,10,1
2261,8803,1950,video_call,11,4,8,1
2262,7086,1502,chat,19,5,10,1
2263,479,1353,chat,37,3,6,0
2264,1756,3631,video_call,26,5,10,1
2265,1724,1940,video_call,32,5,10,1
2266,5007,1313,video_call,39,5,10,1
2267,4689,2668,chat,8,1,2,0
2268,691,4451,video_call,57,5,10,1
2269,409,2140,video_call,18,2,4,0
2270,4308,3665,video_call,32,1,2,0
2271,6414,4310,video_call,43,3,6,0
2272,8873,4925,video_call,26,4,8,1
2273,8901,3940,chat,6,5,10,1
2274,870,2973,video_call,53,5,10,1
2275,3941,1126,video_call,32,2,4,0
2276,9741,975,video_call,44,3,6,0
2277,3549,2357,video_call,41,5,10,1
2278,5292,4003,video_call,47,1,2,0
2279,4047,4320,chat,22,2,4,0
2280,1351,3195,chat,27,3,6,0
2281,7719,3093,chat,6,2,4,0
2282,7615,4792,chat,16,5,10,1
2283,8616,2110,chat,8,4,8,1
2284,9682,2070,video_call,26,4,8,1
2285,8838,3283,video_call,57,5,10,1
2286,8072,3171,chat,18,2,4,0
2287,1351,3955,chat,5,3,6,0
2288,5073,852,video_call,51,5,10,1
2289,4785,1940,chat,43,5,10,1
2290,4287,3023,video_call,17,1,2,0
2291,7961,1087,video_call,52,4,8,1
2292,4824,3375,video_call,47,5,10,1
2293,8321,1032,chat,28,3,6,0
2294,1068,733,video_call,36,4,8,1
2295,8156,745,chat,11,4,8,1
2296,3101,4913,chat,40,5,10,1
2297,6616,4638,chat,22,4,8,1
2298,607,347,video_call,28,4,8,1
2299,1083,1775,video_call,12,2,4,0
2300,3225,4449,video_call,28,2,4,0
2301,7554,3802,chat,41,4,8,1
2302,7254,1993,video_call,16,4,8,1
2303,1165,2763,video_call,22,2,4,0
2304,2184,1589,video_call,17,2,4,0
2305,7767,3865,chat,6,2,4,0
2306,6818,2992,video_call,51,1,2,0
2307,8505,3213,video_call,53,4,8,1
2308,4881,4453,video_call,27,5,10,1
2309,40,1659,video_call,20,3,6,0
2310,1608,4413,chat,40,4,8,1
2311,6415,1880,video_call,13,5,10,1
2312,8179,2559,video_call,49,1,2,0
2313,4030,752,video_call,11,1,2,0
2314,800,881,video_call,59,4,8,1
2315,9511,2038,video_call,40,4,8,1
2316,2514,1644,video_call,13,1,2,0
2317,8945,2045,video_call,57,4,8,1
2318,4606,3906,video_call,13,4,8,1
2319,9333,3809,video_call,59,1,2,0
2320,6427,4161,chat,17,2,4,0
2321,4078,2217,chat,37,1,2,0
2322,5707,2263,chat,31,3,6,0
2323,4892,811,chat,13,1,2,0
2324,7319,4395,video_call,10,1,2,0
2325,6236,956,chat,31,2,4,0
2326,3398,4687,chat,15,5,10,1
2327,6110,86,video_call,21,4,8,1
2328,8543,193,video_call,26,2,4,0
2329,5808,3064,chat,31,5,10,1
2330,8287,2234,chat,37,5,10,1
2331,6259,4352,video_call,14,2,4,0
2332,6802,4044,chat,23,3,6,0
2333,155,232,chat,38,3,6,0
2334,4201,3142,video_call,41,4,8,1
2335,2807,1118,video_call,42,3,6,0
2336,9351,3698,chat,30,1,2,0
2337,8862,2615,video_call,13,3,6,0
2338,7124,4624,chat,22,1,2,0
2339,9451,4991,video_call,33,5,10,1
2340,7084,3943,chat,36,5,10,1
2341,5681,1631,video_call,35,5,10,1
2342,5993,1917,video_call,37,4,8,1
2343,4900,168,video_call,32,1,2,0
2344,8896,492,video_call,27,4,8,1
2345,1780,2120,chat,8,2,4,0
2346,6766,2993,chat,37,2,4,0
2347,6169,1066,video_call,39,1,2,0
2348,8353,4208,chat,14,4,8,1
2349,7501,239,video_call,46,4,8,1
2350,8108,1462,video_call,50,2,4,0
2351,4253,1883,video_call,21,4,8,1
2352,8055,1766,video_call,60,5,10,1
2353,2525,2606,video_call,54,5,10,1
2354,7137,1298,chat,12,1,2,0
2355,1746,164,chat,34,5,10,1
2356,9155,4877,chat,29,5,10,1
2357,8526,4103,video_call,10,4,8,1
2358,7094,4066,chat,21,4,8,1
2359,322,2456,chat,28,1,2,0
2360,1351,2708,video_call,14,5,10,1
2361,3967,2544,video_call,18,3,6,0
2362,8438,3576,chat,27,2,4,0
2363,6735,1508,chat,45,5,10,1
2364,364,1024,chat,15,4,8,1
2365,3329,3420,chat,22,3,6,0
2366,7171,1097,chat,32,5,10,1
2367,2929,1455,chat,44,1,2,0
2368,1053,992,video_call,23,5,10,1
2369,8514,1143,chat,38,1,2,0
2370,303,2052,video_call,41,1,2,0
2371,3829,2327,chat,30,3,6,0
2372,1391,789,chat,20,1,2,0
2373,4120,4244,video_call,47,5,10,1
2374,2434,305,video_call,24,5,10,1
2375,3739,2470,video_call,29,4,8,1
2376,4774,389,chat,25,1,2,0
2377,1761,1429,chat,40,4,8,1
2378,9349,2768,video_call,54,5,10,1
2379,4307,742,chat,43,4,8,1
2380,3383,2627,video_call,28,5,10,1
2381,2679,2950,video_call,33,4,8,1
2382,9716,1385,video_call,60,1,2,0
2383,876,4985,video_call,12,3,6,0
2384,9519,2681,chat,37,4,8,1
2385,1616,3457,video_call,26,2,4,0
2386,7662,2320,chat,33,3,6,0
2387,2468,119,chat,17,3,6,0
2388,1343,4364,chat,37,4,8,1
2389,3470,2641,video_call,14,5,10,1
2390,6816,4257,video_call,36,5,10,1
2391,4094,165,chat,35,5,10,1
2392,1023,2728,video_call,19,4,8,1
2393,607,1087,chat,13,1,2,0
2394,3870,2326,video_call,19,4,8,1
2395,5926,4859,chat,11,4,8,1
2396,8626,3770,chat,23,4,8,1
2397,2606,711,chat,20,5,10,1
2398,5417,556,chat,39,5,10,1
2399,3950,1821,video_call,42,2,4,0
2400,6151,3727,video_call,41,5,10,1
2401,4965,389,video_call,51,5,10,1
2402,87,3496,video_call,30,2,4,0
2403,7659,3235,video_call,17,1,2,0
2404,3626,3950,video_call,36,3,6,0
2405,284,82,video_call,51,4,8,1
2406,6431,1527,chat,28,3,6,0
2407,4869,369,chat,28,5,10,1
2408,5471,2464,chat,36,4,8,1
2409,575,1855,chat,25,1,2,0
2410,6929,1315,video_call,46,5,10,1
2411,3551,1270,video_call,18,4,8,1
2412,5133,1430,chat,8,5,10,1
2413,6082,2564,video_call,24,5,10,1
2414,8152,1621,video_call,56,5,10,1
2415,3499,2736,video_call,11,3,6,0
2416,275,1491,chat,36,5,10,1
2417,5717,3701,video_call,10,2,4,0
2418,7332,2064,video_call,38,4,8,1
2419,7314,4899,video_call,41,1,2,0
2420,3322,557,chat,6,2,4,0
2421,6063,2951,chat,44,5,10,1
2422,410,2383,chat,35,4,8,1
2423,3430,4773,chat,38,4,8,1
2424,2682,1530,chat,19,4,8,1
2425,2258,4152,video_call,32,2,4,0
2426,9468,3929,chat,33,1,2,0
2427,8088,4513,chat,27,2,4,0
2428,2986,670,video_call,28,4,8,1
2429,6871,2134,video_call,14,1,2,0
2430,632,4831,video_call,12,1,2,0
2431,8750,4542,video_call,37,5,10,1
2432,3609,4577,video_call,49,4,8,1
2433,6642,4110,video_call,11,3,6,0
2434,9846,4628,video_call,56,5,10,1
2435,4031,2798,video_call,29,5,10,1
2436,9761,1006,chat,10,1,2,0
2437,4679,3155,video_call,39,5,10,1
2438,64,1697,chat,15,4,8,1
2439,3484,1849,chat,27,5,10,1
2440,8507,2609,video_call,11,5,10,1
2441,5015,3613,chat,12,1,2,0
2442,7078,4809,chat,36,5,10,1
2443,3916,309,video_call,44,5,10,1
2444,4041,373,video_call,35,5,10,1
2445,3845,4493,video_call,24,3,6,0
2446,5833,4176,chat,35,1,2,0
2447,2546,4855,chat,38,3,6,0
2448,578,3255,video_call,51,2,4,0
2449,2194,2984,video_call,23,5,10,1
2450,3192,4703,video_call,12,5,10,1
2451,1891,4564,chat,28,2,4,0
2452,7059,934,chat,40,1,2,0
2453,5828,3228,chat,15,1,2,0
2454,4778,1886,video_call,57,4,8,1
2455,9033,2934,chat,33,4,8,1
2456,730,2420,chat,21,2,4,0
2457,9575,2559,video_call,38,5,10,1
2458,5213,3249,video_call,28,5,10,1
2459,5752,1028,chat,28,3,6,0
2460,5240,1701,video_call,11,3,6,0
2461,7239,2025,video_call,31,5,10,1
2462,4771,2035,video_call,56,4,8,1
2463,9554,1316,video_call,56,4,8,1
2464,9137,1698,video_call,58,2,4,0
2465,1736,4376,chat,11,4,8,1
2466,384,4183,video_call,29,2,4,0
2467,1556,2199,chat,30,2,4,0
2468,139,2869,video_call,44,1,2,0
2469,8064,259,video_call,47,2,4,0
2470,40,3503,video_call,21,4,8,1
2471,1415,1662,video_call,39,1,2,0
2472,5034,1746,video_call,55,5,10,1
2473,6626,3587,chat,23,3,6,0
2474,5294,2888,chat,44,2,4,0
2475,2179,2347,video_call,25,3,6,0
2476,3399,329,chat,19,5,10,1
2477,5975,4391,chat,10,1,2,0
2478,581,4991,chat,34,2,4,0
2479,3821,3174,chat,16,5,10,1
2480,9425,4018,video_call,13,5,10,1
2481,3321,690,video_call,41,3,6,0
2482,6919,1593,chat,27,2,4,0
2483,8904,594,chat,9,4,8,1
2484,3834,3865,video_call,18,4,8,1
2485,9286,2472,video_call,60,4,8,1
2486,226,3693,video_call,49,4,8,1
2487,5921,4066,chat,29,3,6,0
2488,3728,4712,chat,13,4,8,1
2489,4477,2066,video_call,16,4,8,1
2490,5028,1972,chat,7,1,2,0
2491,8509,4120,chat,45,5,10,1
2492,2269,3283,chat,12,5,10,1
2493,2207,3190,chat,30,5,10,1
2494,6101,4233,chat,23,3,6,0
2495,908,1255,chat,6,5,10,1
2496,5709,3296,video_call,48,2,4,0
2497,9664,1344,video_call,37,5,10,1
2498,237,375,video_call,36,1,2,0
2499,3321,3351,chat,28,2,4,0
2500,5435,1552,chat,11,4,8,1
2501,4300,409,chat,30,5,10,1
2502,4053,1776,chat,34,3,6,0
2503,8085,1265,video_call,60,4,8,1
2504,1488,4035,chat,39,5,10,1
2505,8775,1190,video_call,36,5,10,1
2506,8188,3251,video_call,59,5,10,1
2507,1099,3509,chat,20,2,4,0
2508,3449,21,chat,33,1,2,0
2509,1352,2572,video_call,25,2,4,0
2510,3146,1437,video_call,55,2,4,0
2511,6020,1092,video_call,34,5,10,1
2512,1650,3842,video_call,58,2,4,0
2513,3873,2969,chat,44,2,4,0
2514,823,4621,chat,31,5,10,1
2515,9395,3732,video_call,34,5,10,1
2516,7197,3104,video_call,20,3,6,0
2517,1134,3247,chat,30,4,8,1
2518,6768,2381,chat,34,4,8,1
2519,4894,1089,chat,15,3,6,0
2520,4093,565,video_call,12,2,4,0
2521,1571,3440,video_call,25,2,4,0
2522,8873,3919,video_call,27,3,6,0
2523,4864,200,video_call,47,2,4,0
2524,8883,3651,video_call,34,5,10,1
2525,300,3041,video_call,13,3,6,0
2526,6192,4595,chat,32,1,2,0
2527,5424,2944,chat,15,3,6,0
2528,9881,123,video_call,51,4,8,1
2529,8027,1715,chat,25,4,8,1
2530,2208,3840,video_call,39,1,2,0
2531,1379,2898,chat,22,5,10,1
2532,6513,4707,video_call,33,4,8,1
2533,5877,1590,chat,32,5,10,1
2534,5249,1730,chat,10,5,10,1
2535,154,4813,chat,21,3,6,0
2536,1029,50,video_call,43,5,10,1
2537,4829,1505,video_call,59,5,10,1
2538,5745,2439,chat,18,4,8,1
2539,2489,2893,chat,37,4,8,1
2540,3766,4428,chat,41,1,2,0
2541,3143,2549,chat,17,5,10,1
2542,5582,2190,chat,35,5,10,1
2543,9153,2520,chat,17,5,10,1
2544,1157,224,chat,14,4,8,1
2545,9187,2436,chat,17,4,8,1
2546,497,1449,video_call,30,3,6,0
2547,6034,4715,video_call,36,4,8,1
2548,1322,3442,video_call,50,1,2,0
2549,3454,2528,video_call,39,4,8,1
2550,2337,3350,chat,40,4,8,1
2551,6578,4041,video_call,29,4,8,1
2552,941,4484,chat,40,2,4,0
2553,2436,101,chat,31,1,2,0
2554,1432,2174,video_call,53,3,6,0
2555,5975,2812,chat,13,2,4,0
2556,2727,4064,chat,6,3,6,0
2557,4505,1248,video_call,19,4,8,1
2558,1334,153,video_call,40,4,8,1
2559,5987,2218,chat,5,1,2,0
2560,9850,3292,video_call,29,1,2,0
2561,2730,4771,chat,43,5,10,1
2562,4498,2321,video_call,36,3,6,0
2563,7743,3447,video_call,29,5,10,1
2564,4531,3257,video_call,16,4,8,1
2565,4218,481,chat,42,3,6,0
2566,1687,4215,video_call,20,5,10,1
2567,4205,2266,video_call,38,3,6,0
2568,4588,1975,chat,7,5,10,1
2569,4951,4185,video_call,48,5,10,1
2570,1206,1653,chat,38,5,10,1
2571,7785,1063,chat,20,5,10,1
2572,7519,133,video_call,55,3,6,0
2573,6915,2232,chat,38,5,10,1
2574,3758,2869,chat,30,4,8,1
2575,6288,303,chat,31,2,4,0
2576,4700,2964,video_call,58,1,2,0
2577,7228,4749,video_call,25,4,8,1
2578,1715,1843,chat,35,5,10,1
2579,3721,4104,chat,36,1,2,0
2580,3923,1935,video_call,52,2,4,0
2581,8192,1880,chat,14,5,10,1
2582,8822,163,video_call,27,5,10,1
2583,3266,4483,chat,21,2,4,0
2584,6807,1242,video_call,38,2,4,0
2585,3824,4428,video_call,13,4,8,1
2586,8853,3159,chat,15,4,8,1
2587,7727,4247,video_call,30,5,10,1
2588,7133,4986,chat,34,2,4,0
2589,1451,4179,video_call,11,1,2,0
2590,9631,2211,chat,32,5,10,1
2591,9646,893,video_call,27,5,10,1
2592,3791,3927,video_call,59,5,10,1
2593,297,2198,chat,16,2,4,0
2594,5135,3289,video_call,41,1,2,0
2595,4630,4852,video_call,18,3,6,0
2596,825,1122,video_call,38,5,10,1
2597,7978,54,video_call,15,3,6,0
2598,326,3534,video_call,41,5,10,1
2599,5650,2749,chat,23,1,2,0
2600,8869,2431,chat,20,2,4,0
2601,6351,4182,video_call,48,5,10,1
2602,525,4806,video_call,30,5,10,1
2603,7470,3258,chat,11,4,8,1
2604,3142,3472,video_call,19,5,10,1
2605,6931,2665,video_call,53,5,10,1
2606,1675,1208,chat,11,4,8,1
2607,7849,943,chat,7,5,10,1
2608,955,3272,chat,32,3,6,0
2609,6228,4214,chat,37,4,8,1
2610,8503,2123,video_call,33,5,10,1
2611,6821,3995,video_call,50,3,6,0
2612,1057,982,video_call,42,5,10,1
2613,8141,2541,video_call,34,2,4,0
2614,2053,3732,chat,20,5,10,1
2615,9010,1203,chat,39,5,10,1
2616,5720,3671,chat,36,4,8,1
2617,4347,2128,video_call,15,1,2,0
2618,9320,2074,video_call,26,3,6,0
2619,542,745,video_call,37,4,8,1
2620,7437,3574,chat,36,3,6,0
2621,3447,1621,video_call,36,2,4,0
2622,6106,391,video_call,17,3,6,0
2623,9334,2243,video_call,52,1,2,0
2624,9837,1771,chat,29,5,10,1
2625,7490,102,chat,17,5,10,1
2626,2311,1125,video_call,42,4,8,1
2627,4177,3911,video_call,12,5,10,1
2628,740,3158,chat,45,3,6,0
2629,359,4785,video_call,58,2,4,0
2630,6159,4792,video_call,28,5,10,1
2631,8010,740,video_call,38,5,10,1
2632,7664,2803,chat,11,4,8,1
2633,8397,1001,chat,13,5,10,1
2634,4316,2373,chat,39,5,10,1
2635,5177,2631,video_call,14,5,10,1
2636,2109,476,video_call,55,4,8,1
2637,610,3732,video_call,59,4,8,1
2638,9451,3408,chat,11,4,8,1
2639,1405,3652,chat,17,1,2,0
2640,4728,263,video_call,38,3,6,0
2641,464,1840,video_call,47,5,10,1
2642,1483,3414,chat,28,1,2,0
2643,3039,1534,video_call,32,2,4,0
2644,6900,4060,chat,8,2,4,0
2645,4578,3787,video_call,29,1,2,0
2646,3867,455,chat,24,4,8,1
2647,3946,3125,chat,43,3,6,0
2648,5653,3194,chat,43,3,6,0
2649,1940,2082,video_call,22,4,8,1
2650,3649,2284,video_call,25,3,6,0
2651,7513,4194,video_call,52,5,10,1
2652,3608,1083,video_call,15,5,10,1
2653,1141,895,chat,45,4,8,1
2654,4365,2151,chat,8,5,10,1
2655,7782,3656,video_call,17,1,2,0
2656,3703,4537,video_call,48,4,8,1
2657,9917,1357,video_call,33,5,10,1
2658,6669,1763,chat,22,4,8,1
2659,9168,128,chat,20,5,10,1
2660,4813,4755,chat,41,3,6,0
2661,3998,3727,chat,23,4,8,1
2662,9222,4216,video_call,28,3,6,0
2663,5390,2691,video_call,29,4,8,1
2664,111,1604,chat,15,5,10,1
2665,242,1193,chat,17,4,8,1
2666,6424,1910,chat,14,3,6,0
2667,8810,4911,video_call,40,4,8,1
2668,2723,669,video_call,35,5,10,1
2669,9294,1561,video_call,27,2,4,0
2670,5531,4726,video_call,49,3,6,0
2671,9454,2686,chat,10,4,8,1
2672,3654,4850,video_call,50,3,6,0
2673,6142,1818,video_call,24,1,2,0
2674,7482,927,video_call,46,5,10,1
2675,2018,3969,video_call,40,1,2,0
2676,4140,48,video_call,25,1,2,0
2677,9597,2670,chat,22,5,10,1
2678,9890,2664,video_call,28,5,10,1
2679,4228,3332,video_call,12,3,6,0
2680,8247,2064,chat,32,1,2,0
2681,6194,2283,chat,21,5,10,1
2682,3504,4687,chat,40,1,2,0
2683,2826,2001,chat,12,2,4,0
2684,2057,2147,chat,26,5,10,1
2685,6940,90,video_call,12,3,6,0
2686,7155,1079,chat,43,4,8,1
2687,1555,228,chat,39,2,4,0
2688,9458,1695,chat,21,2,4,0
2689,9655,2083,chat,19,2,4,0
2690,7356,3292,chat,36,5,10,1
2691,4193,4146,chat,15,2,4,0
2692,5751,3906,chat,19,2,4,0
2693,5163,3195,video_call,28,5,10,1
2694,586,4475,chat,10,4,8,1
2695,1708,1064,video_call,57,5,10,1
2696,2461,2690,video_call,50,5,10,1
2697,9390,412,chat,31,2,4,0
2698,2260,4832,video_call,47,5,10,1
2699,192,114,chat,37,5,10,1
2700,6219,1659,video_call,13,1,2,0
2701,8622,289,chat,9,5,10,1
2702,6014,4793,video_call,36,5,10,1
2703,2383,418,chat,25,3,6,0
2704,1662,4023,video_call,34,5,10,1
2705,4582,259,chat,25,4,8,1
2706,4907,1134,video_call,46,2,4,0
2707,1875,1715,chat,26,5,10,1
2708,5855,4733,chat,11,5,10,1
2709,8700,316,video_call,18,4,8,1
2710,2964,2605,chat,7,4,8,1
2711,6093,2866,video_call,41,3,6,0
2712,2711,3634,video_call,50,3,6,0
2713,4814,4246,video_call,55,2,4,0
2714,8657,3302,chat,19,4,8,1
2715,9356,2409,video_call,47,3,6,0
2716,4355,4012,video_call,58,1,2,0
2717,8256,4872,video_call,31,1,2,0
2718,5299,2256,chat,15,4,8,1
2719,3199,1097,video_call,60,4,8,1
2720,3093,1893,chat,26,1,2,0
2721,9909,507,chat,5,4,8,1
2722,3143,1504,video_call,37,5,10,1
2723,4782,571,video_call,20,4,8,1
2724,3926,385,video_call,34,2,4,0
2725,7543,4339,chat,42,3,6,0
2726,7908,3527,chat,34,5,10,1
2727,9823,4104,chat,30,2,4,0
2728,5475,982,video_call,58,4,8,1
2729,1252,2318,video_call,20,5,10,1
2730,390,3189,video_call,51,5,10,1
2731,7070,2731,video_call,12,5,10,1
2732,7328,4700,video_call,21,4,8,1
2733,9177,3393,video_call,58,5,10,1
2734,559,3343,chat,40,3,6,0
2735,2431,698,video_call,36,5,10,1
2736,8767,1590,chat,44,5,10,1
2737,8303,3597,chat,25,4,8,1
2738,1384,2487,video_call,49,2,4,0
2739,1851,3737,video_call,36,5,10,1
2740,6483,3117,chat,33,1,2,0
2741,3568,3378,chat,44,5,10,1
2742,2917,3725,video_call,53,4,8,1
2743,2069,3184,chat,41,4,8,1
2744,7138,3532,chat,33,1,2,0
2745,1760,2694,video_call,59,5,10,1
2746,127,894,video_call,36,5,10,1
2747,1519,1889,video_call,27,5,10,1
2748,5873,584,video_call,38,4,8,1
2749,3073,4667,video_call,51,3,6,0
2750,2202,334,chat,30,3,6,0
2751,1287,1552,chat,7,3,6,0
2752,9146,638,chat,38,4,8,1
2753,4554,2057,video_call,48,5,10,1
2754,4170,4376,chat,20,5,10,1
2755,9175,4095,video_call,38,2,4,0
2756,96,3951,chat,28,2,4,0
2757,5160,4336,chat,34,4,8,1
2758,9168,2574,chat,25,2,4,0
2759,5842,874,video_call,16,4,8,1
2760,3675,1957,video_call,11,5,10,1
2761,8707,2241,video_call,26,5,10,1
2762,4751,2567,chat,44,5,10,1
2763,7458,1502,chat,23,5,10,1
2764,6767,1362,chat,24,5,10,1
2765,7019,78,chat,33,4,8,1
2766,1146,2486,chat,14,5,10,1
2767,3240,116,video_call,55,1,2,0
2768,2170,2296,video_call,30,2,4,0
2769,8977,1441,chat,10,1,2,0
2770,2690,2008,chat,16,5,10,1
2771,8252,4524,video_call,20,5,10,1
2772,4446,4968,video_call,13,4,8,1
2773,3709,494,chat,15,5,10,1
2774,1591,1094,video_call,26,5,10,1
2775,8508,32,video_call,18,5,10,1
2776,6823,4071,chat,12,3,6,0
2777,1672,1332,chat,42,5,10,1
2778,4086,1680,video_call,11,5,10,1
2779,2081,3841,chat,43,4,8,1
2780,6987,480,video_call,47,2,4,0
2781,5346,2088,chat,8,4,8,1
2782,4423,1823,chat,15,4,8,1
2783,1050,2628,video_call,12,1,2,0
2784,7791,2478,video_call,26,2,4,0
2785,7176,289,video_call,31,5,10,1
2786,2693,4581,video_call,40,1,2,0
2787,3548,4814,video_call,26,5,10,1
2788,6567,4875,chat,10,5,10,1
2789,8461,1014,video_call,19,2,4,0
2790,2099,3776,chat,34,2,4,0
2791,3704,1366,video_call,54,5,10,1
2792,4352,4633,video_call,14,5,10,1
2793,7978,1847,video_call,47,4,8,1
2794,1353,3258,video_call,23,4,8,1
2795,5629,6,chat,16,1,2,0
2796,3600,2345,video_call,23,3,6,0
2797,3878,2907,chat,13,4,8,1
2798,5586,4556,video_call,56,4,8,1
2799,4123,113,chat,19,4,8,1
2800,7236,486,video_call,16,4,8,1
2801,5726,4371,chat,39,4,8,1
2802,3383,3104,chat,11,3,6,0
2803,4778,996,video_call,27,5,10,1
2804,2554,3952,video_call,42,3,6,0
2805,4128,175,video_call,13,3,6,0
2806,4930,1867,video_call,51,4,8,1
2807,5944,1815,chat,38,4,8,1
2808,2370,3946,video_call,35,4,8,1
2809,7616,2946,chat,5,5,10,1
2810,5959,4825,chat,12,5,10,1
2811,5740,3765,chat,37,5,10,1
2812,6032,2810,chat,39,1,2,0
2813,1653,2057,chat,34,5,10,1
2814,8441,3164,chat,31,2,4,0
2815,7242,2477,video_call,50,5,10,1
2816,5995,4917,chat,24,4,8,1
2817,4884,3959,video_call,36,2,4,0
2818,7637,3268,chat,25,4,8,1
2819,6735,2935,video_call,39,3,6,0
2820,8629,353,chat,34,4,8,1
2821,339,3946,video_call,26,1,2,0
2822,4682,3233,chat,21,5,10,1
2823,5637,4617,chat,22,5,10,1
2824,1604,1201,chat,43,2,4,0
2825,8049,1079,video_call,30,5,10,1
2826,9759,1970,chat,31,1,2,0
2827,8144,2455,video_call,34,1,2,0
2828,410,1240,chat,25,5,10,1
2829,778,1861,chat,37,2,4,0
2830,5343,1186,chat,26,1,2,0
2831,4992,3926,video_call,58,5,10,1
2832,6077,348,chat,12,1,2,0
2833,5099,2520,chat,33,4,8,1
2834,3254,2302,video_call,28,5,10,1
2835,7537,3902,video_call,45,5,10,1
2836,9183,925,chat,8,1,2,0
2837,355,808,video_call,23,4,8,1
2838,5928,3622,chat,19,3,6,0
2839,3816,2687,chat,36,5,10,1
2840,7283,753,video_call,31,5,10,1
2841,8435,285,chat,25,1,2,0
2842,5538,256,chat,24,4,8,1
2843,6144,718,chat,16,5,10,1
2844,4537,3110,video_call,28,2,4,0
2845,432,2703,video_call,34,2,4,0
2846,1962,2317,video_call,59,5,10,1
2847,8979,823,chat,15,4,8,1
2848,6392,3541,video_call,58,2,4,0
2849,6074,1476,video_call,33,1,2,0
2850,3561,3349,video_call,34,1,2,0
2851,9025,3496,video_call,21,1,2,0
2852,7432,1656,chat,13,1,2,0
2853,4883,3020,chat,15,3,6,0
2854,2762,1713,chat,40,1,2,0
2855,979,727,chat,9,5,10,1
2856,9392,1044,chat,42,5,10,1
2857,1423,1767,chat,40,4,8,1
2858,4328,529,video_call,56,2,4,0
2859,9828,4628,video_call,16,5,10,1
2860,6165,7,video_call,10,2,4,0
2861,9333,1239,video_call,49,3,6,0
2862,9136,2340,chat,11,5,10,1
2863,2916,1622,video_call,54,4,8,1
2864,3029,3098,video_call,27,1,2,0
2865,1060,3546,video_call,53,2,4,0
2866,933,4390,video_call,30,5,10,1
2867,5203,1927,video_call,59,2,4,0
2868,5045,4166,video_call,42,3,6,0
2869,9679,1625,video_call,47,2,4,0
2870,646,1985,video_call,21,5,10,1
2871,6800,3633,video_call,12,4,8,1
2872,7420,1015,video_call,52,4,8,1
2873,8077,4711,chat,8,1,2,0
2874,693,3170,chat,7,3,6,0
2875,2120,2006,chat,44,2,4,0
2876,7625,4447,video_call,27,5,10,1
2877,5591,221,chat,26,3,6,0
2878,511,4726,video_call,45,3,6,0
2879,5290,1350,video_call,49,4,8,1
2880,9236,1449,chat,39,4,8,1
2881,2566,518,video_call,53,1,2,0
2882,8252,411,chat,40,2,4,0
2883,1310,2501,chat,15,5,10,1
2884,5123,1916,video_call,40,4,8,1
2885,3471,46,chat,14,5,10,1
2886,4515,13,video_call,27,5,10,1
2887,8313,3630,video_call,43,5,10,1
2888,3349,3240,video_call,18,5,10,1
2889,4615,1654,video_call,55,5,10,1
2890,6030,3072,video_call,57,4,8,1
2891,7983,4298,video_call,14,2,4,0
2892,7862,3520,chat,40,4,8,1
2893,8029,39,chat,25,1,2,0
2894,1335,3116,video_call,59,4,8,1
2895,5049,3477,video_call,40,4,8,1
2896,8849,3935,chat,29,3,6,0
2897,8960,1424,chat,23,2,4,0
2898,2832,333,chat,27,2,4,0
2899,59,4597,video_call,16,5,10,1
2900,8311,340,video_call,27,4,8,1
2901,6175,2702,chat,8,2,4,0
2902,2567,3417,video_call,25,4,8,1
2903,2577,3140,chat,29,4,8,1
2904,4673,768,chat,16,2,4,0
2905,9172,4050,chat,27,4,8,1
2906,8265,2320,video_call,52,4,8,1
2907,3311,1932,chat,44,2,4,0
2908,1811,83,chat,6,2,4,0
2909,8713,1585,chat,33,2,4,0
2910,9480,955,video_call,55,1,2,0
2911,681,2344,chat,45,4,8,1
2912,3300,4108,video_call,39,5,10,1
2913,6509,1118,video_call,27,5,10,1
2914,3953,1884,chat,22,1,2,0
2915,3343,4779,video_call,23,2,4,0
2916,4179,4821,chat,30,3,6,0
2917,3193,1777,video_call,32,4,8,1
2918,8823,1833,chat,5,5,10,1
2919,3287,3241,chat,43,1,2,0
2920,7787,3635,chat,42,5,10,1
2921,7349,1687,video_call,45,1,2,0
2922,3660,673,video_call,34,3,6,0
2923,3238,4334,video_call,21,1,2,0
2924,7897,2869,video_call,48,4,8,1
2925,5105,3866,video_call,35,5,10,1
2926,8973,3593,video_call,12,4,8,1
2927,9870,907,chat,29,5,10,1
2928,3800,4787,chat,36,5,10,1
2929,5431,1865,chat,32,4,8,1
2930,5966,2243,chat,43,5,10,1
2931,7487,4844,video_call,45,5,10,1
2932,1592,3964,video_call,43,1,2,0
2933,9518,4984,video_call,26,5,10,1
2934,6433,4932,chat,37,2,4,0
2935,5718,1801,chat,38,5,10,1
2936,1361,2521,chat,28,1,2,0
2937,2317,973,video_call,59,4,8,1
2938,48,2212,chat,22,5,10,1
2939,2108,1160,video_call,45,5,10,1
2940,8580,1360,chat,31,2,4,0
2941,1102,4291,video_call,56,2,4,0
2942,1159,3311,video_call,37,2,4,0
2943,9650,893,video_call,16,2,4,0
2944,9570,1766,chat,41,4,8,1
2945,6382,2548,chat,37,5,10,1
2946,9049,4907,chat,41,3,6,0
2947,4604,94,chat,33,5,10,1
2948,8022,4660,chat,28,2,4,0
2949,9228,1934,video_call,32,1,2,0
2950,3632,637,video_call,24,1,2,0
2951,6626,3446,video_call,59,5,10,1
2952,7376,2190,chat,16,4,8,1
2953,7351,2407,video_call,23,5,10,1
2954,3921,3509,chat,39,5,10,1
2955,2591,3808,video_call,25,5,10,1
2956,6556,2838,video_call,13,1,2,0
2957,8093,3475,video_call,42,1,2,0
2958,9531,4746,chat,18,1,2,0
2959,7643,4058,video_call,22,2,4,0
2960,2089,2875,chat,14,5,10,1
2961,2683,443,video_call,11,3,6,0
2962,9971,3188,chat,33,5,10,1
2963,7157,4208,chat,33,4,8,1
2964,7218,3859,chat,12,3,6,0
2965,8018,1801,chat,27,2,4,0
2966,5640,3386,chat,19,2,4,0
2967,8110,2836,chat,19,5,10,1
2968,8594,2957,chat,43,5,10,1
2969,3692,1062,video_call,38,5,10,1
2970,8068,2928,chat,23,5,10,1
2971,2653,1488,chat,19,4,8,1
2972,7706,4349,chat,39,4,8,1
2973,7829,2834,video_call,13,3,6,0
2974,1847,1444,chat,11,4,8,1
2975,4126,4355,video_call,21,4,8,1
2976,3385,4408,chat,17,2,4,0
2977,409,759,chat,29,5,10,1
2978,1859,3303,chat,35,5,10,1
2979,1565,4595,video_call,35,5,10,1
2980,3067,4146,video_call,14,4,8,1
2981,6174,4201,chat,15,5,10,1
2982,4622,2563,chat,18,1,2,0
2983,2790,491,video_call,57,1,2,0
2984,3656,1083,video_call,16,5,10,1
2985,5987,3611,video_call,39,2,4,0
2986,4895,427,video_call,54,5,10,1
2987,3468,640,chat,38,5,10,1
2988,5826,4028,chat,29,5,10,1
2989,5733,3228,video_call,19,2,4,0
2990,7820,565,video_call,42,3,6,0
2991,7501,1096,video_call,42,3,6,0
2992,3549,3467,video_call,18,5,10,1
2993,2981,1582,chat,28,5,10,1
2994,6167,2196,chat,37,5,10,1
2995,1277,649,video_call,29,4,8,1
2996,9886,3482,video_call,11,1,2,0
2997,2922,1548,chat,37,2,4,0
2998,2515,4986,chat,32,1,2,0
2999,5232,4633,video_call,52,4,8,1
3000,9893,1136,video_call,13,2,4,0
3001,9396,324,chat,36,2,4,0
3002,7166,2480,video_call,22,2,4,0
3003,8897,2232,video_call,49,5,10,1
3004,957,1221,chat,30,2,4,0
3005,3104,4824,chat,15,4,8,1
3006,8377,433,chat,20,4,8,1
3007,7444,1707,chat,37,5,10,1
3008,9656,3648,video_call,55,3,6,0
3009,411,3318,chat,11,2,4,0
3010,8155,2721,video_call,57,1,2,0
3011,3725,576,chat,38,5,10,1
3012,310,508,chat,35,5,10,1
3013,4428,4089,chat,9,4,8,1
3014,435,718,video_call,29,5,10,1
3015,2960,4754,video_call,21,5,10,1
3016,3814,707,chat,33,2,4,0
3017,1324,2613,chat,34,2,4,0
3018,4062,1653,video_call,54,3,6,0
3019,6051,3009,video_call,58,5,10,1
3020,6316,4211,video_call,59,5,10,1
3021,5051,576,video_call,22,5,10,1
3022,7322,1233,video_call,26,1,2,0
3023,6973,1009,video_call,36,5,10,1
3024,6373,3859,chat,12,5,10,1
3025,3302,4391,video_call,37,4,8,1
3026,2141,153,video_call,21,2,4,0
3027,272,1151,video_call,44,5,10,1
3028,6474,3357,video_call,51,4,8,1
3029,4451,4544,chat,37,2,4,0
3030,9955,5000,chat,45,5,10,1
3031,2734,2514,chat,19,5,10,1
3032,4252,3906,video_call,38,1,2,0
3033,7059,84,chat,22,4,8,1
3034,9616,3484,video_call,20,2,4,0
3035,9597,2541,chat,43,4,8,1
3036,7437,3275,video_call,17,5,10,1
3037,7915,4637,chat,18,2,4,0
3038,8830,1227,video_call,16,2,4,0
3039,3162,4703,video_call,49,1,2,0
3040,6360,3614,chat,9,1,2,0
3041,4950,831,video_call,17,5,10,1
3042,7332,4991,chat,28,3,6,0
3043,8175,1460,chat,17,4,8,1
3044,6201,4086,video_call,37,1,2,0
3045,4024,1377,video_call,32,2,4,0
3046,1837,2845,video_call,45,1,2,0
3047,1564,468,video_call,33,2,4,0
3048,851,4182,chat,24,2,4,0
3049,2450,3360,video_call,48,3,6,0
3050,1107,777,video_call,14,3,6,0
3051,1697,741,video_call,21,1,2,0
3052,7001,4020,video_call,58,1,2,0
3053,6889,504,video_call,16,1,2,0
3054,6796,2558,video_call,48,4,8,1
3055,8621,2293,video_call,36,2,4,0
3056,2301,4266,chat,20,4,8,1
3057,7185,4508,chat,39,5,10,1
3058,6663,807,chat,13,1,2,0
3059,9437,2124,video_call,23,5,10,1
3060,1557,1129,video_call,10,4,8,1
3061,1963,4859,video_call,54,5,10,1
3062,3987,2671,chat,9,5,10,1
3063,4346,3212,video_call,12,5,10,1
3064,2394,4225,chat,36,2,4,0
3065,3055,2039,chat,36,5,10,1
3066,8596,3091,chat,10,4,8,1
3067,1968,1799,video_call,44,3,6,0
3068,9564,418,chat,6,5,10,1
3069,9584,3347,video_call,27,4,8,1
3070,8904,2166,video_call,51,4,8,1
3071,7993,842,video_call,40,4,8,1
3072,7420,1869,chat,10,4,8,1
3073,6313,4246,video_call,34,2,4,0
3074,2060,644,video_call,52,3,6,0
3075,6552,2519,chat,17,2,4,0
3076,8642,3371,chat,36,5,10,1
3077,7694,3782,video_call,45,5,10,1
3078,9624,1084,video_call,24,1,2,0
3079,33,2549,chat,33,5,10,1
3080,8895,2554,chat,38,5,10,1
3081,709,1627,chat,40,2,4,0
3082,9593,4179,video_call,20,2,4,0
3083,7492,4889,video_call,35,3,6,0
3084,4083,729,chat,7,5,10,1
3085,3258,1325,video_call,56,3,6,0
3086,5234,4204,video_call,15,5,10,1
3087,4770,952,chat,38,3,6,0
3088,6403,1268,video_call,22,4,8,1
3089,3695,2743,video_call,17,1,2,0
3090,8737,4254,chat,5,1,2,0
3091,9013,2853,video_call,29,2,4,0
3092,2611,2728,video_call,31,2,4,0
3093,4567,4550,chat,26,5,10,1
3094,8608,355,chat,28,4,8,1
3095,3340,1791,chat,16,1,2,0
3096,7667,3802,chat,31,5,10,1
3097,7621,4911,chat,23,1,2,0
3098,2551,3223,chat,39,2,4,0
3099,1508,2129,chat,39,2,4,0
3100,3913,4718,chat,24,2,4,0
3101,2781,703,video_call,58,5,10,1
3102,9752,2730,chat,31,5,10,1
3103,5642,4680,video_call,12,5,10,1
3104,650,2465,video_call,39,4,8,1
3105,540,4192,chat,24,5,10,1
3106,4857,2639,chat,21,3,6,0
3107,3435,997,chat,22,2,4,0
3108,947,3793,video_call,13,3,6,0
3109,4721,134,chat,41,5,10,1
3110,7700,1642,chat,32,4,8,1
3111,2218,778,video_call,28,3,6,0
3112,7767,3349,chat,14,3,6,0
3113,7163,4158,chat,24,4,8,1
3114,4503,4406,chat,41,1,2,0
3115,2771,3800,chat,34,2,4,0
3116,7140,1878,chat,18,5,10,1
3117,320,3939,video_call,57,4,8,1
3118,6683,1288,video_call,18,5,10,1
3119,862,4808,video_call,57,5,10,1
3120,8454,3853,chat,19,1,2,0
3121,5045,145,chat,20,5,10,1
3122,7923,4849,video_call,10,5,10,1
3123,7503,1464,video_call,55,5,10,1
3124,2464,3986,video_call,44,2,4,0
3125,4285,2109,chat,25,5,10,1
3126,3574,4538,chat,25,5,10,1
3127,6686,4581,chat,8,2,4,0
3128,8501,451,chat,7,5,10,1
3129,5291,18,video_call,46,5,10,1
3130,1985,1317,video_call,50,5,10,1
3131,9724,1512,video_call,26,3,6,0
3132,9740,3274,chat,7,2,4,0
3133,5454,4146,video_call,55,1,2,0
3134,4704,4617,video_call,19,5,10,1
3135,9596,3186,video_call,27,5,10,1
3136,8072,1725,chat,6,1,2,0
3137,9778,2453,chat,44,2,4,0
3138,9511,1390,chat,8,5,10,1
3139,5293,3319,video_call,37,2,4,0
3140,6333,4348,chat,40,5,10,1
3141,4016,466,video_call,31,4,8,1
3142,6395,1799,chat,10,4,8,1
3143,3554,2008,video_call,36,5,10,1
3144,3134,4720,video_call,56,4,8,1
3145,3210,2588,chat,34,2,4,0
3146,2878,4745,chat,8,4,8,1
3147,9798,4776,chat,11,1,2,0
3148,7993,2857,video_call,53,5,10,1
3149,237,2694,video_call,44,4,8,1
3150,9851,900,video_call,41,2,4,0
3151,1408,3175,chat,37,5,10,1
3152,2061,1057,chat,24,4,8,1
3153,2638,372,video_call,13,2,4,0
3154,299,2436,video_call,56,5,10,1
3155,7973,2165,video_call,49,3,6,0
3156,2466,4988,chat,25,5,10,1
3157,6957,273,chat,10,4,8,1
3158,8364,2737,chat,27,5,10,1
3159,1243,85,chat,24,2,4,0
3160,387,1847,chat,28,5,10,1
3161,2333,2005,chat,18,1,2,0
3162,5889,830,chat,5,2,4,0
3163,9736,357,video_call,15,5,10,1
3164,6362,638,chat,34,2,4,0
3165,8247,2325,chat,39,5,10,1
3166,2317,391,chat,38,2,4,0
3167,6933,4678,chat,12,2,4,0
3168,6909,177,chat,34,2,4,0
3169,3257,1909,chat,15,4,8,1
3170,2276,3204,video_call,25,1,2,0
3171,8340,2779,video_call,42,2,4,0
3172,8195,2229,video_call,10,5,10,1
3173,2366,1820,chat,45,4,8,1
3174,5370,2232,video_call,13,2,4,0
3175,7371,4652,chat,19,4,8,1
3176,9911,349,video_call,53,2,4,0
3177,811,3247,video_call,49,5,10,1
3178,8639,4386,chat,18,2,4,0
3179,7715,3297,video_call,34,3,6,0
3180,9782,632,video_call,28,4,8,1
3181,2461,2710,chat,35,1,2,0
3182,3891,2484,chat,36,5,10,1
3183,7447,4149,video_call,24,4,8,1
3184,7236,3305,chat,40,3,6,0
3185,3209,918,chat,34,4,8,1
3186,8785,4563,chat,39,1,2,0
3187,4537,4256,video_call,55,5,10,1
3188,4188,2224,video_call,23,5,10,1
3189,1268,1588,chat,33,2,4,0
3190,5166,2255,chat,42,1,2,0
3191,4512,273,chat,23,3,6,0
3192,4065,4905,video_call,26,4,8,1
3193,5062,4577,video_call,33,5,10,1
3194,9931,4297,video_call,37,1,2,0
3195,2380,3219,video_call,55,2,4,0
3196,4595,3091,chat,19,4,8,1
3197,9752,4459,video_call,11,3,6,0
3198,5659,2322,chat,25,5,10,1
3199,5935,1741,video_call,50,5,10,1
3200,8362,1849,chat,39,5,10,1
3201,3445,3618,chat,9,5,10,1
3202,6093,3368,video_call,27,3,6,0
3203,1574,1321,video_call,46,4,8,1
3204,2837,4844,video_call,26,5,10,1
3205,161,1146,chat,13,4,8,1
3206,666,1913,video_call,17,5,10,1
3207,877,1899,chat,9,4,8,1
3208,972,2385,video_call,26,3,6,0
3209,1826,3883,chat,40,3,6,0
3210,1313,58,video_call,32,1,2,0
3211,3574,1634,video_call,26,3,6,0
3212,3119,4641,video_call,39,1,2,0
3213,9995,331,chat,14,5,10,1
3214,5154,1757,video_call,16,5,10,1
3215,8383,4206,chat,11,1,2,0
3216,4270,2192,video_call,34,4,8,1
3217,3969,3332,chat,33,2,4,0
3218,4284,2673,chat,28,1,2,0
3219,7969,2951,video_call,15,5,10,1
3220,2821,711,chat,26,5,10,1
3221,7023,1104,chat,33,1,2,0
3222,6591,1632,chat,28,1,2,0
3223,1798,4631,video_call,40,4,8,1
3224,2597,3413,chat,38,5,10,1
3225,6202,1905,chat,15,2,4,0
3226,5531,4134,chat,45,5,10,1
3227,2368,374,chat,40,4,8,1
3228,9123,1444,chat,16,5,10,1
3229,2385,1440,video_call,34,1,2,0
3230,3993,2942,chat,15,4,8,1
3231,7602,2012,video_call,21,2,4,0
3232,4562,4036,video_call,29,5,10,1
3233,6496,4754,chat,36,5,10,1
3234,340,273,chat,20,2,4,0
3235,8413,3584,video_call,43,3,6,0
3236,5175,2607,chat,30,4,8,1
3237,2463,2648,video_call,40,2,4,0
3238,9073,852,video_call,27,4,8,1
3239,1103,4157,chat,5,2,4,0
3240,966,2376,chat,12,1,2,0
3241,2649,2319,chat,29,3,6,0
3242,5759,3717,video_call,36,2,4,0
3243,8917,4925,video_call,32,5,10,1
3244,9596,4133,chat,9,4,8,1
3245,7122,1833,video_call,20,5,10,1
3246,1421,4605,video_call,36,3,6,0
3247,2042,3830,video_call,31,5,10,1
3248,3888,236,chat,43,5,10,1
3249,7508,2833,chat,42,1,2,0
3250,3572,4135,chat,42,4,8,1
3251,9254,4414,video_call,58,4,8,1
3252,4870,685,chat,31,5,10,1
3253,8900,2424,chat,7,2,4,0
3254,5343,604,video_call,56,2,4,0
3255,6238,3946,video_call,38,5,10,1
3256,3514,3577,video_call,13,2,4,0
3257,7527,622,chat,8,4,8,1
3258,1627,1378,chat,23,2,4,0
3259,377,4201,video_call,39,4,8,1
3260,2242,1742,video_call,40,5,10,1
3261,2301,3473,video_call,47,5,10,1
3262,2051,921,video_call,55,1,2,0
3263,1834,409,video_call,11,4,8,1
3264,2375,4283,video_call,43,5,10,1
3265,2200,1579,video_call,33,5,10,1
3266,4661,2762,video_call,48,5,10,1
3267,177,4377,chat,32,4,8,1
3268,5087,1591,chat,14,5,10,1
3269,123,1665,chat,30,5,10,1
3270,5481,3449,video_call,20,5,10,1
3271,205,4438,video_call,37,3,6,0
3272,2919,3842,chat,16,4,8,1
3273,3323,2400,chat,19,2,4,0
3274,5892,738,video_call,10,5,10,1
3275,1453,2357,video_call,28,5,10,1
3276,9730,4052,video_call,30,2,4,0
3277,657,2827,video_call,22,3,6,0
3278,5402,3223,chat,6,3,6,0
3279,2443,1845,chat,27,5,10,1
3280,102,4980,video_call,24,3,6,0
3281,4486,3101,chat,15,3,6,0
3282,3252,3837,chat,7,5,10,1
3283,681,12,chat,6,3,6,0
3284,5222,1765,video_call,31,4,8,1
3285,5818,3056,video_call,43,5,10,1
3286,740,2234,chat,22,5,10,1
3287,1478,3718,video_call,36,3,6,0
3288,907,860,video_call,56,5,10,1
3289,1888,2337,video_call,35,3,6,0
3290,2947,758,video_call,27,1,2,0
3291,6092,524,video_call,24,1,2,0
3292,747,3834,chat,23,3,6,0
3293,3833,3333,video_call,33,5,10,1
3294,3012,1548,chat,14,1,2,0
3295,3988,3837,chat,21,5,10,1
3296,5899,1845,chat,32,4,8,1
3297,1968,548,video_call,39,5,10,1
3298,5098,587,chat,35,4,8,1
3299,5248,1075,chat,34,1,2,0
3300,5526,1886,video_call,11,4,8,1
3301,9671,3616,video_call,14,3,6,0
3302,7259,1680,video_call,48,4,8,1
3303,1077,937,chat,18,5,10,1
3304,9790,4762,video_call,38,1,2,0
3305,2104,1320,video_call,38,1,2,0
3306,8474,3921,chat,28,5,10,1
3307,1709,1600,chat,27,5,10,1
3308,6323,4051,video_call,46,3,6,0
3309,3055,3889,chat,6,3,6,0
3310,4567,3444,chat,6,3,6,0
3311,1507,1044,video_call,47,1,2,0
3312,2402,142,video_call,56,1,2,0
3313,9511,191,video_call,32,5,10,1
3314,1575,771,chat,23,5,10,1
3315,8072,3940,chat,20,2,4,0
3316,8289,3070,video_call,58,4,8,1
3317,1883,1915,video_call,32,5,10,1
3318,8662,10,chat,27,2,4,0
3319,9254,2554,chat,42,4,8,1
3320,2136,3452,video_call,16,1,2,0
3321,6939,2457,video_call,29,1,2,0
3322,4430,1157,video_call,45,5,10,1
3323,7841,3547,chat,28,2,4,0
3324,2771,1110,video_call,17,5,10,1
3325,4299,3177,video_call,30,5,10,1
3326,3591,1570,video_call,20,2,4,0
3327,6859,4486,chat,40,5,10,1
3328,9589,3699,video_call,37,3,6,0
3329,6925,2882,video_call,59,1,2,0
3330,4654,3519,video_call,57,4,8,1
3331,1377,2538,video_call,15,4,8,1
3332,3381,134,chat,43,2,4,0
3333,1454,4915,chat,22,4,8,1
3334,5723,1366,chat,32,5,10,1
3335,4785,982,video_call,35,4,8,1
3336,7329,3151,chat,29,2,4,0
3337,3529,984,chat,7,2,4,0
3338,5898,1898,chat,34,2,4,0
3339,8239,4304,video_call,59,4,8,1
3340,1569,1085,chat,39,1,2,0
3341,2492,3444,video_call,22,2,4,0
3342,7884,1973,video_call,26,5,10,1
3343,8169,3106,video_call,37,2,4,0
3344,4194,3182,chat,31,5,10,1
3345,5006,2348,chat,25,5,10,1
3346,3568,4161,video_call,22,5,10,1
3347,3869,1883,chat,18,4,8,1
3348,6320,4332,chat,22,4,8,1
3349,2219,2026,video_call,46,5,10,1
3350,6312,1524,video_call,20,5,10,1
3351,3580,983,video_call,60,2,4,0
3352,6101,3799,chat,33,5,10,1
3353,9223,614,video_call,11,2,4,0
3354,9179,3101,chat,23,3,6,0
3355,912,747,video_call,52,5,10,1
3356,5252,2413,chat,21,2,4,0
3357,7598,1959,video_call,52,5,10,1
3358,7207,4325,video_call,42,5,10,1
3359,6664,147,chat,22,1,2,0
3360,8331,2963,chat,22,5,10,1
3361,4012,2265,chat,34,1,2,0
3362,1039,1334,video_call,38,2,4,0
3363,2003,1966,video_call,58,4,8,1
3364,271,1836,video_call,44,5,10,1
3365,411,279,video_call,46,3,6,0
3366,7149,2629,video_call,28,2,4,0
3367,7757,4020,video_call,58,1,2,0
3368,7942,1610,video_call,22,5,10,1
3369,929,4597,chat,18,4,8,1
3370,32,3270,video_call,13,5,10,1
3371,67,1710,video_call,37,5,10,1
3372,1536,684,chat,42,3,6,0
3373,6195,433,video_call,15,4,8,1
3374,7787,277,video_call,33,5,10,1
3375,4907,1158,video_call,35,3,6,0
3376,2982,1673,video_call,55,2,4,0
3377,7276,1708,chat,38,3,6,0
3378,9223,3990,video_call,50,1,2,0
3379,5109,3121,chat,24,3,6,0
3380,4179,3369,chat,45,3,6,0
3381,2154,2777,video_call,47,5,10,1
3382,7972,4660,video_call,56,4,8,1
3383,8209,851,chat,28,5,10,1
3384,535,539,chat,40,5,10,1
3385,6621,2323,chat,38,4,8,1
3386,8184,735,video_call,34,5,10,1
3387,3348,2665,video_call,44,2,4,0
3388,2648,2612,chat,21,3,6,0
3389,4820,339,chat,10,2,4,0
3390,4153,4576,video_call,30,2,4,0
3391,4040,4636,video_call,59,4,8,1
3392,1644,1261,video_call,14,5,10,1
3393,4471,1344,video_call,58,5,10,1
3394,703,3739,video_call,57,5,10,1
3395,5665,3581,chat,34,5,10,1
3396,2845,2157,chat,44,5,10,1
3397,9582,2019,video_call,17,5,10,1
3398,2036,1876,video_call,41,4,8,1
3399,5201,3073,video_call,10,4,8,1
3400,3188,1650,video_call,53,5,10,1
3401,2461,3565,video_call,50,5,10,1
3402,2208,4083,video_call,43,5,10,1
3403,1526,3770,video_call,48,5,10,1
3404,2628,4958,chat,9,4,8,1
3405,3096,1244,video_call,16,5,10,1
3406,1236,2986,video_call,10,1,2,0
3407,7219,4000,chat,15,5,10,1
3408,6413,1064,video_call,57,4,8,1
3409,2987,340,chat,11,4,8,1
3410,5104,3856,chat,34,5,10,1
3411,9437,3465,chat,9,5,10,1
3412,9488,2465,chat,44,4,8,1
3413,2122,4160,chat,32,5,10,1
3414,6989,1098,video_call,50,2,4,0
3415,2457,119,chat,7,5,10,1
3416,5005,3892,video_call,40,3,6,0
3417,7182,2727,chat,43,5,10,1
3418,2850,161,chat,38,5,10,1
3419,4787,4016,video_call,18,5,10,1
3420,836,873,video_call,54,4,8,1
3421,6805,1462,chat,39,4,8,1
3422,3987,2381,video_call,41,5,10,1
3423,7348,666,video_call,36,5,10,1
3424,7677,2128,chat,29,4,8,1
3425,5708,4203,video_call,13,3,6,0
3426,6879,3932,video_call,29,5,10,1
3427,240,2367,chat,32,2,4,0
3428,8925,2151,video_call,22,5,10,1
3429,4986,4563,chat,16,1,2,0
3430,5359,820,video_call,11,4,8,1
3431,8064,4161,video_call,37,3,6,0
3432,5773,2913,video_call,29,2,4,0
3433,7938,2712,video_call,59,2,4,0
3434,2829,565,chat,7,2,4,0
3435,5624,1628,chat,8,4,8,1
3436,8028,3402,chat,28,3,6,0
3437,2141,338,video_call,21,5,10,1
3438,921,4342,video_call,15,1,2,0
3439,3284,3491,chat,9,4,8,1
3440,3621,2051,video_call,10,3,6,0
3441,2350,1818,chat,38,3,6,0
3442,778,1708,video_call,37,4,8,1
3443,3940,3081,video_call,21,3,6,0
3444,5222,4747,chat,43,3,6,0
3445,2365,1519,video_call,43,1,2,0
3446,8150,941,video_call,48,5,10,1
3447,770,675,chat,25,5,10,1
3448,8652,4447,chat,23,5,10,1
3449,7324,3351,chat,28,4,8,1
3450,6942,2620,chat,29,2,4,0
3451,633,1357,chat,12,5,10,1
3452,1098,4579,chat,19,3,6,0
3453,8448,4469,video_call,39,4,8,1
3454,9530,4659,chat,25,3,6,0
3455,7690,1071,chat,10,5,10,1
3456,1943,4274,video_call,58,2,4,0
3457,5093,3541,video_call,41,2,4,0
3458,2329,2354,chat,33,5,10,1
3459,6948,1792,chat,8,2,4,0
3460,519,4578,chat,32,5,10,1
3461,6678,4760,video_call,17,2,4,0
3462,1166,282,video_call,16,1,2,0
3463,8493,1201,video_call,22,5,10,1
3464,633,2195,chat,36,5,10,1
3465,5530,3380,chat,37,4,8,1
3466,2523,961,video_call,55,5,10,1
3467,8181,4999,video_call,41,4,8,1
3468,9358,2382,chat,21,2,4,0
3469,5152,803,chat,39,5,10,1
3470,643,3037,chat,28,5,10,1
3471,2193,1860,video_call,21,5,10,1
3472,493,1557,video_call,51,3,6,0
3473,3286,4397,chat,5,4,8,1
3474,3841,1484,chat,11,4,8,1
3475,6929,4782,chat,11,5,10,1
3476,1001,2039,video_call,25,2,4,0
3477,6213,4625,video_call,26,4,8,1
3478,7893,4296,video_call,43,2,4,0
3479,6127,1106,video_call,10,2,4,0
3480,6202,472,chat,21,5,10,1
3481,1722,2758,chat,9,4,8,1
3482,6602,1413,chat,39,1,2,0
3483,4967,3432,video_call,51,4,8,1
3484,9462,2190,chat,32,5,10,1
3485,2908,2378,chat,25,3,6,0
3486,2206,4201,chat,37,5,10,1
3487,8856,4440,video_call,26,1,2,0
3488,6694,272,video_call,28,5,10,1
3489,2749,4502,video_call,17,3,6,0
3490,6826,3657,video_call,24,2,4,0
3491,4292,3802,video_call,30,5,10,1
3492,3563,879,video_call,39,1,2,0
3493,4366,2236,video_call,53,5,10,1
3494,775,2610,chat,24,5,10,1
3495,7839,3367,chat,42,2,4,0
3496,706,430,video_call,26,5,10,1
3497,5399,4923,video_call,32,2,4,0
3498,8848,2615,chat,40,5,10,1
3499,6758,3294,video_call,10,4,8,1
3500,4871,1889,video_call,39,5,10,1
3501,1448,3384,video_call,35,5,10,1
3502,3388,4348,chat,12,5,10,1
3503,492,3802,video_call,34,3,6,0
3504,9008,1343,video_call,55,4,8,1
3505,667,4030,chat,41,4,8,1
3506,4021,976,chat,43,4,8,1
3507,7733,2891,video_call,59,2,4,0
3508,9928,2599,chat,18,2,4,0
3509,3883,2104,video_call,20,2,4,0
3510,5758,3216,video_call,11,5,10,1
3511,6521,4041,video_call,49,5,10,1
3512,8079,256,video_call,21,4,8,1
3513,6095,621,video_call,47,5,10,1
3514,6444,4541,video_call,23,4,8,1
3515,7521,3245,chat,18,1,2,0
3516,7163,2295,chat,25,2,4,0
3517,4671,2473,video_call,54,3,6,0
3518,5228,3632,video_call,50,2,4,0
3519,2735,2495,video_call,48,4,8,1
3520,6839,1366,video_call,41,5,10,1
3521,6936,4738,chat,24,4,8,1
3522,7222,2172,chat,9,2,4,0
3523,9278,474,chat,5,4,8,1
3524,6104,4166,chat,5,5,10,1
3525,6716,847,video_call,28,2,4,0
3526,1277,1298,chat,8,4,8,1
3527,8143,2527,chat,42,5,10,1
3528,9566,3556,chat,10,5,10,1
3529,2228,4786,chat,20,5,10,1
3530,8595,398,video_call,26,3,6,0
3531,3763,2674,chat,11,1,2,0
3532,5516,2016,video_call,54,5,10,1
3533,6252,2008,chat,31,1,2,0
3534,950,1063,video_call,39,5,10,1
3535,6409,3493,video_call,31,5,10,1
3536,9702,4571,video_call,45,4,8,1
3537,5609,4930,video_call,41,2,4,0
3538,2776,1832,chat,31,4,8,1
3539,1891,1891,chat,38,2,4,0
3540,2337,1888,video_call,31,4,8,1
3541,9023,4305,chat,39,4,8,1
3542,4742,4107,video_call,60,1,2,0
3543,7188,1771,chat,41,3,6,0
3544,8575,3412,video_call,19,5,10,1
3545,195,758,video_call,55,1,2,0
3546,140,2342,video_call,45,4,8,1
3547,4150,113,video_call,43,5,10,1
3548,7807,3758,video_call,42,2,4,0
3549,925,2370,chat,12,5,10,1
3550,387,3883,video_call,29,2,4,0
3551,5078,2557,video_call,25,1,2,0
3552,8935,605,video_call,57,1,2,0
3553,4826,4028,video_call,18,5,10,1
3554,1558,4316,video_call,35,5,10,1
3555,2579,2540,chat,38,3,6,0
3556,5346,1525,video_call,50,3,6,0
3557,3628,2423,chat,39,3,6,0
3558,5732,2805,chat,29,2,4,0
3559,2057,640,chat,11,4,8,1
3560,1530,4049,chat,25,4,8,1
3561,7166,2790,video_call,19,5,10,1
3562,4380,2172,video_call,60,3,6,0
3563,8977,4558,chat,36,5,10,1
3564,1774,4330,chat,40,4,8,1
3565,1094,2374,chat,15,4,8,1
3566,9488,1957,chat,42,3,6,0
3567,4954,974,chat,14,4,8,1
3568,9416,662,chat,31,4,8,1
3569,9429,2192,chat,25,2,4,0
3570,2800,4487,chat,25,3,6,0
3571,6321,2576,video_call,45,2,4,0
3572,7028,3933,video_call,15,5,10,1
3573,2417,1954,video_call,49,4,8,1
3574,8985,3037,chat,9,4,8,1
3575,1250,2876,video_call,49,2,4,0
3576,8657,285,video_call,12,2,4,0
3577,8978,229,video_call,51,2,4,0
3578,5859,2024,video_call,38,5,10,1
3579,2241,2705,chat,40,5,10,1
3580,9706,1949,video_call,35,5,10,1
3581,7434,4378,chat,10,1,2,0
3582,7381,4572,video_call,11,3,6,0
3583,5932,1887,video_call,26,2,4,0
3584,8395,437,chat,28,3,6,0
3585,453,1274,chat,24,5,10,1
3586,5234,529,video_call,31,1,2,0
3587,2460,2530,chat,41,2,4,0
3588,2632,2627,chat,25,4,8,1
3589,5636,4990,chat,8,4,8,1
3590,8510,184,chat,39,5,10,1
3591,6828,2705,chat,16,5,10,1
3592,6150,1444,video_call,47,5,10,1
3593,7886,3707,chat,11,2,4,0
3594,879,592,video_call,29,5,10,1
3595,2613,3717,chat,44,4,8,1
3596,1870,1134,chat,33,2,4,0
3597,8601,1105,video_call,17,2,4,0
3598,4818,359,chat,45,4,8,1
3599,8004,1789,video_call,40,5,10,1
3600,4142,73,video_call,32,5,10,1
3601,4891,4941,chat,43,3,6,0
3602,3580,4644,video_call,39,5,10,1
3603,4696,3287,chat,9,2,4,0
3604,1603,988,video_call,55,2,4,0
3605,2111,1313,video_call,21,4,8,1
3606,5098,1381,video_call,24,4,8,1
3607,7003,3878,video_call,57,3,6,0
3608,5177,244,chat,18,2,4,0
3609,9414,1563,video_call,45,3,6,0
3610,3220,1208,video_call,23,3,6,0
3611,5964,4471,chat,17,4,8,1
3612,7245,2725,video_call,26,5,10,1
3613,1533,2287,video_call,60,3,6,0
3614,5645,400,video_call,19,5,10,1
3615,2555,861,video_call,38,5,10,1
3616,2436,2126,video_call,32,2,4,0
3617,2744,3092,video_call,47,1,2,0
3618,6107,4187,video_call,29,2,4,0
3619,5896,3499,chat,25,4,8,1
3620,5561,1017,video_call,11,5,10,1
3621,137,4033,video_call,26,5,10,1
3622,3804,1205,chat,30,2,4,0
3623,8297,2931,chat,34,2,4,0
3624,510,1559,video_call,10,3,6,0
3625,1641,2774,video_call,60,4,8,1
3626,5452,504,chat,15,5,10,1
3627,7041,206,chat,34,5,10,1
3628,9200,3326,video_call,14,4,8,1
3629,3002,2425,chat,28,5,10,1
3630,7413,2762,video_call,49,4,8,1
3631,8899,4520,video_call,27,5,10,1
3632,2071,4569,chat,36,2,4,0
3633,2016,3279,chat,26,5,10,1
3634,1303,2675,video_call,42,5,10,1
3635,3979,353,chat,17,5,10,1
3636,7280,3416,chat,7,5,10,1
3637,8063,1768,video_call,13,3,6,0
3638,9808,3089,chat,15,2,4,0
3639,4470,1907,chat,33,4,8,1
3640,5004,4618,chat,36,5,10,1
3641,52,2329,chat,13,1,2,0
3642,7183,4655,video_call,39,3,6,0
3643,7118,2711,chat,15,3,6,0
3644,2979,3552,chat,39,4,8,1
3645,6563,2212,chat,24,4,8,1
3646,9499,3548,video_call,41,4,8,1
3647,3233,4143,chat,43,5,10,1
3648,80,991,chat,15,4,8,1
3649,5281,1546,video_call,20,3,6,0
3650,6612,2602,video_call,44,2,4,0
3651,9854,850,video_call,25,2,4,0
3652,8523,4512,chat,33,2,4,0
3653,3915,1642,video_call,56,5,10,1
3654,7695,3607,video_call,32,5,10,1
3655,5252,3510,chat,20,4,8,1
3656,1583,137,chat,45,5,10,1
3657,1269,322,chat,34,5,10,1
3658,9177,4022,video_call,31,1,2,0
3659,7682,1250,chat,26,1,2,0
3660,6509,3224,chat,6,1,2,0
3661,5482,4030,video_call,41,4,8,1
3662,6682,4568,chat,23,4,8,1
3663,8658,2901,video_call,27,4,8,1
3664,8177,2883,chat,16,1,2,0
3665,2902,2981,chat,28,1,2,0
3666,489,2593,chat,20,1,2,0
3667,8638,508,video_call,18,2,4,0
3668,7232,50,video_call,29,1,2,0
3669,7764,3011,chat,35,4,8,1
3670,2888,1013,video_call,47,4,8,1
3671,3460,4854,video_call,27,2,4,0
3672,1484,3750,video_call,31,4,8,1
3673,6305,89,video_call,49,4,8,1
3674,3460,2118,chat,33,2,4,0
3675,5197,1085,video_call,46,4,8,1
3676,2955,286,video_call,40,5,10,1
3677,3421,1260,video_call,36,5,10,1
3678,8817,3191,chat,18,4,8,1
3679,3920,106,chat,33,2,4,0
3680,4487,335,chat,40,2,4,0
3681,3654,4173,video_call,16,5,10,1
3682,3185,4174,chat,29,3,6,0
3683,3972,199,video_call,20,2,4,0
3684,7335,4000,chat,29,5,10,1
3685,9618,1068,video_call,24,5,10,1
3686,8429,998,video_call,39,2,4,0
3687,1581,3167,chat,28,5,10,1
3688,5584,686,video_call,21,3,6,0
3689,1914,1455,video_call,54,4,8,1
3690,3482,3011,chat,28,1,2,0
3691,5457,3072,chat,14,5,10,1
3692,5368,2660,chat,40,2,4,0
3693,5076,1581,chat,43,2,4,0
3694,2250,4048,video_call,37,2,4,0
3695,5674,3149,video_call,39,5,10,1
3696,5964,1175,chat,25,1,2,0
3697,7347,4619,video_call,24,2,4,0
3698,1495,3565,video_call,50,2,4,0
3699,9112,3414,chat,18,2,4,0
3700,4444,337,chat,11,5,10,1
3701,8441,3691,chat,9,4,8,1
3702,5896,3960,chat,37,5,10,1
3703,187,2280,video_call,40,5,10,1
3704,1407,499,chat,26,4,8,1
3705,1025,4258,video_call,38,4,8,1
3706,410,3927,video_call,22,4,8,1
3707,2432,1114,video_call,40,1,2,0
3708,7996,4354,video_call,43,5,10,1
3709,5137,4337,video_call,22,4,8,1
3710,7743,3781,video_call,57,5,10,1
3711,5160,1297,chat,42,2,4,0
3712,188,4251,chat,27,5,10,1
3713,8870,1022,video_call,34,5,10,1
3714,583,2905,chat,12,5,10,1
3715,6279,4315,chat,36,3,6,0
3716,4605,3793,chat,6,5,10,1
3717,6941,4729,video_call,47,4,8,1
3718,2332,491,video_call,19,1,2,0
3719,7845,2850,chat,5,3,6,0
3720,2775,798,video_call,12,4,8,1
3721,7687,2052,chat,26,2,4,0
3722,5856,676,chat,25,3,6,0
3723,6470,733,video_call,12,5,10,1
3724,5893,3448,chat,19,4,8,1
3725,9187,4150,video_call,44,5,10,1
3726,4649,12,chat,27,5,10,1
3727,5312,1570,chat,24,1,2,0
3728,7622,711,video_call,10,5,10,1
3729,9082,2660,video_call,23,3,6,0
3730,6815,2136,video_call,34,5,10,1
3731,9873,4508,chat,22,5,10,1
3732,590,451,chat,26,1,2,0
3733,8224,1678,chat,28,4,8,1
3734,1509,3975,video_call,12,5,10,1
3735,603,857,chat,37,5,10,1
3736,7114,705,chat,13,4,8,1
3737,4496,3072,chat,22,5,10,1
3738,6711,1514,chat,10,5,10,1
3739,6251,812,chat,17,1,2,0
3740,9455,3402,video_call,18,2,4,0
3741,4076,4261,chat,31,5,10,1
3742,3466,3931,chat,5,4,8,1
3743,1550,4544,video_call,51,4,8,1
3744,2240,4162,video_call,18,5,10,1
3745,9458,1201,chat,24,4,8,1
3746,9377,839,video_call,57,2,4,0
3747,6044,4989,chat,39,1,2,0
3748,4279,2324,chat,11,3,6,0
3749,9442,2208,video_call,10,4,8,1
3750,7676,2715,video_call,57,2,4,0
3751,8289,2955,chat,34,3,6,0
3752,8361,2644,chat,37,5,10,1
3753,3354,3858,video_call,32,4,8,1
3754,3814,3895,video_call,29,4,8,1
3755,1923,3590,chat,12,4,8,1
3756,5488,1307,video_call,10,4,8,1
3757,6607,2592,video_call,31,2,4,0
3758,3573,4966,chat,15,3,6,0
3759,7862,2191,chat,37,4,8,1
3760,9643,640,chat,8,5,10,1
3761,4843,1887,video_call,40,5,10,1
3762,3549,2068,video_call,21,4,8,1
3763,8401,2781,chat,14,2,4,0
3764,650,771,video_call,33,2,4,0
3765,3716,3081,chat,6,5,10,1
3766,404,2565,chat,40,3,6,0
3767,6709,893,video_call,42,5,10,1
3768,2546,1180,chat,40,3,6,0
3769,4235,1113,video_call,27,4,8,1
3770,515,2387,video_call,47,4,8,1
3771,1638,4305,video_call,11,4,8,1
3772,6673,4534,video_call,41,5,10,1
3773,2828,373,chat,21,5,10,1
3774,5852,4304,chat,32,2,4,0
3775,4030,4791,video_call,24,3,6,0
3776,5914,1274,chat,28,3,6,0
3777,9484,879,chat,44,1,2,0
3778,7213,2347,video_call,46,5,10,1
3779,6754,4040,video_call,44,3,6,0
3780,5782,171,chat,24,2,4,0
3781,756,1882,chat,44,4,8,1
3782,5307,2972,video_call,24,5,10,1
3783,1862,3771,video_call,59,2,4,0
3784,3585,2004,video_call,12,3,6,0
3785,1323,4284,video_call,27,3,6,0
3786,5771,835,video_call,44,5,10,1
3787,731,3286,video_call,10,2,4,0
3788,1777,3498,chat,40,4,8,1
3789,3271,2105,chat,32,5,10,1
3790,5747,727,chat,9,2,4,0
3791,428,1134,chat,44,3,6,0
3792,4699,592,video_call,46,5,10,1
3793,5216,4706,video_call,33,3,6,0
3794,5547,759,video_call,28,2,4,0
3795,5506,408,chat,33,1,2,0
3796,4019,2529,video_call,54,2,4,0
3797,7453,2519,chat,31,2,4,0
3798,2230,3365,chat,14,1,2,0
3799,7027,914,video_call,46,5,10,1
3800,9885,3666,chat,33,3,6,0
3801,5868,3119,video_call,43,5,10,1
3802,5586,3254,video_call,32,3,6,0
3803,6676,1154,chat,39,2,4,0
3804,5084,374,chat,37,4,8,1
3805,1663,3686,video_call,55,1,2,0
3806,1956,1076,video_call,31,4,8,1
3807,6334,2571,video_call,12,5,10,1
3808,537,876,video_call,28,3,6,0
3809,9996,1080,video_call,35,5,10,1
3810,4020,2867,video_call,15,5,10,1
3811,4930,4639,chat,21,3,6,0
3812,7194,728,video_call,38,4,8,1
3813,4951,49,video_call,24,5,10,1
3814,28,4946,chat,20,4,8,1
3815,3419,3252,video_call,45,2,4,0
3816,5728,1680,chat,19,3,6,0
3817,4440,4316,chat,7,4,8,1
3818,4059,182,chat,33,4,8,1
3819,286,1437,chat,14,5,10,1
3820,2227,4510,chat,40,5,10,1
3821,3557,1771,video_call,47,3,6,0
3822,9664,2612,video_call,22,3,6,0
3823,2106,1910,chat,34,4,8,1
3824,605,429,video_call,16,2,4,0
3825,5008,3034,chat,15,2,4,0
3826,2602,4180,video_call,49,3,6,0
3827,3596,1133,chat,18,2,4,0
3828,7320,1183,video_call,29,2,4,0
3829,1982,4598,video_call,54,2,4,0
3830,4484,3216,video_call,42,2,4,0
3831,4777,1445,video_call,33,1,2,0
3832,5952,2119,video_call,32,2,4,0
3833,1228,2127,chat,33,2,4,0
3834,9084,2681,chat,7,4,8,1
3835,177,1814,chat,43,2,4,0
3836,9193,4736,chat,7,1,2,0
3837,1563,1692,video_call,60,4,8,1
3838,7101,4048,video_call,50,3,6,0
3839,9455,2533,chat,21,1,2,0
3840,6555,2162,video_call,46,5,10,1
3841,8947,517,chat,8,1,2,0
3842,4688,157,chat,44,5,10,1
3843,250,3850,video_call,33,5,10,1
3844,9042,1084,video_call,22,3,6,0
3845,4103,1886,chat,20,5,10,1
3846,9406,4198,video_call,14,2,4,0
3847,158,3597,video_call,48,4,8,1
3848,9314,1959,video_call,13,5,10,1
3849,521,920,chat,35,5,10,1
3850,7981,2187,video_call,18,4,8,1
3851,9809,2624,video_call,26,4,8,1
3852,3489,2598,video_call,36,4,8,1
3853,2120,2330,chat,28,2,4,0
3854,5949,879,chat,41,2,4,0
3855,4442,4577,chat,23,5,10,1
3856,4390,3351,chat,37,5,10,1
3857,280,1301,video_call,40,2,4,0
3858,8383,1443,video_call,10,5,10,1
3859,876,2556,chat,13,5,10,1
3860,772,1889,chat,30,3,6,0
3861,2896,2613,video_call,46,5,10,1
3862,428,808,chat,11,5,10,1
3863,9663,3711,chat,13,5,10,1
3864,5146,1549,chat,37,3,6,0
3865,4572,1620,chat,29,2,4,0
3866,1748,653,chat,25,3,6,0
3867,9023,2359,video_call,51,4,8,1
3868,9809,1296,video_call,49,5,10,1
3869,3033,74,video_call,57,2,4,0
3870,9173,764,video_call,20,3,6,0
3871,9459,1902,video_call,28,1,2,0
3872,7974,3831,chat,37,5,10,1
3873,9202,2057,chat,5,5,10,1
3874,9827,3523,video_call,13,5,10,1
3875,8436,258,video_call,16,2,4,0
3876,6038,3186,video_call,49,5,10,1
3877,5938,1113,chat,14,3,6,0
3878,6446,4506,chat,9,5,10,1
3879,7750,1112,video_call,25,1,2,0
3880,4313,1148,video_call,52,3,6,0
3881,6713,1383,chat,28,5,10,1
3882,4691,1475,video_call,36,3,6,0
3883,9672,4393,video_call,40,3,6,0
3884,4096,4451,chat,40,4,8,1
3885,7539,2159,video_call,49,3,6,0
3886,3410,2036,chat,5,2,4,0
3887,3216,4815,chat,45,3,6,0
3888,23,3441,chat,38,2,4,0
3889,8838,3753,chat,40,4,8,1
3890,8838,1076,chat,19,1,2,0
3891,230,1013,chat,14,4,8,1
3892,6680,3928,chat,14,5,10,1
3893,2178,4235,video_call,28,5,10,1
3894,2574,1446,video_call,29,1,2,0
3895,2423,4127,video_call,23,1,2,0
3896,7912,2496,video_call,51,5,10,1
3897,7009,2329,video_call,17,2,4,0
3898,331,2561,video_call,40,3,6,0
3899,5098,3967,video_call,49,1,2,0
3900,7896,424,chat,29,4,8,1
3901,7118,1952,video_call,27,2,4,0
3902,1968,3668,chat,40,3,6,0
3903,8735,2387,video_call,30,5,10,1
3904,5739,126,video_call,22,5,10,1
3905,9329,2607,video_call,19,5,10,1
3906,1619,3458,chat,18,1,2,0
3907,8460,58,chat,27,5,10,1
3908,7646,393,chat,20,4,8,1
3909,774,772,video_call,40,3,6,0
3910,7798,3431,chat,15,4,8,1
3911,3110,725,video_call,50,4,8,1
3912,7769,372,video_call,37,2,4,0
3913,2680,4435,video_call,25,5,10,1
3914,1905,3183,video_call,12,5,10,1
3915,1573,4798,video_call,24,5,10,1
3916,798,3336,chat,10,1,2,0
3917,5562,3628,chat,41,5,10,1
3918,6959,1972,video_call,40,3,6,0
3919,7387,4637,chat,15,2,4,0
3920,9187,4292,video_call,41,5,10,1
3921,2246,4355,chat,5,4,8,1
3922,7068,72,video_call,40,4,8,1
3923,1732,4908,video_call,47,2,4,0
3924,8954,1790,video_call,11,3,6,0
3925,5501,652,video_call,26,2,4,0
3926,4927,2308,chat,23,3,6,0
3927,6922,4954,video_call,42,5,10,1
3928,9891,4856,chat,37,5,10,1
3929,6096,2279,video_call,36,3,6,0
3930,1763,717,video_call,13,5,10,1
3931,4695,4980,chat,24,3,6,0
3932,8275,1945,video_call,28,4,8,1
3933,7237,1775,video_call,23,5,10,1
3934,9646,1757,chat,20,5,10,1
3935,3576,4217,chat,19,4,8,1
3936,9245,30,chat,44,5,10,1
3937,6872,4974,video_call,35,5,10,1
3938,349,3968,video_call,60,3,6,0
3939,2536,2333,chat,36,2,4,0
3940,2856,2867,video_call,43,5,10,1
3941,9282,1059,chat,21,1,2,0
3942,4216,2100,chat,11,5,10,1
3943,7072,4419,video_call,24,1,2,0
3944,683,1545,video_call,15,2,4,0
3945,5965,4702,chat,11,5,10,1
3946,5903,239,chat,5,2,4,0
3947,7299,3844,video_call,55,5,10,1
3948,2291,2163,video_call,28,5,10,1
3949,321,1350,chat,41,1,2,0
3950,3921,2397,video_call,12,3,6,0
3951,8460,2901,video_call,51,4,8,1
3952,2201,1151,video_call,37,4,8,1
3953,9495,1494,chat,13,2,4,0
3954,7636,3787,video_call,33,1,2,0
3955,2087,3193,video_call,52,2,4,0
3956,8491,4644,chat,28,1,2,0
3957,8995,2399,chat,33,2,4,0
3958,7375,4640,video_call,60,1,2,0
3959,6822,455,chat,39,1,2,0
3960,1888,915,video_call,45,3,6,0
3961,1932,3234,video_call,33,5,10,1
3962,7607,2243,video_call,43,5,10,1
3963,1655,602,video_call,12,5,10,1
3964,3456,2431,video_call,33,5,10,1
3965,6537,1925,video_call,41,4,8,1
3966,1022,4487,chat,7,2,4,0
3967,8451,521,chat,18,4,8,1
3968,679,4472,chat,19,4,8,1
3969,1962,4010,video_call,55,5,10,1
3970,2264,3737,video_call,18,5,10,1
3971,3681,4785,video_call,50,4,8,1
3972,1661,2457,chat,35,3,6,0
3973,3669,964,video_call,44,5,10,1
3974,9291,4114,chat,7,1,2,0
3975,819,4470,chat,13,5,10,1
3976,4173,3296,chat,33,2,4,0
3977,7167,3074,video_call,56,4,8,1
3978,5241,2357,chat,33,4,8,1
3979,4820,888,chat,27,5,10,1
3980,3611,896,chat,28,1,2,0
3981,6027,4279,chat,13,2,4,0
3982,529,3211,chat,33,5,10,1
3983,8530,1591,chat,28,1,2,0
3984,422,1829,video_call,59,1,2,0
3985,8165,2477,chat,33,3,6,0
3986,9418,3790,video_call,36,5,10,1
3987,9962,256,video_call,37,4,8,1
3988,1674,3687,video_call,34,5,10,1
3989,9092,1334,chat,43,5,10,1
3990,8655,1868,chat,29,2,4,0
3991,8654,1076,video_call,17,5,10,1
3992,5699,4703,video_call,16,2,4,0
3993,8715,3751,chat,31,2,4,0
3994,3282,1339,video_call,43,3,6,0
3995,2993,4730,chat,10,2,4,0
3996,1556,750,chat,14,4,8,1
3997,6779,1549,video_call,12,4,8,1
3998,5966,2835,chat,38,5,10,1
3999,8031,4771,video_call,25,4,8,1
4000,6616,1604,video_call,16,3,6,0
4001,1960,946,video_call,29,3,6,0
4002,9545,3397,video_call,58,5,10,1
4003,7103,4772,chat,27,3,6,0
4004,178,2788,video_call,26,5,10,1
4005,8515,2728,video_call,26,5,10,1
4006,7696,310,chat,10,4,8,1
4007,2758,3538,chat,11,1,2,0
4008,7015,1482,video_call,34,5,10,1
4009,4797,329,chat,27,2,4,0
4010,4314,1518,chat,40,5,10,1
4011,9038,2211,video_call,60,5,10,1
4012,7050,4631,video_call,43,4,8,1
4013,6268,2916,chat,7,5,10,1
4014,8892,393,video_call,24,5,10,1
4015,5460,2657,video_call,53,2,4,0
4016,275,1153,chat,44,5,10,1
4017,1021,2413,chat,29,2,4,0
4018,8493,3917,chat,27,5,10,1
4019,4493,227,video_call,23,3,6,0
4020,4246,1715,video_call,34,5,10,1
4021,8134,3087,video_call,42,3,6,0
4022,3778,2995,chat,26,4,8,1
4023,6509,3123,video_call,50,5,10,1
4024,9121,2460,chat,27,4,8,1
4025,5180,2995,video_call,26,2,4,0
4026,6833,2297,video_call,55,2,4,0
4027,6825,4300,video_call,28,5,10,1
4028,5640,2256,video_call,28,4,8,1
4029,8221,2881,chat,17,5,10,1
4030,7667,770,video_call,52,3,6,0
4031,2423,2653,video_call,25,5,10,1
4032,6905,1072,video_call,46,5,10,1
4033,8737,2172,chat,32,2,4,0
4034,7959,4405,chat,16,2,4,0
4035,6462,1750,chat,39,5,10,1
4036,8288,253,chat,20,2,4,0
4037,277,3517,chat,21,2,4,0
4038,4669,2720,video_call,19,3,6,0
4039,2310,1806,video_call,23,1,2,0
4040,5709,3798,video_call,10,3,6,0
4041,4276,4708,video_call,49,5,10,1
4042,2136,4407,video_call,43,5,10,1
4043,5147,1936,chat,17,4,8,1
4044,9967,4582,video_call,30,5,10,1
4045,3930,712,chat,29,5,10,1
4046,7174,438,video_call,42,5,10,1
4047,8841,4553,chat,37,1,2,0
4048,4793,400,chat,37,4,8,1
4049,5063,3239,video_call,34,4,8,1
4050,3605,2595,chat,38,4,8,1
4051,5346,808,video_call,49,5,10,1
4052,6058,1356,chat,39,5,10,1
4053,5043,2947,video_call,30,4,8,1
4054,4646,3223,chat,12,5,10,1
4055,7950,941,chat,17,5,10,1
4056,4500,143,chat,36,1,2,0
4057,3175,638,chat,42,4,8,1
4058,7993,477,video_call,41,2,4,0
4059,4133,1095,video_call,27,5,10,1
4060,9780,3482,video_call,50,2,4,0
4061,1001,369,chat,18,4,8,1
4062,850,2693,chat,12,3,6,0
4063,8093,3500,video_call,12,2,4,0
4064,1704,793,video_call,41,5,10,1
4065,7151,947,chat,16,2,4,0
4066,1087,1750,video_call,42,1,2,0
4067,8518,4826,chat,40,5,10,1
4068,2868,3374,chat,32,1,2,0
4069,1587,2771,video_call,29,5,10,1
4070,6283,152,chat,26,1,2,0
4071,6786,2805,video_call,14,2,4,0
4072,4652,565,chat,40,2,4,0
4073,8104,668,video_call,56,5,10,1
4074,5980,1192,video_call,38,1,2,0
4075,8777,3531,chat,36,5,10,1
4076,3205,283,chat,37,4,8,1
4077,1981,52,chat,25,5,10,1
4078,5894,3317,video_call,40,4,8,1
4079,3371,4905,video_call,43,5,10,1
4080,7448,1922,chat,8,4,8,1
4081,4810,721,chat,26,5,10,1
4082,7330,3430,video_call,47,3,6,0
4083,8478,1599,video_call,13,5,10,1
4084,5238,3211,chat,21,5,10,1
4085,658,3217,chat,24,4,8,1
4086,6097,2057,video_call,48,5,10,1
4087,2191,616,video_call,50,3,6,0
4088,9377,1180,chat,11,4,8,1
4089,6388,660,chat,14,4,8,1
4090,3936,3890,chat,27,4,8,1
4091,1845,2573,chat,38,4,8,1
4092,2274,793,video_call,53,5,10,1
4093,356,2432,chat,42,2,4,0
4094,8354,2059,video_call,15,4,8,1
4095,7754,4400,video_call,30,2,4,0
4096,1252,4820,video_call,57,1,2,0
4097,5446,843,video_call,15,4,8,1
4098,5135,4529,chat,29,4,8,1
4099,8988,4788,chat,25,2,4,0
4100,2109,983,video_call,47,5,10,1
4101,5668,4881,video_call,13,1,2,0
4102,5199,2594,chat,34,5,10,1
4103,5326,3457,chat,27,5,10,1
4104,6530,668,video_call,52,5,10,1
4105,561,3714,video_call,44,2,4,0
4106,2737,3332,chat,31,3,6,0
4107,1296,248,video_call,47,2,4,0
4108,5578,1454,video_call,15,1,2,0
4109,8480,319,chat,44,5,10,1
4110,3022,2954,video_call,23,5,10,1
4111,519,4892,video_call,52,5,10,1
4112,1779,2761,video_call,23,2,4,0
4113,9130,768,video_call,19,5,10,1
4114,3685,536,chat,10,4,8,1
4115,4882,116,video_call,42,3,6,0
4116,5467,4851,video_call,56,5,10,1
4117,5968,1722,chat,6,2,4,0
4118,4614,2341,video_call,36,4,8,1
4119,5962,548,video_call,47,4,8,1
4120,7964,2274,video_call,34,5,10,1
4121,7621,4770,video_call,57,5,10,1
4122,9700,2909,video_call,22,5,10,1
4123,9980,4284,chat,36,2,4,0
4124,9289,4691,video_call,10,4,8,1
4125,1710,2859,chat,7,2,4,0
4126,3129,4667,chat,40,3,6,0
4127,8841,3419,video_call,33,2,4,0
4128,8445,3737,chat,24,5,10,1
4129,9240,3000,video_call,48,2,4,0
4130,3455,4336,video_call,24,4,8,1
4131,6329,3333,video_call,12,5,10,1
4132,6837,1567,chat,30,3,6,0
4133,4297,4121,video_call,25,2,4,0
4134,2876,328,chat,38,3,6,0
4135,5324,2295,chat,17,2,4,0
4136,7539,4913,video_call,53,4,8,1
4137,14,1786,video_call,59,3,6,0
4138,5716,3687,video_call,45,1,2,0
4139,742,2191,video_call,30,5,10,1
4140,7592,4007,chat,11,5,10,1
4141,579,3953,chat,21,3,6,0
4142,6335,83,chat,17,2,4,0
4143,17,534,chat,12,2,4,0
4144,3568,1758,video_call,44,3,6,0
4145,8645,4594,chat,19,5,10,1
4146,6969,3076,chat,22,2,4,0
4147,9736,1801,video_call,12,1,2,0
4148,2687,540,video_call,31,3,6,0
4149,9263,4265,chat,32,1,2,0
4150,4509,1160,video_call,22,1,2,0
4151,6373,4355,chat,26,5,10,1
4152,8034,3707,video_call,48,2,4,0
4153,5732,2434,chat,26,3,6,0
4154,8982,3172,video_call,55,5,10,1
4155,8694,888,chat,42,4,8,1
4156,8987,4052,chat,40,5,10,1
4157,1991,4589,video_call,44,5,10,1
4158,2785,1457,video_call,16,5,10,1
4159,2213,1668,chat,26,3,6,0
4160,4052,3640,chat,21,3,6,0
4161,9265,3645,chat,37,3,6,0
4162,7328,688,chat,27,5,10,1
4163,5975,2211,chat,42,5,10,1
4164,6020,812,video_call,40,5,10,1
4165,1833,1632,video_call,32,4,8,1
4166,8442,2535,chat,10,5,10,1
4167,8377,2219,video_call,50,5,10,1
4168,3292,1299,chat,33,1,2,0
4169,3858,2623,chat,10,4,8,1
4170,27,903,chat,42,4,8,1
4171,2820,4941,video_call,50,1,2,0
4172,1371,4784,chat,40,1,2,0
4173,2445,4440,chat,33,2,4,0
4174,1388,734,chat,25,4,8,1
4175,6769,1494,chat,44,4,8,1
4176,9029,4048,video_call,15,4,8,1
4177,5760,3883,chat,9,5,10,1
4178,7714,932,chat,36,2,4,0
4179,9832,146,chat,42,5,10,1
4180,1917,2155,video_call,20,2,4,0
4181,96,2224,video_call,42,5,10,1
4182,4753,3864,video_call,18,2,4,0
4183,4464,295,chat,9,4,8,1
4184,1804,1834,video_call,53,4,8,1
4185,8881,4283,chat,9,5,10,1
4186,8471,912,video_call,21,2,4,0
4187,484,1534,video_call,45,1,2,0
4188,7616,1940,chat,41,5,10,1
4189,3850,3354,video_call,41,2,4,0
4190,5467,437,chat,34,1,2,0
4191,4003,1989,chat,42,2,4,0
4192,4190,2800,video_call,37,3,6,0
4193,3536,2828,chat,23,5,10,1
4194,4529,1583,chat,12,2,4,0
4195,6221,816,video_call,35,5,10,1
4196,2453,2085,video_call,55,5,10,1
4197,4189,431,video_call,24,4,8,1
4198,9400,3229,chat,15,5,10,1
4199,5903,4789,chat,27,5,10,1
4200,8301,838,video_call,15,1,2,0
4201,4642,1550,video_call,30,4,8,1
4202,3575,1538,video_call,19,2,4,0
4203,7124,190,video_call,42,4,8,1
4204,1026,4690,chat,9,4,8,1
4205,9233,420,video_call,37,5,10,1
4206,9094,1001,chat,25,4,8,1
4207,6694,858,video_call,43,4,8,1
4208,915,1572,chat,28,1,2,0
4209,2562,1068,chat,13,5,10,1
4210,7127,1609,video_call,42,5,10,1
4211,9272,3009,video_call,60,5,10,1
4212,8953,4044,video_call,37,5,10,1
4213,703,1555,chat,11,1,2,0
4214,8604,1025,chat,41,5,10,1
4215,4553,1581,chat,35,3,6,0
4216,3148,4720,chat,38,1,2,0
4217,4424,3139,video_call,43,2,4,0
4218,2718,4979,video_call,51,1,2,0
4219,1249,1848,video_call,30,5,10,1
4220,1940,3427,chat,14,2,4,0
4221,7599,3352,video_call,31,1,2,0
4222,527,314,video_call,15,3,6,0
4223,9276,1490,chat,24,5,10,1
4224,3672,4359,chat,33,5,10,1
4225,2000,1957,chat,21,5,10,1
4226,48,3425,video_call,36,3,6,0
4227,1584,2949,chat,10,2,4,0
4228,1178,3631,video_call,15,5,10,1
4229,2960,2664,video_call,44,5,10,1
4230,3314,2338,video_call,28,5,10,1
4231,9272,3707,video_call,12,1,2,0
4232,7588,1449,chat,17,2,4,0
4233,3031,4572,chat,36,2,4,0
4234,3422,4078,chat,9,5,10,1
4235,1138,2896,chat,12,4,8,1
4236,5531,3037,video_call,44,5,10,1
4237,2205,1451,video_call,51,2,4,0
4238,8725,1819,video_call,27,2,4,0
4239,6928,2326,video_call,53,4,8,1
4240,8085,1645,video_call,45,4,8,1
4241,3946,383,video_call,25,4,8,1
4242,2568,2882,video_call,41,2,4,0
4243,3844,2772,chat,7,5,10,1
4244,9124,4736,video_call,51,5,10,1
4245,9599,1384,video_call,38,1,2,0
4246,9829,2839,video_call,12,1,2,0
4247,8536,2962,video_call,44,3,6,0
4248,2910,2295,video_call,54,2,4,0
4249,673,4727,video_call,35,4,8,1
4250,8614,4836,chat,29,3,6,0
4251,1984,1052,chat,33,5,10,1
4252,940,390,video_call,56,5,10,1
4253,7927,2328,video_call,56,4,8,1
4254,1750,3051,video_call,29,2,4,0
4255,1572,4707,video_call,54,4,8,1
4256,4884,808,chat,24,5,10,1
4257,3554,1192,video_call,37,1,2,0
4258,3124,3976,chat,32,4,8,1
4259,3392,1836,chat,20,2,4,0
4260,6030,3185,video_call,34,2,4,0
4261,9216,2714,video_call,46,3,6,0
4262,1988,1822,video_call,50,2,4,0
4263,1608,4792,video_call,32,4,8,1
4264,8949,1123,chat,27,2,4,0
4265,896,3145,chat,44,1,2,0
4266,50,770,chat,22,1,2,0
4267,2644,605,video_call,42,5,10,1
4268,9682,2931,chat,5,3,6,0
4269,1033,3727,video_call,21,1,2,0
4270,5251,2927,chat,30,5,10,1
4271,6414,842,video_call,13,4,8,1
4272,6527,93,video_call,53,2,4,0
4273,1941,4251,video_call,34,5,10,1
4274,4683,2995,chat,26,5,10,1
4275,9451,1850,video_call,29,4,8,1
4276,282,1300,chat,5,3,6,0
4277,1747,2124,video_call,34,4,8,1
4278,2233,3640,video_call,40,3,6,0
4279,2965,1419,video_call,19,1,2,0
4280,4262,1752,chat,7,3,6,0
4281,2699,1146,chat,5,3,6,0
4282,7293,3308,chat,5,5,10,1
4283,6031,513,video_call,50,1,2,0
4284,2216,1644,video_call,52,2,4,0
4285,9346,574,video_call,26,4,8,1
4286,6587,954,video_call,22,4,8,1
4287,7883,3697,chat,8,5,10,1
4288,7592,2352,chat,40,5,10,1
4289,1702,2527,video_call,31,4,8,1
4290,5572,516,chat,38,2,4,0
4291,9137,1007,chat,43,5,10,1
4292,7808,4059,video_call,48,2,4,0
4293,6026,2685,chat,27,5,10,1
4294,4228,4470,chat,38,4,8,1
4295,9732,4384,chat,10,4,8,1
4296,6826,1737,chat,36,4,8,1
4297,5790,2163,video_call,49,5,10,1
4298,5473,1901,chat,19,5,10,1
4299,4355,4255,video_call,53,4,8,1
4300,9660,176,video_call,39,1,2,0
4301,3395,2249,chat,42,2,4,0
4302,7194,2035,chat,12,2,4,0
4303,7693,3158,video_call,11,4,8,1
4304,2686,2086,video_call,58,3,6,0
4305,9557,1813,video_call,14,3,6,0
4306,3612,2229,chat,44,5,10,1
4307,2833,619,video_call,24,3,6,0
4308,1559,3733,chat,8,2,4,0
4309,1934,578,video_call,15,1,2,0
4310,1945,1575,video_call,26,3,6,0
4311,4439,492,video_call,39,3,6,0
4312,4467,910,video_call,15,2,4,0
4313,6225,1651,video_call,33,4,8,1
4314,2193,1116,video_call,13,3,6,0
4315,1152,3651,video_call,53,4,8,1
4316,9177,416,chat,28,4,8,1
4317,7600,2866,chat,5,4,8,1
4318,2689,2372,video_call,50,4,8,1
4319,924,287,video_call,56,2,4,0
4320,4659,3560,video_call,28,4,8,1
4321,6925,3192,video_call,18,3,6,0
4322,3261,1318,video_call,13,1,2,0
4323,374,2292,video_call,58,5,10,1
4324,7071,737,chat,5,1,2,0
4325,7264,235,chat,12,1,2,0
4326,311,1701,chat,33,5,10,1
4327,5868,2895,chat,16,4,8,1
4328,8836,4498,chat,40,5,10,1
4329,718,2524,video_call,16,5,10,1
4330,1868,3150,video_call,38,5,10,1
4331,5953,3701,chat,20,5,10,1
4332,2478,2552,video_call,57,3,6,0
4333,3431,3033,video_call,23,3,6,0
4334,4376,196,chat,11,2,4,0
4335,6068,2997,chat,9,5,10,1
4336,1811,4341,video_call,32,4,8,1
4337,133,2056,video_call,31,5,10,1
4338,89,563,video_call,21,5,10,1
4339,125,3578,chat,40,1,2,0
4340,8385,1229,video_call,25,5,10,1
4341,3277,25,video_call,27,4,8,1
4342,3349,4064,chat,43,1,2,0
4343,7417,4749,chat,18,5,10,1
4344,1824,4825,chat,20,5,10,1
4345,3306,1643,video_call,60,5,10,1
4346,1015,1485,chat,22,5,10,1
4347,1202,1449,chat,45,2,4,0
4348,6549,1010,chat,39,3,6,0
4349,5550,1025,video_call,18,4,8,1
4350,6756,4952,chat,23,5,10,1
4351,3595,917,video_call,24,3,6,0
4352,1047,2996,chat,36,2,4,0
4353,3831,3012,chat,21,5,10,1
4354,932,234,video_call,55,1,2,0
4355,9978,983,chat,38,3,6,0
4356,8962,224,video_call,45,3,6,0
4357,7009,364,chat,41,2,4,0
4358,1733,4120,video_call,17,2,4,0
4359,8923,2049,video_call,32,3,6,0
4360,2349,4825,video_call,16,5,10,1
4361,847,796,video_call,10,2,4,0
4362,1173,996,video_call,32,1,2,0
4363,2495,2100,video_call,20,4,8,1
4364,3785,2429,chat,25,5,10,1
4365,8083,1341,video_call,31,3,6,0
4366,5592,4576,video_call,40,4,8,1
4367,3892,2618,video_call,26,2,4,0
4368,273,4461,chat,45,2,4,0
4369,6745,4380,video_call,40,5,10,1
4370,8907,1545,video_call,18,3,6,0
4371,8159,3401,chat,22,2,4,0
4372,4122,3844,chat,33,4,8,1
4373,2302,4721,video_call,44,3,6,0
4374,6033,3848,video_call,31,4,8,1
4375,3853,46,video_call,37,5,10,1
4376,2333,3721,chat,42,4,8,1
4377,8822,4461,video_call,58,4,8,1
4378,8052,4880,video_call,43,5,10,1
4379,4030,4695,video_call,56,5,10,1
4380,4019,766,video_call,11,3,6,0
4381,1041,3212,video_call,35,5,10,1
4382,2030,490,chat,31,4,8,1
4383,4818,2398,video_call,47,4,8,1
4384,2999,607,video_call,13,1,2,0
4385,881,3574,video_call,59,2,4,0
4386,4027,3465,video_call,31,4,8,1
4387,2574,1837,video_call,17,4,8,1
4388,3025,1233,chat,43,1,2,0
4389,5840,947,chat,20,4,8,1
4390,1314,3809,chat,25,5,10,1
4391,1531,3709,video_call,34,2,4,0
4392,7291,1615,video_call,46,4,8,1
4393,4312,2543,chat,10,2,4,0
4394,4875,314,video_call,35,2,4,0
4395,2028,561,video_call,23,5,10,1
4396,6040,3850,video_call,13,4,8,1
4397,9097,2596,video_call,57,2,4,0
4398,6524,1638,video_call,33,5,10,1
4399,6424,4976,video_call,31,2,4,0
4400,8752,1538,video_call,45,5,10,1
4401,3050,3199,video_call,33,5,10,1
4402,7181,2479,video_call,11,2,4,0
4403,708,2529,video_call,14,1,2,0
4404,6702,710,video_call,45,4,8,1
4405,9333,3754,video_call,24,5,10,1
4406,5663,282,chat,6,3,6,0
4407,766,3376,chat,31,5,10,1
4408,3103,710,video_call,32,4,8,1
4409,9474,103,chat,13,4,8,1
4410,6728,2913,video_call,42,4,8,1
4411,9886,1171,chat,14,5,10,1
4412,7965,1797,video_call,35,1,2,0
4413,9808,2041,video_call,59,1,2,0
4414,2661,252,video_call,36,4,8,1
4415,4903,3463,chat,10,5,10,1
4416,8181,1042,chat,39,2,4,0
4417,6096,972,video_call,42,3,6,0
4418,2431,2560,chat,6,1,2,0
4419,9881,1645,chat,12,4,8,1
4420,8270,3339,chat,32,5,10,1
4421,1594,4680,chat,32,2,4,0
4422,3752,2027,video_call,32,4,8,1
4423,7437,1338,video_call,18,2,4,0
4424,7767,2634,video_call,12,1,2,0
4425,3356,162,chat,5,4,8,1
4426,6086,2274,chat,17,5,10,1
4427,9758,2416,chat,14,5,10,1
4428,8673,937,chat,38,1,2,0
4429,7095,853,video_call,36,5,10,1
4430,6878,1978,video_call,32,5,10,1
4431,3251,3261,video_call,49,5,10,1
4432,962,518,video_call,15,4,8,1
4433,8952,224,video_call,37,5,10,1
4434,9306,465,video_call,48,2,4,0
4435,471,169,video_call,43,4,8,1
4436,8545,1417,chat,39,5,10,1
4437,7165,723,chat,5,4,8,1
4438,5499,3591,video_call,38,2,4,0
4439,6904,2043,chat,44,5,10,1
4440,8163,2919,chat,38,5,10,1
4441,2500,3708,chat,42,5,10,1
4442,2991,4556,video_call,55,2,4,0
4443,4263,2664,video_call,45,2,4,0
4444,6175,2698,video_call,52,5,10,1
4445,8658,2745,chat,18,1,2,0
4446,6714,3344,chat,30,4,8,1
4447,9643,209,video_call,11,5,10,1
4448,9625,27,video_call,44,2,4,0
4449,9723,948,video_call,39,1,2,0
4450,5818,123,chat,18,1,2,0
4451,1442,4733,chat,34,5,10,1
4452,3687,3352,chat,19,4,8,1
4453,8890,1927,video_call,32,5,10,1
4454,4828,3556,video_call,45,5,10,1
4455,5236,1492,chat,29,4,8,1
4456,3187,3355,chat,30,5,10,1
4457,6755,4404,video_call,43,5,10,1
4458,7823,3264,video_call,34,5,10,1
4459,233,2541,video_call,18,3,6,0
4460,3912,4710,chat,33,5,10,1
4461,6535,4137,video_call,45,1,2,0
4462,7459,775,chat,37,4,8,1
4463,5877,2214,video_call,46,5,10,1
4464,3532,398,video_call,20,1,2,0
4465,9588,3934,chat,32,3,6,0
4466,8267,373,video_call,10,5,10,1
4467,7408,2850,chat,42,2,4,0
4468,8802,1094,video_call,45,5,10,1
4469,3310,4300,video_call,46,4,8,1
4470,3238,3046,video_call,11,5,10,1
4471,5934,2656,chat,20,4,8,1
4472,4339,2669,video_call,35,5,10,1
4473,4385,14,chat,29,1,2,0
4474,2699,618,video_call,31,5,10,1
4475,8839,69,chat,10,5,10,1
4476,1565,4516,video_call,25,2,4,0
4477,4505,1399,chat,9,2,4,0
4478,7154,2689,chat,27,2,4,0
4479,9810,4439,chat,21,2,4,0
4480,639,667,video_call,29,4,8,1
4481,9600,691,video_call,50,2,4,0
4482,5403,4584,chat,24,4,8,1
4483,7613,4336,chat,37,5,10,1
4484,1790,1427,chat,21,1,2,0
4485,6186,3801,chat,12,2,4,0
4486,4707,2205,video_call,31,5,10,1
4487,6218,2872,video_call,37,5,10,1
4488,9677,846,chat,45,5,10,1
4489,1509,1263,video_call,27,3,6,0
4490,5313,4575,chat,43,4,8,1
4491,5732,1125,video_call,29,2,4,0
4492,8819,4831,video_call,43,1,2,0
4493,3273,2458,chat,24,1,2,0
4494,1412,760,video_call,29,1,2,0
4495,8471,3576,video_call,22,3,6,0
4496,518,210,video_call,37,2,4,0
4497,9478,2256,chat,28,1,2,0
4498,147,2004,video_call,43,4,8,1
4499,3952,802,chat,13,5,10,1
4500,8773,1275,video_call,20,5,10,1
4501,5215,4708,video_call,54,5,10,1
4502,2404,409,video_call,48,5,10,1
4503,3177,4510,video_call,43,5,10,1
4504,3086,4771,video_call,30,2,4,0
4505,5357,1904,chat,15,5,10,1
4506,6060,2640,chat,40,4,8,1
4507,2350,198,video_call,53,2,4,0
4508,8627,1844,chat,34,4,8,1
4509,2809,2494,chat,40,5,10,1
4510,4434,618,video_call,21,5,10,1
4511,9824,3040,video_call,45,2,4,0
4512,6556,1381,video_call,28,2,4,0
4513,6269,1536,video_call,50,3,6,0
4514,4134,1637,video_call,20,1,2,0
4515,8421,4214,video_call,13,4,8,1
4516,1063,1800,chat,28,4,8,1
4517,4264,2628,video_call,26,4,8,1
4518,319,821,chat,12,5,10,1
4519,9368,4574,video_call,10,5,10,1
4520,1721,402,video_call,29,5,10,1
4521,1150,2977,chat,17,4,8,1
4522,1699,3850,video_call,10,4,8,1
4523,1620,4888,video_call,26,3,6,0
4524,9100,3034,video_call,48,4,8,1
4525,7891,2895,video_call,19,5,10,1
4526,9091,2640,video_call,17,3,6,0
4527,5196,2902,chat,33,3,6,0
4528,4486,725,video_call,19,3,6,0
4529,3135,49,video_call,49,2,4,0
4530,7862,2136,chat,37,5,10,1
4531,2,3021,video_call,19,3,6,0
4532,4470,665,chat,35,3,6,0
4533,1934,362,video_call,19,2,4,0
4534,756,1903,video_call,10,5,10,1
4535,2083,4870,video_call,41,5,10,1
4536,1700,2212,video_call,60,5,10,1
4537,8328,1025,chat,43,5,10,1
4538,6258,3706,chat,23,5,10,1
4539,3194,2167,video_call,40,1,2,0
4540,6941,1768,chat,37,1,2,0
4541,8482,3560,chat,30,2,4,0
4542,9469,139,chat,25,5,10,1
4543,4302,4341,video_call,51,5,10,1
4544,1373,677,chat,39,5,10,1
4545,9259,3535,chat,13,5,10,1
4546,8647,1218,video_call,18,4,8,1
4547,7150,3663,video_call,53,2,4,0
4548,2473,767,video_call,47,4,8,1
4549,7365,3332,video_call,19,4,8,1
4550,1552,4627,chat,24,2,4,0
4551,3218,4096,chat,14,5,10,1
4552,9294,812,chat,23,4,8,1
4553,7573,3130,video_call,52,1,2,0
4554,9189,4004,chat,31,5,10,1
4555,404,1912,video_call,11,5,10,1
4556,786,3873,video_call,37,5,10,1
4557,8513,3944,video_call,18,1,2,0
4558,9056,2358,video_call,23,5,10,1
4559,9861,4876,video_call,55,3,6,0
4560,9268,1017,video_call,47,1,2,0
4561,9123,4890,chat,42,3,6,0
4562,6455,2839,video_call,39,4,8,1
4563,1033,4216,video_call,21,1,2,0
4564,623,2971,video_call,18,4,8,1
4565,3425,1670,chat,36,5,10,1
4566,5837,1190,video_call,34,5,10,1
4567,1358,2110,video_call,60,1,2,0
4568,7055,2232,chat,10,2,4,0
4569,1201,2030,chat,33,3,6,0
4570,2763,1992,video_call,38,1,2,0
4571,5357,4563,video_call,47,4,8,1
4572,718,1038,chat,9,1,2,0
4573,4757,3993,video_call,51,2,4,0
4574,7662,3747,chat,42,5,10,1
4575,9062,2142,video_call,23,5,10,1
4576,218,2851,video_call,24,2,4,0
4577,4250,4224,chat,7,3,6,0
4578,3240,3612,chat,36,5,10,1
4579,5025,1435,video_call,51,2,4,0
4580,9797,2200,video_call,25,3,6,0
4581,6790,3350,video_call,53,4,8,1
4582,5463,2206,video_call,60,5,10,1
4583,3023,4524,video_call,29,5,10,1
4584,8848,586,chat,42,3,6,0
4585,6811,2173,chat,27,2,4,0
4586,3669,4319,chat,12,4,8,1
4587,3347,1246,video_call,25,2,4,0
4588,9921,1913,video_call,36,5,10,1
4589,6193,2143,video_call,23,5,10,1
4590,8287,3278,chat,35,4,8,1
4591,8258,633,video_call,44,3,6,0
4592,6466,4668,video_call,52,5,10,1
4593,4023,278,video_call,42,4,8,1
4594,6800,4881,chat,23,3,6,0
4595,8038,1343,chat,24,4,8,1
4596,2316,4683,video_call,55,5,10,1
4597,4500,3941,chat,23,1,2,0
4598,1645,2857,chat,37,5,10,1
4599,6126,2783,video_call,44,3,6,0
4600,8119,691,video_call,57,2,4,0
4601,3441,1717,video_call,13,2,4,0
4602,871,4411,video_call,13,3,6,0
4603,1370,849,video_call,46,5,10,1
4604,6528,931,chat,18,4,8,1
4605,9409,3600,chat,16,3,6,0
4606,3403,4902,chat,26,5,10,1
4607,1729,3869,chat,22,3,6,0
4608,2931,905,chat,7,3,6,0
4609,9835,867,video_call,10,3,6,0
4610,1986,3678,chat,34,2,4,0
4611,6369,4008,video_call,39,1,2,0
4612,9208,2563,chat,6,3,6,0
4613,6219,1569,video_call,18,5,10,1
4614,9704,1516,video_call,34,1,2,0
4615,9683,4183,chat,21,2,4,0
4616,2924,3219,chat,35,1,2,0
4617,7745,3192,video_call,58,4,8,1
4618,2299,3792,chat,33,5,10,1
4619,1274,4281,chat,7,2,4,0
4620,1023,729,chat,19,2,4,0
4621,2542,4763,video_call,26,4,8,1
4622,9748,4936,chat,13,1,2,0
4623,7427,2954,video_call,15,4,8,1
4624,8554,2789,video_call,54,3,6,0
4625,6375,1230,video_call,18,4,8,1
4626,1162,2124,video_call,42,3,6,0
4627,3318,2848,video_call,44,1,2,0
4628,2662,675,chat,21,3,6,0
4629,936,594,chat,22,4,8,1
4630,1518,229,video_call,20,2,4,0
4631,6900,3667,chat,5,3,6,0
4632,2046,8,chat,43,3,6,0
4633,2893,4082,video_call,25,5,10,1
4634,7299,2508,video_call,52,5,10,1
4635,1553,4526,video_call,29,5,10,1
4636,2021,1966,video_call,17,5,10,1
4637,1475,43,video_call,11,2,4,0
4638,6880,706,video_call,59,5,10,1
4639,160,2930,video_call,10,2,4,0
4640,4694,2662,video_call,14,4,8,1
4641,2211,606,chat,9,5,10,1
4642,816,29,video_call,36,1,2,0
4643,1556,4650,chat,37,5,10,1
4644,7197,686,video_call,56,5,10,1
4645,6328,3396,chat,20,5,10,1
4646,7363,4447,chat,34,5,10,1
4647,1339,1572,video_call,43,3,6,0
4648,1306,1632,chat,42,5,10,1
4649,4823,3518,video_call,18,2,4,0
4650,1698,2804,video_call,40,2,4,0
4651,1458,1175,chat,31,1,2,0
4652,2930,4149,chat,18,5,10,1
4653,1312,867,chat,25,2,4,0
4654,7539,3961,video_call,38,4,8,1
4655,7952,1022,video_call,26,2,4,0
4656,8880,4921,chat,25,5,10,1
4657,3574,2224,chat,40,5,10,1
4658,2907,132,chat,38,2,4,0
4659,3735,1618,chat,35,5,10,1
4660,8346,3269,chat,20,5,10,1
4661,2974,852,video_call,60,5,10,1
4662,7695,1389,chat,34,5,10,1
4663,7960,4030,video_call,59,1,2,0
4664,3941,1528,video_call,11,1,2,0
4665,7270,178,video_call,30,4,8,1
4666,8410,3764,chat,23,4,8,1
4667,953,526,chat,20,3,6,0
4668,8805,4677,chat,35,5,10,1
4669,6492,808,chat,38,5,10,1
4670,8109,1184,video_call,56,3,6,0
4671,2808,4280,chat,28,5,10,1
4672,2911,878,chat,19,4,8,1
4673,3700,4706,video_call,41,2,4,0
4674,8400,1400,chat,37,2,4,0
4675,6763,3191,video_call,43,5,10,1
4676,609,2759,chat,37,4,8,1
4677,9429,548,video_call,30,4,8,1
4678,5711,3375,video_call,43,4,8,1
4679,3382,326,chat,42,3,6,0
4680,7172,4364,chat,5,5,10,1
4681,3104,1151,video_call,10,5,10,1
4682,6398,777,video_call,36,2,4,0
4683,3405,3540,video_call,44,3,6,0
4684,2219,2388,video_call,37,3,6,0
4685,6278,2029,video_call,38,5,10,1
4686,732,2503,video_call,39,5,10,1
4687,7001,1489,video_call,14,3,6,0
4688,3244,1397,video_call,50,5,10,1
4689,5329,2380,chat,20,3,6,0
4690,3292,1289,chat,29,4,8,1
4691,416,3744,chat,12,2,4,0
4692,4555,521,chat,26,5,10,1
4693,5253,3780,video_call,35,5,10,1
4694,4882,1510,video_call,57,4,8,1
4695,2900,1388,chat,39,5,10,1
4696,4835,3344,chat,10,5,10,1
4697,8563,4348,video_call,35,5,10,1
4698,7816,1696,video_call,47,2,4,0
4699,7887,4786,video_call,26,2,4,0
4700,2080,4578,chat,44,4,8,1
4701,3488,4804,chat,20,5,10,1
4702,7467,403,video_call,15,2,4,0
4703,9386,207,chat,6,2,4,0
4704,1291,1592,video_call,23,2,4,0
4705,6551,562,chat,22,1,2,0
4706,9818,4860,chat,20,5,10,1
4707,5896,1040,video_call,25,2,4,0
4708,1276,843,chat,12,4,8,1
4709,9491,3648,chat,41,3,6,0
4710,5623,66,video_call,27,5,10,1
4711,4460,1656,video_call,27,3,6,0
4712,2576,3314,video_call,59,1,2,0
4713,1215,3633,video_call,54,1,2,0
4714,7382,3613,chat,22,1,2,0
4715,9342,4517,chat,44,3,6,0
4716,9822,753,video_call,39,5,10,1
4717,1905,3278,chat,5,3,6,0
4718,972,116,video_call,23,2,4,0
4719,372,1966,video_call,39,5,10,1
4720,5643,3360,chat,37,4,8,1
4721,2720,1683,chat,39,5,10,1
4722,8682,1466,video_call,49,4,8,1
4723,9002,1438,video_call,35,5,10,1
4724,2084,1059,chat,24,4,8,1
4725,1886,1953,chat,36,5,10,1
4726,7229,927,video_call,25,3,6,0
4727,2785,1987,video_call,35,4,8,1
4728,530,3708,chat,20,1,2,0
4729,2977,2850,video_call,28,5,10,1
4730,2776,1588,chat,22,1,2,0
4731,3971,408,video_call,49,5,10,1
4732,4927,1426,video_call,56,4,8,1
4733,9682,832,chat,17,1,2,0
4734,3958,1008,video_call,31,4,8,1
4735,5377,3088,chat,34,4,8,1
4736,1006,3970,chat,21,4,8,1
4737,4733,3459,chat,28,2,4,0
4738,3934,1912,video_call,46,4,8,1
4739,2962,1352,video_call,25,4,8,1
4740,3004,2472,video_call,36,4,8,1
4741,9889,4320,chat,45,2,4,0
4742,9749,721,chat,12,2,4,0
4743,3442,1179,video_call,53,2,4,0
4744,7648,2499,video_call,56,4,8,1
4745,9649,3109,chat,39,2,4,0
4746,3138,1056,video_call,34,2,4,0
4747,5595,4276,video_call,24,5,10,1
4748,6489,821,video_call,17,4,8,1
4749,164,2958,chat,15,5,10,1
4750,8498,2271,chat,17,5,10,1
4751,4496,3259,video_call,59,5,10,1
4752,8194,2890,chat,28,4,8,1
4753,5189,2602,video_call,21,4,8,1
4754,7248,433,chat,8,1,2,0
4755,4370,606,video_call,29,5,10,1
4756,2038,4064,video_call,17,1,2,0
4757,4100,1766,video_call,37,5,10,1
4758,8345,3982,video_call,41,2,4,0
4759,7318,1244,video_call,42,2,4,0
4760,2591,814,chat,45,4,8,1
4761,413,382,chat,24,2,4,0
4762,3858,3402,video_call,25,5,10,1
4763,6923,2924,video_call,48,2,4,0
4764,1027,1505,chat,38,3,6,0
4765,7755,1402,video_call,31,4,8,1
4766,6210,1860,chat,18,5,10,1
4767,599,1222,video_call,33,5,10,1
4768,6524,2269,chat,36,4,8,1
4769,7524,3947,video_call,51,5,10,1
4770,4017,336,chat,40,5,10,1
4771,5578,2008,video_call,35,5,10,1
4772,8675,4656,video_call,37,2,4,0
4773,9993,2554,chat,17,4,8,1
4774,7231,2058,chat,30,2,4,0
4775,4820,1205,chat,6,2,4,0
4776,342,4086,chat,37,1,2,0
4777,9878,2982,chat,13,5,10,1
4778,2896,592,chat,30,4,8,1
4779,2098,3055,chat,40,5,10,1
4780,2024,1265,video_call,60,1,2,0
4781,9461,2236,video_call,12,2,4,0
4782,7914,1138,video_call,23,2,4,0
4783,7996,4522,video_call,13,3,6,0
4784,835,1216,chat,9,4,8,1
4785,732,201,video_call,46,3,6,0
4786,8626,4030,chat,10,4,8,1
4787,7967,3520,video_call,26,3,6,0
4788,6277,3142,chat,30,5,10,1
4789,2468,2373,video_call,33,5,10,1
4790,6524,927,video_call,15,1,2,0
4791,8837,1576,chat,15,3,6,0
4792,2200,1661,video_call,48,5,10,1
4793,8495,4589,video_call,48,4,8,1
4794,5052,353,chat,36,4,8,1
4795,5873,1054,chat,14,5,10,1
4796,2581,1769,video_call,21,4,8,1
4797,4897,4887,video_call,27,4,8,1
4798,4946,1843,chat,44,1,2,0
4799,3592,4292,chat,14,5,10,1
4800,6890,2289,video_call,52,4,8,1
4801,6879,2242,chat,30,5,10,1
4802,6994,1021,chat,18,3,6,0
4803,7644,1869,video_call,11,4,8,1
4804,9689,1800,chat,44,1,2,0
4805,8939,2083,video_call,46,2,4,0
4806,8962,2835,video_call,50,5,10,1
4807,8434,2698,chat,16,4,8,1
4808,864,238,video_call,13,2,4,0
4809,8681,4313,chat,14,5,10,1
4810,8891,3459,chat,27,1,2,0
4811,6170,81,chat,34,2,4,0
4812,3627,2510,chat,11,2,4,0
4813,9526,3052,chat,35,2,4,0
4814,8119,1374,video_call,21,5,10,1
4815,2601,4851,chat,33,5,10,1
4816,5732,1899,chat,18,4,8,1
4817,7890,1076,video_call,45,2,4,0
4818,7548,2807,video_call,23,5,10,1
4819,8138,1750,chat,27,1,2,0
4820,1143,49,video_call,15,5,10,1
4821,2968,3633,video_call,50,5,10,1
4822,5302,4792,chat,21,5,10,1
4823,370,1124,chat,30,5,10,1
4824,3921,1629,chat,33,5,10,1
4825,3510,1947,video_call,41,4,8,1
4826,4751,3085,chat,8,5,10,1
4827,8587,2360,chat,15,5,10,1
4828,7285,195,chat,22,3,6,0
4829,8138,2223,chat,20,5,10,1
4830,7501,1433,video_call,45,4,8,1
4831,4256,3364,video_call,38,4,8,1
4832,5686,1564,chat,13,4,8,1
4833,4120,2965,video_call,55,1,2,0
4834,9500,4339,video_call,55,5,10,1
4835,2763,4514,video_call,20,5,10,1
4836,119,3774,chat,9,5,10,1
4837,6778,1487,chat,26,5,10,1
4838,9605,989,video_call,36,1,2,0
4839,9777,658,chat,5,2,4,0
4840,9107,4869,chat,37,5,10,1
4841,2563,83,chat,9,3,6,0
4842,318,3003,chat,33,1,2,0
4843,7787,4758,video_call,16,5,10,1
4844,310,3892,video_call,22,1,2,0
4845,7137,99,video_call,23,3,6,0
4846,2001,3425,video_call,17,2,4,0
4847,7961,3157,video_call,53,2,4,0
4848,8013,3174,video_call,52,4,8,1
4849,5716,950,chat,24,5,10,1
4850,4463,2327,chat,17,3,6,0
4851,4821,3145,video_call,55,5,10,1
4852,1891,3858,chat,26,5,10,1
4853,5041,2744,video_call,29,1,2,0
4854,4046,3449,chat,14,5,10,1
4855,3197,3194,chat,11,2,4,0
4856,3647,2858,video_call,27,1,2,0
4857,2188,1567,video_call,15,4,8,1
4858,1729,3855,chat,26,2,4,0
4859,7189,1641,chat,16,4,8,1
4860,9813,1525,video_call,37,1,2,0
4861,9176,172,chat,23,5,10,1
4862,372,729,video_call,26,1,2,0
4863,7205,382,video_call,45,2,4,0
4864,9967,1922,video_call,42,5,10,1
4865,5417,315,video_call,39,3,6,0
4866,3244,1918,video_call,15,1,2,0
4867,7641,4302,chat,7,1,2,0
4868,5163,2387,video_call,16,1,2,0
4869,8384,507,chat,35,5,10,1
4870,4339,3959,chat,29,3,6,0
4871,4407,3513,chat,28,5,10,1
4872,3004,2371,chat,28,4,8,1
4873,1685,735,chat,15,5,10,1
4874,2647,4845,video_call,11,5,10,1
4875,8087,383,video_call,45,1,2,0
4876,1800,1047,video_call,17,2,4,0
4877,2833,3593,chat,30,3,6,0
4878,5852,4637,video_call,31,1,2,0
4879,8511,319,video_call,16,4,8,1
4880,6009,2146,video_call,19,4,8,1
4881,5370,2090,chat,45,1,2,0
4882,114,1936,chat,31,2,4,0
4883,4143,4858,video_call,53,3,6,0
4884,1739,1252,chat,6,1,2,0
4885,6585,743,video_call,48,2,4,0
4886,6869,711,video_call,47,5,10,1
4887,2865,1243,chat,33,3,6,0
4888,5030,4054,video_call,50,3,6,0
4889,9384,3258,video_call,20,2,4,0
4890,4656,208,video_call,24,5,10,1
4891,7234,2170,chat,11,1,2,0
4892,2646,1099,video_call,46,2,4,0
4893,6082,2727,video_call,13,4,8,1
4894,2850,3228,chat,38,2,4,0
4895,9852,3844,chat,44,4,8,1
4896,6161,4992,video_call,52,5,10,1
4897,5743,4461,video_call,40,5,10,1
4898,2300,422,chat,36,1,2,0
4899,1561,3564,chat,7,4,8,1
4900,1997,1511,chat,15,4,8,1
4901,5441,1043,chat,28,4,8,1
4902,5932,18,video_call,12,5,10,1
4903,4388,3388,video_call,33,1,2,0
4904,9628,2020,chat,17,5,10,1
4905,7928,935,chat,44,5,10,1
4906,1477,3080,chat,32,1,2,0
4907,5894,4676,chat,43,3,6,0
4908,3861,2260,video_call,58,5,10,1
4909,5330,1025,chat,20,2,4,0
4910,6252,147,chat,33,4,8,1
4911,2336,4573,video_call,12,1,2,0
4912,8246,2000,video_call,12,5,10,1
4913,4612,1951,chat,32,4,8,1
4914,6402,1628,video_call,56,5,10,1
4915,2197,1332,video_call,23,1,2,0
4916,2061,4784,video_call,46,3,6,0
4917,8872,4496,chat,10,2,4,0
4918,9531,3473,chat,20,4,8,1
4919,8522,2312,chat,41,5,10,1
4920,5702,3090,video_call,22,1,2,0
4921,2222,2685,chat,23,1,2,0
4922,8954,2208,video_call,32,5,10,1
4923,1358,3294,chat,26,5,10,1
4924,3531,2673,chat,29,1,2,0
4925,7116,4819,chat,34,1,2,0
4926,9917,1500,video_call,46,5,10,1
4927,1464,2214,chat,20,4,8,1
4928,9299,3868,chat,41,5,10,1
4929,8959,2327,chat,40,5,10,1
4930,8620,2214,video_call,34,1,2,0
4931,2847,987,video_call,47,3,6,0
4932,2296,2158,chat,5,3,6,0
4933,5507,3753,video_call,40,5,10,1
4934,9155,226,video_call,30,5,10,1
4935,9059,2501,chat,44,4,8,1
4936,7328,1061,chat,23,1,2,0
4937,4765,4825,chat,8,4,8,1
4938,9433,2870,video_call,39,1,2,0
4939,7006,2188,video_call,31,2,4,0
4940,6277,345,chat,35,3,6,0
4941,2960,2735,chat,25,5,10,1
4942,8052,4896,video_call,17,2,4,0
4943,9268,4331,video_call,29,1,2,0
4944,9495,473,video_call,49,5,10,1
4945,9101,1039,video_call,25,5,10,1
4946,2919,3819,video_call,13,2,4,0
4947,4445,1532,chat,39,4,8,1
4948,4794,4175,chat,19,4,8,1
4949,1227,6,video_call,17,5,10,1
4950,9270,3908,chat,9,2,4,0
4951,4648,1177,video_call,53,4,8,1
4952,2608,482,video_call,30,2,4,0
4953,3590,2444,video_call,48,4,8,1
4954,6185,4201,video_call,42,2,4,0
4955,3662,3701,video_call,10,5,10,1
4956,4000,3522,video_call,33,2,4,0
4957,2748,348,chat,33,3,6,0
4958,9490,4870,video_call,31,2,4,0
4959,5201,3315,video_call,36,3,6,0
4960,9581,3804,chat,37,1,2,0
4961,2472,2082,video_call,19,2,4,0
4962,9686,3331,chat,43,5,10,1
4963,447,2704,chat,6,2,4,0
4964,8152,4956,chat,27,4,8,1
4965,4914,4207,video_call,55,5,10,1
4966,5541,2081,chat,27,5,10,1
4967,7180,2665,video_call,47,3,6,0
4968,363,786,video_call,36,4,8,1
4969,4766,4283,video_call,47,5,10,1
4970,5978,2471,video_call,26,4,8,1
4971,3581,3397,video_call,21,2,4,0
4972,7756,4976,video_call,34,5,10,1
4973,7189,4856,video_call,57,1,2,0
4974,6377,3449,video_call,42,2,4,0
4975,5570,640,video_call,57,5,10,1
4976,6019,662,video_call,28,3,6,0
4977,6874,3961,chat,31,5,10,1
4978,6608,670,chat,38,4,8,1
4979,2557,4123,chat,20,4,8,1
4980,7882,2213,chat,22,5,10,1
4981,3517,4014,video_call,57,2,4,0
4982,2193,381,chat,20,1,2,0
4983,3103,127,chat,26,1,2,0
4984,7362,330,video_call,16,3,6,0
4985,779,1003,video_call,43,4,8,1
4986,7911,2081,chat,43,4,8,1
4987,8272,4281,chat,27,5,10,1
4988,57,3299,chat,18,2,4,0
4989,8375,165,video_call,20,4,8,1
4990,8127,1401,video_call,35,2,4,0
4991,2956,1851,video_call,43,3,6,0
4992,4212,496,video_call,26,5,10,1
4993,20,4052,video_call,36,5,10,1
4994,5798,2624,video_call,49,5,10,1
4995,5275,2114,chat,43,4,8,1
4996,3465,1191,video_call,14,5,10,1
4997,9315,1324,chat,23,4,8,1
4998,3469,3142,chat,40,4,8,1
4999,6917,1203,chat,6,4,8,1
5000,3425,899,chat,7,1,2,0
5001,1308,118,chat,41,5,10,1
5002,9941,2746,video_call,28,2,4,0
5003,3032,1884,chat,14,3,6,0
5004,5700,2472,video_call,20,3,6,0
5005,6937,2752,chat,40,2,4,0
5006,1351,4616,video_call,34,2,4,0
5007,7265,2042,video_call,22,2,4,0
5008,904,2380,video_call,59,3,6,0
5009,9006,623,chat,36,5,10,1
5010,7841,1093,video_call,41,3,6,0
5011,1888,2572,chat,42,2,4,0
5012,631,4639,chat,23,2,4,0
5013,9245,3132,chat,17,5,10,1
5014,1471,543,video_call,51,2,4,0
5015,4398,2820,video_call,58,5,10,1
5016,8322,3012,video_call,60,2,4,0
5017,673,1590,chat,35,4,8,1
5018,8280,2445,video_call,46,5,10,1
5019,3030,2058,video_call,25,5,10,1
5020,8148,2923,chat,13,2,4,0
5021,3609,2838,chat,25,5,10,1
5022,3336,2607,video_call,49,5,10,1
5023,159,3008,video_call,51,4,8,1
5024,5467,3951,video_call,50,4,8,1
5025,557,3615,video_call,45,5,10,1
5026,1990,4543,chat,42,5,10,1
5027,1542,1818,video_call,45,4,8,1
5028,5507,3655,video_call,44,1,2,0
5029,5647,4281,chat,29,5,10,1
5030,7965,390,chat,30,4,8,1
5031,8214,3227,video_call,19,4,8,1
5032,9760,2347,chat,40,5,10,1
5033,9540,21,chat,17,3,6,0
5034,9492,4973,video_call,59,2,4,0
5035,4921,2036,video_call,35,3,6,0
5036,2548,89,video_call,43,5,10,1
5037,7244,4953,chat,21,3,6,0
5038,1550,592,video_call,49,4,8,1
5039,4655,1152,video_call,27,2,4,0
5040,8275,2274,video_call,27,5,10,1
5041,3874,1791,chat,35,5,10,1
5042,5288,1215,video_call,12,2,4,0
5043,1124,488,video_call,59,5,10,1
5044,7761,1311,chat,18,4,8,1
5045,4934,1282,chat,5,3,6,0
5046,4192,1508,chat,28,3,6,0
5047,5131,4478,video_call,13,2,4,0
5048,1243,2871,chat,15,4,8,1
5049,3117,1300,video_call,37,1,2,0
5050,469,304,chat,26,5,10,1
5051,3466,1059,chat,30,2,4,0
5052,8992,1919,chat,27,1,2,0
5053,4426,4354,chat,39,2,4,0
5054,5714,4423,video_call,42,1,2,0
5055,3504,3350,chat,41,3,6,0
5056,9785,990,video_call,18,5,10,1
5057,5984,2636,video_call,26,4,8,1
5058,6310,2559,video_call,33,4,8,1
5059,6114,2363,chat,29,1,2,0
5060,769,4007,video_call,13,2,4,0
5061,8200,3793,chat,11,1,2,0
5062,1349,713,chat,40,2,4,0
5063,9492,879,chat,40,2,4,0
5064,1066,2663,video_call,51,4,8,1
5065,3264,2541,video_call,51,2,4,0
5066,6206,4494,chat,43,5,10,1
5067,4446,4345,chat,41,5,10,1
5068,9051,4185,video_call,60,5,10,1
5069,1699,3647,video_call,10,5,10,1
5070,4834,226,video_call,49,3,6,0
5071,1994,250,chat,5,1,2,0
5072,2735,4161,video_call,21,3,6,0
5073,7316,4857,video_call,38,4,8,1
5074,8382,3124,chat,33,3,6,0
5075,6616,552,video_call,58,1,2,0
5076,7571,983,chat,20,1,2,0
5077,6206,2509,video_call,27,5,10,1
5078,4045,1765,video_call,57,5,10,1
5079,5625,2484,chat,43,5,10,1
5080,8403,1130,video_call,47,4,8,1
5081,8273,3490,video_call,45,5,10,1
5082,5905,77,chat,38,3,6,0
5083,2457,532,video_call,55,4,8,1
5084,6808,2526,chat,34,5,10,1
5085,2327,54,video_call,42,5,10,1
5086,8043,2819,video_call,33,2,4,0
5087,6761,195,video_call,37,4,8,1
5088,2453,4122,video_call,42,4,8,1
5089,534,3436,video_call,53,3,6,0
5090,3812,2618,chat,17,5,10,1
5091,5405,3055,video_call,19,4,8,1
5092,303,4808,video_call,20,5,10,1
5093,3216,2333,video_call,42,4,8,1
5094,840,821,chat,9,4,8,1
5095,7987,680,chat,12,5,10,1
5096,6317,2450,chat,25,5,10,1
5097,8078,3218,video_call,32,1,2,0
5098,1812,4345,chat,25,2,4,0
5099,294,3537,video_call,22,4,8,1
5100,8952,4005,chat,14,5,10,1
5101,398,4077,chat,24,3,6,0
5102,9820,2554,chat,31,5,10,1
5103,5967,2387,video_call,12,1,2,0
5104,6170,3477,video_call,36,5,10,1
5105,3068,2213,video_call,24,2,4,0
5106,6043,4459,chat,39,1,2,0
5107,3497,1795,video_call,17,4,8,1
5108,8879,1020,video_call,11,3,6,0
5109,3782,3320,chat,32,2,4,0
5110,9284,3203,chat,6,1,2,0
5111,7912,374,chat,41,4,8,1
5112,6956,3285,video_call,30,2,4,0
5113,461,1085,chat,44,5,10,1
5114,8104,3209,chat,15,1,2,0
5115,702,3760,chat,43,2,4,0
5116,5234,3848,video_call,48,5,10,1
5117,4816,1783,chat,22,4,8,1
5118,5491,3607,chat,33,5,10,1
5119,4580,508,chat,13,4,8,1
5120,180,4234,video_call,21,4,8,1
5121,3526,4018,video_call,22,5,10,1
5122,9515,4126,chat,19,2,4,0
5123,2742,3189,chat,24,4,8,1
5124,5351,4178,chat,18,5,10,1
5125,398,4111,video_call,12,4,8,1
5126,9572,1201,chat,20,3,6,0
5127,829,2351,chat,36,5,10,1
5128,6251,351,video_call,18,1,2,0
5129,7311,917,video_call,33,3,6,0
5130,5473,4739,chat,39,3,6,0
5131,1759,4700,video_call,26,5,10,1
5132,5628,232,chat,14,5,10,1
5133,7902,4737,video_call,60,5,10,1
5134,5731,1359,video_call,12,4,8,1
5135,6789,1956,video_call,29,5,10,1
5136,7260,4750,chat,20,3,6,0
5137,3899,1414,chat,17,2,4,0
5138,1887,1180,video_call,33,2,4,0
5139,1518,2759,chat,19,4,8,1
5140,5313,15,video_call,32,5,10,1
5141,7719,2265,video_call,45,1,2,0
5142,1577,402,chat,40,3,6,0
5143,4346,294,video_call,60,5,10,1
5144,4721,4076,video_call,26,5,10,1
5145,7059,2127,chat,16,1,2,0
5146,6830,1198,video_call,26,1,2,0
5147,8132,814,chat,39,3,6,0
5148,8831,3899,chat,30,4,8,1
5149,1783,3136,chat,45,3,6,0
5150,1208,1120,video_call,38,4,8,1
5151,7666,3634,video_call,17,2,4,0
5152,2545,4950,video_call,16,5,10,1
5153,619,739,chat,24,3,6,0
5154,8306,2984,chat,42,5,10,1
5155,271,846,chat,10,1,2,0
5156,1227,1184,chat,15,3,6,0
5157,4066,3279,video_call,55,5,10,1
5158,1035,1394,video_call,56,4,8,1
5159,8110,2603,chat,45,3,6,0
5160,4348,1367,video_call,21,2,4,0
5161,6815,1351,video_call,27,5,10,1
5162,4513,4521,chat,19,2,4,0
5163,573,73,chat,42,5,10,1
5164,5705,834,chat,34,1,2,0
5165,7267,1224,video_call,28,3,6,0
5166,3979,3131,video_call,19,5,10,1
5167,7455,2411,chat,5,2,4,0
5168,8325,239,chat,25,2,4,0
5169,9915,4315,chat,23,1,2,0
5170,1594,330,video_call,33,4,8,1
5171,7872,393,video_call,59,2,4,0
5172,1531,1367,video_call,54,5,10,1
5173,7499,3625,video_call,11,5,10,1
5174,5588,704,video_call,52,3,6,0
5175,6920,2703,chat,45,3,6,0
5176,776,2071,video_call,37,5,10,1
5177,7781,3307,chat,36,1,2,0
5178,9327,1934,video_call,44,5,10,1
5179,2973,3523,video_call,40,3,6,0
5180,3088,4456,chat,24,4,8,1
5181,2406,4546,chat,23,3,6,0
5182,8582,4882,chat,45,4,8,1
5183,6484,852,chat,42,5,10,1
5184,473,1319,chat,40,2,4,0
5185,9461,115,video_call,36,1,2,0
5186,3352,3160,chat,18,2,4,0
5187,9895,2532,chat,44,3,6,0
5188,5530,3638,chat,43,2,4,0
5189,6181,2291,chat,25,4,8,1
5190,9745,3286,chat,12,4,8,1
5191,725,333,chat,45,2,4,0
5192,3900,3655,chat,14,3,6,0
5193,5368,3510,video_call,59,5,10,1
5194,8793,1003,video_call,15,5,10,1
5195,5813,172,video_call,19,5,10,1
5196,1034,895,chat,44,5,10,1
5197,4764,3083,chat,28,4,8,1
5198,6682,1800,video_call,35,5,10,1
5199,267,3646,video_call,14,5,10,1
5200,6369,4989,video_call,27,2,4,0
5201,478,3558,chat,37,1,2,0
5202,9439,428,chat,27,4,8,1
5203,3326,647,video_call,41,5,10,1
5204,265,3183,chat,32,1,2,0
5205,6076,2862,video_call,57,5,10,1
5206,758,4772,chat,18,1,2,0
5207,9476,2157,video_call,38,1,2,0
5208,2823,4888,video_call,54,5,10,1
5209,3567,4426,video_call,34,5,10,1
5210,973,2074,video_call,35,3,6,0
5211,5812,1527,chat,45,1,2,0
5212,292,2702,video_call,52,5,10,1
5213,680,832,video_call,16,5,10,1
5214,2278,10,chat,18,4,8,1
5215,9833,2387,video_call,20,5,10,1
5216,2857,1279,chat,19,5,10,1
5217,7150,4911,video_call,30,4,8,1
5218,6064,2216,chat,38,4,8,1
5219,5606,2003,video_call,10,1,2,0
5220,6746,1318,chat,24,3,6,0
5221,9060,4652,video_call,39,5,10,1
5222,4293,985,chat,41,2,4,0
5223,5006,3482,video_call,33,2,4,0
5224,3981,669,video_call,36,4,8,1
5225,1607,2811,chat,38,2,4,0
5226,7016,4415,chat,6,3,6,0
5227,4658,2761,chat,29,4,8,1
5228,5965,2779,video_call,28,1,2,0
5229,4822,855,video_call,32,3,6,0
5230,2092,2401,video_call,29,2,4,0
5231,9834,2238,chat,6,2,4,0
5232,9558,692,chat,7,5,10,1
5233,4021,2497,chat,29,5,10,1
5234,4987,919,video_call,11,4,8,1
5235,2484,1773,chat,32,4,8,1
5236,5752,1725,chat,8,5,10,1
5237,1165,2335,video_call,11,4,8,1
5238,8736,1740,video_call,39,5,10,1
5239,3707,4101,chat,15,4,8,1
5240,631,2210,video_call,17,5,10,1
5241,8436,1879,video_call,23,5,10,1
5242,312,4925,video_call,22,5,10,1
5243,1626,3509,video_call,53,2,4,0
5244,770,4660,video_call,24,2,4,0
5245,7361,4315,chat,41,4,8,1
5246,5930,3022,video_call,15,1,2,0
5247,9594,466,video_call,36,1,2,0
5248,7797,308,video_call,34,5,10,1
5249,4870,1344,video_call,40,4,8,1
5250,6536,4757,video_call,27,5,10,1
5251,1328,2561,video_call,45,4,8,1
5252,6544,1031,video_call,11,5,10,1
5253,4667,3052,video_call,38,3,6,0
5254,4988,4406,chat,18,2,4,0
5255,4971,4318,video_call,53,2,4,0
5256,7019,409,video_call,24,4,8,1
5257,3555,3973,chat,18,1,2,0
5258,9301,351,video_call,40,5,10,1
5259,9501,2272,video_call,19,5,10,1
5260,6169,4407,video_call,36,5,10,1
5261,2089,4542,video_call,17,1,2,0
5262,1357,2282,chat,23,2,4,0
5263,9638,265,video_call,15,4,8,1
5264,4441,4338,video_call,31,5,10,1
5265,5944,2899,chat,31,5,10,1
5266,5183,3443,chat,37,5,10,1
5267,3425,1564,chat,8,3,6,0
5268,109,4319,chat,42,3,6,0
5269,2431,1720,chat,42,4,8,1
5270,3273,4428,chat,11,4,8,1
5271,3620,1549,chat,11,1,2,0
5272,3350,4944,chat,9,5,10,1
5273,4817,4683,video_call,34,4,8,1
5274,8316,3664,chat,18,5,10,1
5275,6501,648,video_call,51,5,10,1
5276,7968,4007,chat,7,2,4,0
5277,6130,2962,video_call,51,4,8,1
5278,5449,2985,video_call,18,2,4,0
5279,8396,3916,video_call,32,3,6,0
5280,8721,2803,video_call,25,5,10,1
5281,4488,1961,video_call,20,4,8,1
5282,3383,2466,video_call,49,2,4,0
5283,3203,689,video_call,26,4,8,1
5284,594,3248,chat,44,5,10,1
5285,964,1842,chat,9,4,8,1
5286,3602,3670,chat,40,1,2,0
5287,7089,2282,video_call,23,5,10,1
5288,3842,3048,video_call,20,1,2,0
5289,1425,4004,chat,7,4,8,1
5290,3196,101,chat,23,5,10,1
5291,3087,2608,chat,27,3,6,0
5292,7123,3214,video_call,18,1,2,0
5293,7885,3472,chat,14,5,10,1
5294,8283,3542,video_call,48,5,10,1
5295,6682,385,chat,40,5,10,1
5296,7635,3960,chat,24,2,4,0
5297,5938,885,video_call,38,4,8,1
5298,9455,1533,video_call,11,2,4,0
5299,704,1039,video_call,52,1,2,0
5300,5132,702,video_call,52,1,2,0
5301,1935,1814,chat,39,5,10,1
5302,8071,3723,chat,34,5,10,1
5303,4576,4822,chat,29,2,4,0
5304,6121,385,video_call,46,2,4,0
5305,5970,2920,chat,14,5,10,1
5306,2931,1489,chat,17,2,4,0
5307,2525,1501,video_call,24,2,4,0
5308,989,1921,chat,9,1,2,0
5309,2712,2969,video_call,48,5,10,1
5310,620,4622,video_call,39,2,4,0
5311,7986,708,video_call,50,5,10,1
5312,3459,1526,video_call,18,2,4,0
5313,2929,3453,video_call,25,2,4,0
5314,2515,1316,video_call,26,2,4,0
5315,2655,2152,chat,45,2,4,0
5316,5836,4967,video_call,10,2,4,0
5317,7911,3416,video_call,44,3,6,0
5318,899,526,video_call,49,1,2,0
5319,513,807,video_call,36,2,4,0
5320,8597,4986,video_call,31,4,8,1
5321,862,290,video_call,50,5,10,1
5322,263,386,video_call,13,5,10,1
5323,3414,4315,video_call,35,4,8,1
5324,7861,4994,video_call,43,5,10,1
5325,353,2490,video_call,24,5,10,1
5326,9294,2864,video_call,25,1,2,0
5327,4334,3445,video_call,54,4,8,1
5328,9477,149,video_call,43,1,2,0
5329,2425,3389,chat,13,5,10,1
5330,8828,1320,video_call,16,5,10,1
5331,338,2437,chat,43,4,8,1
5332,8685,1940,chat,11,5,10,1
5333,6366,4221,video_call,34,4,8,1
5334,5564,819,video_call,27,1,2,0
5335,2062,489,video_call,42,4,8,1
5336,6941,775,chat,36,5,10,1
5337,3029,4970,video_call,52,4,8,1
5338,3721,4328,video_call,21,5,10,1
5339,9333,975,video_call,34,1,2,0
5340,8919,3198,chat,16,4,8,1
5341,6061,2782,video_call,19,5,10,1
5342,6931,36,chat,9,4,8,1
5343,7068,219,chat,17,5,10,1
5344,7295,2488,video_call,33,4,8,1
5345,5890,1884,video_call,12,2,4,0
5346,6764,2944,video_call,21,5,10,1
5347,3923,2624,chat,20,1,2,0
5348,6738,2244,video_call,59,1,2,0
5349,6073,1609,video_call,22,5,10,1
5350,2475,1510,video_call,19,2,4,0
5351,3817,4980,video_call,11,5,10,1
5352,5295,4009,video_call,50,4,8,1
5353,4884,3770,video_call,32,5,10,1
5354,1190,1745,video_call,15,2,4,0
5355,4257,2260,video_call,10,5,10,1
5356,3240,4223,chat,29,1,2,0
5357,4815,976,video_call,50,4,8,1
5358,8792,1277,video_call,46,4,8,1
5359,5468,2055,video_call,30,4,8,1
5360,8771,2914,video_call,32,5,10,1
5361,5966,3902,chat,22,5,10,1
5362,5107,2919,video_call,43,5,10,1
5363,8978,3344,video_call,19,5,10,1
5364,2446,2301,video_call,21,5,10,1
5365,9342,3700,chat,36,5,10,1
5366,6825,4498,video_call,42,1,2,0
5367,9769,2788,chat,17,4,8,1
5368,6503,4492,video_call,12,3,6,0
5369,7020,3960,chat,16,5,10,1
5370,5721,2551,video_call,24,4,8,1
5371,6277,939,video_call,34,4,8,1
5372,6884,4382,video_call,31,2,4,0
5373,8479,2678,video_call,50,1,2,0
5374,1265,3156,video_call,19,3,6,0
5375,6541,1348,chat,34,5,10,1
5376,6936,4085,chat,31,2,4,0
5377,9418,374,video_call,55,4,8,1
5378,4816,3101,chat,29,2,4,0
5379,5350,3806,video_call,41,4,8,1
5380,6422,1587,chat,37,2,4,0
5381,1205,2026,chat,36,4,8,1
5382,3035,2524,chat,18,5,10,1
5383,6743,3352,video_call,50,4,8,1
5384,8027,935,chat,8,2,4,0
5385,1663,609,video_call,14,3,6,0
5386,8544,201,video_call,57,5,10,1
5387,3283,2391,video_call,24,1,2,0
5388,1515,4529,video_call,44,3,6,0
5389,965,3114,chat,32,2,4,0
5390,3057,3686,chat,37,1,2,0
5391,2729,2205,chat,20,3,6,0
5392,8100,3292,chat,40,1,2,0
5393,4134,3443,chat,22,1,2,0
5394,2378,3051,chat,29,1,2,0
5395,1754,3685,video_call,34,5,10,1
5396,6901,2264,chat,44,2,4,0
5397,1735,1655,video_call,17,5,10,1
5398,99,4586,video_call,11,2,4,0
5399,3807,3514,video_call,11,2,4,0
5400,5718,1936,video_call,27,2,4,0
5401,5185,2363,video_call,29,1,2,0
5402,3298,2470,video_call,35,5,10,1
5403,2317,165,chat,5,5,10,1
5404,5957,423,video_call,45,4,8,1
5405,159,3357,video_call,38,5,10,1
5406,2352,1835,video_call,29,5,10,1
5407,7943,4628,video_call,51,4,8,1
5408,1489,2305,chat,42,2,4,0
5409,9743,4869,video_call,24,3,6,0
5410,8402,275,video_call,13,5,10,1
5411,6149,2580,video_call,48,5,10,1
5412,5471,1288,chat,39,2,4,0
5413,6775,233,video_call,15,4,8,1
5414,3566,1028,video_call,54,4,8,1
5415,6355,4770,video_call,58,5,10,1
5416,9527,752,chat,8,3,6,0
5417,5409,223,chat,42,5,10,1
5418,1362,4867,chat,5,4,8,1
5419,5979,1944,video_call,60,4,8,1
5420,5054,931,video_call,22,4,8,1
5421,2300,450,video_call,41,5,10,1
5422,9091,1706,video_call,18,4,8,1
5423,9656,3659,chat,11,5,10,1
5424,3398,1169,chat,38,2,4,0
5425,163,2480,video_call,58,2,4,0
5426,6262,3948,video_call,23,5,10,1
5427,7573,4655,chat,17,2,4,0
5428,1217,3681,chat,39,1,2,0
5429,4416,3713,video_call,20,4,8,1
5430,3015,3679,video_call,40,5,10,1
5431,4736,4833,chat,5,3,6,0
5432,1755,1110,chat,22,4,8,1
5433,529,2841,chat,35,5,10,1
5434,4169,2746,video_call,57,5,10,1
5435,2195,1570,video_call,59,3,6,0
5436,6062,3094,video_call,16,4,8,1
5437,5137,332,chat,38,4,8,1
5438,8283,2778,chat,41,4,8,1
5439,306,3061,chat,44,4,8,1
5440,4801,3209,chat,10,5,10,1
5441,3544,1261,video_call,23,3,6,0
5442,2303,2827,chat,38,1,2,0
5443,7457,1543,video_call,34,3,6,0
5444,8792,3973,chat,36,3,6,0
5445,2060,493,chat,20,4,8,1
5446,6454,858,chat,38,5,10,1
5447,1332,879,video_call,24,3,6,0
5448,9944,4172,video_call,35,5,10,1
5449,7729,1960,video_call,26,5,10,1
5450,3357,236,chat,33,5,10,1
5451,3893,495,chat,27,5,10,1
5452,6391,3113,chat,14,4,8,1
5453,5496,1069,video_call,46,5,10,1
5454,5322,2996,video_call,31,1,2,0
5455,5475,3082,video_call,51,1,2,0
5456,6449,4395,video_call,35,1,2,0
5457,2386,1945,chat,21,3,6,0
5458,8517,1486,video_call,40,5,10,1
5459,6349,358,video_call,33,5,10,1
5460,4327,4644,video_call,50,1,2,0
5461,7731,2184,chat,15,5,10,1
5462,7014,593,video_call,12,5,10,1
5463,9827,3193,video_call,32,2,4,0
5464,7416,4608,video_call,18,1,2,0
5465,5280,4967,video_call,47,5,10,1
5466,9863,3019,chat,32,2,4,0
5467,7888,1387,chat,22,2,4,0
5468,7272,3391,chat,15,5,10,1
5469,650,3898,chat,23,1,2,0
5470,8162,1408,video_call,16,5,10,1
5471,3841,3894,chat,6,2,4,0
5472,5098,950,video_call,34,4,8,1
5473,5349,3256,chat,15,1,2,0
5474,9842,2322,video_call,35,4,8,1
5475,1686,826,video_call,13,2,4,0
5476,858,2514,chat,38,5,10,1
5477,7662,4947,chat,14,4,8,1
5478,6980,3527,chat,29,5,10,1
5479,3029,3934,chat,39,1,2,0
5480,2582,435,chat,30,4,8,1
5481,1487,4627,chat,23,1,2,0
5482,1590,2022,video_call,10,1,2,0
5483,64,921,chat,5,3,6,0
5484,3465,2930,video_call,12,4,8,1
5485,7995,2783,video_call,53,2,4,0
5486,5775,252,video_call,26,3,6,0
5487,9871,1940,video_call,42,4,8,1
5488,7133,2867,video_call,42,5,10,1
5489,5578,696,video_call,52,3,6,0
5490,6208,1175,video_call,24,1,2,0
5491,107,939,chat,27,5,10,1
5492,741,2684,chat,41,3,6,0
5493,4387,1795,video_call,60,4,8,1
5494,737,466,video_call,12,1,2,0
5495,470,3825,video_call,36,5,10,1
5496,5347,2711,video_call,18,2,4,0
5497,3558,1803,chat,45,5,10,1
5498,1989,2098,video_call,24,4,8,1
5499,5153,2642,chat,19,5,10,1
5500,5473,3121,chat,26,1,2,0
5501,1185,4335,video_call,29,5,10,1
5502,7851,4647,video_call,32,1,2,0
5503,3241,449,video_call,14,3,6,0
5504,3662,2649,chat,22,5,10,1
5505,303,393,chat,6,3,6,0
5506,458,783,chat,15,3,6,0
5507,9842,3902,video_call,20,4,8,1
5508,7768,1118,video_call,46,2,4,0
5509,3395,2345,chat,31,2,4,0
5510,9979,1039,chat,23,5,10,1
5511,6079,4700,chat,29,5,10,1
5512,7501,4898,video_call,56,1,2,0
5513,444,3272,chat,10,4,8,1
5514,9104,1752,chat,11,5,10,1
5515,7663,3632,video_call,16,4,8,1
5516,7522,906,video_call,35,5,10,1
5517,384,1419,chat,22,5,10,1
5518,9769,2960,chat,5,5,10,1
5519,1973,3598,video_call,34,1,2,0
5520,2178,1441,video_call,55,5,10,1
5521,6849,1280,chat,44,5,10,1
5522,8142,2944,video_call,23,5,10,1
5523,3971,4037,chat,11,5,10,1
5524,1978,336,video_call,54,5,10,1
5525,6710,3843,video_call,37,4,8,1
5526,3987,2645,video_call,49,3,6,0
5527,6117,3314,video_call,22,5,10,1
5528,3920,3423,video_call,33,5,10,1
5529,8907,240,video_call,27,2,4,0
5530,8503,3312,video_call,49,5,10,1
5531,7327,1887,video_call,42,5,10,1
5532,8606,4278,chat,41,5,10,1
5533,4365,4288,chat,26,5,10,1
5534,233,2705,chat,24,3,6,0
5535,9266,2872,chat,5,2,4,0
5536,346,1817,video_call,56,3,6,0
5537,1460,79,video_call,47,1,2,0
5538,3312,3390,video_call,22,3,6,0
5539,4550,2831,chat,8,4,8,1
5540,9259,2667,video_call,43,5,10,1
5541,3795,4429,chat,15,2,4,0
5542,6061,851,video_call,28,5,10,1
5543,3690,294,chat,12,5,10,1
5544,7696,1687,video_call,50,2,4,0
5545,8797,942,video_call,30,2,4,0
5546,8476,92,video_call,54,2,4,0
5547,1069,1585,chat,7,5,10,1
5548,7957,62,chat,31,5,10,1
5549,3675,1083,chat,19,4,8,1
5550,6317,3746,chat,6,5,10,1
5551,4276,2665,video_call,18,3,6,0
5552,9551,4782,chat,34,5,10,1
5553,2909,97,video_call,34,2,4,0
5554,5599,3171,video_call,38,2,4,0
5555,5110,1821,video_call,12,2,4,0
5556,5948,56,video_call,40,3,6,0
5557,5499,3994,chat,24,5,10,1
5558,1468,58,chat,16,2,4,0
5559,169,779,chat,38,4,8,1
5560,8621,3999,chat,29,5,10,1
5561,7242,751,chat,38,4,8,1
5562,7763,3341,chat,30,4,8,1
5563,2123,1504,chat,26,5,10,1
5564,7055,2485,chat,34,5,10,1
5565,8745,500,chat,17,4,8,1
5566,9043,2580,video_call,38,5,10,1
5567,2131,1725,video_call,53,5,10,1
5568,1792,2190,chat,32,5,10,1
5569,7470,2942,chat,43,5,10,1
5570,1958,304,chat,28,5,10,1
5571,3012,3443,chat,17,5,10,1
5572,8767,3417,chat,27,4,8,1
5573,987,2879,chat,11,1,2,0
5574,1051,2979,chat,35,1,2,0
5575,6386,4947,video_call,57,1,2,0
5576,1224,2099,video_call,10,5,10,1
5577,4471,1860,chat,16,5,10,1
5578,7073,1026,video_call,26,4,8,1
5579,1230,3990,chat,31,2,4,0
5580,5646,4413,chat,11,5,10,1
5581,8197,2603,video_call,28,1,2,0
5582,5543,2226,video_call,23,5,10,1
5583,513,2784,video_call,32,4,8,1
5584,7897,3356,video_call,58,4,8,1
5585,9607,3390,video_call,47,4,8,1
5586,2394,1415,video_call,38,5,10,1
5587,8350,2160,chat,20,1,2,0
5588,3483,4061,video_call,14,4,8,1
5589,1575,652,chat,12,2,4,0
5590,3363,1899,video_call,34,1,2,0
5591,3938,1614,chat,33,1,2,0
5592,1443,2187,video_call,60,4,8,1
5593,8109,2972,video_call,55,2,4,0
5594,4731,840,chat,26,3,6,0
5595,9181,1554,chat,12,1,2,0
5596,2368,4575,chat,21,4,8,1
5597,9451,1915,chat,25,4,8,1
5598,8759,4238,chat,6,1,2,0
5599,4501,1066,chat,17,3,6,0
5600,6030,532,chat,12,5,10,1
5601,2004,1116,chat,42,5,10,1
5602,8078,4046,video_call,58,3,6,0
5603,1903,726,video_call,47,4,8,1
5604,5300,185,chat,32,5,10,1
5605,5701,3526,video_call,17,5,10,1
5606,6929,1324,video_call,58,5,10,1
5607,7859,4611,chat,44,1,2,0
5608,6092,4445,video_call,31,1,2,0
5609,7957,3238,chat,8,4,8,1
5610,2640,119,video_call,54,1,2,0
5611,8027,1473,video_call,42,4,8,1
5612,6246,416,chat,16,1,2,0
5613,4781,3130,video_call,60,4,8,1
5614,8652,4298,video_call,20,3,6,0
5615,8858,3933,video_call,32,5,10,1
5616,5782,1027,video_call,44,5,10,1
5617,9494,1311,video_call,20,5,10,1
5618,4924,894,video_call,46,5,10,1
5619,404,207,chat,8,5,10,1
5620,5099,4242,chat,27,3,6,0
5621,4702,4645,video_call,34,2,4,0
5622,5945,510,video_call,60,2,4,0
5623,2966,3120,chat,37,5,10,1
5624,919,374,chat,33,3,6,0
5625,6495,4004,video_call,56,5,10,1
5626,3570,4952,chat,19,4,8,1
5627,3130,1647,video_call,28,3,6,0
5628,3246,2650,chat,30,5,10,1
5629,2290,3691,video_call,22,2,4,0
5630,4889,4566,video_call,20,3,6,0
5631,5262,2816,video_call,56,2,4,0
5632,491,4539,chat,38,2,4,0
5633,188,4478,chat,14,4,8,1
5634,7841,1713,chat,12,4,8,1
5635,1201,105,video_call,37,2,4,0
5636,6853,3714,chat,9,5,10,1
5637,5755,1088,chat,5,5,10,1
5638,8768,2461,video_call,12,4,8,1
5639,1061,1503,video_call,12,2,4,0
5640,1482,673,video_call,38,3,6,0
5641,2437,3887,video_call,11,3,6,0
5642,6860,1146,video_call,59,5,10,1
5643,3443,190,chat,30,1,2,0
5644,7936,3875,chat,37,3,6,0
5645,8115,3397,video_call,19,2,4,0
5646,6871,4761,chat,41,5,10,1
5647,8295,3356,chat,34,4,8,1
5648,1447,2660,video_call,52,3,6,0
5649,322,2629,video_call,47,5,10,1
5650,5518,2106,chat,9,3,6,0
5651,8665,2837,video_call,18,5,10,1
5652,5983,4816,chat,32,2,4,0
5653,195,3497,chat,6,3,6,0
5654,8961,2020,chat,16,5,10,1
5655,6759,1488,video_call,47,4,8,1
5656,4373,3302,chat,14,5,10,1
5657,4874,2808,video_call,37,4,8,1
5658,1766,4541,chat,5,2,4,0
5659,9331,3633,video_call,26,5,10,1
5660,9833,1989,video_call,12,5,10,1
5661,6601,2475,video_call,50,4,8,1
5662,490,2538,chat,24,5,10,1
5663,3949,49,video_call,37,5,10,1
5664,2695,411,chat,16,5,10,1
5665,3862,1966,chat,41,5,10,1
5666,8671,4806,chat,11,4,8,1
5667,9015,1401,chat,26,2,4,0
5668,9730,4463,video_call,38,5,10,1
5669,4855,1531,video_call,47,3,6,0
5670,8248,2734,video_call,20,5,10,1
5671,8864,3211,video_call,53,1,2,0
5672,8602,4019,video_call,51,3,6,0
5673,7871,4886,chat,9,5,10,1
5674,739,2958,video_call,29,4,8,1
5675,7148,789,chat,14,3,6,0
5676,3662,3993,chat,14,5,10,1
5677,1726,2463,video_call,57,2,4,0
5678,7018,4118,video_call,46,1,2,0
5679,8029,1972,video_call,10,2,4,0
5680,4498,3561,video_call,35,5,10,1
5681,1890,4085,video_call,25,5,10,1
5682,4564,1893,chat,19,2,4,0
5683,2912,2232,chat,13,5,10,1
5684,7801,1436,video_call,53,1,2,0
5685,3866,3971,video_call,10,4,8,1
5686,3533,1840,chat,25,5,10,1
5687,5338,85,video_call,48,4,8,1
5688,3630,792,chat,21,1,2,0
5689,8599,2293,chat,26,1,2,0
5690,9372,3827,video_call,24,5,10,1
5691,6660,3748,video_call,29,2,4,0
5692,403,1398,video_call,39,2,4,0
5693,739,4717,video_call,57,4,8,1
5694,5084,4908,chat,11,2,4,0
5695,3766,4705,video_call,40,3,6,0
5696,8382,28,chat,44,2,4,0
5697,3971,3429,chat,6,2,4,0
5698,7580,4985,video_call,58,2,4,0
5699,4062,572,chat,10,5,10,1
5700,9460,3582,video_call,28,5,10,1
5701,9425,1587,chat,23,1,2,0
5702,1056,4455,chat,45,2,4,0
5703,2680,1410,chat,30,4,8,1
5704,3602,3018,chat,26,4,8,1
5705,6672,3368,video_call,44,5,10,1
5706,4000,4784,chat,26,1,2,0
5707,2633,1915,chat,38,4,8,1
5708,7439,3743,video_call,41,2,4,0
5709,6240,265,chat,42,4,8,1
5710,2061,2961,chat,33,5,10,1
5711,2804,2879,chat,26,3,6,0
5712,1565,4246,chat,6,5,10,1
5713,6670,324,chat,31,2,4,0
5714,6230,3540,video_call,28,2,4,0
5715,4434,1585,video_call,43,5,10,1
5716,9421,4931,video_call,55,5,10,1
5717,2387,3933,video_call,13,5,10,1
5718,2225,4519,video_call,42,1,2,0
5719,5622,1797,video_call,16,3,6,0
5720,7935,102,chat,16,5,10,1
5721,6382,3990,video_call,16,2,4,0
5722,5852,1703,video_call,13,4,8,1
5723,6730,1963,chat,23,3,6,0
5724,3550,2259,video_call,51,2,4,0
5725,2573,4976,video_call,50,5,10,1
5726,4329,4018,video_call,15,5,10,1
5727,2080,3488,chat,10,4,8,1
5728,4237,1177,chat,41,5,10,1
5729,9669,4770,chat,9,5,10,1
5730,5801,4308,chat,5,4,8,1
5731,2643,1120,chat,11,5,10,1
5732,819,3514,chat,43,2,4,0
5733,6,3939,video_call,50,4,8,1
5734,429,2682,chat,12,1,2,0
5735,6027,1764,video_call,46,5,10,1
5736,3516,1456,video_call,15,5,10,1
5737,32,1827,video_call,43,3,6,0
5738,5527,2871,chat,42,3,6,0
5739,2483,858,video_call,15,5,10,1
5740,8072,2136,chat,41,1,2,0
5741,9484,1736,video_call,31,5,10,1
5742,5316,4435,chat,40,5,10,1
5743,9696,2266,chat,22,4,8,1
5744,5407,2124,video_call,46,4,8,1
5745,6237,4164,chat,39,5,10,1
5746,9715,3754,video_call,48,4,8,1
5747,7031,3721,video_call,54,5,10,1
5748,5362,4027,video_call,28,5,10,1
5749,7453,3039,video_call,13,2,4,0
5750,2109,1487,chat,22,5,10,1
5751,7088,2922,video_call,50,2,4,0
5752,6147,3584,video_call,34,4,8,1
5753,3079,1685,video_call,12,5,10,1
5754,7112,3517,chat,32,4,8,1
5755,2608,1164,video_call,11,2,4,0
5756,2104,166,video_call,38,4,8,1
5757,7747,4109,chat,31,5,10,1
5758,8360,3862,video_call,33,4,8,1
5759,1593,3857,video_call,11,4,8,1
5760,1063,1083,video_call,38,5,10,1
5761,4915,1560,chat,36,3,6,0
5762,3860,1617,video_call,20,5,10,1
5763,8128,1535,chat,20,4,8,1
5764,7198,3265,video_call,44,1,2,0
5765,7446,531,chat,39,1,2,0
5766,7560,4968,chat,35,2,4,0
5767,5049,3153,video_call,29,5,10,1
5768,8576,4787,video_call,50,4,8,1
5769,2993,2554,chat,11,4,8,1
5770,8638,4610,chat,7,5,10,1
5771,9435,4695,chat,37,5,10,1
5772,3939,927,video_call,44,1,2,0
5773,2332,2981,chat,7,4,8,1
5774,5329,197,chat,18,3,6,0
5775,3620,3684,chat,30,5,10,1
5776,6410,4548,video_call,36,1,2,0
5777,9549,2659,video_call,59,3,6,0
5778,9701,2269,video_call,26,5,10,1
5779,1802,2322,video_call,59,5,10,1
5780,8933,3486,chat,36,4,8,1
5781,7235,3745,chat,28,5,10,1
5782,2358,1623,video_call,10,5,10,1
5783,3325,529,video_call,31,5,10,1
5784,4479,2526,video_call,11,5,10,1
5785,689,3949,chat,43,5,10,1
5786,7987,812,chat,23,5,10,1
5787,6819,2867,chat,12,4,8,1
5788,6275,3282,chat,10,2,4,0
5789,7814,2258,video_call,10,2,4,0
5790,7987,3646,chat,6,5,10,1
5791,9360,575,chat,45,5,10,1
5792,4946,968,chat,15,1,2,0
5793,8284,3158,video_call,11,3,6,0
5794,4114,1731,chat,41,5,10,1
5795,1910,2664,chat,28,4,8,1
5796,943,311,video_call,56,5,10,1
5797,9179,4062,chat,17,2,4,0
5798,5716,496,chat,22,5,10,1
5799,7066,3866,video_call,29,1,2,0
5800,6059,349,video_call,30,5,10,1
5801,8849,3962,chat,20,3,6,0
5802,9411,385,video_call,15,4,8,1
5803,6355,28,chat,22,4,8,1
5804,4360,3569,chat,37,3,6,0
5805,9338,240,video_call,56,4,8,1
5806,6589,2907,video_call,17,4,8,1
5807,2642,3197,chat,38,5,10,1
5808,6131,1085,chat,21,3,6,0
5809,6725,2525,video_call,30,4,8,1
5810,6808,1673,video_call,32,2,4,0
5811,2635,1005,chat,6,4,8,1
5812,2071,73,video_call,34,5,10,1
5813,8382,3839,video_call,44,1,2,0
5814,8408,3054,chat,42,5,10,1
5815,7759,2268,video_call,43,2,4,0
5816,8907,4803,chat,14,5,10,1
5817,3323,4761,video_call,34,5,10,1
5818,4936,3556,video_call,19,5,10,1
5819,232,2790,video_call,25,5,10,1
5820,327,2,video_call,16,5,10,1
5821,5099,3572,video_call,14,1,2,0
5822,5783,4990,chat,38,2,4,0
5823,6341,3867,video_call,44,1,2,0
5824,5529,610,chat,42,5,10,1
5825,2822,4209,video_call,23,1,2,0
5826,3503,4077,video_call,17,1,2,0
5827,5313,3637,video_call,59,5,10,1
5828,1222,3487,video_call,26,5,10,1
5829,7382,2527,video_call,55,5,10,1
5830,4654,2021,video_call,14,3,6,0
5831,8555,2057,video_call,32,4,8,1
5832,9881,1639,video_call,32,5,10,1
5833,8659,90,video_call,25,5,10,1
5834,9237,1365,chat,39,5,10,1
5835,2115,3734,chat,15,5,10,1
5836,6163,456,video_call,47,5,10,1
5837,3124,3636,video_call,39,5,10,1
5838,852,1424,video_call,46,1,2,0
5839,9145,3510,video_call,25,5,10,1
5840,3050,880,video_call,23,3,6,0
5841,2143,3879,chat,38,5,10,1
5842,6777,2033,chat,44,2,4,0
5843,4937,2013,video_call,22,3,6,0
5844,5437,3620,chat,43,4,8,1
5845,5117,145,chat,19,5,10,1
5846,4773,3878,video_call,49,4,8,1
5847,3486,1771,video_call,44,5,10,1
5848,117,2976,video_call,25,5,10,1
5849,6646,3029,video_call,57,2,4,0
5850,4045,755,video_call,46,3,6,0
5851,3387,654,video_call,60,2,4,0
5852,2371,2429,video_call,42,4,8,1
5853,5233,2795,video_call,57,4,8,1
5854,9351,1168,chat,18,5,10,1
5855,1366,100,video_call,32,5,10,1
5856,7716,3958,chat,19,4,8,1
5857,441,4500,video_call,52,3,6,0
5858,5703,3484,chat,23,4,8,1
5859,1713,1761,chat,12,4,8,1
5860,9394,2982,chat,11,4,8,1
5861,9104,1994,chat,15,1,2,0
5862,9711,2532,video_call,32,4,8,1
5863,5121,1835,video_call,15,2,4,0
5864,5147,2003,chat,38,2,4,0
5865,1502,2694,chat,14,2,4,0
5866,3234,982,video_call,31,2,4,0
5867,753,2470,video_call,24,5,10,1
5868,6393,4495,video_call,18,5,10,1
5869,9541,619,chat,24,1,2,0
5870,6430,1157,video_call,47,1,2,0
5871,7319,4331,video_call,60,1,2,0
5872,4971,4837,video_call,14,5,10,1
5873,3223,2455,chat,45,4,8,1
5874,9848,3383,video_call,27,2,4,0
5875,8556,1395,video_call,18,5,10,1
5876,9608,781,chat,12,4,8,1
5877,5112,929,chat,35,1,2,0
5878,1458,196,chat,42,1,2,0
5879,8670,296,chat,8,5,10,1
5880,2466,3522,video_call,35,2,4,0
5881,3306,1544,video_call,24,5,10,1
5882,2732,1239,chat,26,2,4,0
5883,643,2000,chat,43,4,8,1
5884,4150,3279,chat,33,4,8,1
5885,9182,2801,chat,9,4,8,1
5886,2060,3499,chat,34,4,8,1
5887,1240,2362,chat,14,3,6,0
5888,2073,2734,video_call,15,5,10,1
5889,6266,1057,chat,27,1,2,0
5890,5656,3424,video_call,32,4,8,1
5891,8873,456,video_call,13,4,8,1
5892,55,1391,video_call,56,3,6,0
5893,910,3062,video_call,55,5,10,1
5894,7311,627,video_call,57,2,4,0
5895,7856,4498,chat,21,4,8,1
5896,1439,3472,chat,36,5,10,1
5897,8442,2402,video_call,19,2,4,0
5898,3008,2018,chat,22,2,4,0
5899,6273,2665,video_call,47,1,2,0
5900,6181,4164,chat,34,5,10,1
5901,1247,1865,chat,17,5,10,1
5902,8645,3720,chat,40,1,2,0
5903,8683,1415,chat,5,1,2,0
5904,7419,85,chat,8,3,6,0
5905,2781,4190,chat,43,2,4,0
5906,4415,479,video_call,30,3,6,0
5907,9637,2214,video_call,60,5,10,1
5908,1995,2521,video_call,18,4,8,1
5909,6714,4618,video_call,42,4,8,1
5910,395,2558,video_call,12,5,10,1
5911,1741,3278,chat,30,5,10,1
5912,8597,1525,video_call,56,4,8,1
5913,1730,930,video_call,28,5,10,1
5914,9630,3211,chat,30,1,2,0
5915,2971,161,video_call,35,4,8,1
5916,849,632,video_call,46,5,10,1
5917,5881,502,video_call,29,2,4,0
5918,6639,2191,video_call,50,5,10,1
5919,4652,1068,video_call,11,2,4,0
5920,1204,1942,chat,7,5,10,1
5921,6348,1226,video_call,47,5,10,1
5922,9128,4981,chat,20,5,10,1
5923,2510,2762,chat,39,4,8,1
5924,5631,270,video_call,40,5,10,1
5925,7543,3056,video_call,16,2,4,0
5926,2663,3044,video_call,43,5,10,1
5927,3097,1345,video_call,26,5,10,1
5928,7057,4221,video_call,30,2,4,0
5929,6849,1699,chat,11,5,10,1
5930,9165,4164,chat,18,2,4,0
5931,8247,3785,chat,10,1,2,0
5932,7547,2511,video_call,24,5,10,1
5933,4324,3398,chat,18,5,10,1
5934,8692,1302,video_call,27,3,6,0
5935,7976,884,video_call,19,5,10,1
5936,4790,745,video_call,49,4,8,1
5937,6499,3639,chat,34,5,10,1
5938,1513,593,video_call,26,2,4,0
5939,8286,4549,video_call,24,4,8,1
5940,8520,956,chat,27,1,2,0
5941,8891,4826,video_call,14,2,4,0
5942,6661,4877,chat,15,5,10,1
5943,656,4983,chat,35,3,6,0
5944,2128,24,chat,31,3,6,0
5945,6073,4437,chat,30,2,4,0
5946,6118,2401,chat,31,5,10,1
5947,9670,1749,chat,10,2,4,0
5948,6414,234,video_call,12,1,2,0
5949,2628,53,chat,12,5,10,1
5950,4092,1508,video_call,26,5,10,1
5951,5993,163,video_call,48,4,8,1
5952,7920,1811,video_call,20,3,6,0
5953,9337,3860,chat,9,1,2,0
5954,3533,2878,video_call,21,3,6,0
5955,6069,869,video_call,37,1,2,0
5956,1565,1513,video_call,34,2,4,0
5957,7052,1168,chat,7,4,8,1
5958,3351,3416,chat,10,4,8,1
5959,1116,3709,video_call,24,5,10,1
5960,4095,3594,chat,27,2,4,0
5961,3094,3922,video_call,14,3,6,0
5962,4804,617,chat,38,2,4,0
5963,3975,1842,video_call,44,2,4,0
5964,4205,2832,video_call,23,5,10,1
5965,6443,4097,video_call,19,1,2,0
5966,9099,4993,chat,40,4,8,1
5967,6882,1002,chat,26,2,4,0
5968,8335,511,chat,21,5,10,1
5969,3312,4457,video_call,25,5,10,1
5970,2705,3098,video_call,37,1,2,0
5971,1463,3775,video_call,48,2,4,0
5972,4503,1225,chat,21,2,4,0
5973,2466,205,video_call,31,5,10,1
5974,1240,4559,chat,42,5,10,1
5975,651,340,chat,7,5,10,1
5976,8446,4298,video_call,45,2,4,0
5977,9448,4236,video_call,11,5,10,1
5978,1874,2215,video_call,24,4,8,1
5979,5929,1441,video_call,31,4,8,1
5980,9679,998,chat,9,1,2,0
5981,4023,1825,chat,16,2,4,0
5982,9860,4540,chat,12,5,10,1
5983,9874,1898,chat,19,5,10,1
5984,6973,161,video_call,10,2,4,0
5985,114,4281,video_call,18,5,10,1
5986,4763,4508,video_call,16,4,8,1
5987,2569,581,video_call,48,1,2,0
5988,3502,2427,chat,26,2,4,0
5989,3892,3572,video_call,42,4,8,1
5990,7030,696,chat,34,4,8,1
5991,2917,626,video_call,38,4,8,1
5992,6005,3823,video_call,16,1,2,0
5993,1966,4435,video_call,26,4,8,1
5994,4840,2675,video_call,35,5,10,1
5995,6139,4997,video_call,37,2,4,0
5996,2043,1334,chat,16,4,8,1
5997,3648,1054,chat,42,5,10,1
5998,3552,3887,video_call,48,2,4,0
5999,2571,2717,chat,42,4,8,1
6000,7690,87,video_call,46,5,10,1
6001,1370,2307,video_call,22,4,8,1
6002,9554,4542,chat,24,1,2,0
6003,2544,174,chat,32,5,10,1
6004,3138,1208,video_call,29,2,4,0
6005,2645,1352,video_call,20,4,8,1
6006,5225,2275,chat,19,1,2,0
6007,9539,250,chat,10,2,4,0
6008,4745,849,chat,36,4,8,1
6009,3631,1238,video_call,16,5,10,1
6010,4202,4339,video_call,51,4,8,1
6011,8926,389,video_call,21,4,8,1
6012,2908,917,video_call,23,5,10,1
6013,7155,611,video_call,39,2,4,0
6014,9377,3595,video_call,35,3,6,0
6015,8835,3579,chat,29,2,4,0
6016,8595,3869,video_call,24,3,6,0
6017,813,677,video_call,58,3,6,0
6018,5639,528,chat,19,3,6,0
6019,3998,2431,chat,43,2,4,0
6020,6173,1779,video_call,44,4,8,1
6021,5834,3369,chat,13,2,4,0
6022,8836,366,chat,39,3,6,0
6023,1121,1080,chat,38,2,4,0
6024,4465,2872,video_call,31,5,10,1
6025,2987,1888,chat,7,3,6,0
6026,4083,2376,video_call,31,5,10,1
6027,1781,3394,video_call,31,2,4,0
6028,1890,3342,chat,15,4,8,1
6029,6400,4728,chat,9,1,2,0
6030,8841,1284,video_call,21,2,4,0
6031,1206,1168,video_call,42,3,6,0
6032,4809,4935,video_call,34,5,10,1
6033,2995,3760,video_call,56,2,4,0
6034,2511,1164,chat,15,2,4,0
6035,671,1244,chat,32,4,8,1
6036,5195,3493,chat,20,3,6,0
6037,3632,4029,video_call,32,1,2,0
6038,1697,3708,video_call,53,2,4,0
6039,8395,634,video_call,23,1,2,0
6040,1781,4428,chat,40,3,6,0
6041,149,3825,video_call,43,5,10,1
6042,1715,1463,video_call,35,2,4,0
6043,787,4814,video_call,50,5,10,1
6044,6685,1761,chat,15,1,2,0
6045,1815,489,video_call,11,4,8,1
6046,8148,4034,video_call,14,3,6,0
6047,3237,1307,video_call,30,5,10,1
6048,4642,2564,video_call,55,1,2,0
6049,9230,2270,chat,6,1,2,0
6050,7173,4197,video_call,52,5,10,1
6051,4456,3046,video_call,22,5,10,1
6052,5202,3858,video_call,31,1,2,0
6053,3677,535,video_call,47,5,10,1
6054,2323,2246,video_call,17,2,4,0
6055,6,2628,chat,22,1,2,0
6056,6648,4924,chat,43,2,4,0
6057,9811,2865,video_call,57,1,2,0
6058,4714,1916,video_call,30,4,8,1
6059,9458,2438,chat,32,2,4,0
6060,1273,2661,video_call,55,1,2,0
6061,7605,4525,video_call,26,1,2,0
6062,5122,2104,chat,29,2,4,0
6063,606,3035,chat,12,5,10,1
6064,3120,4080,chat,18,1,2,0
6065,7105,968,video_call,44,2,4,0
6066,7785,4407,chat,28,5,10,1
6067,8203,4788,chat,14,5,10,1
6068,433,2379,video_call,13,4,8,1
6069,6578,297,video_call,21,4,8,1
6070,6832,3110,video_call,46,5,10,1
6071,1971,4860,chat,16,5,10,1
6072,2705,1086,video_call,54,2,4,0
6073,6014,4797,video_call,32,4,8,1
6074,6383,1870,video_call,34,2,4,0
6075,4907,3958,chat,44,5,10,1
6076,7853,1310,video_call,39,2,4,0
6077,3670,266,chat,8,3,6,0
6078,1555,2340,video_call,42,5,10,1
6079,1640,2689,chat,42,1,2,0
6080,4221,2787,video_call,45,2,4,0
6081,8814,675,chat,17,5,10,1
6082,7718,4714,chat,38,2,4,0
6083,4640,1191,chat,29,1,2,0
6084,1051,4245,chat,24,4,8,1
6085,4175,1741,chat,26,3,6,0
6086,216,4983,chat,24,3,6,0
6087,8008,3663,video_call,11,1,2,0
6088,5231,137,video_call,21,5,10,1
6089,5882,174,chat,15,1,2,0
6090,5607,704,chat,7,2,4,0
6091,8577,3115,video_call,34,5,10,1
6092,6937,2359,chat,18,5,10,1
6093,9498,981,video_call,55,3,6,0
6094,5048,954,chat,33,3,6,0
6095,7559,2409,chat,39,4,8,1
6096,5249,1911,video_call,13,5,10,1
6097,7934,1622,chat,21,5,10,1
6098,1764,3072,video_call,39,5,10,1
6099,3156,3818,chat,19,5,10,1
6100,8193,4830,video_call,43,1,2,0
6101,8338,659,video_call,47,5,10,1
6102,2184,4787,video_call,21,5,10,1
6103,3386,1909,video_call,17,3,6,0
6104,878,3980,video_call,38,1,2,0
6105,2095,2982,video_call,23,5,10,1
6106,97,1995,chat,36,4,8,1
6107,7197,3592,video_call,14,5,10,1
6108,1898,400,chat,27,5,10,1
6109,6313,3043,chat,8,5,10,1
6110,9669,2791,chat,22,5,10,1
6111,2228,4327,video_call,32,3,6,0
6112,2936,2877,video_call,26,5,10,1
6113,2382,125,chat,22,3,6,0
6114,6149,2259,video_call,22,5,10,1
6115,1412,2754,video_call,34,2,4,0
6116,5126,3445,chat,12,3,6,0
6117,1377,663,chat,42,4,8,1
6118,7204,3683,video_call,34,3,6,0
6119,3600,481,video_call,13,5,10,1
6120,6085,2238,video_call,36,2,4,0
6121,1888,3290,video_call,48,4,8,1
6122,1483,134,video_call,35,1,2,0
6123,1341,512,chat,29,4,8,1
6124,9661,2853,video_call,12,2,4,0
6125,4886,2112,chat,41,5,10,1
6126,8930,4451,chat,16,1,2,0
6127,8976,4005,chat,37,4,8,1
6128,9778,1052,video_call,27,4,8,1
6129,4373,822,video_call,60,1,2,0
6130,9783,3232,video_call,22,5,10,1
6131,4239,4867,chat,39,5,10,1
6132,1976,2509,video_call,59,4,8,1
6133,9152,1608,chat,32,5,10,1
6134,3954,2819,video_call,38,4,8,1
6135,5264,449,video_call,23,3,6,0
6136,8335,810,video_call,17,5,10,1
6137,2400,3257,video_call,44,5,10,1
6138,4803,1754,chat,43,2,4,0
6139,8283,685,chat,17,4,8,1
6140,9645,1209,chat,11,1,2,0
6141,2818,3734,video_call,36,4,8,1
6142,7862,1996,video_call,51,3,6,0
6143,8645,4134,video_call,34,4,8,1
6144,2759,1019,video_call,10,2,4,0
6145,7555,4538,video_call,59,3,6,0
6146,6356,2766,chat,5,5,10,1
6147,8653,2038,chat,6,4,8,1
6148,5939,877,video_call,17,2,4,0
6149,4129,2193,chat,32,2,4,0
6150,352,3435,video_call,27,4,8,1
6151,9259,2386,chat,37,5,10,1
6152,8239,4580,chat,23,3,6,0
6153,144,2236,video_call,14,5,10,1
6154,3460,768,video_call,36,2,4,0
6155,7477,2247,chat,34,5,10,1
6156,4222,85,video_call,41,3,6,0
6157,8597,3064,video_call,48,1,2,0
6158,3334,722,chat,20,5,10,1
6159,5716,1139,video_call,58,5,10,1
6160,7356,1598,video_call,33,2,4,0
6161,5665,3519,video_call,35,5,10,1
6162,3291,4345,video_call,48,3,6,0
6163,2463,3928,chat,24,5,10,1
6164,114,1633,chat,11,5,10,1
6165,2268,4706,chat,14,1,2,0
6166,4293,2041,chat,33,5,10,1
6167,6569,3993,chat,25,2,4,0
6168,1870,982,video_call,25,5,10,1
6169,3603,3888,video_call,27,4,8,1
6170,4750,3369,video_call,55,3,6,0
6171,7930,2667,chat,26,2,4,0
6172,5279,3211,chat,34,4,8,1
6173,9542,4344,video_call,25,5,10,1
6174,8558,1595,chat,11,5,10,1
6175,7934,2666,video_call,59,5,10,1
6176,2708,441,video_call,13,4,8,1
6177,4884,3024,video_call,18,1,2,0
6178,9921,3437,video_call,37,4,8,1
6179,3731,2262,chat,22,5,10,1
6180,9924,3367,video_call,16,2,4,0
6181,3948,3896,video_call,32,5,10,1
6182,2060,223,chat,45,4,8,1
6183,2133,4226,chat,20,1,2,0
6184,4858,2241,chat,21,5,10,1
6185,3352,2213,video_call,27,3,6,0
6186,2039,2976,chat,20,2,4,0
6187,6468,31,video_call,50,2,4,0
6188,6360,419,video_call,46,1,2,0
6189,9750,1753,video_call,13,5,10,1
6190,471,2086,chat,10,5,10,1
6191,1638,3216,video_call,17,4,8,1
6192,1117,4040,chat,11,3,6,0
6193,7976,1972,chat,10,4,8,1
6194,3748,2735,video_call,14,4,8,1
6195,36,4801,video_call,30,5,10,1
6196,8591,2319,chat,11,1,2,0
6197,3214,2092,chat,6,2,4,0
6198,1578,3162,video_call,36,1,2,0
6199,2488,169,video_call,26,4,8,1
6200,9360,3951,video_call,47,5,10,1
6201,1825,4060,video_call,35,5,10,1
6202,7980,2784,video_call,16,4,8,1
6203,2207,581,chat,11,3,6,0
6204,4313,4389,chat,25,3,6,0
6205,2663,2484,video_call,25,5,10,1
6206,8961,4266,video_call,10,5,10,1
6207,2891,648,video_call,19,5,10,1
6208,2530,3750,chat,6,2,4,0
6209,489,3340,chat,41,5,10,1
6210,2909,4228,video_call,33,5,10,1
6211,852,4067,video_call,57,5,10,1
6212,5963,1091,chat,27,2,4,0
6213,8712,2613,video_call,44,2,4,0
6214,3888,3696,chat,42,1,2,0
6215,3051,1143,video_call,31,4,8,1
6216,36,661,chat,41,1,2,0
6217,9250,3947,video_call,27,1,2,0
6218,2682,882,video_call,18,4,8,1
6219,5052,2173,chat,19,4,8,1
6220,8087,1602,chat,31,3,6,0
6221,1328,4039,video_call,10,4,8,1
6222,4821,1109,video_call,12,2,4,0
6223,5514,3484,video_call,15,5,10,1
6224,9864,1595,video_call,43,4,8,1
6225,2161,2470,video_call,34,5,10,1
6226,6452,3328,chat,21,4,8,1
6227,4378,685,chat,43,5,10,1
6228,3439,1436,chat,37,2,4,0
6229,1466,3246,video_call,22,5,10,1
6230,775,1962,video_call,53,2,4,0
6231,139,2720,video_call,31,5,10,1
6232,1867,3989,chat,40,5,10,1
6233,2023,4550,video_call,40,3,6,0
6234,8160,4613,chat,14,3,6,0
6235,636,4704,chat,44,1,2,0
6236,2219,3315,video_call,58,2,4,0
6237,5979,3407,video_call,23,3,6,0
6238,7032,3003,video_call,29,2,4,0
6239,6903,1948,video_call,46,4,8,1
6240,7326,2741,video_call,31,5,10,1
6241,7054,4324,video_call,33,1,2,0
6242,9594,4207,chat,30,1,2,0
6243,8470,4322,chat,30,1,2,0
6244,7954,1706,video_call,33,2,4,0
6245,4129,3649,video_call,60,2,4,0
6246,224,2301,chat,17,5,10,1
6247,9091,3561,chat,27,5,10,1
6248,9088,3358,chat,29,5,10,1
6249,8076,606,chat,36,5,10,1
6250,6525,3046,video_call,28,4,8,1
6251,1648,4510,chat,14,5,10,1
6252,6318,2202,chat,39,5,10,1
6253,9679,1555,chat,15,3,6,0
6254,3753,877,video_call,15,1,2,0
6255,5385,1313,chat,25,5,10,1
6256,2146,1175,chat,7,4,8,1
6257,6661,3948,video_call,36,4,8,1
6258,9648,304,video_call,48,2,4,0
6259,7825,2625,video_call,59,4,8,1
6260,198,4956,video_call,28,5,10,1
6261,6476,2509,chat,9,4,8,1
6262,7141,3795,chat,12,2,4,0
6263,9274,2335,video_call,41,2,4,0
6264,2699,923,video_call,37,2,4,0
6265,9172,3377,video_call,41,2,4,0
6266,7879,2381,chat,45,5,10,1
6267,5739,1458,video_call,50,3,6,0
6268,4557,1603,chat,6,2,4,0
6269,9878,2516,video_call,15,3,6,0
6270,8970,1396,video_call,40,1,2,0
6271,3271,4155,chat,10,2,4,0
6272,6896,2825,chat,32,4,8,1
6273,9456,1633,chat,32,5,10,1
6274,6863,3954,chat,36,4,8,1
6275,2854,850,chat,33,4,8,1
6276,2475,2290,video_call,45,5,10,1
6277,8228,1151,video_call,14,4,8,1
6278,9231,3914,chat,10,3,6,0
6279,3193,1180,chat,36,4,8,1
6280,7991,1177,chat,36,3,6,0
6281,702,2366,video_call,24,1,2,0
6282,4345,842,video_call,60,5,10,1
6283,1488,949,chat,43,4,8,1
6284,456,4790,video_call,40,5,10,1
6285,1974,1257,chat,31,2,4,0
6286,5017,1395,video_call,41,5,10,1
6287,4471,461,video_call,57,2,4,0
6288,865,3671,chat,14,3,6,0
6289,4530,4035,chat,36,5,10,1
6290,425,51,video_call,24,4,8,1
6291,7995,3428,video_call,19,5,10,1
6292,5979,2612,chat,35,1,2,0
6293,8417,573,video_call,21,5,10,1
6294,6761,1593,chat,22,5,10,1
6295,5654,792,video_call,46,2,4,0
6296,7834,4474,video_call,55,1,2,0
6297,8912,1517,chat,9,5,10,1
6298,8949,3593,chat,8,5,10,1
6299,3222,1580,chat,11,5,10,1
6300,7276,2324,video_call,56,4,8,1
6301,1218,4606,chat,17,2,4,0
6302,3550,4892,video_call,35,4,8,1
6303,4652,1875,video_call,47,5,10,1
6304,9271,1878,video_call,36,5,10,1
6305,8065,518,video_call,13,4,8,1
6306,42,4290,video_call,52,5,10,1
6307,5137,2096,chat,34,3,6,0
6308,7996,1605,video_call,53,2,4,0
6309,9526,101,video_call,20,5,10,1
6310,3993,4794,video_call,46,4,8,1
6311,8413,230,video_call,15,3,6,0
6312,3672,4153,chat,32,2,4,0
6313,3749,4698,video_call,12,5,10,1
6314,4896,269,chat,33,4,8,1
6315,5822,1468,chat,36,2,4,0
6316,2522,4868,chat,14,4,8,1
6317,1059,68,video_call,17,1,2,0
6318,4163,3769,chat,42,1,2,0
6319,7312,2302,video_call,39,4,8,1
6320,8466,2669,chat,43,4,8,1
6321,637,3622,chat,15,5,10,1
6322,8191,882,chat,27,4,8,1
6323,2892,1662,video_call,24,5,10,1
6324,9544,2882,chat,14,4,8,1
6325,9263,1278,chat,17,1,2,0
6326,5547,1569,video_call,44,3,6,0
6327,108,2365,video_call,24,4,8,1
6328,2116,1803,video_call,47,5,10,1
6329,6479,4554,video_call,51,3,6,0
6330,3344,3509,chat,17,1,2,0
6331,2307,4738,video_call,23,2,4,0
6332,2910,3749,video_call,39,2,4,0
6333,266,3549,video_call,47,2,4,0
6334,8619,3581,chat,20,4,8,1
6335,1884,4393,video_call,11,5,10,1
6336,5883,956,video_call,39,2,4,0
6337,2832,3098,video_call,13,4,8,1
6338,583,4521,video_call,24,1,2,0
6339,4746,3139,chat,19,2,4,0
6340,692,4328,video_call,31,5,10,1
6341,4169,40,video_call,10,4,8,1
6342,5096,2527,chat,23,5,10,1
6343,6088,1971,chat,16,5,10,1
6344,3638,1194,video_call,17,3,6,0
6345,7873,1615,chat,8,5,10,1
6346,4366,2030,chat,14,1,2,0
6347,39,2168,video_call,43,2,4,0
6348,7006,4009,video_call,18,5,10,1
6349,6459,1316,video_call,13,5,10,1
6350,9716,450,video_call,34,5,10,1
6351,1480,4082,chat,14,4,8,1
6352,9798,771,chat,11,4,8,1
6353,2518,1617,video_call,29,3,6,0
6354,3571,3997,chat,22,2,4,0
6355,2226,334,chat,15,2,4,0
6356,9368,3084,video_call,50,1,2,0
6357,6770,127,video_call,20,4,8,1
6358,4299,4794,video_call,55,2,4,0
6359,9108,1329,video_call,10,5,10,1
6360,3688,1576,video_call,53,2,4,0
6361,5879,4378,chat,45,2,4,0
6362,3562,2876,chat,26,5,10,1
6363,7746,919,video_call,24,5,10,1
6364,1676,4162,chat,31,1,2,0
6365,8321,3995,chat,45,4,8,1
6366,1445,4691,chat,41,3,6,0
6367,7595,816,video_call,24,5,10,1
6368,1842,364,video_call,59,2,4,0
6369,7453,2821,video_call,52,1,2,0
6370,7637,2960,chat,18,5,10,1
6371,9559,3590,chat,6,4,8,1
6372,2529,1335,video_call,37,5,10,1
6373,3980,1639,chat,22,4,8,1
6374,8441,4935,video_call,31,2,4,0
6375,1266,4927,video_call,16,5,10,1
6376,5444,935,video_call,14,5,10,1
6377,9018,4634,chat,45,1,2,0
6378,8618,4626,chat,33,4,8,1
6379,2152,2698,chat,18,5,10,1
6380,6210,1569,video_call,39,5,10,1
6381,5267,4310,video_call,39,4,8,1
6382,5998,4811,video_call,55,2,4,0
6383,120,302,video_call,43,4,8,1
6384,5321,2407,chat,10,5,10,1
6385,4970,3018,chat,33,5,10,1
6386,6493,2394,video_call,51,2,4,0
6387,7889,1978,chat,42,5,10,1
6388,4769,4373,video_call,57,5,10,1
6389,5332,2421,chat,30,5,10,1
6390,5551,4732,chat,10,4,8,1
6391,7612,4077,video_call,32,4,8,1
6392,8566,2514,video_call,10,4,8,1
6393,7263,4014,chat,11,5,10,1
6394,5550,1292,video_call,14,3,6,0
6395,4714,3932,chat,26,5,10,1
6396,7925,2916,chat,22,1,2,0
6397,3905,2806,video_call,24,3,6,0
6398,3606,373,chat,13,4,8,1
6399,5430,1623,chat,22,3,6,0
6400,1017,838,chat,9,3,6,0
6401,636,4531,video_call,28,4,8,1
6402,2394,4702,chat,13,5,10,1
6403,1576,4184,chat,13,5,10,1
6404,5207,3006,video_call,55,4,8,1
6405,4377,4217,chat,38,5,10,1
6406,2241,4316,chat,10,5,10,1
6407,3537,4599,video_call,52,4,8,1
6408,3429,2920,chat,23,5,10,1
6409,4595,1361,video_call,35,4,8,1
6410,9678,3440,video_call,38,3,6,0
6411,9467,3889,video_call,13,3,6,0
6412,1051,612,video_call,51,2,4,0
6413,4979,2933,chat,10,2,4,0
6414,8605,914,video_call,41,5,10,1
6415,4439,325,video_call,57,5,10,1
6416,1694,4372,video_call,16,3,6,0
6417,5746,3510,video_call,20,5,10,1
6418,1014,4273,video_call,52,5,10,1
6419,7176,1732,chat,5,5,10,1
6420,3335,3190,chat,5,5,10,1
6421,2288,1408,chat,37,5,10,1
6422,9244,3398,chat,32,5,10,1
6423,2237,3986,chat,19,5,10,1
6424,2377,2895,chat,30,1,2,0
6425,4059,2010,chat,15,4,8,1
6426,8188,1711,video_call,49,4,8,1
6427,7813,2366,chat,19,2,4,0
6428,5641,3528,video_call,53,1,2,0
6429,808,4860,video_call,17,5,10,1
6430,5173,4945,video_call,37,3,6,0
6431,1602,3058,chat,34,4,8,1
6432,1211,1346,video_call,39,5,10,1
6433,1698,381,chat,40,5,10,1
6434,1632,1780,video_call,25,3,6,0
6435,1427,2562,video_call,45,5,10,1
6436,3888,895,video_call,22,4,8,1
6437,5018,3367,video_call,16,2,4,0
6438,4246,1473,video_call,49,5,10,1
6439,619,2602,chat,37,2,4,0
6440,8713,527,video_call,42,2,4,0
6441,9712,2635,video_call,23,5,10,1
6442,8406,760,video_call,57,5,10,1
6443,3789,1842,chat,38,5,10,1
6444,1946,2718,chat,42,5,10,1
6445,8838,2423,video_call,20,2,4,0
6446,5339,3123,chat,30,4,8,1
6447,3574,2688,chat,35,5,10,1
6448,4365,543,chat,34,4,8,1
6449,4503,1201,video_call,48,2,4,0
6450,4770,3030,video_call,25,2,4,0
6451,5954,4441,chat,22,3,6,0
6452,3770,4368,chat,24,5,10,1
6453,3721,4815,chat,26,5,10,1
6454,9099,1013,video_call,26,5,10,1
6455,8223,2455,video_call,28,3,6,0
6456,521,2447,chat,12,3,6,0
6457,1252,2067,video_call,15,5,10,1
6458,6207,598,video_call,18,1,2,0
6459,7294,3567,video_call,56,2,4,0
6460,4004,31,chat,38,1,2,0
6461,3650,1373,video_call,33,2,4,0
6462,7328,2226,video_call,43,5,10,1
6463,7431,2582,video_call,51,2,4,0
6464,5182,1282,video_call,41,2,4,0
6465,4989,3809,video_call,34,3,6,0
6466,7506,4833,video_call,57,1,2,0
6467,7000,3779,chat,9,5,10,1
6468,7996,2892,chat,6,2,4,0
6469,4526,4692,video_call,12,4,8,1
6470,2545,3637,chat,38,5,10,1
6471,8203,3529,video_call,38,5,10,1
6472,4536,3266,video_call,39,4,8,1
6473,4859,381,video_call,55,5,10,1
6474,7979,4342,chat,32,5,10,1
6475,3217,2341,video_call,11,4,8,1
6476,6205,3079,chat,25,5,10,1
6477,1517,207,chat,25,4,8,1
6478,1465,3486,chat,14,5,10,1
6479,9364,4127,chat,41,2,4,0
6480,4739,2530,chat,44,2,4,0
6481,7295,1086,video_call,46,3,6,0
6482,5760,3895,video_call,33,4,8,1
6483,6862,2706,video_call,50,3,6,0
6484,3085,4372,video_call,16,2,4,0
6485,2355,2096,video_call,39,5,10,1
6486,8816,1352,video_call,18,2,4,0
6487,5936,1062,chat,19,5,10,1
6488,4640,4851,chat,42,2,4,0
6489,9531,3102,video_call,47,4,8,1
6490,431,343,video_call,50,5,10,1
6491,1112,56,video_call,60,2,4,0
6492,6014,533,chat,41,2,4,0
6493,3909,461,video_call,60,5,10,1
6494,9240,2996,video_call,23,1,2,0
6495,8831,396,video_call,33,2,4,0
6496,3114,1652,chat,45,5,10,1
6497,2322,2053,video_call,60,4,8,1
6498,6842,1088,chat,5,4,8,1
6499,6882,3270,video_call,27,2,4,0
6500,1617,455,video_call,16,2,4,0
6501,975,3037,video_call,33,5,10,1
6502,8400,3182,video_call,57,3,6,0
6503,7432,3244,chat,23,3,6,0
6504,806,3046,video_call,54,4,8,1
6505,5526,1627,video_call,41,2,4,0
6506,4019,651,chat,32,2,4,0
6507,8007,457,video_call,60,5,10,1
6508,1881,4083,chat,11,2,4,0
6509,3705,3833,video_call,17,2,4,0
6510,5026,4212,chat,39,4,8,1
6511,4057,2892,video_call,41,2,4,0
6512,5346,4668,chat,5,5,10,1
6513,2424,4248,video_call,15,1,2,0
6514,9484,4383,chat,24,5,10,1
6515,869,4090,chat,16,3,6,0
6516,7667,1532,video_call,46,5,10,1
6517,5219,3368,video_call,52,2,4,0
6518,1507,3778,chat,21,5,10,1
6519,1385,1818,chat,9,2,4,0
6520,7335,3944,video_call,10,3,6,0
6521,1002,3787,chat,39,3,6,0
6522,686,4612,video_call,48,4,8,1
6523,3893,4056,video_call,47,2,4,0
6524,1576,794,chat,14,2,4,0
6525,9957,2073,video_call,55,1,2,0
6526,2310,395,chat,7,4,8,1
6527,9496,1914,video_call,15,4,8,1
6528,6528,1138,chat,27,5,10,1
6529,6132,163,chat,28,3,6,0
6530,4435,3162,chat,26,2,4,0
6531,7550,1456,video_call,46,3,6,0
6532,540,4960,video_call,60,5,10,1
6533,9112,951,video_call,23,3,6,0
6534,3302,4086,video_call,29,4,8,1
6535,2829,1384,video_call,36,5,10,1
6536,5217,1043,video_call,21,2,4,0
6537,9314,2178,video_call,55,3,6,0
6538,5384,4603,chat,7,4,8,1
6539,6960,3469,video_call,36,4,8,1
6540,5691,1090,chat,45,2,4,0
6541,555,3353,video_call,43,2,4,0
6542,3681,1635,video_call,15,2,4,0
6543,4653,4711,chat,22,5,10,1
6544,1354,4440,video_call,46,1,2,0
6545,5666,4993,chat,16,5,10,1
6546,541,554,video_call,28,1,2,0
6547,168,4281,video_call,21,5,10,1
6548,5071,112,video_call,23,2,4,0
6549,2181,3887,video_call,22,2,4,0
6550,2097,4357,chat,32,1,2,0
6551,6948,2162,video_call,36,3,6,0
6552,3145,2250,chat,12,1,2,0
6553,8951,903,video_call,39,1,2,0
6554,1272,4117,video_call,49,2,4,0
6555,3529,1329,chat,41,5,10,1
6556,9575,1172,video_call,58,5,10,1
6557,703,3006,video_call,60,2,4,0
6558,8846,763,video_call,29,4,8,1
6559,4601,4761,video_call,17,5,10,1
6560,760,4235,video_call,32,3,6,0
6561,7236,3522,video_call,43,3,6,0
6562,1564,2829,chat,7,5,10,1
6563,9765,4533,chat,45,3,6,0
6564,6153,2175,video_call,53,5,10,1
6565,1719,4220,video_call,43,3,6,0
6566,2411,4896,chat,36,3,6,0
6567,6378,2720,video_call,48,5,10,1
6568,3539,3621,video_call,60,5,10,1
6569,5843,1473,chat,5,5,10,1
6570,1131,1377,chat,35,4,8,1
6571,7251,539,chat,6,4,8,1
6572,4989,1266,video_call,42,4,8,1
6573,7509,548,chat,29,5,10,1
6574,5540,3151,video_call,23,5,10,1
6575,8982,40,video_call,41,1,2,0
6576,2246,4388,chat,34,2,4,0
6577,6696,3475,video_call,37,5,10,1
6578,472,2400,chat,18,2,4,0
6579,5120,735,chat,36,5,10,1
6580,7434,4141,chat,25,1,2,0
6581,6593,2171,chat,18,3,6,0
6582,7223,2831,video_call,36,5,10,1
6583,2,4845,chat,30,5,10,1
6584,275,2554,video_call,60,5,10,1
6585,5203,2623,chat,27,5,10,1
6586,1189,2805,chat,18,5,10,1
6587,4256,17,chat,16,5,10,1
6588,8163,2645,video_call,24,5,10,1
6589,9837,980,video_call,57,3,6,0
6590,6695,4543,chat,17,1,2,0
6591,2204,1891,chat,20,2,4,0
6592,4928,1256,chat,27,5,10,1
6593,6219,4754,chat,14,5,10,1
6594,1526,4433,video_call,28,1,2,0
6595,229,4262,chat,7,3,6,0
6596,2514,2890,video_call,12,1,2,0
6597,591,3989,video_call,23,3,6,0
6598,7424,858,video_call,17,4,8,1
6599,5990,4679,video_call,49,3,6,0
6600,3829,1387,video_call,46,3,6,0
6601,6197,4514,chat,15,5,10,1
6602,1976,816,video_call,37,5,10,1
6603,5790,3099,video_call,18,5,10,1
6604,4531,1969,chat,31,2,4,0
6605,8101,3861,chat,9,5,10,1
6606,6655,2049,chat,25,4,8,1
6607,6211,2091,video_call,21,3,6,0
6608,5139,1089,chat,13,4,8,1
6609,7118,947,chat,24,1,2,0
6610,6329,2934,video_call,51,4,8,1
6611,3700,267,video_call,31,5,10,1
6612,5323,4275,video_call,29,1,2,0
6613,5260,3842,video_call,28,1,2,0
6614,9562,4535,video_call,43,3,6,0
6615,4832,3318,chat,27,5,10,1
6616,4725,4586,chat,7,2,4,0
6617,2186,993,video_call,51,4,8,1
6618,8628,1828,chat,14,1,2,0
6619,5954,549,chat,41,2,4,0
6620,3773,1,video_call,60,2,4,0
6621,8619,3261,chat,35,5,10,1
6622,2146,3470,video_call,40,4,8,1
6623,3600,562,video_call,23,1,2,0
6624,2702,3091,video_call,53,4,8,1
6625,1622,1606,video_call,12,4,8,1
6626,2426,2523,video_call,41,5,10,1
6627,8774,3473,chat,32,5,10,1
6628,5858,4340,chat,21,4,8,1
6629,5612,1088,video_call,38,5,10,1
6630,413,2121,video_call,22,5,10,1
6631,5171,2291,video_call,24,2,4,0
6632,9631,3273,video_call,43,3,6,0
6633,8133,863,video_call,30,4,8,1
6634,5188,4955,video_call,47,5,10,1
6635,7664,621,video_call,10,4,8,1
6636,2167,4029,video_call,23,4,8,1
6637,4756,2303,video_call,36,1,2,0
6638,6682,4031,video_call,59,5,10,1
6639,1445,4198,chat,23,2,4,0
6640,1361,2538,chat,13,1,2,0
6641,6835,3334,chat,35,3,6,0
6642,3231,810,chat,40,4,8,1
6643,2148,747,chat,27,2,4,0
6644,9889,2705,chat,13,5,10,1
6645,8089,3180,video_call,14,4,8,1
6646,5729,2662,chat,10,5,10,1
6647,3216,4530,video_call,48,5,10,1
6648,3457,3901,chat,7,1,2,0
6649,9772,533,video_call,55,1,2,0
6650,2364,2723,chat,29,1,2,0
6651,8835,3409,video_call,45,5,10,1
6652,2868,4034,chat,32,2,4,0
6653,7893,1155,chat,11,4,8,1
6654,2984,1550,video_call,41,2,4,0
6655,2489,4948,video_call,25,5,10,1
6656,573,3626,chat,41,4,8,1
6657,3765,719,video_call,28,3,6,0
6658,7086,4445,chat,5,1,2,0
6659,3964,4053,chat,25,2,4,0
6660,4679,4806,chat,35,1,2,0
6661,696,4325,video_call,40,5,10,1
6662,4292,1222,video_call,15,5,10,1
6663,832,2329,video_call,18,2,4,0
6664,5279,3947,video_call,27,3,6,0
6665,7074,4638,video_call,25,2,4,0
6666,9046,2703,video_call,51,1,2,0
6667,6122,4998,video_call,33,5,10,1
6668,7896,3770,chat,20,5,10,1
6669,1404,1878,chat,40,4,8,1
6670,4439,2211,video_call,10,2,4,0
6671,7370,771,chat,33,5,10,1
6672,7324,1696,chat,44,4,8,1
6673,4616,3318,video_call,37,1,2,0
6674,5627,2731,video_call,22,5,10,1
6675,233,4215,video_call,16,5,10,1
6676,948,3374,video_call,15,2,4,0
6677,3643,2426,video_call,31,5,10,1
6678,317,4566,video_call,54,4,8,1
6679,1161,2673,chat,33,1,2,0
6680,5460,4829,chat,5,4,8,1
6681,9344,4486,video_call,34,5,10,1
6682,6355,1076,chat,35,2,4,0
6683,8180,1433,video_call,26,5,10,1
6684,9378,799,video_call,41,4,8,1
6685,8488,2975,chat,14,1,2,0
6686,331,157,video_call,30,4,8,1
6687,3517,4151,chat,35,3,6,0
6688,8458,2621,video_call,35,2,4,0
6689,3014,46,video_call,21,4,8,1
6690,1337,2841,video_call,29,5,10,1
6691,8236,4285,chat,23,3,6,0
6692,7777,3031,video_call,15,5,10,1
6693,9117,2292,video_call,26,4,8,1
6694,2867,3839,video_call,16,2,4,0
6695,9538,1473,video_call,41,4,8,1
6696,6920,2029,chat,36,4,8,1
6697,9270,1945,chat,24,4,8,1
6698,289,4763,chat,18,1,2,0
6699,7648,4124,video_call,53,3,6,0
6700,323,4363,video_call,29,5,10,1
6701,8407,351,chat,22,2,4,0
6702,4344,296,chat,18,3,6,0
6703,6828,3792,chat,36,5,10,1
6704,9523,4651,video_call,48,5,10,1
6705,3566,638,video_call,38,5,10,1
6706,8573,4203,video_call,42,3,6,0
6707,5344,4098,chat,10,5,10,1
6708,8279,4773,video_call,30,4,8,1
6709,6341,902,video_call,45,5,10,1
6710,8410,635,chat,12,2,4,0
6711,4653,1544,video_call,54,2,4,0
6712,1262,627,video_call,15,2,4,0
6713,6719,958,video_call,40,2,4,0
6714,6774,2916,video_call,17,4,8,1
6715,8408,2108,video_call,24,5,10,1
6716,5137,4802,video_call,23,5,10,1
6717,6722,4289,video_call,38,2,4,0
6718,5963,1934,video_call,13,1,2,0
6719,6775,2744,video_call,28,4,8,1
6720,1437,348,chat,36,1,2,0
6721,5444,1157,chat,44,5,10,1
6722,7997,2241,chat,23,5,10,1
6723,7263,2366,chat,14,5,10,1
6724,6797,4891,chat,35,3,6,0
6725,7871,21,video_call,28,5,10,1
6726,9126,2872,video_call,46,5,10,1
6727,2617,1222,chat,30,4,8,1
6728,6340,4397,chat,19,5,10,1
6729,4567,4675,chat,22,5,10,1
6730,2821,2283,video_call,37,5,10,1
6731,5552,2673,video_call,57,3,6,0
6732,9483,3588,chat,20,4,8,1
6733,4336,4514,chat,28,4,8,1
6734,2290,305,video_call,56,5,10,1
6735,6082,2725,video_call,53,2,4,0
6736,529,4235,chat,41,4,8,1
6737,4361,949,video_call,38,5,10,1
6738,3518,3875,chat,23,3,6,0
6739,6001,660,video_call,49,4,8,1
6740,4485,552,video_call,34,5,10,1
6741,2212,242,video_call,37,3,6,0
6742,7290,1094,chat,17,5,10,1
6743,2783,3020,video_call,41,1,2,0
6744,7135,3767,video_call,39,4,8,1
6745,2219,3200,chat,7,1,2,0
6746,6453,1881,video_call,55,3,6,0
6747,6943,4837,video_call,57,5,10,1
6748,1264,20,video_call,19,1,2,0
6749,9968,1541,chat,18,5,10,1
6750,290,4533,video_call,10,3,6,0
6751,4639,2293,chat,15,2,4,0
6752,9253,3378,chat,36,4,8,1
6753,1192,481,video_call,13,5,10,1
6754,3785,2535,video_call,48,2,4,0
6755,6858,4719,video_call,17,2,4,0
6756,9984,3939,chat,43,3,6,0
6757,2297,3190,chat,27,2,4,0
6758,2514,2717,video_call,43,5,10,1
6759,3075,2283,video_call,27,4,8,1
6760,1833,744,video_call,59,3,6,0
6761,5612,1970,video_call,44,3,6,0
6762,872,4872,chat,14,3,6,0
6763,8927,3999,video_call,39,4,8,1
6764,642,5,video_call,38,1,2,0
6765,8311,3835,video_call,43,5,10,1
6766,9718,2441,video_call,11,2,4,0
6767,884,3576,chat,9,1,2,0
6768,6082,4417,video_call,40,2,4,0
6769,5506,1147,chat,22,5,10,1
6770,5928,4877,chat,33,2,4,0
6771,3789,2585,chat,12,5,10,1
6772,6548,4285,chat,19,3,6,0
6773,4206,1993,video_call,53,4,8,1
6774,9635,148,video_call,51,3,6,0
6775,9958,1290,video_call,60,5,10,1
6776,2325,834,video_call,31,5,10,1
6777,3670,2354,video_call,49,4,8,1
6778,8759,2818,video_call,39,5,10,1
6779,2453,4610,chat,36,3,6,0
6780,4490,3153,video_call,40,5,10,1
6781,2916,541,chat,8,5,10,1
6782,3228,3369,video_call,49,1,2,0
6783,5680,4219,video_call,38,4,8,1
6784,8179,4896,video_call,39,4,8,1
6785,1880,1740,video_call,41,5,10,1
6786,5712,3261,video_call,39,5,10,1
6787,3246,970,chat,17,4,8,1
6788,9684,1248,video_call,13,2,4,0
6789,9361,593,video_call,28,5,10,1
6790,4047,1302,chat,25,5,10,1
6791,8143,1923,video_call,31,2,4,0
6792,5454,3904,chat,9,3,6,0
6793,2255,1651,chat,38,4,8,1
6794,7615,1882,chat,34,5,10,1
6795,1136,777,video_call,48,4,8,1
6796,6133,3124,chat,39,2,4,0
6797,8601,4708,video_call,14,4,8,1
6798,5386,1932,video_call,29,2,4,0
6799,2295,305,chat,32,4,8,1
6800,2466,2615,video_call,47,5,10,1
6801,9116,2129,video_call,10,5,10,1
6802,6565,4841,video_call,48,1,2,0
6803,4174,4583,video_call,25,3,6,0
6804,1406,2378,video_call,28,5,10,1
6805,3206,1463,chat,37,2,4,0
6806,7460,2742,chat,11,4,8,1
6807,9053,3613,video_call,30,2,4,0
6808,7823,1157,video_call,16,1,2,0
6809,7155,1939,chat,44,5,10,1
6810,9097,1417,chat,12,2,4,0
6811,4359,400,video_call,39,1,2,0
6812,1979,2651,video_call,26,5,10,1
6813,4207,4644,chat,17,3,6,0
6814,8872,3002,video_call,60,4,8,1
6815,813,294,video_call,38,2,4,0
6816,3816,4887,video_call,51,1,2,0
6817,8183,4938,video_call,28,5,10,1
6818,7907,2108,chat,45,2,4,0
6819,1452,2152,chat,14,1,2,0
6820,58,3153,chat,6,2,4,0
6821,3822,471,chat,32,5,10,1
6822,9954,3314,video_call,13,1,2,0
6823,8211,4744,chat,19,3,6,0
6824,7987,3477,chat,35,4,8,1
6825,4850,1604,video_call,48,5,10,1
6826,9823,4184,chat,5,4,8,1
6827,4417,3139,chat,33,1,2,0
6828,4917,4794,chat,7,5,10,1
6829,7018,2805,chat,31,2,4,0
6830,9045,1795,chat,26,4,8,1
6831,1167,2407,video_call,30,4,8,1
6832,1142,2229,video_call,10,5,10,1
6833,7814,1855,video_call,16,2,4,0
6834,2776,4208,chat,24,5,10,1
6835,4833,68,chat,28,1,2,0
6836,7747,3967,video_call,37,4,8,1
6837,1098,285,video_call,56,1,2,0
6838,6279,3505,chat,20,2,4,0
6839,2611,1796,chat,15,1,2,0
6840,4913,2969,video_call,22,2,4,0
6841,8728,4581,video_call,36,5,10,1
6842,4475,4591,video_call,23,4,8,1
6843,6593,3373,chat,45,3,6,0
6844,7849,127,video_call,56,1,2,0
6845,1500,2396,chat,41,5,10,1
6846,7490,1352,video_call,54,5,10,1
6847,2193,4426,chat,30,5,10,1
6848,573,4926,chat,21,4,8,1
6849,7122,2091,video_call,40,5,10,1
6850,4055,2211,chat,21,4,8,1
6851,8367,750,video_call,37,3,6,0
6852,5072,1737,video_call,58,5,10,1
6853,191,1053,chat,5,5,10,1
6854,5938,24,chat,41,1,2,0
6855,1988,1312,chat,27,3,6,0
6856,3755,2686,video_call,48,5,10,1
6857,9396,4062,chat,27,1,2,0
6858,4081,2965,chat,10,2,4,0
6859,2529,3946,video_call,31,3,6,0
6860,3708,1966,video_call,59,5,10,1
6861,6698,1697,chat,42,1,2,0
6862,6107,204,chat,6,3,6,0
6863,7187,2927,video_call,55,5,10,1
6864,7677,97,chat,36,2,4,0
6865,2651,1270,chat,23,3,6,0
6866,6580,419,chat,6,5,10,1
6867,5565,3301,video_call,19,4,8,1
6868,8969,2306,video_call,38,3,6,0
6869,387,583,chat,12,5,10,1
6870,9139,1496,chat,43,1,2,0
6871,1555,1456,video_call,17,1,2,0
6872,1638,2313,video_call,44,4,8,1
6873,4656,3001,video_call,55,1,2,0
6874,613,4169,video_call,32,2,4,0
6875,2923,2876,chat,44,1,2,0
6876,6255,1455,video_call,20,5,10,1
6877,5478,1909,video_call,40,3,6,0
6878,7041,760,video_call,34,2,4,0
6879,4727,2414,video_call,58,4,8,1
6880,4550,992,video_call,42,5,10,1
6881,4800,3401,video_call,18,5,10,1
6882,2887,4314,video_call,43,4,8,1
6883,8813,2123,video_call,23,5,10,1
6884,3375,3891,video_call,33,4,8,1
6885,6171,3307,chat,34,5,10,1
6886,6285,814,video_call,60,1,2,0
6887,4971,3625,chat,17,4,8,1
6888,2880,343,chat,15,2,4,0
6889,5226,2170,chat,35,3,6,0
6890,317,2987,video_call,43,5,10,1
6891,2934,1964,video_call,27,3,6,0
6892,7623,374,video_call,52,4,8,1
6893,9152,2652,chat,13,4,8,1
6894,1410,4782,chat,13,4,8,1
6895,3253,351,video_call,60,3,6,0
6896,517,4722,chat,26,3,6,0
6897,6342,3925,chat,34,5,10,1
6898,6690,3731,video_call,15,3,6,0
6899,8309,1729,video_call,46,5,10,1
6900,9133,2169,video_call,16,3,6,0
6901,7435,3417,chat,19,4,8,1
6902,2311,2065,chat,7,4,8,1
6903,6641,2646,video_call,59,5,10,1
6904,103,511,chat,14,2,4,0
6905,9506,1306,video_call,60,3,6,0
6906,590,2196,video_call,45,4,8,1
6907,7426,601,chat,39,5,10,1
6908,4939,2298,video_call,49,3,6,0
6909,2984,1047,video_call,59,5,10,1
6910,306,4352,video_call,53,2,4,0
6911,6911,2906,chat,27,3,6,0
6912,4069,2913,chat,22,5,10,1
6913,2908,4807,chat,38,5,10,1
6914,8351,3637,video_call,26,1,2,0
6915,1087,3709,chat,28,5,10,1
6916,2242,2617,chat,27,5,10,1
6917,7441,3469,chat,43,1,2,0
6918,3692,2398,video_call,31,3,6,0
6919,1568,2362,chat,27,2,4,0
6920,6540,3990,chat,38,5,10,1
6921,3588,937,video_call,57,5,10,1
6922,4222,1734,video_call,12,4,8,1
6923,5972,4133,video_call,57,5,10,1
6924,7735,4405,video_call,13,5,10,1
6925,5536,3072,video_call,52,5,10,1
6926,8990,1502,chat,31,5,10,1
6927,3075,4991,video_call,28,3,6,0
6928,2043,184,chat,35,4,8,1
6929,209,479,video_call,38,2,4,0
6930,6184,2053,chat,38,4,8,1
6931,6735,2845,video_call,58,2,4,0
6932,1638,1507,chat,8,1,2,0
6933,4346,1553,chat,18,4,8,1
6934,4741,111,video_call,14,3,6,0
6935,4891,4830,chat,43,1,2,0
6936,330,851,video_call,37,5,10,1
6937,5002,4208,video_call,11,5,10,1
6938,6704,764,video_call,45,3,6,0
6939,412,490,video_call,17,2,4,0
6940,6010,871,video_call,42,4,8,1
6941,1055,3338,video_call,51,5,10,1
6942,8621,1765,video_call,10,4,8,1
6943,391,891,chat,11,2,4,0
6944,72,364,video_call,58,4,8,1
6945,4424,2849,video_call,59,2,4,0
6946,7932,916,chat,14,5,10,1
6947,2080,3569,video_call,55,4,8,1
6948,8661,1352,chat,5,5,10,1
6949,4499,13,chat,10,4,8,1
6950,9055,4042,chat,40,1,2,0
6951,5593,2489,chat,9,3,6,0
6952,5589,47,chat,40,4,8,1
6953,6283,2813,chat,6,1,2,0
6954,8309,3439,video_call,10,5,10,1
6955,5037,1550,chat,20,4,8,1
6956,9451,4207,chat,16,4,8,1
6957,8871,2792,video_call,28,2,4,0
6958,3662,4883,video_call,36,4,8,1
6959,5433,135,video_call,59,5,10,1
6960,8085,4724,video_call,57,5,10,1
6961,4471,4437,chat,43,5,10,1
6962,6712,1680,video_call,49,3,6,0
6963,3071,157,video_call,41,3,6,0
6964,2253,2651,chat,17,5,10,1
6965,1445,1816,chat,5,3,6,0
6966,5262,3422,video_call,48,5,10,1
6967,8347,2138,video_call,17,5,10,1
6968,3735,1349,chat,17,5,10,1
6969,1525,4502,video_call,20,5,10,1
6970,7947,1142,video_call,10,5,10,1
6971,5413,4266,video_call,42,4,8,1
6972,1223,2440,video_call,38,5,10,1
6973,8083,4576,chat,9,1,2,0
6974,5511,554,chat,9,4,8,1
6975,5235,652,chat,21,1,2,0
6976,8307,3070,video_call,15,2,4,0
6977,83,2530,chat,23,5,10,1
6978,3991,375,video_call,26,4,8,1
6979,6489,2701,chat,23,5,10,1
6980,2872,3834,video_call,46,4,8,1
6981,8689,1313,video_call,51,3,6,0
6982,7812,29,chat,18,3,6,0
6983,5048,4407,video_call,42,5,10,1
6984,9062,1454,video_call,38,4,8,1
6985,1644,2593,chat,34,2,4,0
6986,6292,3044,video_call,49,3,6,0
6987,1126,1227,video_call,50,5,10,1
6988,1723,2868,video_call,35,5,10,1
6989,5546,4384,video_call,20,2,4,0
6990,7693,1534,chat,36,5,10,1
6991,7333,4399,video_call,60,5,10,1
6992,5245,2557,chat,37,4,8,1
6993,7970,1116,video_call,10,5,10,1
6994,512,3488,video_call,28,3,6,0
6995,5450,4221,video_call,49,5,10,1
6996,7664,4465,video_call,28,5,10,1
6997,2055,2884,video_call,24,4,8,1
6998,9359,2368,chat,13,1,2,0
6999,2961,1306,video_call,33,1,2,0
7000,2057,4854,chat,27,3,6,0
7001,9186,3575,chat,12,3,6,0
7002,2788,482,video_call,31,5,10,1
7003,1388,2942,video_call,27,5,10,1
7004,1038,3534,chat,21,2,4,0
7005,5283,4964,chat,20,4,8,1
7006,2131,3429,chat,19,5,10,1
7007,7354,4303,chat,38,2,4,0
7008,2517,2449,video_call,46,5,10,1
7009,604,2242,chat,9,4,8,1
7010,6457,2500,chat,21,5,10,1
7011,2553,4120,video_call,40,3,6,0
7012,2052,411,video_call,44,1,2,0
7013,4580,494,chat,23,2,4,0
7014,4653,1030,video_call,17,4,8,1
7015,5860,3103,video_call,13,4,8,1
7016,2424,2692,video_call,41,4,8,1
7017,6078,1855,video_call,16,1,2,0
7018,3719,1161,video_call,46,4,8,1
7019,7433,1019,video_call,29,1,2,0
7020,108,225,chat,8,2,4,0
7021,3195,3927,chat,6,5,10,1
7022,6264,3261,video_call,18,5,10,1
7023,5642,4653,video_call,11,1,2,0
7024,6666,878,video_call,18,5,10,1
7025,6459,935,video_call,20,4,8,1
7026,4746,3638,video_call,33,3,6,0
7027,4733,157,chat,40,1,2,0
7028,721,1523,video_call,15,1,2,0
7029,1874,4451,video_call,33,5,10,1
7030,8817,1953,chat,18,4,8,1
7031,8089,2063,video_call,30,4,8,1
7032,4641,1318,chat,22,2,4,0
7033,2415,3920,video_call,26,3,6,0
7034,1206,4961,video_call,60,5,10,1
7035,5090,1073,video_call,60,2,4,0
7036,6445,4925,video_call,52,1,2,0
7037,5965,3566,chat,39,4,8,1
7038,1398,4950,video_call,50,1,2,0
7039,6260,4141,chat,39,1,2,0
7040,9245,2339,video_call,25,5,10,1
7041,2696,2075,video_call,52,2,4,0
7042,2723,2485,video_call,35,2,4,0
7043,450,4473,video_call,32,5,10,1
7044,9896,2943,video_call,14,2,4,0
7045,8137,2386,video_call,45,1,2,0
7046,3694,493,chat,8,3,6,0
7047,4473,2215,video_call,54,4,8,1
7048,4758,2538,chat,8,5,10,1
7049,9315,4026,video_call,18,5,10,1
7050,5677,2441,chat,5,1,2,0
7051,3873,2002,video_call,45,2,4,0
7052,7833,2360,chat,41,3,6,0
7053,8553,655,chat,8,1,2,0
7054,123,3859,chat,23,4,8,1
7055,8501,1102,chat,17,1,2,0
7056,4364,1266,video_call,17,3,6,0
7057,7520,3612,chat,9,2,4,0
7058,9571,4755,video_call,33,1,2,0
7059,2705,2588,video_call,43,2,4,0
7060,1610,3112,video_call,54,1,2,0
7061,3042,891,chat,20,2,4,0
7062,2774,2970,video_call,26,5,10,1
7063,399,135,chat,15,2,4,0
7064,7694,1492,video_call,29,4,8,1
7065,7577,236,video_call,31,5,10,1
7066,1502,1313,chat,7,5,10,1
7067,8186,3519,chat,7,4,8,1
7068,2768,3865,chat,35,5,10,1
7069,5727,3318,chat,35,2,4,0
7070,9882,1199,chat,9,5,10,1
7071,8111,982,video_call,43,4,8,1
7072,605,4453,video_call,32,5,10,1
7073,3349,3174,chat,39,4,8,1
7074,1340,3721,video_call,14,5,10,1
7075,3164,3999,chat,44,5,10,1
7076,1963,354,video_call,19,3,6,0
7077,3312,4567,chat,43,4,8,1
7078,102,1396,video_call,41,3,6,0
7079,5912,4891,video_call,41,1,2,0
7080,4444,1416,chat,7,2,4,0
7081,4123,1432,video_call,42,5,10,1
7082,2499,816,video_call,27,1,2,0
7083,327,4586,chat,31,2,4,0
7084,2331,1162,chat,31,5,10,1
7085,9356,896,video_call,58,3,6,0
7086,5921,2041,chat,44,5,10,1
7087,1480,1494,video_call,52,4,8,1
7088,3464,1579,video_call,52,1,2,0
7089,4990,1232,video_call,52,1,2,0
7090,469,641,video_call,36,5,10,1
7091,7713,3994,chat,45,5,10,1
7092,5163,439,video_call,52,4,8,1
7093,5397,3263,video_call,25,1,2,0
7094,6117,2092,video_call,16,4,8,1
7095,9798,1649,chat,29,2,4,0
7096,5021,261,video_call,51,5,10,1
7097,2583,1972,chat,38,5,10,1
7098,8857,1178,video_call,39,2,4,0
7099,1822,2979,video_call,38,2,4,0
7100,5652,4768,chat,32,4,8,1
7101,4220,62,video_call,31,2,4,0
7102,574,2587,chat,34,5,10,1
7103,2339,4038,video_call,33,4,8,1
7104,4179,1723,chat,8,3,6,0
7105,7276,3410,video_call,31,5,10,1
7106,2902,2310,video_call,27,2,4,0
7107,2576,180,video_call,40,5,10,1
7108,6514,2751,chat,16,3,6,0
7109,4975,88,chat,41,1,2,0
7110,4185,3683,chat,37,2,4,0
7111,8699,4566,chat,26,4,8,1
7112,1447,588,chat,30,3,6,0
7113,7421,3306,chat,34,5,10,1
7114,8865,2987,chat,26,5,10,1
7115,6131,2868,video_call,17,5,10,1
7116,6525,2612,video_call,57,1,2,0
7117,3718,3420,chat,13,3,6,0
7118,5690,4549,video_call,30,1,2,0
7119,365,4892,chat,12,5,10,1
7120,3971,1718,chat,26,1,2,0
7121,7407,283,video_call,58,4,8,1
7122,8460,1240,chat,45,4,8,1
7123,8382,973,chat,11,5,10,1
7124,1800,4144,video_call,19,3,6,0
7125,9224,1177,video_call,56,2,4,0
7126,7948,3323,video_call,31,2,4,0
7127,9399,1843,chat,23,4,8,1
7128,3622,1845,video_call,48,5,10,1
7129,9731,2215,chat,32,2,4,0
7130,910,198,video_call,18,2,4,0
7131,3313,3981,video_call,20,2,4,0
7132,3711,2839,chat,37,4,8,1
7133,813,4749,video_call,16,5,10,1
7134,8691,1437,video_call,48,2,4,0
7135,4945,3523,video_call,58,2,4,0
7136,7182,2651,chat,37,4,8,1
7137,2494,2473,video_call,43,4,8,1
7138,7711,1761,chat,41,5,10,1
7139,2328,4138,video_call,52,4,8,1
7140,4196,2435,video_call,14,5,10,1
7141,4544,4577,video_call,14,2,4,0
7142,6478,881,chat,33,5,10,1
7143,1574,2218,video_call,30,1,2,0
7144,3745,3110,chat,15,3,6,0
7145,6498,2906,video_call,37,4,8,1
7146,2867,120,video_call,14,4,8,1
7147,3032,1916,video_call,51,4,8,1
7148,6055,1902,chat,31,3,6,0
7149,5394,359,chat,40,4,8,1
7150,2912,3351,chat,37,3,6,0
7151,2906,3581,chat,42,3,6,0
7152,6821,1756,chat,44,4,8,1
7153,8464,3411,video_call,13,3,6,0
7154,2141,2705,video_call,49,5,10,1
7155,466,1231,chat,20,3,6,0
7156,5453,4897,video_call,32,1,2,0
7157,9661,3027,video_call,47,2,4,0
7158,420,868,chat,16,5,10,1
7159,2524,937,chat,6,5,10,1
7160,3672,513,chat,22,2,4,0
7161,6907,247,video_call,59,4,8,1
7162,316,3491,chat,36,3,6,0
7163,4842,4166,video_call,51,5,10,1
7164,2463,2647,chat,27,5,10,1
7165,3773,4566,chat,8,2,4,0
7166,5466,2382,video_call,39,2,4,0
7167,8002,4239,chat,44,1,2,0
7168,8593,4753,video_call,40,5,10,1
7169,555,153,video_call,10,1,2,0
7170,2391,812,video_call,18,2,4,0
7171,774,2343,video_call,44,1,2,0
7172,8993,829,chat,15,1,2,0
7173,8872,4098,chat,17,4,8,1
7174,5497,1934,chat,27,4,8,1
7175,992,3153,video_call,31,2,4,0
7176,9713,1715,chat,18,4,8,1
7177,7696,4783,chat,20,2,4,0
7178,5084,4210,chat,5,4,8,1
7179,8318,1306,video_call,16,3,6,0
7180,5953,301,video_call,19,2,4,0
7181,9971,579,video_call,23,4,8,1
7182,8671,3274,chat,35,1,2,0
7183,8958,2881,chat,42,5,10,1
7184,5013,2898,chat,16,5,10,1
7185,5541,4835,chat,20,5,10,1
7186,1954,597,video_call,47,2,4,0
7187,4716,3682,video_call,12,5,10,1
7188,5035,1152,video_call,44,3,6,0
7189,9131,1225,video_call,44,2,4,0
7190,9224,3419,chat,13,1,2,0
7191,4932,3455,video_call,60,5,10,1
7192,7805,3845,chat,43,2,4,0
7193,4961,2386,chat,9,5,10,1
7194,4761,2471,chat,45,5,10,1
7195,2962,2189,chat,18,1,2,0
7196,2615,1242,video_call,50,1,2,0
7197,1472,3175,chat,21,5,10,1
7198,5899,1393,chat,36,4,8,1
7199,374,137,chat,38,5,10,1
7200,4353,969,video_call,59,4,8,1
7201,9440,1575,video_call,57,5,10,1
7202,8191,2218,chat,35,4,8,1
7203,8498,4426,video_call,18,5,10,1
7204,842,1911,video_call,10,5,10,1
7205,7570,2188,video_call,25,1,2,0
7206,3977,4700,video_call,10,5,10,1
7207,9425,4688,chat,16,1,2,0
7208,8182,1500,video_call,12,3,6,0
7209,6100,2496,video_call,13,4,8,1
7210,6381,3197,video_call,28,4,8,1
7211,1648,1633,chat,24,1,2,0
7212,3836,459,video_call,13,2,4,0
7213,6148,2429,chat,5,5,10,1
7214,3711,871,chat,31,4,8,1
7215,1989,3988,video_call,33,5,10,1
7216,4857,4035,chat,32,5,10,1
7217,8342,4966,video_call,18,1,2,0
7218,2170,3001,chat,32,3,6,0
7219,4450,3546,video_call,47,1,2,0
7220,7126,902,video_call,19,4,8,1
7221,3208,167,chat,12,1,2,0
7222,8461,1226,video_call,41,5,10,1
7223,3735,1594,chat,8,3,6,0
7224,6211,3384,video_call,10,4,8,1
7225,139,3272,chat,6,4,8,1
7226,5244,1487,video_call,34,4,8,1
7227,8743,1634,video_call,50,2,4,0
7228,9352,3355,chat,33,4,8,1
7229,7833,2689,video_call,60,4,8,1
7230,9975,3133,video_call,28,5,10,1
7231,4238,4530,video_call,23,2,4,0
7232,6992,4815,video_call,13,5,10,1
7233,2825,550,video_call,36,5,10,1
7234,7528,3346,video_call,11,4,8,1
7235,907,1050,video_call,27,2,4,0
7236,6505,2713,chat,19,3,6,0
7237,5221,1579,chat,42,4,8,1
7238,1240,3012,video_call,56,3,6,0
7239,8760,4891,chat,36,2,4,0
7240,5220,1209,chat,21,2,4,0
7241,7179,3987,chat,6,4,8,1
7242,4247,812,video_call,55,4,8,1
7243,1442,2151,video_call,36,5,10,1
7244,1589,4748,video_call,54,5,10,1
7245,4377,2565,video_call,35,3,6,0
7246,8910,4717,chat,9,5,10,1
7247,3807,4582,video_call,21,5,10,1
7248,4069,1476,chat,44,1,2,0
7249,9152,4825,chat,10,4,8,1
7250,616,2864,video_call,37,3,6,0
7251,8729,2558,video_call,52,4,8,1
7252,7150,409,chat,29,5,10,1
7253,7689,1244,video_call,50,1,2,0
7254,8928,655,video_call,47,1,2,0
7255,2285,3647,video_call,13,4,8,1
7256,8425,709,video_call,25,2,4,0
7257,3735,1172,video_call,23,5,10,1
7258,8771,1500,video_call,22,2,4,0
7259,7880,2077,chat,34,1,2,0
7260,8189,208,video_call,12,4,8,1
7261,3133,4355,chat,39,3,6,0
7262,8083,699,chat,41,5,10,1
7263,1641,1050,video_call,50,3,6,0
7264,9167,4138,video_call,17,5,10,1
7265,373,476,chat,33,2,4,0
7266,2354,2575,chat,28,3,6,0
7267,6202,888,video_call,31,5,10,1
7268,4429,3077,chat,29,2,4,0
7269,7806,3867,video_call,31,5,10,1
7270,9884,1654,video_call,47,5,10,1
7271,8276,3922,video_call,24,3,6,0
7272,5569,648,video_call,45,5,10,1
7273,6369,1121,video_call,28,3,6,0
7274,582,4830,video_call,49,1,2,0
7275,6831,3139,chat,31,2,4,0
7276,9915,2550,chat,13,5,10,1
7277,8022,4052,video_call,23,4,8,1
7278,1038,2300,chat,39,4,8,1
7279,1493,2258,video_call,37,5,10,1
7280,4321,2152,chat,28,1,2,0
7281,794,2016,chat,38,1,2,0
7282,3702,2632,chat,28,1,2,0
7283,7596,2698,chat,39,3,6,0
7284,6259,58,chat,20,1,2,0
7285,3328,543,chat,6,5,10,1
7286,4560,4016,chat,17,4,8,1
7287,9048,4832,chat,8,5,10,1
7288,3756,3838,chat,36,2,4,0
7289,6823,2861,chat,33,1,2,0
7290,7174,3902,chat,30,5,10,1
7291,2556,1326,video_call,10,1,2,0
7292,9758,3837,video_call,57,5,10,1
7293,4547,444,chat,41,5,10,1
7294,3264,465,chat,22,5,10,1
7295,600,4232,video_call,23,5,10,1
7296,6982,3660,video_call,40,4,8,1
7297,7683,1917,chat,31,4,8,1
7298,9166,2836,chat,15,5,10,1
7299,6080,249,video_call,10,5,10,1
7300,8102,4128,chat,25,5,10,1
7301,9667,249,video_call,11,5,10,1
7302,3357,3014,chat,29,4,8,1
7303,4700,3634,chat,41,4,8,1
7304,9130,2970,chat,5,4,8,1
7305,3802,1652,video_call,57,5,10,1
7306,2266,2149,chat,14,3,6,0
7307,6335,279,video_call,20,2,4,0
7308,5345,2580,chat,25,4,8,1
7309,6862,1462,video_call,38,5,10,1
7310,4489,254,chat,35,5,10,1
7311,340,1074,video_call,12,3,6,0
7312,1802,428,video_call,60,5,10,1
7313,8027,282,chat,16,2,4,0
7314,716,4473,video_call,13,1,2,0
7315,1793,4912,video_call,22,2,4,0
7316,5613,2677,chat,30,3,6,0
7317,2895,1481,chat,8,4,8,1
7318,1866,1274,video_call,32,4,8,1
7319,2928,524,video_call,22,3,6,0
7320,296,3463,chat,23,4,8,1
7321,8741,3473,video_call,24,5,10,1
7322,5172,1933,video_call,50,5,10,1
7323,36,2044,chat,26,4,8,1
7324,1158,704,video_call,34,2,4,0
7325,8811,4904,video_call,56,5,10,1
7326,5544,562,chat,29,3,6,0
7327,6835,1752,video_call,54,3,6,0
7328,1845,1726,video_call,22,1,2,0
7329,2424,968,video_call,10,2,4,0
7330,8453,500,video_call,60,5,10,1
7331,7587,3899,video_call,25,4,8,1
7332,3044,1775,video_call,37,4,8,1
7333,7746,922,chat,37,3,6,0
7334,6438,2551,video_call,57,3,6,0
7335,2623,2449,chat,9,5,10,1
7336,8713,1853,video_call,59,5,10,1
7337,5588,2023,video_call,49,5,10,1
7338,1368,2743,video_call,58,5,10,1
7339,8657,3721,video_call,34,4,8,1
7340,5499,2946,chat,33,5,10,1
7341,3056,1860,video_call,34,4,8,1
7342,8279,1267,video_call,57,5,10,1
7343,2732,13,video_call,29,5,10,1
7344,356,3312,video_call,20,5,10,1
7345,9592,3939,video_call,44,5,10,1
7346,7355,922,chat,14,1,2,0
7347,7601,3830,video_call,11,1,2,0
7348,3411,2383,chat,35,5,10,1
7349,1982,637,video_call,47,4,8,1
7350,8340,834,chat,18,5,10,1
7351,2617,793,video_call,19,3,6,0
7352,501,3419,chat,12,1,2,0
7353,7957,4044,video_call,12,4,8,1
7354,3529,2807,chat,16,5,10,1
7355,3128,608,video_call,58,5,10,1
7356,292,1384,video_call,17,4,8,1
7357,7537,3469,chat,27,2,4,0
7358,5848,764,video_call,32,5,10,1
7359,4137,4548,video_call,27,5,10,1
7360,7696,3411,video_call,52,1,2,0
7361,4790,4247,chat,35,5,10,1
7362,5788,1698,chat,21,4,8,1
7363,3068,1084,video_call,39,5,10,1
7364,5810,2380,video_call,52,3,6,0
7365,653,968,chat,37,2,4,0
7366,4595,3251,chat,9,4,8,1
7367,6878,68,chat,20,5,10,1
7368,6793,3255,video_call,33,5,10,1
7369,294,2795,video_call,51,5,10,1
7370,9416,2050,chat,31,5,10,1
7371,1636,4026,chat,36,5,10,1
7372,6270,3949,chat,40,5,10,1
7373,7555,3322,video_call,15,3,6,0
7374,818,810,chat,38,5,10,1
7375,2810,3817,video_call,21,5,10,1
7376,3628,1178,video_call,21,3,6,0
7377,2297,3458,chat,39,5,10,1
7378,485,254,chat,22,3,6,0
7379,6117,4373,chat,30,4,8,1
7380,6160,120,video_call,57,5,10,1
7381,3151,2449,chat,5,5,10,1
7382,5328,21,video_call,10,3,6,0
7383,391,1944,chat,18,5,10,1
7384,7647,1476,video_call,12,5,10,1
7385,1634,3189,video_call,41,3,6,0
7386,1811,2561,chat,16,4,8,1
7387,528,4305,chat,21,4,8,1
7388,7277,4427,chat,17,1,2,0
7389,2905,508,chat,23,4,8,1
7390,6734,1325,video_call,22,5,10,1
7391,4428,4937,video_call,22,1,2,0
7392,2332,2825,chat,23,4,8,1
7393,374,4698,video_call,23,4,8,1
7394,4856,1001,chat,38,4,8,1
7395,4220,2548,chat,20,5,10,1
7396,4521,3759,video_call,42,3,6,0
7397,4389,1534,chat,17,4,8,1
7398,2939,4003,video_call,33,3,6,0
7399,6631,3543,chat,43,4,8,1
7400,5173,4567,video_call,38,5,10,1
7401,3612,1320,video_call,38,2,4,0
7402,4281,1265,chat,24,5,10,1
7403,1958,3311,video_call,24,1,2,0
7404,4017,4339,video_call,46,4,8,1
7405,3522,2316,video_call,24,2,4,0
7406,8981,2053,chat,11,5,10,1
7407,9777,39,chat,29,5,10,1
7408,2160,2950,chat,18,5,10,1
7409,9034,1417,video_call,37,3,6,0
7410,1538,1668,video_call,21,1,2,0
7411,1522,579,chat,26,5,10,1
7412,1284,249,video_call,17,2,4,0
7413,7087,1587,chat,14,4,8,1
7414,2120,3520,chat,29,1,2,0
7415,900,2374,video_call,23,5,10,1
7416,1595,2789,video_call,42,2,4,0
7417,577,2077,chat,14,4,8,1
7418,362,3096,chat,15,4,8,1
7419,1345,4663,video_call,24,1,2,0
7420,6691,4341,chat,34,1,2,0
7421,5636,1794,chat,16,5,10,1
7422,791,4070,video_call,36,5,10,1
7423,6620,4442,chat,34,1,2,0
7424,6227,135,video_call,11,2,4,0
7425,4790,4771,chat,15,4,8,1
7426,2981,3448,video_call,17,2,4,0
7427,5518,707,video_call,41,5,10,1
7428,8965,1183,chat,9,4,8,1
7429,7594,2521,chat,16,5,10,1
7430,7422,1127,chat,45,5,10,1
7431,1551,2268,chat,27,2,4,0
7432,9883,635,video_call,25,1,2,0
7433,7934,2035,chat,35,5,10,1
7434,6582,3004,chat,22,3,6,0
7435,2101,4309,chat,15,5,10,1
7436,4164,4867,chat,24,5,10,1
7437,9470,1695,chat,34,5,10,1
7438,9468,2352,video_call,53,5,10,1
7439,7646,625,video_call,58,3,6,0
7440,4883,1514,chat,28,4,8,1
7441,88,3384,video_call,11,1,2,0
7442,5696,1998,video_call,23,5,10,1
7443,4304,1298,video_call,12,4,8,1
7444,248,4223,video_call,48,1,2,0
7445,1105,657,chat,43,3,6,0
7446,3549,4870,video_call,10,2,4,0
7447,2989,1601,video_call,47,2,4,0
7448,2837,2408,video_call,28,1,2,0
7449,3772,4239,video_call,40,1,2,0
7450,4187,2666,chat,39,2,4,0
7451,4676,1605,video_call,25,3,6,0
7452,496,1892,video_call,27,4,8,1
7453,8443,4087,chat,6,5,10,1
7454,2094,1363,chat,16,2,4,0
7455,6308,3522,chat,39,4,8,1
7456,1666,2627,chat,28,5,10,1
7457,7794,1683,chat,35,5,10,1
7458,1495,4267,video_call,40,2,4,0
7459,2479,3682,chat,18,3,6,0
7460,3312,4252,video_call,22,1,2,0
7461,6222,1801,chat,44,1,2,0
7462,5855,1466,video_call,60,3,6,0
7463,6248,746,video_call,60,2,4,0
7464,3882,3726,video_call,14,1,2,0
7465,5982,4616,video_call,40,4,8,1
7466,7832,4965,video_call,21,2,4,0
7467,2854,350,chat,23,1,2,0
7468,6005,3921,video_call,42,5,10,1
7469,7308,883,chat,8,4,8,1
7470,8330,1049,chat,43,3,6,0
7471,1804,4816,chat,42,1,2,0
7472,5051,3786,video_call,48,5,10,1
7473,3501,4728,video_call,21,3,6,0
7474,6801,447,video_call,27,5,10,1
7475,258,4638,video_call,53,5,10,1
7476,8213,1650,chat,29,1,2,0
7477,1697,3257,chat,26,3,6,0
7478,6527,1361,video_call,50,5,10,1
7479,1555,1549,video_call,10,4,8,1
7480,7090,3387,video_call,55,2,4,0
7481,722,649,chat,31,5,10,1
7482,8459,1519,chat,25,2,4,0
7483,5903,392,chat,14,5,10,1
7484,1887,77,video_call,35,3,6,0
7485,3509,1041,chat,34,3,6,0
7486,4093,4623,chat,39,1,2,0
7487,3171,4647,video_call,59,5,10,1
7488,2213,4890,video_call,46,1,2,0
7489,3562,2248,chat,31,5,10,1
7490,7895,333,video_call,25,4,8,1
7491,993,119,video_call,46,4,8,1
7492,1899,2932,chat,45,2,4,0
7493,5674,2599,video_call,44,4,8,1
7494,7395,2000,video_call,23,5,10,1
7495,7591,704,chat,5,3,6,0
7496,8568,1664,chat,28,3,6,0
7497,9598,1190,video_call,45,4,8,1
7498,423,2485,video_call,19,5,10,1
7499,5514,3313,video_call,37,4,8,1
7500,6414,4356,chat,26,3,6,0
7501,9303,4385,chat,7,5,10,1
7502,7288,4957,chat,12,4,8,1
7503,452,4776,chat,37,5,10,1
7504,2793,305,video_call,55,4,8,1
7505,4920,969,chat,10,2,4,0
7506,6074,1774,chat,29,4,8,1
7507,8061,2154,chat,22,2,4,0
7508,6317,2105,chat,45,4,8,1
7509,524,1283,video_call,43,5,10,1
7510,3828,2084,video_call,39,2,4,0
7511,4672,2355,chat,34,1,2,0
7512,2925,754,chat,8,1,2,0
7513,4627,4058,video_call,41,5,10,1
7514,8317,3824,chat,31,4,8,1
7515,508,4132,video_call,33,2,4,0
7516,6643,4406,chat,20,1,2,0
7517,5688,3809,video_call,46,1,2,0
7518,8398,2433,video_call,58,1,2,0
7519,2403,2684,video_call,39,2,4,0
7520,9436,4499,video_call,25,5,10,1
7521,860,4535,video_call,23,5,10,1
7522,2644,805,video_call,52,5,10,1
7523,2545,3551,chat,14,5,10,1
7524,531,3168,chat,43,3,6,0
7525,7035,116,video_call,10,2,4,0
7526,1696,768,video_call,36,5,10,1
7527,2325,3752,video_call,54,4,8,1
7528,508,1631,chat,42,1,2,0
7529,5762,3783,video_call,28,4,8,1
7530,5962,3722,chat,15,5,10,1
7531,8808,1869,chat,5,2,4,0
7532,9023,1238,video_call,27,4,8,1
7533,867,1492,video_call,42,5,10,1
7534,9866,1695,video_call,40,1,2,0
7535,6537,1636,chat,39,2,4,0
7536,7956,3714,video_call,17,5,10,1
7537,8027,591,video_call,17,5,10,1
7538,5192,4892,video_call,23,4,8,1
7539,1021,975,chat,15,1,2,0
7540,2128,2348,video_call,16,5,10,1
7541,161,100,video_call,12,3,6,0
7542,497,3743,chat,34,1,2,0
7543,1306,2023,chat,45,4,8,1
7544,7324,1873,chat,9,2,4,0
7545,3442,3326,video_call,23,2,4,0
7546,5927,4900,chat,37,3,6,0
7547,1581,4386,chat,28,1,2,0
7548,3663,4988,video_call,43,5,10,1
7549,6133,1869,chat,8,5,10,1
7550,1874,1838,chat,27,5,10,1
7551,2996,1837,video_call,13,5,10,1
7552,1,4519,chat,17,5,10,1
7553,5936,2933,video_call,22,3,6,0
7554,7404,472,chat,38,2,4,0
7555,4582,4062,chat,35,1,2,0
7556,8754,3472,video_call,57,4,8,1
7557,9388,367,video_call,49,5,10,1
7558,8540,26,chat,34,5,10,1
7559,5703,2226,video_call,54,4,8,1
7560,7689,496,chat,38,4,8,1
7561,1978,1676,chat,38,1,2,0
7562,7816,325,chat,30,3,6,0
7563,6930,3580,chat,38,2,4,0
7564,2504,778,chat,37,3,6,0
7565,1406,2759,video_call,38,2,4,0
7566,1446,1837,chat,22,5,10,1
7567,325,4023,video_call,16,2,4,0
7568,9867,1944,chat,15,1,2,0
7569,8193,3521,video_call,56,5,10,1
7570,69,3176,video_call,48,5,10,1
7571,8445,874,video_call,58,5,10,1
7572,1033,2751,chat,18,5,10,1
7573,8815,617,chat,31,1,2,0
7574,4222,2556,video_call,54,3,6,0
7575,3736,1609,chat,18,5,10,1
7576,9350,1547,chat,26,5,10,1
7577,3292,884,chat,33,5,10,1
7578,5330,2261,video_call,60,3,6,0
7579,6480,289,chat,6,3,6,0
7580,7064,2734,video_call,48,5,10,1
7581,4489,4157,video_call,19,3,6,0
7582,3230,2013,video_call,35,3,6,0
7583,3216,2574,chat,13,4,8,1
7584,5764,4235,video_call,44,4,8,1
7585,2124,2099,chat,42,4,8,1
7586,3161,1458,chat,43,4,8,1
7587,2784,249,video_call,32,5,10,1
7588,7874,3330,video_call,12,2,4,0
7589,3879,1939,video_call,57,2,4,0
7590,7212,2613,video_call,55,1,2,0
7591,2779,486,chat,6,4,8,1
7592,7194,4764,video_call,25,3,6,0
7593,2521,2309,chat,8,5,10,1
7594,5984,458,video_call,24,5,10,1
7595,2269,3964,video_call,32,1,2,0
7596,2138,2304,video_call,21,1,2,0
7597,3978,1957,video_call,20,2,4,0
7598,5213,4983,video_call,22,4,8,1
7599,7395,1404,chat,12,3,6,0
7600,8330,3012,chat,17,5,10,1
7601,2561,4944,chat,16,4,8,1
7602,8310,1039,video_call,37,4,8,1
7603,7385,4210,video_call,16,5,10,1
7604,9069,846,video_call,33,4,8,1
7605,7542,2637,video_call,24,5,10,1
7606,4466,3021,video_call,58,5,10,1
7607,570,2917,chat,16,5,10,1
7608,4101,3523,video_call,59,5,10,1
7609,1377,1002,video_call,43,3,6,0
7610,592,429,video_call,25,2,4,0
7611,1225,3029,chat,18,2,4,0
7612,4029,2953,chat,43,4,8,1
7613,9853,448,video_call,34,3,6,0
7614,4718,1199,chat,29,4,8,1
7615,2158,2448,video_call,30,4,8,1
7616,9604,443,chat,20,5,10,1
7617,4254,2332,video_call,45,1,2,0
7618,1348,3932,chat,44,1,2,0
7619,3234,4350,video_call,43,3,6,0
7620,1870,834,video_call,45,5,10,1
7621,7402,2272,video_call,59,5,10,1
7622,6757,1737,chat,10,2,4,0
7623,8937,3812,video_call,36,5,10,1
7624,2251,1084,video_call,37,5,10,1
7625,6714,3792,video_call,16,5,10,1
7626,567,584,chat,23,5,10,1
7627,5620,2792,chat,19,2,4,0
7628,3534,4464,chat,34,3,6,0
7629,8409,659,video_call,42,5,10,1
7630,1937,1044,chat,35,4,8,1
7631,5763,4749,video_call,24,4,8,1
7632,5126,1172,video_call,36,2,4,0
7633,6405,4586,chat,7,3,6,0
7634,9314,3360,video_call,25,1,2,0
7635,6099,4258,video_call,46,1,2,0
7636,5514,3310,chat,39,2,4,0
7637,7990,4606,chat,41,3,6,0
7638,4248,3437,chat,40,5,10,1
7639,4578,3340,video_call,48,1,2,0
7640,1509,3548,chat,39,4,8,1
7641,398,656,video_call,17,2,4,0
7642,4618,2414,video_call,36,1,2,0
7643,654,906,chat,19,5,10,1
7644,6105,886,video_call,44,3,6,0
7645,6958,3264,chat,32,5,10,1
7646,3868,887,video_call,14,1,2,0
7647,8487,1226,video_call,43,2,4,0
7648,9517,3693,chat,8,4,8,1
7649,2205,2077,video_call,47,2,4,0
7650,9516,4123,chat,32,2,4,0
7651,6716,1092,video_call,12,5,10,1
7652,3936,4873,video_call,15,2,4,0
7653,5550,4023,chat,35,3,6,0
7654,3678,4947,video_call,58,4,8,1
7655,5672,327,video_call,56,4,8,1
7656,4308,4767,chat,21,5,10,1
7657,3284,4982,chat,9,5,10,1
7658,3217,1670,chat,16,2,4,0
7659,5425,4004,video_call,29,3,6,0
7660,8613,4569,video_call,40,4,8,1
7661,9214,1458,chat,11,5,10,1
7662,3596,4107,video_call,39,3,6,0
7663,4031,958,video_call,38,4,8,1
7664,7403,3080,chat,18,2,4,0
7665,1148,4755,chat,15,3,6,0
7666,259,4441,chat,45,2,4,0
7667,5980,1947,video_call,55,4,8,1
7668,8024,145,chat,25,4,8,1
7669,7378,1453,chat,42,5,10,1
7670,8920,41,chat,33,5,10,1
7671,3882,2422,video_call,50,1,2,0
7672,4785,4930,video_call,25,2,4,0
7673,9418,3007,video_call,36,2,4,0
7674,1778,3967,chat,21,4,8,1
7675,8215,2999,chat,27,5,10,1
7676,9568,4804,chat,23,1,2,0
7677,1518,4491,video_call,54,4,8,1
7678,5409,2477,chat,44,5,10,1
7679,3275,1080,video_call,54,1,2,0
7680,4136,3644,chat,25,2,4,0
7681,4126,4298,video_call,42,2,4,0
7682,6555,43,video_call,53,2,4,0
7683,6468,1315,video_call,41,2,4,0
7684,9892,2958,video_call,44,5,10,1
7685,1544,539,chat,43,5,10,1
7686,930,3360,video_call,45,5,10,1
7687,8763,4337,chat,34,5,10,1
7688,7536,817,video_call,18,5,10,1
7689,6416,2825,video_call,37,5,10,1
7690,2576,1382,video_call,52,4,8,1
7691,4503,3818,chat,35,5,10,1
7692,1021,3913,chat,20,4,8,1
7693,4510,1539,video_call,16,2,4,0
7694,3202,1761,chat,24,2,4,0
7695,3380,2599,chat,22,5,10,1
7696,3615,3176,chat,10,2,4,0
7697,2123,3603,video_call,15,2,4,0
7698,2080,4995,video_call,48,1,2,0
7699,9478,2010,video_call,10,4,8,1
7700,7630,3440,video_call,19,3,6,0
7701,518,4652,chat,45,5,10,1
7702,2713,4620,video_call,58,1,2,0
7703,5858,289,chat,19,4,8,1
7704,1179,3045,video_call,20,3,6,0
7705,1603,3687,video_call,58,5,10,1
7706,9068,4419,video_call,34,3,6,0
7707,3859,2767,chat,38,5,10,1
7708,4702,589,chat,39,5,10,1
7709,8614,4337,chat,9,2,4,0
7710,5165,4031,video_call,16,5,10,1
7711,2325,1483,video_call,26,2,4,0
7712,1624,2319,video_call,42,5,10,1
7713,7040,1901,chat,42,4,8,1
7714,5355,3925,chat,39,4,8,1
7715,2928,457,chat,40,5,10,1
7716,4578,3258,video_call,13,4,8,1
7717,5899,1762,video_call,27,4,8,1
7718,7271,538,video_call,55,5,10,1
7719,7485,4789,chat,7,5,10,1
7720,8920,779,video_call,45,5,10,1
7721,9374,2007,video_call,41,5,10,1
7722,8484,704,video_call,28,2,4,0
7723,2612,1546,video_call,32,1,2,0
7724,1005,308,video_call,28,5,10,1
7725,8028,4234,chat,36,5,10,1
7726,1023,4213,video_call,57,1,2,0
7727,2443,283,video_call,38,2,4,0
7728,9143,1718,video_call,30,2,4,0
7729,4394,1896,chat,39,5,10,1
7730,1051,4539,video_call,32,2,4,0
7731,7326,1535,video_call,53,5,10,1
7732,4377,2577,video_call,12,5,10,1
7733,9703,1843,video_call,59,2,4,0
7734,5345,2357,chat,15,4,8,1
7735,7176,1355,video_call,16,5,10,1
7736,7136,4275,video_call,27,5,10,1
7737,2127,4689,chat,20,5,10,1
7738,7820,402,video_call,41,2,4,0
7739,1311,1646,chat,34,5,10,1
7740,195,3441,video_call,47,5,10,1
7741,2315,4093,video_call,50,2,4,0
7742,4133,2352,chat,15,5,10,1
7743,9037,3183,chat,8,1,2,0
7744,9215,702,video_call,59,4,8,1
7745,963,4227,chat,34,1,2,0
7746,8824,1678,video_call,24,5,10,1
7747,846,604,video_call,23,5,10,1
7748,3997,4333,video_call,25,3,6,0
7749,652,4913,chat,30,3,6,0
7750,2311,2461,chat,35,2,4,0
7751,9000,982,chat,29,5,10,1
7752,8036,4219,chat,18,1,2,0
7753,7211,4555,chat,13,2,4,0
7754,2409,1388,chat,29,4,8,1
7755,4940,3349,video_call,27,5,10,1
7756,3505,1362,chat,6,1,2,0
7757,6387,1847,video_call,11,5,10,1
7758,5962,1916,video_call,41,5,10,1
7759,4120,2687,video_call,51,5,10,1
7760,2240,4254,chat,13,3,6,0
7761,8230,139,video_call,51,4,8,1
7762,381,176,chat,23,5,10,1
7763,725,3050,video_call,27,5,10,1
7764,6270,1878,chat,30,5,10,1
7765,4884,1589,chat,33,2,4,0
7766,4987,1375,chat,13,5,10,1
7767,2280,3248,video_call,49,2,4,0
7768,8666,893,video_call,31,4,8,1
7769,7328,290,video_call,49,5,10,1
7770,7006,2298,chat,36,5,10,1
7771,3570,3031,chat,43,4,8,1
7772,3022,2551,chat,12,3,6,0
7773,2569,372,chat,13,5,10,1
7774,9079,3929,video_call,55,4,8,1
7775,1584,3308,video_call,51,5,10,1
7776,5630,1068,chat,11,4,8,1
7777,2872,2601,video_call,60,2,4,0
7778,3384,4883,chat,13,5,10,1
7779,1419,4202,chat,18,5,10,1
7780,962,2012,chat,44,4,8,1
7781,4861,4494,chat,26,2,4,0
7782,2150,4247,chat,9,5,10,1
7783,7875,715,chat,33,4,8,1
7784,2305,2720,chat,37,4,8,1
7785,876,699,video_call,32,2,4,0
7786,1150,1344,chat,6,3,6,0
7787,5056,640,video_call,57,1,2,0
7788,2754,4207,video_call,23,4,8,1
7789,3436,175,video_call,15,2,4,0
7790,8657,3804,chat,29,1,2,0
7791,7547,2771,chat,20,5,10,1
7792,7276,3889,chat,20,2,4,0
7793,33,3262,chat,32,5,10,1
7794,1701,2459,chat,18,4,8,1
7795,3159,2048,chat,13,4,8,1
7796,5333,1416,chat,13,5,10,1
7797,9023,2376,chat,12,3,6,0
7798,8236,623,video_call,20,4,8,1
7799,2386,4331,chat,10,3,6,0
7800,8245,3658,chat,36,4,8,1
7801,7066,3256,video_call,56,5,10,1
7802,1539,2109,video_call,25,1,2,0
7803,7563,3028,chat,18,3,6,0
7804,1297,1021,video_call,35,3,6,0
7805,2777,3284,video_call,53,5,10,1
7806,5111,3075,chat,28,5,10,1
7807,6661,2701,chat,33,3,6,0
7808,6331,180,chat,6,2,4,0
7809,3714,4050,video_call,15,3,6,0
7810,1479,4134,video_call,47,3,6,0
7811,6650,1997,video_call,54,4,8,1
7812,6651,4968,video_call,24,2,4,0
7813,3903,921,chat,12,5,10,1
7814,75,1888,chat,30,2,4,0
7815,5801,1337,chat,41,3,6,0
7816,5910,2743,video_call,44,5,10,1
7817,9417,2238,video_call,46,2,4,0
7818,1492,4308,video_call,42,5,10,1
7819,6358,2899,chat,36,3,6,0
7820,9338,3428,video_call,30,4,8,1
7821,9624,170,video_call,10,4,8,1
7822,9530,2460,chat,21,5,10,1
7823,2167,528,chat,38,5,10,1
7824,496,1299,video_call,19,5,10,1
7825,7694,2744,video_call,24,5,10,1
7826,3090,3324,video_call,59,3,6,0
7827,3761,4767,video_call,39,5,10,1
7828,8893,2578,video_call,58,5,10,1
7829,6607,4946,video_call,53,5,10,1
7830,3762,4938,chat,39,4,8,1
7831,4569,1168,video_call,41,5,10,1
7832,2109,2855,video_call,29,5,10,1
7833,9575,3676,video_call,37,1,2,0
7834,5405,1573,video_call,31,4,8,1
7835,9575,2782,video_call,44,1,2,0
7836,1324,2117,chat,14,4,8,1
7837,4907,1974,video_call,42,3,6,0
7838,9933,3161,chat,32,5,10,1
7839,4819,4368,video_call,22,4,8,1
7840,7451,3067,video_call,26,5,10,1
7841,126,1814,chat,40,5,10,1
7842,6695,1485,video_call,57,5,10,1
7843,8003,3359,chat,8,3,6,0
7844,5787,2331,chat,41,5,10,1
7845,2859,4768,chat,45,5,10,1
7846,8969,2867,video_call,14,4,8,1
7847,5622,4514,chat,43,5,10,1
7848,7895,3133,video_call,51,5,10,1
7849,9443,3776,chat,21,1,2,0
7850,8128,430,chat,28,4,8,1
7851,1059,971,video_call,10,2,4,0
7852,8378,1598,video_call,37,5,10,1
7853,7806,4863,video_call,15,3,6,0
7854,5683,2651,chat,5,5,10,1
7855,4413,2156,chat,21,4,8,1
7856,434,4497,chat,13,5,10,1
7857,7520,1075,video_call,33,1,2,0
7858,9604,2724,video_call,42,3,6,0
7859,5133,2746,video_call,59,5,10,1
7860,4423,2079,video_call,15,5,10,1
7861,3540,1396,chat,14,2,4,0
7862,6868,1684,chat,32,1,2,0
7863,7377,983,video_call,50,3,6,0
7864,7484,2223,chat,44,4,8,1
7865,8721,2093,chat,25,4,8,1
7866,5544,1289,video_call,45,5,10,1
7867,5671,899,video_call,54,5,10,1
7868,3864,4410,video_call,41,3,6,0
7869,5254,3585,chat,19,3,6,0
7870,5998,909,video_call,60,3,6,0
7871,8952,1813,video_call,35,2,4,0
7872,9974,23,video_call,51,4,8,1
7873,647,1507,video_call,60,3,6,0
7874,2520,2148,chat,21,4,8,1
7875,2689,4137,video_call,29,5,10,1
7876,2975,4590,video_call,49,3,6,0
7877,1410,2381,chat,26,4,8,1
7878,5176,3459,video_call,24,1,2,0
7879,3337,1199,chat,11,5,10,1
7880,6301,3339,chat,12,5,10,1
7881,3812,1571,chat,6,5,10,1
7882,9361,2415,chat,6,2,4,0
7883,4752,4748,chat,31,4,8,1
7884,673,142,chat,16,3,6,0
7885,8904,415,video_call,34,2,4,0
7886,5064,4237,chat,23,5,10,1
7887,9316,540,chat,37,1,2,0
7888,7681,2448,chat,27,2,4,0
7889,6854,2785,chat,9,5,10,1
7890,9310,885,video_call,49,5,10,1
7891,32,4767,chat,15,4,8,1
7892,2328,4986,video_call,43,5,10,1
7893,6111,245,chat,5,3,6,0
7894,7774,2775,chat,34,2,4,0
7895,7238,4300,video_call,34,5,10,1
7896,1280,4137,video_call,20,5,10,1
7897,9014,3881,chat,35,5,10,1
7898,6588,2240,chat,11,4,8,1
7899,4213,917,video_call,57,1,2,0
7900,4618,4997,chat,6,4,8,1
7901,3055,726,chat,44,4,8,1
7902,833,3299,chat,7,3,6,0
7903,1830,507,chat,21,1,2,0
7904,2709,1812,video_call,15,5,10,1
7905,2451,1422,chat,41,2,4,0
7906,854,2206,video_call,35,5,10,1
7907,2764,4426,chat,12,5,10,1
7908,9344,3239,video_call,10,5,10,1
7909,9320,2747,chat,17,2,4,0
7910,3888,3349,video_call,50,4,8,1
7911,7635,3540,chat,31,2,4,0
7912,4968,423,video_call,32,4,8,1
7913,7391,680,chat,17,4,8,1
7914,6100,3216,chat,36,5,10,1
7915,8102,1095,chat,11,2,4,0
7916,9884,2635,video_call,37,3,6,0
7917,7606,4752,video_call,27,5,10,1
7918,7286,2240,video_call,34,1,2,0
7919,2526,1867,chat,19,5,10,1
7920,3968,1995,video_call,41,5,10,1
7921,3317,2487,chat,14,5,10,1
7922,3076,4366,video_call,31,2,4,0
7923,1474,1585,video_call,10,5,10,1
7924,9587,673,video_call,25,5,10,1
7925,4172,2162,video_call,37,1,2,0
7926,5722,4746,video_call,20,5,10,1
7927,5941,2832,video_call,21,5,10,1
7928,467,3915,video_call,46,4,8,1
7929,5137,952,video_call,12,3,6,0
7930,381,1846,video_call,13,2,4,0
7931,9475,1084,chat,23,4,8,1
7932,950,1561,chat,37,4,8,1
7933,612,1662,video_call,55,5,10,1
7934,1793,2793,video_call,14,1,2,0
7935,759,135,chat,36,4,8,1
7936,945,3446,video_call,39,3,6,0
7937,3722,3079,chat,20,3,6,0
7938,6136,1024,chat,6,5,10,1
7939,1499,80,chat,45,5,10,1
7940,9322,1251,video_call,17,4,8,1
7941,2350,1182,chat,15,4,8,1
7942,2785,969,chat,13,5,10,1
7943,203,1386,video_call,37,4,8,1
7944,6401,3431,chat,39,5,10,1
7945,3554,3086,chat,16,2,4,0
7946,8720,3054,video_call,40,3,6,0
7947,2311,2668,video_call,40,1,2,0
7948,7940,4944,chat,33,5,10,1
7949,4439,2640,chat,39,3,6,0
7950,9693,2556,chat,6,1,2,0
7951,6554,1896,chat,7,3,6,0
7952,9698,4047,chat,44,2,4,0
7953,3228,3254,chat,27,1,2,0
7954,4003,4994,chat,9,4,8,1
7955,2325,3389,video_call,13,3,6,0
7956,4657,598,video_call,47,3,6,0
7957,304,657,video_call,26,2,4,0
7958,4439,127,video_call,27,3,6,0
7959,7173,422,video_call,36,5,10,1
7960,412,2985,video_call,46,1,2,0
7961,5214,3653,chat,29,2,4,0
7962,3922,2903,chat,21,1,2,0
7963,6427,3952,video_call,35,1,2,0
7964,5518,1006,chat,39,2,4,0
7965,9130,1516,video_call,37,1,2,0
7966,9051,1002,video_call,60,2,4,0
7967,1932,3477,video_call,49,2,4,0
7968,9453,4514,video_call,49,4,8,1
7969,2208,4730,chat,27,5,10,1
7970,862,4236,video_call,29,5,10,1
7971,9198,4513,video_call,54,5,10,1
7972,2747,1178,chat,42,2,4,0
7973,4858,3226,video_call,37,4,8,1
7974,1644,2313,chat,21,5,10,1
7975,2199,2199,video_call,33,4,8,1
7976,9089,4360,chat,29,3,6,0
7977,1765,4389,video_call,31,1,2,0
7978,6239,909,video_call,43,3,6,0
7979,9394,2146,chat,10,4,8,1
7980,4805,4343,video_call,43,1,2,0
7981,5889,4919,chat,32,3,6,0
7982,2072,458,chat,43,1,2,0
7983,7923,500,video_call,18,1,2,0
7984,100,1467,video_call,35,5,10,1
7985,1207,2635,video_call,59,5,10,1
7986,530,4893,chat,16,3,6,0
7987,3819,554,video_call,12,1,2,0
7988,4701,606,video_call,55,4,8,1
7989,1688,548,video_call,43,5,10,1
7990,2742,1107,video_call,14,5,10,1
7991,9612,2005,video_call,25,2,4,0
7992,9760,1997,chat,24,1,2,0
7993,6555,3319,video_call,60,2,4,0
7994,5022,516,chat,34,2,4,0
7995,5347,415,video_call,59,1,2,0
7996,6983,4385,video_call,47,4,8,1
7997,5353,1229,chat,20,1,2,0
7998,8845,4794,video_call,36,4,8,1
7999,8056,1928,video_call,10,3,6,0
8000,99,1091,chat,42,2,4,0
8001,5796,2571,video_call,52,5,10,1
8002,1352,171,video_call,54,1,2,0
8003,4764,4469,chat,26,1,2,0
8004,3835,2121,video_call,31,3,6,0
8005,3363,3007,video_call,24,2,4,0
8006,189,471,chat,32,5,10,1
8007,2732,1855,video_call,38,2,4,0
8008,5029,1305,chat,20,1,2,0
8009,3200,4700,chat,35,4,8,1
8010,6625,1325,video_call,35,4,8,1
8011,7800,4646,chat,23,3,6,0
8012,4271,2336,chat,38,5,10,1
8013,9403,3340,video_call,46,4,8,1
8014,3434,2025,video_call,57,2,4,0
8015,4019,4501,video_call,18,1,2,0
8016,9935,3409,chat,33,5,10,1
8017,4894,3242,chat,33,5,10,1
8018,7937,1350,video_call,45,3,6,0
8019,620,2409,video_call,33,4,8,1
8020,2490,1181,chat,27,2,4,0
8021,3110,2518,video_call,42,5,10,1
8022,2090,340,chat,30,4,8,1
8023,725,4551,chat,10,5,10,1
8024,1877,1291,chat,40,2,4,0
8025,1855,3501,chat,32,3,6,0
8026,3123,371,video_call,38,5,10,1
8027,7593,381,video_call,45,4,8,1
8028,9266,3791,video_call,37,4,8,1
8029,9474,3496,chat,25,3,6,0
8030,8963,4657,video_call,44,4,8,1
8031,3236,63,video_call,48,4,8,1
8032,2146,3598,video_call,21,2,4,0
8033,4620,1065,video_call,44,5,10,1
8034,1906,136,video_call,51,2,4,0
8035,2591,1920,chat,12,5,10,1
8036,6383,1254,chat,43,5,10,1
8037,4940,3876,video_call,25,4,8,1
8038,1397,2937,video_call,34,5,10,1
8039,9602,3817,video_call,47,4,8,1
8040,9283,1859,chat,39,2,4,0
8041,7742,2518,video_call,20,5,10,1
8042,3830,2721,video_call,36,5,10,1
8043,3709,4145,video_call,30,4,8,1
8044,9289,2650,chat,19,4,8,1
8045,8243,2677,video_call,10,5,10,1
8046,7131,4902,video_call,21,4,8,1
8047,7773,293,video_call,17,1,2,0
8048,2963,766,video_call,33,4,8,1
8049,5998,553,chat,16,2,4,0
8050,6895,1773,chat,11,4,8,1
8051,8343,993,video_call,31,5,10,1
8052,7089,3176,video_call,31,4,8,1
8053,3746,4201,chat,10,5,10,1
8054,6988,1935,chat,32,3,6,0
8055,5977,657,chat,29,4,8,1
8056,687,2891,video_call,34,3,6,0
8057,1894,2023,chat,25,4,8,1
8058,700,2329,chat,5,2,4,0
8059,9964,4936,video_call,33,4,8,1
8060,4928,1979,video_call,11,2,4,0
8061,667,3164,video_call,44,2,4,0
8062,630,4336,chat,7,4,8,1
8063,7909,286,chat,40,5,10,1
8064,4131,1729,video_call,50,3,6,0
8065,4227,2618,chat,38,4,8,1
8066,4918,4023,chat,43,4,8,1
8067,5499,4295,video_call,40,2,4,0
8068,721,3562,chat,38,5,10,1
8069,1901,2446,chat,21,5,10,1
8070,9750,864,video_call,14,1,2,0
8071,4794,3484,video_call,13,5,10,1
8072,2665,3642,video_call,44,5,10,1
8073,1697,2656,chat,18,2,4,0
8074,2819,1532,chat,33,5,10,1
8075,184,1037,chat,12,1,2,0
8076,6940,854,chat,20,2,4,0
8077,5475,586,chat,26,2,4,0
8078,6639,40,chat,27,5,10,1
8079,9972,3857,chat,14,3,6,0
8080,6768,1077,video_call,11,5,10,1
8081,2651,741,chat,34,1,2,0
8082,1189,745,video_call,31,5,10,1
8083,8980,3027,chat,17,2,4,0
8084,9445,45,chat,30,3,6,0
8085,3790,3504,video_call,46,3,6,0
8086,8296,2601,video_call,11,3,6,0
8087,3107,2012,video_call,38,4,8,1
8088,1269,3828,video_call,58,4,8,1
8089,4145,4889,video_call,18,2,4,0
8090,2198,647,video_call,25,4,8,1
8091,2029,2337,video_call,33,3,6,0
8092,8366,2333,chat,18,5,10,1
8093,8386,4338,video_call,36,2,4,0
8094,1359,2967,video_call,19,4,8,1
8095,7533,163,chat,37,1,2,0
8096,2546,773,chat,5,5,10,1
8097,103,1122,chat,17,5,10,1
8098,3621,3256,video_call,38,2,4,0
8099,6486,1177,video_call,52,1,2,0
8100,1719,88,video_call,54,2,4,0
8101,912,3427,video_call,29,2,4,0
8102,288,4212,video_call,25,5,10,1
8103,9037,1949,video_call,34,5,10,1
8104,7820,2032,chat,23,3,6,0
8105,38,1575,chat,38,1,2,0
8106,5162,3467,chat,8,2,4,0
8107,8113,3895,video_call,45,2,4,0
8108,7491,126,video_call,38,1,2,0
8109,4806,3659,chat,26,2,4,0
8110,8233,3325,video_call,44,5,10,1
8111,2980,4493,video_call,29,2,4,0
8112,6298,2581,chat,28,5,10,1
8113,7004,1517,video_call,22,4,8,1
8114,6496,1532,chat,40,5,10,1
8115,2253,2858,video_call,21,3,6,0
8116,6539,222,chat,9,5,10,1
8117,7741,4624,chat,16,2,4,0
8118,5889,390,chat,45,5,10,1
8119,8041,1796,chat,39,5,10,1
8120,3034,3295,video_call,45,1,2,0
8121,3609,3857,chat,13,1,2,0
8122,7988,4619,chat,25,5,10,1
8123,2254,4506,chat,27,5,10,1
8124,8328,2095,video_call,38,2,4,0
8125,4350,2423,video_call,28,5,10,1
8126,6207,2497,video_call,48,1,2,0
8127,863,1712,chat,26,1,2,0
8128,3174,2772,video_call,57,5,10,1
8129,7570,938,chat,11,1,2,0
8130,8933,1401,chat,10,4,8,1
8131,2569,788,chat,29,2,4,0
8132,9314,1374,video_call,57,5,10,1
8133,7436,1763,chat,22,4,8,1
8134,3681,3850,video_call,27,5,10,1
8135,2316,2661,chat,17,2,4,0
8136,9418,1395,video_call,54,4,8,1
8137,9466,4562,chat,9,2,4,0
8138,2608,1768,video_call,38,3,6,0
8139,3038,1007,video_call,54,5,10,1
8140,3522,4370,video_call,25,2,4,0
8141,4132,3577,video_call,37,2,4,0
8142,4567,3926,video_call,58,5,10,1
8143,9807,696,chat,16,4,8,1
8144,2079,3102,chat,8,5,10,1
8145,5665,3613,video_call,37,5,10,1
8146,1088,1860,chat,22,4,8,1
8147,4670,3484,video_call,51,4,8,1
8148,2839,3253,video_call,33,4,8,1
8149,9077,3918,chat,37,4,8,1
8150,9440,3018,video_call,36,5,10,1
8151,8437,1059,video_call,29,4,8,1
8152,8227,855,video_call,17,3,6,0
8153,9658,4382,chat,32,5,10,1
8154,7345,1887,video_call,52,5,10,1
8155,9277,4519,video_call,37,4,8,1
8156,6927,4301,chat,32,5,10,1
8157,6471,2395,video_call,23,5,10,1
8158,7939,2199,video_call,44,2,4,0
8159,1047,518,video_call,60,5,10,1
8160,9593,4572,chat,31,1,2,0
8161,9699,589,chat,31,1,2,0
8162,5124,3440,chat,40,3,6,0
8163,911,1729,video_call,51,5,10,1
8164,136,73,video_call,25,5,10,1
8165,5756,3046,chat,19,5,10,1
8166,9586,659,chat,20,2,4,0
8167,9172,3100,video_call,13,4,8,1
8168,5636,3602,chat,43,3,6,0
8169,4890,1397,chat,33,4,8,1
8170,8529,2068,video_call,41,5,10,1
8171,3855,3531,chat,31,2,4,0
8172,2116,3196,video_call,58,4,8,1
8173,1540,1716,chat,10,1,2,0
8174,4579,627,video_call,45,1,2,0
8175,1983,2227,chat,21,5,10,1
8176,8460,766,video_call,16,4,8,1
8177,3589,816,video_call,33,1,2,0
8178,7374,1861,chat,24,3,6,0
8179,4805,165,chat,11,5,10,1
8180,6488,348,video_call,17,3,6,0
8181,9198,3964,video_call,51,3,6,0
8182,3960,3199,video_call,24,4,8,1
8183,2192,910,video_call,30,4,8,1
8184,6823,988,video_call,25,1,2,0
8185,3538,3396,video_call,15,4,8,1
8186,3157,3485,chat,31,2,4,0
8187,8217,1861,video_call,45,5,10,1
8188,2880,315,video_call,37,5,10,1
8189,1273,3818,video_call,44,3,6,0
8190,8025,2883,video_call,29,1,2,0
8191,9171,3688,chat,22,3,6,0
8192,2945,146,video_call,34,5,10,1
8193,5325,4892,video_call,21,3,6,0
8194,2338,3627,chat,37,4,8,1
8195,4272,148,chat,5,1,2,0
8196,4944,2475,video_call,57,1,2,0
8197,9754,3790,chat,14,5,10,1
8198,7605,4884,video_call,47,5,10,1
8199,4099,1139,video_call,26,5,10,1
8200,5299,3056,video_call,30,5,10,1
8201,7335,3409,video_call,46,5,10,1
8202,5617,971,video_call,38,2,4,0
8203,7306,1917,video_call,10,5,10,1
8204,8274,1848,video_call,36,5,10,1
8205,4495,3704,video_call,51,2,4,0
8206,2427,52,chat,9,4,8,1
8207,68,772,chat,39,2,4,0
8208,6892,4394,chat,39,4,8,1
8209,4365,1534,chat,28,5,10,1
8210,4645,3551,video_call,15,3,6,0
8211,1866,919,video_call,23,5,10,1
8212,2622,888,video_call,45,4,8,1
8213,2319,77,chat,7,5,10,1
8214,203,4869,video_call,14,4,8,1
8215,2125,1837,chat,10,5,10,1
8216,5832,1782,video_call,45,5,10,1
8217,5115,4517,chat,19,5,10,1
8218,3882,1687,video_call,16,3,6,0
8219,5509,864,video_call,36,2,4,0
8220,4092,1709,video_call,37,2,4,0
8221,1639,1912,chat,45,4,8,1
8222,8302,4562,video_call,14,4,8,1
8223,7624,1442,chat,44,4,8,1
8224,9516,4953,video_call,41,5,10,1
8225,7760,2778,video_call,31,2,4,0
8226,1637,4497,video_call,22,5,10,1
8227,1404,2781,chat,25,5,10,1
8228,6324,4524,chat,39,5,10,1
8229,9937,4134,chat,19,5,10,1
8230,3860,1147,chat,45,4,8,1
8231,5485,1289,video_call,18,4,8,1
8232,9289,4123,video_call,54,3,6,0
8233,5494,2879,chat,45,2,4,0
8234,1983,4733,video_call,19,2,4,0
8235,1939,1064,video_call,12,5,10,1
8236,658,3590,chat,34,4,8,1
8237,3795,1048,video_call,43,5,10,1
8238,996,250,video_call,43,2,4,0
8239,674,2719,video_call,15,1,2,0
8240,7844,4000,video_call,57,4,8,1
8241,6636,473,chat,22,5,10,1
8242,6843,3201,video_call,16,1,2,0
8243,6824,3304,video_call,22,4,8,1
8244,6561,1612,chat,41,4,8,1
8245,2535,1882,chat,31,5,10,1
8246,4652,311,chat,38,4,8,1
8247,2049,1949,chat,43,2,4,0
8248,5898,3116,chat,24,2,4,0
8249,1487,2065,chat,30,4,8,1
8250,5735,2924,chat,14,5,10,1
8251,4487,3366,video_call,40,5,10,1
8252,5152,2866,chat,24,2,4,0
8253,4619,3132,chat,40,4,8,1
8254,3294,1334,video_call,23,5,10,1
8255,5829,175,video_call,22,1,2,0
8256,9260,4162,video_call,40,2,4,0
8257,4364,2932,chat,16,4,8,1
8258,2215,3576,chat,36,3,6,0
8259,4914,3270,video_call,25,5,10,1
8260,4734,649,chat,12,4,8,1
8261,9024,1122,video_call,43,5,10,1
8262,8121,1080,video_call,58,5,10,1
8263,2034,861,chat,25,4,8,1
8264,3309,1271,video_call,30,5,10,1
8265,1805,3009,video_call,36,5,10,1
8266,5261,630,video_call,56,5,10,1
8267,6962,1330,chat,26,5,10,1
8268,9976,664,video_call,11,5,10,1
8269,6618,1615,video_call,29,3,6,0
8270,3632,3654,chat,5,4,8,1
8271,9619,224,video_call,39,5,10,1
8272,7834,3804,video_call,50,5,10,1
8273,5983,1380,chat,19,4,8,1
8274,876,354,chat,15,5,10,1
8275,6901,1780,video_call,20,3,6,0
8276,3996,2669,video_call,58,4,8,1
8277,8797,3690,chat,42,2,4,0
8278,1223,252,chat,17,5,10,1
8279,2670,4922,chat,15,4,8,1
8280,9348,3704,video_call,57,1,2,0
8281,5072,1632,video_call,11,3,6,0
8282,9176,4889,video_call,43,4,8,1
8283,1495,3599,chat,23,2,4,0
8284,2846,3360,chat,37,2,4,0
8285,9244,66,video_call,15,5,10,1
8286,2963,2357,chat,16,5,10,1
8287,5670,1141,video_call,24,2,4,0
8288,5499,2409,chat,16,5,10,1
8289,6048,4463,video_call,48,1,2,0
8290,215,3834,video_call,58,3,6,0
8291,4637,1808,chat,45,5,10,1
8292,5484,512,video_call,21,5,10,1
8293,3685,695,chat,41,1,2,0
8294,9696,1851,video_call,13,4,8,1
8295,3657,2598,chat,5,4,8,1
8296,6219,1629,chat,7,4,8,1
8297,5828,4488,video_call,52,2,4,0
8298,680,4480,chat,22,4,8,1
8299,9006,4126,chat,41,4,8,1
8300,2058,373,video_call,40,4,8,1
8301,3319,3919,video_call,12,3,6,0
8302,9765,2377,chat,13,4,8,1
8303,7651,2143,chat,31,2,4,0
8304,8905,408,video_call,42,5,10,1
8305,5859,1115,chat,36,1,2,0
8306,4246,1489,video_call,49,2,4,0
8307,5277,3277,video_call,12,2,4,0
8308,7573,1348,video_call,42,5,10,1
8309,6654,2113,video_call,20,3,6,0
8310,1582,1609,chat,22,5,10,1
8311,9380,3205,video_call,39,5,10,1
8312,5892,3444,chat,26,5,10,1
8313,3848,4808,video_call,49,3,6,0
8314,1861,206,video_call,53,5,10,1
8315,1129,1908,video_call,22,1,2,0
8316,1691,1941,video_call,28,5,10,1
8317,569,1919,video_call,37,5,10,1
8318,8740,486,video_call,52,3,6,0
8319,9750,3430,video_call,11,1,2,0
8320,5318,1130,chat,7,4,8,1
8321,3591,4930,video_call,58,2,4,0
8322,9516,1699,video_call,20,2,4,0
8323,7548,1906,video_call,19,5,10,1
8324,1584,393,chat,18,1,2,0
8325,6170,1635,video_call,23,4,8,1
8326,8508,464,chat,14,3,6,0
8327,9238,4813,video_call,52,2,4,0
8328,3653,1129,chat,36,3,6,0
8329,2158,1617,chat,29,2,4,0
8330,3233,3972,chat,17,2,4,0
8331,4359,2602,video_call,48,4,8,1
8332,2704,466,chat,19,3,6,0
8333,4114,1912,chat,40,3,6,0
8334,391,3357,video_call,59,4,8,1
8335,5840,2990,chat,30,5,10,1
8336,8090,1437,video_call,53,1,2,0
8337,4931,4537,chat,26,1,2,0
8338,1398,925,chat,8,3,6,0
8339,9032,4214,video_call,47,5,10,1
8340,6038,3384,video_call,49,5,10,1
8341,1325,3913,video_call,21,2,4,0
8342,4857,3126,video_call,17,5,10,1
8343,6595,2258,chat,12,5,10,1
8344,6028,712,video_call,59,3,6,0
8345,8546,4904,chat,18,3,6,0
8346,4208,3019,chat,29,2,4,0
8347,3041,2634,video_call,13,5,10,1
8348,5314,1239,video_call,26,3,6,0
8349,1321,4906,video_call,34,5,10,1
8350,7303,57,video_call,23,3,6,0
8351,1242,2335,chat,42,5,10,1
8352,6920,583,chat,35,1,2,0
8353,3027,823,video_call,60,2,4,0
8354,9351,4987,video_call,23,4,8,1
8355,887,173,video_call,36,1,2,0
8356,2335,3195,video_call,43,4,8,1
8357,6136,3920,video_call,29,4,8,1
8358,3205,1084,chat,14,2,4,0
8359,9382,2193,chat,34,5,10,1
8360,1428,838,chat,6,3,6,0
8361,4695,2741,chat,45,5,10,1
8362,5588,165,video_call,37,4,8,1
8363,1978,536,chat,36,4,8,1
8364,1072,3973,video_call,48,4,8,1
8365,448,1721,video_call,26,5,10,1
8366,6880,1980,chat,43,5,10,1
8367,4331,3841,chat,32,5,10,1
8368,1865,4426,chat,32,1,2,0
8369,5796,4498,video_call,35,5,10,1
8370,3437,338,video_call,23,1,2,0
8371,3823,3389,video_call,54,4,8,1
8372,5077,1697,video_call,26,2,4,0
8373,7103,111,chat,42,1,2,0
8374,6455,2191,chat,29,4,8,1
8375,5976,4996,chat,34,5,10,1
8376,8236,3564,video_call,21,5,10,1
8377,8196,2327,chat,22,5,10,1
8378,1118,2960,chat,36,5,10,1
8379,2996,4092,chat,21,4,8,1
8380,5635,703,video_call,14,5,10,1
8381,4207,1330,video_call,54,5,10,1
8382,9959,1977,chat,19,5,10,1
8383,2553,1180,video_call,54,1,2,0
8384,7932,4312,video_call,46,2,4,0
8385,197,788,video_call,17,5,10,1
8386,9712,2173,chat,20,5,10,1
8387,1977,4376,chat,9,5,10,1
8388,4296,975,video_call,27,2,4,0
8389,2649,2326,video_call,60,4,8,1
8390,5561,4535,video_call,48,5,10,1
8391,114,3487,video_call,43,5,10,1
8392,3048,2639,video_call,37,1,2,0
8393,3503,4751,video_call,27,2,4,0
8394,9978,4540,chat,18,5,10,1
8395,7420,578,video_call,48,3,6,0
8396,3717,977,video_call,11,1,2,0
8397,1761,54,video_call,47,5,10,1
8398,6251,4253,chat,31,4,8,1
8399,3477,3117,video_call,56,2,4,0
8400,2440,4762,chat,20,2,4,0
8401,6549,3050,chat,13,5,10,1
8402,2528,2950,video_call,17,4,8,1
8403,9231,3959,video_call,25,1,2,0
8404,3774,3249,chat,22,4,8,1
8405,828,2858,video_call,16,1,2,0
8406,3308,2808,video_call,53,4,8,1
8407,974,4790,video_call,46,5,10,1
8408,6410,3693,chat,22,4,8,1
8409,6341,1570,chat,19,5,10,1
8410,3813,284,chat,43,2,4,0
8411,9241,2607,video_call,33,5,10,1
8412,3462,3185,video_call,16,1,2,0
8413,8571,2448,video_call,34,3,6,0
8414,30,2759,video_call,39,3,6,0
8415,7564,4100,chat,30,5,10,1
8416,3892,353,video_call,55,5,10,1
8417,8101,3182,chat,41,5,10,1
8418,3621,2246,video_call,26,2,4,0
8419,9341,1790,video_call,47,2,4,0
8420,8108,1647,video_call,59,2,4,0
8421,4295,250,chat,9,3,6,0
8422,2180,216,chat,14,2,4,0
8423,1755,1641,chat,5,4,8,1
8424,3432,3918,chat,23,5,10,1
8425,3957,865,chat,5,3,6,0
8426,6699,2476,video_call,25,2,4,0
8427,8066,672,chat,23,5,10,1
8428,4045,235,video_call,18,5,10,1
8429,1187,2636,chat,32,5,10,1
8430,9246,3877,chat,39,4,8,1
8431,800,1446,video_call,48,2,4,0
8432,8360,1085,chat,31,5,10,1
8433,8545,1563,video_call,42,1,2,0
8434,7371,4819,video_call,52,1,2,0
8435,7490,2539,chat,10,1,2,0
8436,9574,2109,video_call,53,4,8,1
8437,8261,4036,chat,16,5,10,1
8438,9279,2565,video_call,23,2,4,0
8439,5140,1260,video_call,15,4,8,1
8440,3497,4063,chat,24,3,6,0
8441,1851,4216,video_call,53,5,10,1
8442,9461,575,chat,16,1,2,0
8443,1061,4111,chat,25,5,10,1
8444,449,571,chat,6,1,2,0
8445,2987,3000,chat,19,5,10,1
8446,6100,1845,chat,20,5,10,1
8447,6183,3904,video_call,37,2,4,0
8448,9151,3316,chat,5,5,10,1
8449,7710,3090,video_call,47,3,6,0
8450,4045,4462,video_call,38,2,4,0
8451,9357,3175,video_call,57,5,10,1
8452,1555,3234,video_call,55,4,8,1
8453,2041,31,video_call,57,1,2,0
8454,5748,4724,chat,37,3,6,0
8455,6222,2737,chat,39,5,10,1
8456,6599,2629,chat,23,1,2,0
8457,5203,4715,video_call,48,1,2,0
8458,2984,738,video_call,12,3,6,0
8459,9023,135,chat,6,5,10,1
8460,5283,3486,video_call,10,4,8,1
8461,145,3225,chat,40,2,4,0
8462,35,1268,video_call,41,1,2,0
8463,5311,4232,video_call,36,2,4,0
8464,6056,1446,video_call,26,2,4,0
8465,9414,77,video_call,31,2,4,0
8466,9839,4878,video_call,12,3,6,0
8467,8753,1317,video_call,32,2,4,0
8468,9162,2489,video_call,32,5,10,1
8469,986,1205,chat,32,3,6,0
8470,7362,700,chat,32,4,8,1
8471,2522,2898,video_call,33,5,10,1
8472,9863,3754,video_call,49,1,2,0
8473,3776,2145,video_call,53,1,2,0
8474,984,2722,video_call,56,1,2,0
8475,2426,4895,chat,24,4,8,1
8476,7878,4931,video_call,44,5,10,1
8477,7840,2046,video_call,39,3,6,0
8478,346,2012,video_call,14,5,10,1
8479,6065,1985,chat,11,2,4,0
8480,4493,1933,video_call,19,5,10,1
8481,4652,3044,video_call,53,5,10,1
8482,2935,1354,video_call,55,4,8,1
8483,9612,1363,video_call,31,2,4,0
8484,4636,3026,video_call,22,2,4,0
8485,6845,4135,video_call,59,3,6,0
8486,7600,1778,chat,44,1,2,0
8487,6695,4189,video_call,45,5,10,1
8488,3081,3135,chat,31,4,8,1
8489,6526,4315,video_call,25,1,2,0
8490,3255,335,video_call,16,2,4,0
8491,5316,2419,video_call,29,4,8,1
8492,3769,4582,chat,29,4,8,1
8493,4306,4732,video_call,17,5,10,1
8494,5489,3457,video_call,21,1,2,0
8495,7075,3466,video_call,13,4,8,1
8496,7688,1294,chat,29,5,10,1
8497,5454,1025,video_call,17,5,10,1
8498,8258,979,video_call,59,5,10,1
8499,4284,29,video_call,15,3,6,0
8500,405,3731,chat,34,5,10,1
8501,913,2756,chat,38,4,8,1
8502,8460,3518,chat,26,5,10,1
8503,3724,2591,chat,10,4,8,1
8504,5352,3588,video_call,28,5,10,1
8505,8649,4650,chat,28,1,2,0
8506,8977,3918,video_call,56,5,10,1
8507,4893,1908,chat,26,4,8,1
8508,3162,1383,video_call,32,5,10,1
8509,503,617,video_call,32,3,6,0
8510,8234,1481,chat,36,4,8,1
8511,8703,4311,chat,37,3,6,0
8512,842,2290,chat,44,2,4,0
8513,1666,1590,video_call,28,2,4,0
8514,8405,3551,video_call,42,2,4,0
8515,9676,853,chat,20,5,10,1
8516,8154,1689,video_call,36,3,6,0
8517,2459,4974,chat,7,5,10,1
8518,3687,379,chat,20,3,6,0
8519,5971,833,chat,25,5,10,1
8520,1643,210,chat,9,3,6,0
8521,1347,526,chat,25,4,8,1
8522,172,3853,chat,13,2,4,0
8523,6189,4731,chat,35,1,2,0
8524,6990,2271,video_call,25,4,8,1
8525,4422,3727,video_call,34,5,10,1
8526,8956,4045,video_call,55,2,4,0
8527,2924,2849,chat,33,5,10,1
8528,5705,587,video_call,23,5,10,1
8529,4405,2689,video_call,34,5,10,1
8530,3825,2930,chat,8,5,10,1
8531,9412,3005,video_call,21,5,10,1
8532,7614,856,video_call,45,1,2,0
8533,1449,1729,chat,23,5,10,1
8534,7707,943,video_call,27,5,10,1
8535,6385,453,chat,10,1,2,0
8536,942,4843,chat,7,3,6,0
8537,5145,5000,chat,25,5,10,1
8538,3353,1105,video_call,29,3,6,0
8539,3529,2299,chat,32,5,10,1
8540,4505,4093,video_call,39,5,10,1
8541,5220,2999,chat,21,5,10,1
8542,3651,2460,video_call,47,5,10,1
8543,4030,4093,chat,18,2,4,0
8544,7664,2735,chat,43,5,10,1
8545,7917,2211,video_call,19,3,6,0
8546,2452,345,video_call,12,2,4,0
8547,3524,4186,video_call,15,3,6,0
8548,1436,3349,chat,15,2,4,0
8549,2820,3376,chat,10,4,8,1
8550,4067,646,chat,34,3,6,0
8551,7309,590,video_call,45,5,10,1
8552,3764,1824,chat,5,5,10,1
8553,5087,3432,chat,24,4,8,1
8554,4101,2236,video_call,42,4,8,1
8555,3627,4792,chat,38,2,4,0
8556,4187,3831,video_call,50,3,6,0
8557,379,1502,video_call,26,1,2,0
8558,8417,1116,chat,14,1,2,0
8559,4842,1520,video_call,55,3,6,0
8560,2522,2165,chat,16,5,10,1
8561,8347,3806,video_call,33,1,2,0
8562,8352,3339,chat,34,5,10,1
8563,7823,703,chat,6,5,10,1
8564,4921,105,chat,6,5,10,1
8565,526,4779,chat,29,4,8,1
8566,6554,1933,chat,42,5,10,1
8567,6549,3807,video_call,15,4,8,1
8568,743,1456,video_call,59,2,4,0
8569,6186,3196,video_call,54,5,10,1
8570,6897,3809,chat,14,5,10,1
8571,5089,1268,video_call,45,2,4,0
8572,2638,2844,video_call,29,2,4,0
8573,2798,528,video_call,48,1,2,0
8574,5983,1378,video_call,44,4,8,1
8575,3339,1483,video_call,18,1,2,0
8576,7987,432,video_call,20,5,10,1
8577,9692,3994,video_call,59,3,6,0
8578,3076,2989,video_call,26,1,2,0
8579,8206,1766,video_call,33,4,8,1
8580,5306,134,chat,23,2,4,0
8581,191,3484,chat,43,1,2,0
8582,6810,483,chat,7,2,4,0
8583,5942,352,video_call,24,2,4,0
8584,4883,64,video_call,39,1,2,0
8585,8622,396,video_call,29,2,4,0
8586,6804,1811,video_call,34,3,6,0
8587,9553,237,chat,33,3,6,0
8588,1488,1994,chat,13,2,4,0
8589,5296,3365,video_call,43,5,10,1
8590,3715,4916,video_call,24,1,2,0
8591,3304,3024,video_call,26,1,2,0
8592,6701,3190,video_call,30,1,2,0
8593,5468,1024,chat,38,4,8,1
8594,5979,1571,video_call,36,5,10,1
8595,5156,1668,chat,24,2,4,0
8596,2416,23,chat,6,2,4,0
8597,5983,2762,video_call,51,3,6,0
8598,157,1594,chat,39,3,6,0
8599,3013,349,video_call,21,4,8,1
8600,1379,3778,video_call,60,5,10,1
8601,3591,3603,video_call,22,2,4,0
8602,5415,2860,chat,36,3,6,0
8603,5451,776,video_call,23,5,10,1
8604,1281,2290,video_call,31,3,6,0
8605,1891,2866,chat,6,3,6,0
8606,2841,2597,video_call,27,5,10,1
8607,774,2084,chat,11,3,6,0
8608,3477,472,video_call,12,3,6,0
8609,193,169,video_call,23,4,8,1
8610,8733,747,video_call,15,2,4,0
8611,4061,2694,video_call,21,2,4,0
8612,6727,4223,video_call,32,1,2,0
8613,1759,4443,video_call,22,5,10,1
8614,7661,4106,chat,37,5,10,1
8615,3910,802,video_call,24,4,8,1
8616,9993,1485,video_call,21,5,10,1
8617,939,4458,video_call,17,1,2,0
8618,4041,2492,video_call,30,5,10,1
8619,2043,4345,video_call,45,5,10,1
8620,1934,1026,video_call,15,5,10,1
8621,3882,432,video_call,33,5,10,1
8622,698,4272,chat,14,5,10,1
8623,2520,265,video_call,54,4,8,1
8624,1626,2939,chat,22,5,10,1
8625,9105,3608,chat,31,4,8,1
8626,9983,518,chat,30,4,8,1
8627,5329,1571,video_call,40,5,10,1
8628,9835,1432,video_call,25,5,10,1
8629,1520,3217,video_call,13,3,6,0
8630,7381,862,video_call,48,5,10,1
8631,9922,2447,video_call,17,5,10,1
8632,1432,4207,chat,39,1,2,0
8633,945,313,chat,22,4,8,1
8634,1596,1825,chat,19,4,8,1
8635,8632,1473,chat,27,5,10,1
8636,6037,1722,video_call,20,1,2,0
8637,6588,172,video_call,54,4,8,1
8638,2098,3631,chat,21,5,10,1
8639,6157,539,chat,12,4,8,1
8640,8822,2447,chat,31,2,4,0
8641,3906,145,chat,12,1,2,0
8642,5770,2517,chat,21,4,8,1
8643,9328,2457,chat,41,5,10,1
8644,5362,351,video_call,46,4,8,1
8645,1388,510,video_call,17,2,4,0
8646,6404,3038,video_call,59,3,6,0
8647,379,2277,chat,26,1,2,0
8648,1342,613,video_call,25,4,8,1
8649,7535,973,video_call,59,1,2,0
8650,6009,2439,video_call,40,1,2,0
8651,1522,2208,chat,11,4,8,1
8652,1463,1736,chat,22,5,10,1
8653,6756,669,video_call,54,4,8,1
8654,3712,4292,chat,36,1,2,0
8655,9437,3271,video_call,21,5,10,1
8656,9004,3933,video_call,56,4,8,1
8657,5082,1389,chat,9,5,10,1
8658,254,3445,chat,27,5,10,1
8659,1400,2271,chat,42,4,8,1
8660,2350,451,chat,5,4,8,1
8661,8722,4865,video_call,35,2,4,0
8662,8208,1005,chat,39,4,8,1
8663,912,4901,chat,37,2,4,0
8664,660,2026,video_call,10,1,2,0
8665,745,4355,video_call,19,4,8,1
8666,6129,1485,video_call,33,5,10,1
8667,1758,223,chat,32,5,10,1
8668,3162,3108,video_call,12,3,6,0
8669,4448,2336,chat,22,3,6,0
8670,6325,3384,video_call,59,4,8,1
8671,211,1451,video_call,60,5,10,1
8672,3108,1800,chat,43,4,8,1
8673,4805,818,chat,18,3,6,0
8674,1317,4981,video_call,53,4,8,1
8675,3696,2779,video_call,19,2,4,0
8676,411,266,chat,22,3,6,0
8677,2948,2164,video_call,16,1,2,0
8678,7915,3498,chat,44,4,8,1
8679,9834,3309,video_call,30,5,10,1
8680,6546,288,chat,19,2,4,0
8681,712,3245,chat,10,5,10,1
8682,1947,356,video_call,30,2,4,0
8683,5862,4756,video_call,37,2,4,0
8684,5639,3903,video_call,56,3,6,0
8685,2232,2495,video_call,23,5,10,1
8686,7377,4870,chat,12,3,6,0
8687,4088,3623,video_call,49,5,10,1
8688,5459,1983,video_call,29,2,4,0
8689,6948,1221,chat,27,1,2,0
8690,7398,4074,chat,14,1,2,0
8691,1819,3375,chat,32,5,10,1
8692,6650,4907,video_call,30,1,2,0
8693,4640,860,video_call,51,4,8,1
8694,9856,2874,video_call,60,5,10,1
8695,9589,3824,video_call,44,5,10,1
8696,2250,3860,video_call,16,3,6,0
8697,3017,3830,video_call,39,4,8,1
8698,3441,2775,chat,44,2,4,0
8699,7791,2181,video_call,49,3,6,0
8700,7208,4758,video_call,41,5,10,1
8701,1156,1458,video_call,57,4,8,1
8702,5391,3571,video_call,25,2,4,0
8703,3289,3639,chat,17,3,6,0
8704,8380,3678,video_call,16,2,4,0
8705,7219,3232,chat,38,3,6,0
8706,1122,3771,video_call,55,4,8,1
8707,4809,2771,chat,25,5,10,1
8708,7073,2850,chat,10,2,4,0
8709,778,2274,chat,20,5,10,1
8710,3155,2221,video_call,58,5,10,1
8711,3793,3530,video_call,45,5,10,1
8712,6141,2220,chat,10,2,4,0
8713,5331,794,chat,19,4,8,1
8714,3785,2439,video_call,21,4,8,1
8715,1203,53,video_call,14,3,6,0
8716,329,4409,video_call,12,2,4,0
8717,6875,2237,video_call,47,5,10,1
8718,9518,1634,video_call,23,2,4,0
8719,9525,2283,video_call,57,4,8,1
8720,7045,1370,video_call,24,4,8,1
8721,6004,1606,chat,21,4,8,1
8722,6716,1193,video_call,30,4,8,1
8723,5154,867,chat,37,1,2,0
8724,8519,2514,chat,32,5,10,1
8725,1776,462,chat,41,5,10,1
8726,6279,1780,video_call,52,2,4,0
8727,9517,4550,video_call,53,5,10,1
8728,4418,1832,video_call,18,5,10,1
8729,1112,2556,chat,13,4,8,1
8730,1249,1520,video_call,49,1,2,0
8731,410,1446,video_call,15,3,6,0
8732,1943,407,chat,42,1,2,0
8733,7465,4822,chat,19,3,6,0
8734,8604,4848,video_call,31,5,10,1
8735,7987,3805,video_call,33,5,10,1
8736,4598,705,video_call,32,3,6,0
8737,412,1497,video_call,40,5,10,1
8738,8054,2953,chat,7,5,10,1
8739,8930,1653,chat,42,3,6,0
8740,461,3155,video_call,46,4,8,1
8741,6180,286,video_call,23,1,2,0
8742,4827,2105,chat,5,2,4,0
8743,4451,2630,video_call,28,1,2,0
8744,3987,3883,video_call,33,4,8,1
8745,9324,2193,chat,41,4,8,1
8746,1180,3205,video_call,36,5,10,1
8747,4056,2531,chat,22,4,8,1
8748,622,2013,chat,11,3,6,0
8749,8962,4531,video_call,17,2,4,0
8750,8924,54,video_call,58,4,8,1
8751,1402,4749,video_call,48,4,8,1
8752,9894,2223,chat,11,5,10,1
8753,6730,3875,chat,7,2,4,0
8754,5828,2372,chat,32,5,10,1
8755,4184,1132,video_call,33,1,2,0
8756,9595,4281,video_call,33,2,4,0
8757,2234,3829,chat,38,5,10,1
8758,932,3723,video_call,13,5,10,1
8759,8402,4296,video_call,43,5,10,1
8760,6166,3329,video_call,35,5,10,1
8761,4095,4445,video_call,48,5,10,1
8762,7945,2633,video_call,42,4,8,1
8763,5588,1135,video_call,18,5,10,1
8764,3430,1652,video_call,56,4,8,1
8765,1041,80,chat,45,3,6,0
8766,6205,3032,video_call,30,3,6,0
8767,2616,4880,chat,26,1,2,0
8768,5989,2670,video_call,48,2,4,0
8769,8126,2583,chat,41,5,10,1
8770,154,4527,chat,18,3,6,0
8771,3829,956,video_call,10,3,6,0
8772,8572,3817,chat,16,5,10,1
8773,5899,1130,video_call,57,4,8,1
8774,3971,742,video_call,48,5,10,1
8775,9933,3488,video_call,59,5,10,1
8776,9866,4768,video_call,22,5,10,1
8777,9144,4540,video_call,20,1,2,0
8778,8677,3308,video_call,42,4,8,1
8779,4098,1288,chat,36,5,10,1
8780,2985,1238,video_call,37,5,10,1
8781,8560,3761,video_call,53,2,4,0
8782,5856,452,video_call,58,5,10,1
8783,6828,847,video_call,56,5,10,1
8784,9442,4235,chat,37,5,10,1
8785,5716,650,video_call,40,2,4,0
8786,2844,2693,chat,10,2,4,0
8787,6874,4205,chat,23,2,4,0
8788,3806,2123,video_call,17,4,8,1
8789,3897,1681,chat,31,1,2,0
8790,5866,3253,video_call,17,1,2,0
8791,1165,2955,video_call,42,2,4,0
8792,5347,783,video_call,15,5,10,1
8793,298,3002,video_call,48,4,8,1
8794,7362,1802,video_call,44,2,4,0
8795,2779,2491,chat,17,2,4,0
8796,2153,2287,chat,39,4,8,1
8797,3464,3082,chat,44,5,10,1
8798,873,3583,video_call,29,4,8,1
8799,513,3777,video_call,46,1,2,0
8800,2332,4088,video_call,13,4,8,1
8801,3688,2,chat,25,5,10,1
8802,4861,3099,video_call,33,4,8,1
8803,5886,3937,video_call,37,4,8,1
8804,7262,1088,video_call,51,4,8,1
8805,2346,3070,chat,31,3,6,0
8806,3444,4166,chat,42,4,8,1
8807,5136,1354,chat,19,1,2,0
8808,8185,4161,video_call,25,5,10,1
8809,3658,1987,video_call,34,1,2,0
8810,1274,1290,chat,11,3,6,0
8811,9436,183,chat,33,5,10,1
8812,2469,3542,video_call,34,5,10,1
8813,6708,3549,chat,33,2,4,0
8814,7870,4412,chat,6,5,10,1
8815,5705,2895,video_call,26,5,10,1
8816,5969,1648,chat,20,3,6,0
8817,6224,4017,chat,44,1,2,0
8818,2359,2981,chat,31,3,6,0
8819,3473,430,video_call,33,2,4,0
8820,6704,2875,video_call,10,4,8,1
8821,2318,2642,chat,21,1,2,0
8822,3370,207,chat,8,4,8,1
8823,9039,3873,video_call,41,5,10,1
8824,1087,2858,video_call,46,2,4,0
8825,6280,2209,video_call,17,3,6,0
8826,2578,3147,chat,38,3,6,0
8827,8896,2774,chat,23,4,8,1
8828,7079,3958,video_call,27,5,10,1
8829,7806,4498,video_call,31,4,8,1
8830,2549,2995,chat,8,4,8,1
8831,7099,3002,chat,15,4,8,1
8832,2224,71,chat,44,1,2,0
8833,7106,2355,video_call,25,1,2,0
8834,1966,1149,video_call,25,3,6,0
8835,3066,4515,video_call,43,4,8,1
8836,4287,1661,video_call,35,3,6,0
8837,7029,2722,video_call,57,2,4,0
8838,394,3030,video_call,54,2,4,0
8839,6475,2697,chat,21,4,8,1
8840,2619,4123,chat,43,2,4,0
8841,3423,118,chat,8,5,10,1
8842,3153,1142,chat,12,4,8,1
8843,2862,3262,video_call,29,5,10,1
8844,7124,944,video_call,24,5,10,1
8845,1163,111,video_call,26,1,2,0
8846,2350,2257,video_call,53,4,8,1
8847,7512,1953,video_call,31,5,10,1
8848,9916,4751,chat,42,4,8,1
8849,7039,236,chat,17,4,8,1
8850,1725,518,chat,27,2,4,0
8851,8637,2186,chat,30,5,10,1
8852,4499,3960,chat,44,4,8,1
8853,6467,1226,video_call,31,5,10,1
8854,832,4421,chat,41,4,8,1
8855,7590,3632,video_call,44,2,4,0
8856,6607,4291,video_call,10,2,4,0
8857,1349,843,chat,26,5,10,1
8858,8674,1838,video_call,44,5,10,1
8859,572,230,video_call,49,5,10,1
8860,4861,3890,chat,32,5,10,1
8861,6623,1216,video_call,29,4,8,1
8862,3933,3765,chat,14,5,10,1
8863,4200,196,video_call,48,3,6,0
8864,9770,2057,chat,7,5,10,1
8865,1381,1238,video_call,41,5,10,1
8866,872,2814,chat,7,4,8,1
8867,963,652,video_call,11,5,10,1
8868,9164,2088,video_call,34,4,8,1
8869,8207,3078,chat,15,4,8,1
8870,9434,4772,video_call,51,1,2,0
8871,5606,1882,chat,31,2,4,0
8872,496,785,video_call,40,2,4,0
8873,7548,2734,chat,5,5,10,1
8874,4951,1926,video_call,25,4,8,1
8875,332,2484,chat,8,4,8,1
8876,1162,288,video_call,31,2,4,0
8877,9164,49,video_call,41,3,6,0
8878,6585,3156,video_call,59,5,10,1
8879,3602,1707,video_call,32,5,10,1
8880,231,3042,video_call,15,4,8,1
8881,3617,1312,chat,30,2,4,0
8882,6443,4373,chat,6,3,6,0
8883,2252,2689,video_call,50,1,2,0
8884,742,2735,chat,32,4,8,1
8885,3321,2305,chat,29,2,4,0
8886,1733,4416,chat,34,4,8,1
8887,2194,2822,chat,45,1,2,0
8888,2619,2748,chat,42,3,6,0
8889,4428,3250,chat,23,5,10,1
8890,5613,4797,video_call,42,4,8,1
8891,9511,286,video_call,60,5,10,1
8892,3400,4074,chat,44,2,4,0
8893,3,2915,chat,23,2,4,0
8894,5552,1681,video_call,20,5,10,1
8895,7392,1898,chat,37,3,6,0
8896,2284,1137,video_call,53,1,2,0
8897,4450,2907,chat,45,1,2,0
8898,1718,1061,chat,42,4,8,1
8899,3525,4935,video_call,50,1,2,0
8900,9764,1579,chat,27,4,8,1
8901,143,3403,video_call,39,3,6,0
8902,5818,4077,chat,37,5,10,1
8903,7175,2587,video_call,42,5,10,1
8904,346,1127,chat,39,5,10,1
8905,3851,2117,chat,28,5,10,1
8906,4872,3117,chat,39,1,2,0
8907,7158,1496,chat,44,3,6,0
8908,37,1782,video_call,15,3,6,0
8909,8414,808,chat,22,3,6,0
8910,3355,4752,video_call,43,4,8,1
8911,544,3038,video_call,37,5,10,1
8912,7494,528,video_call,25,3,6,0
8913,6574,4695,chat,18,5,10,1
8914,4656,1348,video_call,14,2,4,0
8915,7718,1463,chat,37,3,6,0
8916,2056,4772,video_call,42,2,4,0
8917,9935,2156,video_call,31,2,4,0
8918,4606,462,chat,37,4,8,1
8919,2763,3199,video_call,53,3,6,0
8920,5922,327,video_call,50,4,8,1
8921,2532,4352,video_call,30,3,6,0
8922,6017,4588,video_call,27,3,6,0
8923,9939,4189,video_call,58,4,8,1
8924,8132,1043,video_call,13,4,8,1
8925,6689,1072,chat,13,5,10,1
8926,1900,647,video_call,11,2,4,0
8927,7643,2092,chat,42,4,8,1
8928,3179,4046,video_call,16,2,4,0
8929,6131,3415,chat,13,5,10,1
8930,1099,2204,chat,21,5,10,1
8931,33,3860,chat,33,1,2,0
8932,5444,3569,video_call,46,5,10,1
8933,5307,2634,video_call,18,3,6,0
8934,6688,1260,chat,12,5,10,1
8935,1248,3904,video_call,39,5,10,1
8936,2675,4618,video_call,46,4,8,1
8937,9177,929,video_call,50,5,10,1
8938,668,3180,video_call,40,5,10,1
8939,5660,3572,chat,5,5,10,1
8940,2070,4008,video_call,56,2,4,0
8941,9624,4089,video_call,10,4,8,1
8942,4953,2380,chat,43,1,2,0
8943,2909,3067,video_call,50,5,10,1
8944,4989,4115,chat,13,3,6,0
8945,9543,2943,video_call,18,2,4,0
8946,7282,124,video_call,39,4,8,1
8947,3235,2966,video_call,19,5,10,1
8948,1058,736,video_call,53,1,2,0
8949,5577,3503,video_call,16,1,2,0
8950,8944,4169,video_call,56,1,2,0
8951,103,1237,video_call,20,2,4,0
8952,478,2465,chat,26,2,4,0
8953,5264,2514,chat,38,5,10,1
8954,5535,4210,chat,17,3,6,0
8955,5386,3232,video_call,27,3,6,0
8956,6347,2985,chat,43,5,10,1
8957,4963,4948,video_call,36,5,10,1
8958,1904,313,video_call,35,5,10,1
8959,977,709,video_call,48,5,10,1
8960,4539,1646,video_call,55,4,8,1
8961,5065,1713,video_call,29,2,4,0
8962,8090,1661,video_call,15,5,10,1
8963,9556,4231,video_call,13,4,8,1
8964,2491,3015,chat,8,4,8,1
8965,6899,3660,chat,38,4,8,1
8966,107,4526,chat,37,2,4,0
8967,4061,124,video_call,19,2,4,0
8968,5772,4481,video_call,29,4,8,1
8969,820,4301,video_call,15,2,4,0
8970,1217,1186,chat,34,1,2,0
8971,3655,497,video_call,17,3,6,0
8972,488,4803,video_call,43,5,10,1
8973,8730,3192,chat,14,5,10,1
8974,9553,4338,video_call,57,1,2,0
8975,2832,249,video_call,20,5,10,1
8976,347,4034,video_call,14,2,4,0
8977,5011,1982,video_call,25,2,4,0
8978,6500,3788,video_call,32,2,4,0
8979,1235,1140,chat,20,1,2,0
8980,3499,180,chat,25,2,4,0
8981,5325,4955,chat,22,1,2,0
8982,5569,4662,video_call,60,3,6,0
8983,2401,406,chat,20,4,8,1
8984,8265,3609,video_call,41,5,10,1
8985,4108,1957,video_call,35,3,6,0
8986,5289,1609,chat,26,2,4,0
8987,5024,1695,chat,40,3,6,0
8988,3178,3379,chat,6,3,6,0
8989,4416,792,video_call,11,4,8,1
8990,6876,3828,chat,37,2,4,0
8991,7701,2760,video_call,13,4,8,1
8992,6459,635,chat,40,3,6,0
8993,3906,4168,video_call,58,5,10,1
8994,7926,3581,video_call,49,1,2,0
8995,3229,2526,video_call,44,4,8,1
8996,9806,1113,chat,27,3,6,0
8997,6765,311,video_call,14,5,10,1
8998,26,2511,chat,33,5,10,1
8999,9520,646,video_call,54,2,4,0
9000,225,4786,video_call,50,3,6,0
9001,5234,4691,video_call,20,5,10,1
9002,1701,976,chat,45,5,10,1
9003,570,4526,chat,12,2,4,0
9004,9031,3586,video_call,13,1,2,0
9005,9399,1320,video_call,13,5,10,1
9006,1588,3558,chat,27,1,2,0
9007,5351,1590,video_call,11,5,10,1
9008,6999,1853,chat,40,5,10,1
9009,2739,1260,chat,35,5,10,1
9010,3949,2380,video_call,20,3,6,0
9011,2826,87,chat,10,5,10,1
9012,3788,3064,video_call,21,2,4,0
9013,3128,4033,video_call,15,4,8,1
9014,6806,3318,video_call,25,5,10,1
9015,9863,1943,video_call,53,5,10,1
9016,5936,485,chat,9,2,4,0
9017,6483,3875,video_call,37,2,4,0
9018,2946,1623,video_call,59,5,10,1
9019,4478,2837,chat,26,5,10,1
9020,5210,4521,video_call,41,1,2,0
9021,5260,2393,chat,44,4,8,1
9022,5798,4476,video_call,24,3,6,0
9023,8157,1737,video_call,54,2,4,0
9024,9585,4869,video_call,42,5,10,1
9025,6467,3087,video_call,22,3,6,0
9026,8338,2928,chat,22,5,10,1
9027,9061,1064,chat,8,5,10,1
9028,1901,3726,chat,7,3,6,0
9029,7120,4378,video_call,55,3,6,0
9030,3340,4895,video_call,57,4,8,1
9031,5207,2599,chat,43,4,8,1
9032,6284,1235,video_call,15,4,8,1
9033,3564,2225,chat,38,3,6,0
9034,1522,697,video_call,49,3,6,0
9035,7482,4339,video_call,29,4,8,1
9036,4667,4592,video_call,48,5,10,1
9037,9253,465,chat,16,3,6,0
9038,9112,4151,chat,9,5,10,1
9039,3865,3209,video_call,37,3,6,0
9040,672,2847,chat,13,4,8,1
9041,8249,2159,chat,33,5,10,1
9042,1073,356,video_call,53,2,4,0
9043,6136,128,chat,12,5,10,1
9044,4476,4026,video_call,36,5,10,1
9045,5388,3889,video_call,11,3,6,0
9046,172,1738,video_call,15,1,2,0
9047,7216,1040,chat,21,1,2,0
9048,3029,2964,video_call,26,3,6,0
9049,2909,4462,chat,21,1,2,0
9050,3166,936,chat,5,2,4,0
9051,850,3608,video_call,32,1,2,0
9052,4151,3045,video_call,59,2,4,0
9053,6888,3092,video_call,12,2,4,0
9054,1261,2567,chat,17,1,2,0
9055,1737,4414,chat,43,5,10,1
9056,8373,1736,video_call,37,5,10,1
9057,4190,2816,chat,9,5,10,1
9058,499,3380,chat,42,5,10,1
9059,669,766,chat,36,5,10,1
9060,8727,618,video_call,10,4,8,1
9061,5244,1888,chat,26,5,10,1
9062,4339,1056,video_call,33,5,10,1
9063,5169,4913,chat,8,5,10,1
9064,9380,3340,video_call,54,4,8,1
9065,6057,4560,chat,27,3,6,0
9066,3049,291,video_call,50,3,6,0
9067,75,911,chat,36,3,6,0
9068,416,1266,chat,6,3,6,0
9069,1218,2564,video_call,50,3,6,0
9070,6013,2293,chat,37,2,4,0
9071,3136,1708,chat,28,5,10,1
9072,1856,1679,video_call,40,3,6,0
9073,2519,510,video_call,27,1,2,0
9074,6351,3470,chat,11,5,10,1
9075,4988,3953,video_call,57,2,4,0
9076,2143,3370,video_call,44,3,6,0
9077,1142,4052,video_call,46,4,8,1
9078,4994,4099,video_call,49,2,4,0
9079,8077,4119,chat,35,2,4,0
9080,6260,1496,chat,41,5,10,1
9081,5130,2527,video_call,41,3,6,0
9082,8134,151,video_call,18,2,4,0
9083,7884,3310,video_call,40,5,10,1
9084,9455,4908,chat,32,2,4,0
9085,7638,2215,video_call,26,4,8,1
9086,1532,3329,video_call,43,5,10,1
9087,996,1938,chat,36,5,10,1
9088,1285,3084,chat,7,4,8,1
9089,2172,4669,video_call,13,2,4,0
9090,7723,2938,video_call,58,5,10,1
9091,8073,3582,chat,6,4,8,1
9092,7012,174,video_call,51,1,2,0
9093,8779,3304,video_call,27,4,8,1
9094,8951,434,chat,26,1,2,0
9095,4115,388,chat,35,2,4,0
9096,2620,4214,video_call,11,2,4,0
9097,7567,1670,video_call,47,4,8,1
9098,8417,3219,chat,26,5,10,1
9099,3047,4020,chat,11,5,10,1
9100,3666,1840,chat,10,5,10,1
9101,3021,2561,video_call,52,5,10,1
9102,2478,3378,chat,43,2,4,0
9103,8899,2086,video_call,32,5,10,1
9104,5166,4867,video_call,30,2,4,0
9105,1198,85,chat,25,3,6,0
9106,7183,2453,video_call,36,4,8,1
9107,3983,4407,video_call,58,5,10,1
9108,1146,3067,video_call,11,2,4,0
9109,3802,3745,chat,20,2,4,0
9110,6121,3400,chat,10,5,10,1
9111,8172,4666,chat,36,4,8,1
9112,4007,2984,chat,15,5,10,1
9113,7253,4985,chat,25,5,10,1
9114,4876,2909,chat,42,4,8,1
9115,5610,3781,chat,24,4,8,1
9116,5659,1905,video_call,59,5,10,1
9117,4976,2443,video_call,22,4,8,1
9118,2550,935,video_call,30,5,10,1
9119,1154,2089,chat,42,2,4,0
9120,5252,3223,chat,11,3,6,0
9121,2488,738,chat,39,2,4,0
9122,3882,4032,chat,20,5,10,1
9123,2367,3301,video_call,39,5,10,1
9124,137,1490,video_call,48,4,8,1
9125,29,1268,chat,42,2,4,0
9126,2430,2347,video_call,19,2,4,0
9127,8749,4736,chat,10,3,6,0
9128,5924,4469,chat,23,4,8,1
9129,6130,4081,video_call,49,1,2,0
9130,5977,1916,chat,9,5,10,1
9131,2572,2153,chat,22,2,4,0
9132,8506,4380,video_call,21,5,10,1
9133,8720,4274,video_call,28,5,10,1
9134,6185,1504,video_call,16,5,10,1
9135,9257,3080,video_call,14,5,10,1
9136,2872,3792,chat,14,4,8,1
9137,6922,4109,video_call,27,3,6,0
9138,4038,2008,chat,28,5,10,1
9139,3984,2272,chat,34,5,10,1
9140,7673,2530,chat,29,3,6,0
9141,3138,2795,chat,23,4,8,1
9142,1235,1742,chat,23,4,8,1
9143,9506,1005,chat,20,5,10,1
9144,997,3841,video_call,24,2,4,0
9145,8426,3923,chat,29,5,10,1
9146,7562,2967,video_call,55,4,8,1
9147,9613,2786,video_call,23,4,8,1
9148,9158,3736,video_call,33,4,8,1
9149,1744,2043,chat,35,4,8,1
9150,3156,1121,video_call,19,5,10,1
9151,6212,664,video_call,21,3,6,0
9152,3484,640,video_call,22,5,10,1
9153,3514,366,video_call,59,1,2,0
9154,1118,3503,chat,5,5,10,1
9155,6205,3741,video_call,55,5,10,1
9156,4058,4222,video_call,21,2,4,0
9157,2320,4823,chat,32,1,2,0
9158,2964,1759,video_call,60,5,10,1
9159,7624,927,video_call,13,1,2,0
9160,4801,558,video_call,14,5,10,1
9161,2230,1897,video_call,32,5,10,1
9162,9039,1205,video_call,45,1,2,0
9163,3088,314,video_call,47,3,6,0
9164,894,186,video_call,18,4,8,1
9165,502,4439,video_call,33,2,4,0
9166,626,2142,video_call,40,4,8,1
9167,4419,2339,chat,36,4,8,1
9168,4722,1568,video_call,35,5,10,1
9169,1640,1541,video_call,14,5,10,1
9170,6705,3273,chat,29,1,2,0
9171,5656,4959,video_call,58,2,4,0
9172,2541,4760,chat,33,5,10,1
9173,2608,1249,video_call,44,4,8,1
9174,5449,4743,video_call,55,4,8,1
9175,3321,1778,chat,24,3,6,0
9176,3801,1209,chat,12,4,8,1
9177,2643,1053,video_call,31,5,10,1
9178,6838,4391,video_call,19,3,6,0
9179,9859,572,chat,38,3,6,0
9180,2093,4939,video_call,60,5,10,1
9181,602,3196,video_call,21,4,8,1
9182,2109,3234,chat,9,3,6,0
9183,2818,2953,video_call,47,5,10,1
9184,9319,1896,video_call,42,4,8,1
9185,5924,2156,chat,7,5,10,1
9186,8402,528,video_call,32,5,10,1
9187,3680,3163,video_call,37,2,4,0
9188,9437,3667,video_call,56,2,4,0
9189,8084,2819,video_call,48,4,8,1
9190,5606,4853,chat,38,2,4,0
9191,2740,1998,chat,8,5,10,1
9192,8801,2778,chat,19,4,8,1
9193,589,311,video_call,46,4,8,1
9194,5742,2165,chat,44,4,8,1
9195,7332,4221,video_call,49,5,10,1
9196,5815,4488,chat,35,2,4,0
9197,8132,3308,chat,8,5,10,1
9198,45,3920,video_call,16,1,2,0
9199,2133,4810,video_call,36,1,2,0
9200,9272,4526,chat,32,3,6,0
9201,867,3204,chat,5,2,4,0
9202,7672,2811,video_call,53,1,2,0
9203,9524,4951,video_call,59,2,4,0
9204,5760,4664,chat,11,5,10,1
9205,9929,704,chat,9,2,4,0
9206,7285,3822,chat,42,2,4,0
9207,4922,898,chat,40,3,6,0
9208,9359,3095,video_call,48,5,10,1
9209,6968,3916,chat,14,2,4,0
9210,5753,3436,video_call,40,2,4,0
9211,8252,2607,video_call,32,5,10,1
9212,1585,3794,chat,30,3,6,0
9213,9489,292,chat,23,2,4,0
9214,5933,710,video_call,17,5,10,1
9215,2719,825,chat,15,3,6,0
9216,4678,4695,video_call,34,4,8,1
9217,2307,3246,chat,15,5,10,1
9218,2855,2985,video_call,46,3,6,0
9219,1243,3355,chat,19,4,8,1
9220,7323,732,video_call,28,5,10,1
9221,7323,4278,video_call,38,4,8,1
9222,1156,3570,chat,26,3,6,0
9223,2146,1878,video_call,43,1,2,0
9224,2027,510,chat,20,5,10,1
9225,5670,1272,video_call,41,3,6,0
9226,6874,379,chat,6,4,8,1
9227,4538,1971,video_call,42,5,10,1
9228,4249,1335,video_call,15,5,10,1
9229,6005,2078,chat,32,3,6,0
9230,6411,1074,video_call,52,2,4,0
9231,8417,3001,chat,42,3,6,0
9232,4698,885,video_call,20,2,4,0
9233,3867,1059,video_call,21,3,6,0
9234,1289,476,chat,11,5,10,1
9235,771,31,video_call,24,2,4,0
9236,6273,1024,chat,42,2,4,0
9237,3289,2764,video_call,28,2,4,0
9238,7320,944,video_call,12,2,4,0
9239,9904,4513,video_call,10,4,8,1
9240,2396,4830,chat,10,3,6,0
9241,6215,2388,chat,19,2,4,0
9242,4128,3519,chat,43,5,10,1
9243,251,919,video_call,58,5,10,1
9244,8791,4068,video_call,45,5,10,1
9245,852,2790,chat,11,4,8,1
9246,2527,4744,video_call,31,4,8,1
9247,640,4093,chat,14,1,2,0
9248,8238,2399,chat,12,1,2,0
9249,7556,551,chat,34,5,10,1
9250,9018,4930,video_call,57,5,10,1
9251,77,2914,chat,19,5,10,1
9252,6558,4393,chat,10,1,2,0
9253,2617,4264,video_call,60,1,2,0
9254,4610,858,video_call,55,5,10,1
9255,3946,1968,chat,13,5,10,1
9256,7429,947,video_call,24,1,2,0
9257,7125,223,video_call,46,2,4,0
9258,9188,4575,video_call,37,5,10,1
9259,6867,581,chat,45,4,8,1
9260,8846,180,video_call,45,4,8,1
9261,9660,3262,chat,42,5,10,1
9262,2453,2488,video_call,59,5,10,1
9263,7533,4301,video_call,25,5,10,1
9264,9153,1408,chat,26,3,6,0
9265,710,859,chat,26,5,10,1
9266,5068,4912,chat,18,4,8,1
9267,5909,1908,video_call,25,5,10,1
9268,9488,2013,video_call,59,2,4,0
9269,4303,3460,chat,34,3,6,0
9270,8680,3325,video_call,33,5,10,1
9271,6469,4648,video_call,34,1,2,0
9272,1629,4093,video_call,41,3,6,0
9273,3637,3263,chat,41,4,8,1
9274,3726,3601,video_call,41,1,2,0
9275,9177,1400,video_call,47,1,2,0
9276,7925,2955,chat,35,3,6,0
9277,5329,4892,video_call,38,4,8,1
9278,5067,3213,video_call,39,5,10,1
9279,3307,626,video_call,37,5,10,1
9280,9395,1147,chat,9,5,10,1
9281,2916,3557,chat,29,2,4,0
9282,4935,4101,video_call,45,4,8,1
9283,874,2889,video_call,33,5,10,1
9284,4088,3717,video_call,46,2,4,0
9285,8259,3064,chat,38,4,8,1
9286,2655,4184,video_call,25,5,10,1
9287,9722,4106,video_call,41,5,10,1
9288,5766,44,video_call,48,4,8,1
9289,6457,3960,chat,38,5,10,1
9290,1598,2371,video_call,34,3,6,0
9291,93,4006,chat,5,3,6,0
9292,5953,3673,video_call,47,5,10,1
9293,7869,3624,chat,31,2,4,0
9294,8345,1943,video_call,27,5,10,1
9295,8524,1137,video_call,45,3,6,0
9296,531,2228,chat,36,5,10,1
9297,1923,2717,video_call,14,5,10,1
9298,7717,610,chat,26,2,4,0
9299,9262,301,chat,45,5,10,1
9300,8138,1472,chat,33,4,8,1
9301,6739,3195,video_call,37,2,4,0
9302,4899,2590,video_call,26,2,4,0
9303,550,1805,video_call,12,2,4,0
9304,9879,3968,chat,29,2,4,0
9305,501,220,video_call,24,2,4,0
9306,2257,766,chat,23,2,4,0
9307,8062,2363,video_call,30,3,6,0
9308,9885,3017,video_call,33,3,6,0
9309,3373,1590,video_call,45,5,10,1
9310,8861,1430,chat,41,4,8,1
9311,8915,102,chat,6,4,8,1
9312,7726,4571,video_call,33,5,10,1
9313,890,1796,chat,12,2,4,0
9314,7273,1073,video_call,55,2,4,0
9315,5211,655,video_call,40,3,6,0
9316,7273,4025,chat,41,5,10,1
9317,3672,3808,video_call,43,4,8,1
9318,7144,2686,video_call,35,5,10,1
9319,3090,3945,chat,9,3,6,0
9320,3278,4552,chat,12,4,8,1
9321,527,3667,chat,40,2,4,0
9322,703,1741,chat,11,2,4,0
9323,2841,1688,video_call,19,2,4,0
9324,7001,1205,chat,45,3,6,0
9325,1377,747,chat,12,5,10,1
9326,5221,577,chat,42,4,8,1
9327,576,435,chat,17,4,8,1
9328,7279,2228,chat,16,1,2,0
9329,4564,964,video_call,10,5,10,1
9330,4712,1058,chat,42,2,4,0
9331,7667,2977,video_call,54,5,10,1
9332,3838,390,chat,43,4,8,1
9333,1503,3488,video_call,20,3,6,0
9334,9733,3598,chat,43,1,2,0
9335,3348,2634,video_call,59,5,10,1
9336,3951,4284,video_call,19,1,2,0
9337,3002,2535,chat,12,5,10,1
9338,6528,4564,chat,39,1,2,0
9339,3731,3205,video_call,51,5,10,1
9340,6155,2553,video_call,41,5,10,1
9341,5257,4993,video_call,45,5,10,1
9342,4581,3131,video_call,47,4,8,1
9343,1119,3205,video_call,38,4,8,1
9344,5210,4131,chat,41,1,2,0
9345,2644,1012,video_call,44,2,4,0
9346,9651,4782,chat,15,5,10,1
9347,6408,2893,video_call,43,4,8,1
9348,8079,1358,chat,25,5,10,1
9349,1188,3371,chat,18,2,4,0
9350,4479,885,chat,22,4,8,1
9351,1442,1744,chat,35,4,8,1
9352,4444,3835,chat,20,4,8,1
9353,6704,4804,chat,16,5,10,1
9354,3977,507,video_call,53,4,8,1
9355,8579,2042,chat,35,1,2,0
9356,6658,2841,chat,21,5,10,1
9357,9548,2881,video_call,38,4,8,1
9358,3052,971,chat,41,2,4,0
9359,2438,1826,video_call,60,1,2,0
9360,1094,1565,video_call,58,4,8,1
9361,3221,4867,chat,20,3,6,0
9362,3758,150,video_call,49,3,6,0
9363,2019,2604,chat,45,3,6,0
9364,5090,3735,chat,27,5,10,1
9365,3798,1848,chat,29,2,4,0
9366,2338,286,chat,43,5,10,1
9367,2744,2835,video_call,52,4,8,1
9368,6826,677,video_call,23,1,2,0
9369,7786,715,video_call,32,5,10,1
9370,5059,1518,chat,34,3,6,0
9371,9573,2917,video_call,53,2,4,0
9372,1517,4278,video_call,26,5,10,1
9373,4321,3753,video_call,53,5,10,1
9374,1692,1032,video_call,51,2,4,0
9375,7036,1498,video_call,36,4,8,1
9376,8615,902,chat,29,5,10,1
9377,2808,1911,video_call,25,5,10,1
9378,4379,4863,video_call,21,5,10,1
9379,5470,3045,video_call,39,5,10,1
9380,6143,689,chat,22,5,10,1
9381,8962,424,chat,9,5,10,1
9382,4988,3346,video_call,59,1,2,0
9383,8593,358,chat,42,3,6,0
9384,7352,1486,video_call,13,5,10,1
9385,9708,3166,chat,44,4,8,1
9386,1416,2368,chat,14,5,10,1
9387,2487,2844,chat,8,2,4,0
9388,9763,3966,video_call,52,5,10,1
9389,899,1433,video_call,10,5,10,1
9390,2367,404,chat,24,2,4,0
9391,7311,3344,chat,24,4,8,1
9392,3568,4549,chat,16,2,4,0
9393,1567,4452,chat,9,5,10,1
9394,3546,4748,chat,34,4,8,1
9395,1040,4384,video_call,10,3,6,0
9396,4315,3624,chat,37,4,8,1
9397,6373,1226,video_call,20,5,10,1
9398,2222,3284,video_call,56,4,8,1
9399,296,627,video_call,30,3,6,0
9400,3588,1588,video_call,25,2,4,0
9401,233,2196,video_call,52,5,10,1
9402,7638,1553,video_call,20,2,4,0
9403,7518,3373,chat,39,2,4,0
9404,7565,3774,chat,19,5,10,1
9405,7799,1292,chat,37,5,10,1
9406,5429,2815,chat,25,3,6,0
9407,9434,3206,chat,23,1,2,0
9408,6701,734,chat,13,5,10,1
9409,272,176,chat,28,1,2,0
9410,8492,4562,video_call,53,2,4,0
9411,1256,2013,video_call,47,3,6,0
9412,3892,2673,video_call,51,2,4,0
9413,6586,972,video_call,50,5,10,1
9414,1589,1215,chat,45,2,4,0
9415,2548,3512,video_call,23,3,6,0
9416,2359,3911,video_call,24,4,8,1
9417,97,608,video_call,27,5,10,1
9418,2568,4357,chat,41,1,2,0
9419,1130,2159,video_call,21,5,10,1
9420,3584,3759,chat,6,2,4,0
9421,7901,2636,chat,25,3,6,0
9422,822,434,video_call,23,3,6,0
9423,6746,4921,chat,40,4,8,1
9424,4321,543,video_call,54,4,8,1
9425,7217,131,video_call,52,3,6,0
9426,8365,3364,video_call,46,5,10,1
9427,9101,1351,video_call,52,4,8,1
9428,8226,808,chat,29,1,2,0
9429,6319,4856,chat,22,1,2,0
9430,2885,888,chat,7,2,4,0
9431,7279,1074,chat,30,2,4,0
9432,2401,2778,chat,8,4,8,1
9433,9522,2280,video_call,46,5,10,1
9434,8807,4156,video_call,14,5,10,1
9435,1584,1218,chat,13,1,2,0
9436,9103,2888,video_call,36,3,6,0
9437,9070,4752,video_call,43,4,8,1
9438,4702,2600,video_call,47,5,10,1
9439,9263,3504,video_call,30,5,10,1
9440,6052,4768,chat,20,5,10,1
9441,3639,546,video_call,44,1,2,0
9442,4273,4608,chat,31,3,6,0
9443,5229,4796,video_call,57,4,8,1
9444,2778,2078,chat,17,4,8,1
9445,1879,950,video_call,58,1,2,0
9446,7282,4593,video_call,27,1,2,0
9447,5007,2262,chat,19,3,6,0
9448,5071,1810,video_call,49,2,4,0
9449,9361,361,chat,10,2,4,0
9450,2473,1508,chat,15,5,10,1
9451,9062,906,chat,15,5,10,1
9452,8107,3322,video_call,34,3,6,0
9453,4504,461,chat,30,4,8,1
9454,2805,4524,video_call,29,2,4,0
9455,6063,1502,video_call,51,1,2,0
9456,1964,3513,video_call,16,5,10,1
9457,6621,4555,chat,27,1,2,0
9458,871,4905,video_call,37,5,10,1
9459,4119,2614,video_call,24,5,10,1
9460,5616,1369,video_call,57,2,4,0
9461,4952,572,chat,19,5,10,1
9462,1075,3304,chat,45,4,8,1
9463,6940,3932,chat,25,5,10,1
9464,5888,935,video_call,41,4,8,1
9465,1905,3848,video_call,24,5,10,1
9466,9980,2840,video_call,40,4,8,1
9467,1580,3250,chat,6,1,2,0
9468,6294,738,chat,12,2,4,0
9469,4750,1406,video_call,19,5,10,1
9470,4785,2039,chat,15,4,8,1
9471,8110,146,chat,10,5,10,1
9472,6132,4658,video_call,21,4,8,1
9473,9001,148,video_call,53,1,2,0
9474,2133,1162,video_call,51,1,2,0
9475,5831,3454,video_call,23,5,10,1
9476,5065,4827,chat,5,1,2,0
9477,8874,266,chat,34,1,2,0
9478,5389,2244,video_call,24,3,6,0
9479,2198,188,chat,37,1,2,0
9480,2345,1063,video_call,38,4,8,1
9481,949,3085,chat,13,5,10,1
9482,312,344,chat,39,1,2,0
9483,4082,1974,video_call,23,3,6,0
9484,2961,1298,video_call,35,1,2,0
9485,5072,1701,video_call,19,1,2,0
9486,3253,4964,video_call,28,1,2,0
9487,1331,740,video_call,26,3,6,0
9488,6485,4521,video_call,41,2,4,0
9489,8555,3994,chat,31,2,4,0
9490,4480,1357,video_call,41,5,10,1
9491,1599,369,video_call,10,1,2,0
9492,3020,1644,chat,32,1,2,0
9493,5557,4,video_call,39,4,8,1
9494,3536,1000,chat,35,4,8,1
9495,9003,4829,video_call,51,4,8,1
9496,5228,1428,video_call,29,4,8,1
9497,2985,1680,video_call,48,4,8,1
9498,506,3229,video_call,54,4,8,1
9499,3788,1537,chat,43,2,4,0
9500,3162,1374,chat,9,5,10,1
9501,9089,689,video_call,37,4,8,1
9502,8602,2729,video_call,20,1,2,0
9503,2358,1529,video_call,30,2,4,0
9504,5505,2693,chat,15,1,2,0
9505,6852,4815,chat,7,4,8,1
9506,3817,4384,video_call,26,3,6,0
9507,6607,4567,video_call,52,5,10,1
9508,2594,3414,video_call,53,1,2,0
9509,952,753,video_call,17,5,10,1
9510,2288,4413,chat,41,5,10,1
9511,1779,3796,video_call,32,1,2,0
9512,5247,3972,chat,41,1,2,0
9513,5648,3943,video_call,17,3,6,0
9514,8005,1073,video_call,37,4,8,1
9515,1843,4014,video_call,45,1,2,0
9516,7703,1981,chat,39,3,6,0
9517,374,2306,video_call,39,2,4,0
9518,6965,114,chat,29,3,6,0
9519,7647,4288,video_call,34,5,10,1
9520,5171,1626,video_call,53,5,10,1
9521,2304,4194,chat,39,5,10,1
9522,2308,3845,chat,43,5,10,1
9523,9550,3207,video_call,13,5,10,1
9524,2659,3188,video_call,51,5,10,1
9525,6334,2873,chat,42,3,6,0
9526,5108,2931,video_call,51,1,2,0
9527,3621,878,video_call,58,2,4,0
9528,901,2239,video_call,36,3,6,0
9529,9270,1192,chat,34,1,2,0
9530,6062,2338,chat,45,5,10,1
9531,6814,2135,chat,16,2,4,0
9532,547,3021,video_call,60,2,4,0
9533,9619,1216,chat,29,5,10,1
9534,3884,1148,video_call,47,2,4,0
9535,1551,2924,video_call,41,1,2,0
9536,6475,1275,chat,10,2,4,0
9537,7344,1013,video_call,14,5,10,1
9538,5947,3608,video_call,31,2,4,0
9539,9695,1089,chat,15,4,8,1
9540,9655,15,chat,34,4,8,1
9541,2667,1140,video_call,26,1,2,0
9542,7550,3650,chat,16,5,10,1
9543,5410,108,video_call,60,5,10,1
9544,7366,713,chat,42,5,10,1
9545,7069,1571,chat,41,4,8,1
9546,5596,3252,chat,16,1,2,0
9547,17,2772,video_call,46,4,8,1
9548,1703,1184,chat,40,3,6,0
9549,9448,2097,video_call,26,4,8,1
9550,2619,2968,video_call,12,1,2,0
9551,2894,4617,video_call,34,2,4,0
9552,7758,3837,chat,16,1,2,0
9553,8830,289,video_call,19,3,6,0
9554,9307,1185,chat,23,3,6,0
9555,6917,1871,chat,34,4,8,1
9556,9429,2978,video_call,50,5,10,1
9557,3176,4079,video_call,34,1,2,0
9558,2993,2708,chat,10,4,8,1
9559,9451,208,video_call,52,5,10,1
9560,5046,1115,video_call,41,4,8,1
9561,5165,3942,chat,18,5,10,1
9562,9378,1910,chat,23,5,10,1
9563,1397,3516,video_call,36,5,10,1
9564,9616,4778,video_call,30,2,4,0
9565,1492,388,chat,17,2,4,0
9566,7703,235,chat,23,5,10,1
9567,4158,3055,chat,31,4,8,1
9568,969,650,chat,34,3,6,0
9569,4026,4216,video_call,21,1,2,0
9570,3454,3540,video_call,22,3,6,0
9571,5923,2296,video_call,35,5,10,1
9572,6044,950,video_call,25,4,8,1
9573,6074,1056,video_call,19,4,8,1
9574,3611,4470,chat,43,3,6,0
9575,3163,1985,chat,8,3,6,0
9576,1350,1093,video_call,56,2,4,0
9577,275,1614,chat,6,4,8,1
9578,2319,3350,chat,42,3,6,0
9579,3973,4941,video_call,60,2,4,0
9580,8486,1230,chat,42,4,8,1
9581,5892,1322,video_call,38,5,10,1
9582,2445,1157,video_call,43,5,10,1
9583,358,2493,chat,11,5,10,1
9584,2744,4101,chat,17,4,8,1
9585,6481,2728,chat,18,2,4,0
9586,7213,3640,chat,33,3,6,0
9587,7587,179,video_call,59,4,8,1
9588,4280,1482,chat,45,2,4,0
9589,9800,3286,video_call,34,1,2,0
9590,3902,3742,video_call,53,2,4,0
9591,4248,4879,video_call,51,1,2,0
9592,457,2846,video_call,57,5,10,1
9593,5945,2772,chat,5,5,10,1
9594,6198,2443,video_call,33,4,8,1
9595,9620,4009,chat,22,3,6,0
9596,5502,2272,chat,5,4,8,1
9597,5743,227,video_call,50,1,2,0
9598,6120,2183,video_call,26,5,10,1
9599,5983,2890,video_call,60,5,10,1
9600,2793,735,chat,15,4,8,1
9601,2128,1716,chat,8,3,6,0
9602,8552,585,chat,21,1,2,0
9603,1764,391,video_call,28,3,6,0
9604,4626,3663,video_call,46,1,2,0
9605,5265,3938,video_call,50,1,2,0
9606,1021,4427,video_call,22,3,6,0
9607,3165,1622,video_call,41,5,10,1
9608,8149,4347,video_call,29,2,4,0
9609,1383,3782,video_call,58,4,8,1
9610,907,4713,chat,29,3,6,0
9611,9134,4429,video_call,50,5,10,1
9612,5044,2252,video_call,21,2,4,0
9613,9325,2946,chat,31,4,8,1
9614,25,4771,chat,45,5,10,1
9615,9126,1637,chat,30,1,2,0
9616,9351,1766,chat,42,1,2,0
9617,2446,4801,video_call,20,5,10,1
9618,1120,528,chat,39,5,10,1
9619,9446,486,chat,22,4,8,1
9620,6779,947,video_call,11,4,8,1
9621,2861,1078,video_call,28,5,10,1
9622,3094,1933,video_call,49,3,6,0
9623,3001,3268,video_call,41,5,10,1
9624,6904,3933,video_call,49,4,8,1
9625,8600,279,chat,14,4,8,1
9626,2404,1116,video_call,36,4,8,1
9627,4319,3817,video_call,10,5,10,1
9628,9429,3291,chat,42,5,10,1
9629,4729,2297,chat,13,5,10,1
9630,8737,3985,chat,39,5,10,1
9631,1615,4835,chat,22,3,6,0
9632,4265,1099,video_call,15,1,2,0
9633,7440,4501,video_call,59,1,2,0
9634,4740,4432,video_call,46,5,10,1
9635,6061,697,chat,42,1,2,0
9636,4940,3772,chat,22,5,10,1
9637,2795,1898,chat,24,2,4,0
9638,2827,4913,video_call,60,5,10,1
9639,7913,3843,video_call,26,4,8,1
9640,4665,2287,video_call,24,5,10,1
9641,1644,2401,chat,11,1,2,0
9642,5437,2369,video_call,32,5,10,1
9643,2080,2374,chat,32,2,4,0
9644,2686,4845,video_call,22,4,8,1
9645,4200,2514,video_call,13,5,10,1
9646,1119,1236,video_call,40,1,2,0
9647,5950,4358,video_call,60,3,6,0
9648,6147,2914,video_call,54,5,10,1
9649,7702,1847,chat,29,1,2,0
9650,2127,1288,chat,36,3,6,0
9651,9403,2963,chat,5,5,10,1
9652,969,2223,chat,7,5,10,1
9653,4932,4351,chat,25,3,6,0
9654,2321,4751,chat,24,2,4,0
9655,9637,3140,chat,5,3,6,0
9656,7286,4213,chat,43,2,4,0
9657,8036,2149,chat,41,3,6,0
9658,4899,170,chat,10,5,10,1
9659,2013,2840,video_call,36,2,4,0
9660,7012,2348,video_call,34,5,10,1
9661,2257,1121,video_call,55,5,10,1
9662,4045,2638,video_call,33,5,10,1
9663,3144,3104,video_call,33,3,6,0
9664,2375,834,video_call,51,4,8,1
9665,3661,1808,chat,20,1,2,0
9666,2654,3743,video_call,51,3,6,0
9667,2740,3841,chat,20,3,6,0
9668,2522,4917,chat,28,5,10,1
9669,2570,1068,chat,10,2,4,0
9670,7247,965,video_call,32,5,10,1
9671,1133,1610,video_call,44,5,10,1
9672,4344,2342,video_call,58,3,6,0
9673,870,2990,video_call,56,5,10,1
9674,2624,785,video_call,52,3,6,0
9675,60,426,chat,20,3,6,0
9676,9195,540,chat,8,1,2,0
9677,556,2208,video_call,24,2,4,0
9678,8980,2375,chat,35,2,4,0
9679,363,2370,chat,7,5,10,1
9680,8824,2238,chat,25,4,8,1
9681,5050,1166,video_call,33,4,8,1
9682,5583,4020,chat,7,3,6,0
9683,6341,400,chat,13,5,10,1
9684,8839,1314,chat,39,5,10,1
9685,6217,2991,video_call,26,2,4,0
9686,6812,3449,video_call,24,5,10,1
9687,673,1540,video_call,33,1,2,0
9688,4363,1378,video_call,25,3,6,0
9689,8796,4571,video_call,36,1,2,0
9690,6208,3043,chat,11,4,8,1
9691,1667,3467,video_call,26,4,8,1
9692,8978,3774,video_call,36,1,2,0
9693,3181,719,video_call,18,1,2,0
9694,3617,1662,chat,37,5,10,1
9695,3072,4460,video_call,12,3,6,0
9696,677,3629,video_call,12,2,4,0
9697,4906,2945,video_call,57,4,8,1
9698,4271,1640,video_call,37,2,4,0
9699,9778,2356,chat,13,3,6,0
9700,7191,2607,chat,29,5,10,1
9701,3391,4612,chat,39,5,10,1
9702,6793,2052,video_call,44,5,10,1
9703,1204,3942,video_call,48,4,8,1
9704,8455,1313,chat,36,4,8,1
9705,4408,3482,video_call,48,5,10,1
9706,2577,3242,video_call,17,5,10,1
9707,9187,4440,chat,43,1,2,0
9708,3367,3811,video_call,41,5,10,1
9709,6939,1357,chat,15,5,10,1
9710,1420,2643,video_call,58,5,10,1
9711,610,1500,chat,28,2,4,0
9712,5936,702,video_call,39,2,4,0
9713,9401,1370,chat,34,5,10,1
9714,3521,3046,video_call,29,4,8,1
9715,4479,2317,video_call,10,4,8,1
9716,1869,2237,video_call,37,3,6,0
9717,7273,715,video_call,43,5,10,1
9718,1231,3500,chat,37,3,6,0
9719,8333,4159,chat,22,4,8,1
9720,4810,247,chat,6,1,2,0
9721,1303,1398,video_call,19,5,10,1
9722,3672,3931,video_call,37,4,8,1
9723,8165,233,video_call,15,2,4,0
9724,8128,871,video_call,31,4,8,1
9725,4059,1530,video_call,47,5,10,1
9726,8991,2564,chat,12,2,4,0
9727,3240,3559,video_call,42,2,4,0
9728,7615,2436,chat,26,5,10,1
9729,7987,1418,chat,26,2,4,0
9730,7303,2314,video_call,31,4,8,1
9731,5409,135,chat,24,5,10,1
9732,4609,2034,chat,28,3,6,0
9733,3383,2503,video_call,35,5,10,1
9734,4968,4773,video_call,40,1,2,0
9735,3159,190,video_call,12,5,10,1
9736,4358,4962,video_call,37,5,10,1
9737,823,1471,chat,44,2,4,0
9738,4974,463,video_call,14,1,2,0
9739,9020,4732,chat,42,3,6,0
9740,2891,2271,video_call,34,4,8,1
9741,7553,3926,video_call,48,2,4,0
9742,4721,2825,chat,17,4,8,1
9743,3193,2361,video_call,21,4,8,1
9744,2168,641,video_call,14,1,2,0
9745,7363,354,video_call,58,5,10,1
9746,3536,1359,video_call,15,5,10,1
9747,7139,3993,chat,41,5,10,1
9748,4613,4984,video_call,49,4,8,1
9749,3245,2855,video_call,46,3,6,0
9750,8731,2932,chat,33,4,8,1
9751,1791,793,chat,8,5,10,1
9752,7307,1226,video_call,33,4,8,1
9753,8588,2150,chat,31,5,10,1
9754,3186,1828,video_call,46,5,10,1
9755,7302,3722,video_call,59,4,8,1
9756,3414,1564,chat,20,5,10,1
9757,2503,804,chat,28,5,10,1
9758,9177,3787,chat,10,2,4,0
9759,2394,3229,chat,27,4,8,1
9760,6104,4826,video_call,25,5,10,1
9761,6319,3753,video_call,43,5,10,1
9762,4631,1348,video_call,29,5,10,1
9763,1764,513,video_call,39,1,2,0
9764,1272,4470,chat,17,5,10,1
9765,7598,4774,video_call,15,3,6,0
9766,7715,980,video_call,16,2,4,0
9767,401,1064,chat,21,5,10,1
9768,7548,537,video_call,60,4,8,1
9769,5988,4825,video_call,33,4,8,1
9770,9089,1081,chat,33,1,2,0
9771,6993,1074,chat,36,1,2,0
9772,7886,4332,video_call,56,5,10,1
9773,7295,4416,video_call,22,5,10,1
9774,9062,1330,chat,45,4,8,1
9775,6971,3673,video_call,47,1,2,0
9776,7377,4735,chat,13,2,4,0
9777,8979,1090,chat,9,3,6,0
9778,8471,3949,video_call,21,5,10,1
9779,1528,3426,chat,40,2,4,0
9780,2137,1541,video_call,41,4,8,1
9781,3450,72,video_call,34,2,4,0
9782,5577,1171,video_call,26,4,8,1
9783,8250,2151,video_call,32,3,6,0
9784,2192,688,video_call,39,5,10,1
9785,4765,3844,chat,38,4,8,1
9786,76,4637,video_call,22,4,8,1
9787,5193,415,video_call,50,5,10,1
9788,1056,61,chat,16,2,4,0
9789,3484,1926,video_call,17,5,10,1
9790,9686,1944,video_call,40,4,8,1
9791,6630,4977,chat,16,5,10,1
9792,2188,3266,chat,20,5,10,1
9793,8641,1757,chat,27,5,10,1
9794,9159,3566,video_call,12,1,2,0
9795,6871,1888,chat,45,3,6,0
9796,5901,909,video_call,21,3,6,0
9797,5482,4323,video_call,16,1,2,0
9798,9184,4391,video_call,42,5,10,1
9799,8136,4000,video_call,34,4,8,1
9800,2335,3149,video_call,25,2,4,0
9801,7587,3070,video_call,26,1,2,0
9802,1144,4010,chat,34,4,8,1
9803,1560,859,chat,11,1,2,0
9804,9410,489,chat,42,4,8,1
9805,1663,4805,chat,41,3,6,0
9806,4801,2709,chat,16,4,8,1
9807,6503,791,chat,9,3,6,0
9808,2456,2890,chat,30,5,10,1
9809,2569,2381,chat,44,5,10,1
9810,1847,4383,video_call,56,4,8,1
9811,6382,489,chat,10,5,10,1
9812,4499,372,video_call,29,5,10,1
9813,4265,1665,video_call,14,5,10,1
9814,4295,835,video_call,55,5,10,1
9815,9882,4337,video_call,36,4,8,1
9816,2376,4403,video_call,21,5,10,1
9817,2569,1736,video_call,37,4,8,1
9818,4994,3490,chat,16,4,8,1
9819,2367,3921,video_call,51,3,6,0
9820,2148,1903,chat,6,5,10,1
9821,8421,864,chat,45,1,2,0
9822,9418,3868,chat,39,5,10,1
9823,714,1482,video_call,59,5,10,1
9824,4962,113,video_call,12,4,8,1
9825,2668,4231,video_call,52,4,8,1
9826,8275,1389,video_call,59,1,2,0
9827,543,2324,chat,6,5,10,1
9828,1810,706,video_call,49,3,6,0
9829,9822,1151,chat,44,4,8,1
9830,3515,3612,video_call,33,4,8,1
9831,9026,3999,chat,22,1,2,0
9832,9268,2218,video_call,57,3,6,0
9833,8003,933,video_call,50,4,8,1
9834,3836,2486,chat,19,5,10,1
9835,8988,3975,chat,29,2,4,0
9836,7376,3766,chat,11,2,4,0
9837,2225,2386,chat,23,5,10,1
9838,9141,4720,chat,38,4,8,1
9839,9598,1441,video_call,27,5,10,1
9840,1785,4183,video_call,34,1,2,0
9841,3215,771,chat,39,4,8,1
9842,4228,3590,video_call,15,3,6,0
9843,8115,4894,chat,7,3,6,0
9844,4867,3302,video_call,31,5,10,1
9845,8496,1086,chat,15,4,8,1
9846,9931,4936,video_call,15,5,10,1
9847,174,1177,video_call,44,4,8,1
9848,9075,3209,video_call,38,1,2,0
9849,1216,2942,video_call,22,4,8,1
9850,2565,4879,video_call,26,1,2,0
9851,4759,1621,video_call,25,3,6,0
9852,4744,1873,chat,9,5,10,1
9853,7785,4945,chat,5,1,2,0
9854,1314,603,video_call,52,5,10,1
9855,5553,1089,chat,26,2,4,0
9856,4856,3130,chat,35,3,6,0
9857,9887,3389,video_call,56,1,2,0
9858,6084,3297,video_call,59,4,8,1
9859,6023,1071,video_call,57,1,2,0
9860,631,4092,chat,43,2,4,0
9861,8468,2561,chat,37,4,8,1
9862,1277,891,video_call,35,5,10,1
9863,1642,561,video_call,34,5,10,1
9864,5384,4305,video_call,47,5,10,1
9865,1824,3635,video_call,44,2,4,0
9866,6612,4489,chat,17,2,4,0
9867,4095,3303,video_call,25,4,8,1
9868,7301,3394,chat,17,2,4,0
9869,3645,3535,video_call,51,4,8,1
9870,7018,2655,video_call,10,4,8,1
9871,1748,2872,chat,32,4,8,1
9872,2570,4349,video_call,36,4,8,1
9873,1125,1601,video_call,55,2,4,0
9874,9571,3507,video_call,60,4,8,1
9875,5646,459,chat,28,4,8,1
9876,1543,181,chat,18,4,8,1
9877,7860,2224,video_call,59,1,2,0
9878,4768,2630,chat,20,5,10,1
9879,3586,2543,chat,31,1,2,0
9880,6951,3912,video_call,37,2,4,0
9881,9710,2061,chat,37,1,2,0
9882,546,1071,chat,23,3,6,0
9883,5244,2952,video_call,36,4,8,1
9884,5903,1110,chat,41,2,4,0
9885,5374,3802,video_call,39,1,2,0
9886,4570,1486,chat,35,4,8,1
9887,2617,4000,video_call,58,5,10,1
9888,8341,1210,chat,28,5,10,1
9889,8719,2141,video_call,14,1,2,0
9890,2689,172,video_call,30,5,10,1
9891,705,456,video_call,27,4,8,1
9892,9584,4890,video_call,47,3,6,0
9893,2374,3015,chat,40,1,2,0
9894,913,3888,chat,27,4,8,1
9895,2754,1916,chat,13,4,8,1
9896,6060,1308,video_call,29,5,10,1
9897,575,2713,chat,26,4,8,1
9898,4299,4357,video_call,10,3,6,0
9899,7943,4413,chat,24,4,8,1
9900,8987,2642,chat,9,1,2,0
9901,5659,2904,chat,45,1,2,0
9902,7344,3449,video_call,21,4,8,1
9903,6018,2280,video_call,42,2,4,0
9904,191,4774,video_call,16,2,4,0
9905,3176,3595,chat,41,4,8,1
9906,1401,2495,video_call,25,5,10,1
9907,4861,2974,chat,44,3,6,0
9908,6565,2384,chat,40,4,8,1
9909,4654,1105,chat,41,4,8,1
9910,6972,4084,chat,38,1,2,0
9911,960,3575,video_call,47,1,2,0
9912,8528,3594,chat,20,2,4,0
9913,2310,3420,chat,37,3,6,0
9914,7171,493,chat,40,4,8,1
9915,9864,1852,chat,24,2,4,0
9916,2663,1701,video_call,52,3,6,0
9917,6859,4965,video_call,29,1,2,0
9918,7865,2346,video_call,57,2,4,0
9919,8688,886,chat,31,2,4,0
9920,2010,3828,chat,13,2,4,0
9921,1884,3231,chat,8,4,8,1
9922,2317,3774,chat,8,2,4,0
9923,1482,105,video_call,20,2,4,0
9924,7621,4910,chat,31,4,8,1
9925,4237,3998,video_call,15,3,6,0
9926,1495,2611,video_call,15,5,10,1
9927,2161,2617,chat,8,4,8,1
9928,1133,4068,video_call,24,5,10,1
9929,244,1412,video_call,10,2,4,0
9930,1683,3669,chat,14,5,10,1
9931,1108,1067,chat,7,5,10,1
9932,1569,317,chat,8,2,4,0
9933,4831,3843,video_call,48,1,2,0
9934,4177,1234,video_call,49,2,4,0
9935,1811,3327,chat,28,5,10,1
9936,1594,3413,chat,5,3,6,0
9937,7609,4691,chat,41,5,10,1
9938,8128,2471,video_call,51,5,10,1
9939,444,864,chat,13,1,2,0
9940,7837,91,chat,41,5,10,1
9941,9892,940,video_call,41,1,2,0
9942,6465,2934,video_call,60,2,4,0
9943,4130,2874,video_call,29,5,10,1
9944,7219,858,chat,36,4,8,1
9945,1147,3703,chat,34,3,6,0
9946,4816,2204,chat,21,4,8,1
9947,8104,4664,video_call,21,5,10,1
9948,570,3216,video_call,33,4,8,1
9949,3863,1856,video_call,27,5,10,1
9950,9720,714,chat,25,5,10,1
9951,1357,3206,video_call,43,5,10,1
9952,5004,1325,video_call,57,4,8,1
9953,4602,2357,chat,9,5,10,1
9954,9882,1963,chat,43,4,8,1
9955,7735,1925,video_call,17,3,6,0
9956,9382,714,video_call,17,4,8,1
9957,1388,853,chat,29,4,8,1
9958,269,2990,video_call,53,5,10,1
9959,8218,578,chat,27,5,10,1
9960,3581,1719,video_call,12,1,2,0
9961,6421,1055,video_call,44,5,10,1
9962,5189,2876,video_call,60,4,8,1
9963,9409,4206,video_call,50,2,4,0
9964,8410,3885,video_call,57,4,8,1
9965,4330,4407,chat,11,3,6,0
9966,2654,3235,chat,39,3,6,0
9967,2019,524,chat,14,2,4,0
9968,8645,449,chat,33,4,8,1
9969,1398,3672,chat,42,5,10,1
9970,805,868,chat,11,5,10,1
9971,3182,4371,video_call,29,1,2,0
9972,875,2082,video_call,52,2,4,0
9973,2131,1920,video_call,15,5,10,1
9974,8989,3655,chat,34,2,4,0
9975,646,1241,chat,12,5,10,1
9976,1355,3251,chat,36,5,10,1
9977,7076,2252,video_call,39,3,6,0
9978,3349,1555,video_call,55,2,4,0
9979,4751,2852,chat,23,1,2,0
9980,1909,4318,video_call,46,5,10,1
9981,6981,3846,chat,33,4,8,1
9982,3880,3779,chat,12,5,10,1
9983,9040,3144,video_call,42,2,4,0
9984,4197,241,video_call,19,4,8,1
9985,2245,4267,video_call,47,1,2,0
9986,9882,1303,chat,25,1,2,0
9987,6542,194,chat,19,2,4,0
9988,1058,3488,chat,25,5,10,1
9989,3970,2034,chat,29,4,8,1
9990,3668,258,video_call,31,5,10,1
9991,3882,3449,chat,40,5,10,1
9992,2861,520,chat,22,3,6,0
9993,9689,783,video_call,21,2,4,0
9994,3579,1960,video_call,46,1,2,0
9995,67,4036,chat,34,4,8,1
9996,7893,1313,video_call,28,4,8,1
9997,2977,133,video_call,57,5,10,1
9998,6427,786,video_call,28,4,8,1
9999,4459,3352,video_call,15,5,10,1
10000,4482,4097,chat,9,3,6,0
10001,5345,4163,chat,43,1,2,0
10002,2031,4382,chat,34,5,10,1
10003,2941,2248,video_call,28,2,4,0
10004,8028,914,video_call,34,4,8,1
10005,4337,4068,chat,11,4,8,1
10006,3849,3453,video_call,45,2,4,0
10007,6979,16,video_call,53,5,10,1
10008,2987,474,video_call,31,5,10,1
10009,9394,4017,chat,11,1,2,0
10010,1089,2280,chat,30,1,2,0
10011,6280,3379,video_call,42,1,2,0
10012,48,2540,video_call,10,1,2,0
10013,5270,131,chat,11,3,6,0
10014,4079,3304,video_call,38,5,10,1
10015,1333,4938,video_call,35,3,6,0
10016,8764,1487,video_call,50,5,10,1
10017,9522,1874,chat,8,4,8,1
10018,6364,1133,chat,37,4,8,1
10019,3398,4129,chat,25,1,2,0
10020,6112,4726,video_call,55,3,6,0
10021,7911,4257,chat,35,5,10,1
10022,1187,3616,video_call,45,5,10,1
10023,6747,1148,chat,35,4,8,1
10024,7596,738,chat,44,5,10,1
10025,409,1604,chat,9,1,2,0
10026,1364,1316,chat,20,2,4,0
10027,2538,4189,video_call,33,5,10,1
10028,7892,1020,chat,24,1,2,0
10029,5200,2437,video_call,35,5,10,1
10030,8570,759,video_call,40,1,2,0
10031,7083,3986,video_call,30,5,10,1
10032,267,590,chat,29,5,10,1
10033,112,2320,video_call,60,2,4,0
10034,9484,389,chat,37,5,10,1
10035,4249,4487,video_call,47,1,2,0
10036,4230,2319,chat,24,4,8,1
10037,8907,3143,video_call,58,5,10,1
10038,9086,400,video_call,22,1,2,0
10039,5281,3727,video_call,51,4,8,1
10040,8877,4440,chat,25,2,4,0
10041,2078,1414,chat,8,5,10,1
10042,608,4770,chat,39,5,10,1
10043,1265,216,chat,12,1,2,0
10044,4949,3052,chat,29,5,10,1
10045,7833,4756,chat,32,3,6,0
10046,5623,1656,video_call,48,5,10,1
10047,9815,4308,chat,38,5,10,1
10048,6657,172,video_call,58,2,4,0
10049,7428,4103,video_call,20,4,8,1
10050,4897,2361,chat,21,4,8,1
10051,8049,3830,chat,31,5,10,1
10052,7623,827,chat,35,4,8,1
10053,2160,2910,chat,12,2,4,0
10054,2599,4226,chat,15,5,10,1
10055,7107,3604,video_call,17,4,8,1
10056,3427,2132,chat,17,5,10,1
10057,287,4255,video_call,27,2,4,0
10058,4318,745,chat,38,4,8,1
10059,9959,1092,chat,33,3,6,0
10060,3489,1022,chat,19,5,10,1
10061,9147,1078,chat,25,4,8,1
10062,3987,3836,video_call,42,3,6,0
10063,4178,1908,chat,33,5,10,1
10064,6115,4124,chat,20,2,4,0
10065,5872,3905,video_call,10,2,4,0
10066,6040,2483,video_call,17,2,4,0
10067,4614,2982,chat,40,5,10,1
10068,4675,391,chat,44,2,4,0
10069,989,3478,video_call,27,2,4,0
10070,5121,4945,chat,26,3,6,0
10071,2828,3524,video_call,24,3,6,0
10072,5888,500,chat,11,5,10,1
10073,8565,2811,chat,44,2,4,0
10074,8282,4140,chat,33,1,2,0
10075,9927,123,video_call,21,5,10,1
10076,801,547,chat,27,5,10,1
10077,7180,1307,chat,16,2,4,0
10078,7521,2246,video_call,54,2,4,0
10079,2695,3152,video_call,29,4,8,1
10080,989,525,chat,29,2,4,0
10081,3792,3083,chat,44,4,8,1
10082,9048,501,video_call,55,4,8,1
10083,9634,2036,chat,36,1,2,0
10084,5943,2891,chat,10,5,10,1
10085,3507,3416,video_call,56,4,8,1
10086,5287,522,video_call,57,5,10,1
10087,8075,4999,video_call,48,5,10,1
10088,4623,1493,video_call,54,2,4,0
10089,6548,2386,chat,39,3,6,0
10090,2908,820,video_call,17,5,10,1
10091,54,4331,chat,25,5,10,1
10092,6739,1495,chat,12,1,2,0
10093,6841,2804,video_call,19,1,2,0
10094,9272,3278,video_call,41,4,8,1
10095,9889,3859,video_call,41,3,6,0
10096,8013,4515,video_call,50,2,4,0
10097,322,1347,chat,36,3,6,0
10098,6519,3723,video_call,23,5,10,1
10099,2362,1452,chat,20,2,4,0
10100,5125,305,video_call,16,4,8,1
10101,1788,2716,video_call,37,3,6,0
10102,4689,207,chat,45,4,8,1
10103,944,2326,chat,23,5,10,1
10104,5,274,chat,8,2,4,0
10105,3945,1474,video_call,10,2,4,0
10106,3687,3879,video_call,31,3,6,0
10107,1603,2472,video_call,55,5,10,1
10108,5483,5000,video_call,43,5,10,1
10109,8715,3217,video_call,12,5,10,1
10110,1641,4664,video_call,36,3,6,0
10111,7765,4199,chat,27,1,2,0
10112,3253,1341,video_call,12,3,6,0
10113,7821,4769,video_call,34,4,8,1
10114,218,2928,video_call,32,4,8,1
10115,3434,2369,video_call,14,4,8,1
10116,5157,514,video_call,10,5,10,1
10117,7048,2564,chat,16,5,10,1
10118,3461,4539,video_call,26,3,6,0
10119,5407,2247,chat,45,4,8,1
10120,5940,4966,video_call,33,1,2,0
10121,5866,3579,chat,35,1,2,0
10122,223,3255,video_call,37,3,6,0
10123,4791,2377,chat,11,4,8,1
10124,6496,769,video_call,10,4,8,1
10125,553,4214,chat,41,5,10,1
10126,4562,4319,chat,32,4,8,1
10127,6879,3220,video_call,52,4,8,1
10128,6739,3660,video_call,55,5,10,1
10129,1790,775,chat,7,4,8,1
10130,4142,1379,chat,40,2,4,0
10131,1860,4020,video_call,52,2,4,0
10132,7220,4519,chat,14,5,10,1
10133,4753,3785,chat,12,2,4,0
10134,6350,4911,chat,19,4,8,1
10135,2365,4680,video_call,14,5,10,1
10136,2678,514,video_call,44,4,8,1
10137,1472,4904,video_call,55,1,2,0
10138,1862,2709,video_call,47,5,10,1
10139,3460,3980,chat,33,4,8,1
10140,8953,4791,chat,14,1,2,0
10141,1686,3579,chat,22,3,6,0
10142,2777,1594,video_call,25,2,4,0
10143,8489,1028,video_call,22,2,4,0
10144,4411,2626,video_call,20,5,10,1
10145,7788,4835,video_call,47,2,4,0
10146,3753,3601,chat,29,1,2,0
10147,7038,1047,video_call,53,2,4,0
10148,7776,1121,chat,29,4,8,1
10149,726,1824,chat,9,5,10,1
10150,8461,801,video_call,40,4,8,1
10151,9186,3552,chat,32,1,2,0
10152,3321,80,video_call,23,4,8,1
10153,3461,1579,video_call,29,5,10,1
10154,6870,3025,chat,24,5,10,1
10155,8790,4729,video_call,34,5,10,1
10156,2263,3611,chat,26,3,6,0
10157,2660,3364,chat,26,5,10,1
10158,9415,1027,chat,14,1,2,0
10159,5460,1612,video_call,20,5,10,1
10160,7432,4656,chat,23,3,6,0
10161,7280,2710,video_call,37,1,2,0
10162,134,3305,chat,26,2,4,0
10163,2815,3982,chat,18,2,4,0
10164,8089,4076,video_call,34,5,10,1
10165,9811,1156,chat,12,5,10,1
10166,4123,288,chat,22,4,8,1
10167,2693,4254,video_call,21,1,2,0
10168,1768,4780,chat,5,4,8,1
10169,1714,2369,video_call,51,5,10,1
10170,9209,1582,video_call,23,5,10,1
10171,9550,683,chat,37,2,4,0
10172,9444,3023,video_call,59,5,10,1
10173,6246,1252,chat,22,2,4,0
10174,7592,2222,chat,37,5,10,1
10175,9589,3983,video_call,26,4,8,1
10176,6823,4857,video_call,23,5,10,1
10177,1601,2401,chat,37,2,4,0
10178,2514,3363,chat,24,2,4,0
10179,5392,1630,chat,28,5,10,1
10180,2637,133,video_call,53,4,8,1
10181,2646,2911,video_call,40,2,4,0
10182,3357,3982,chat,37,3,6,0
10183,7932,4672,chat,6,2,4,0
10184,3527,3170,chat,43,2,4,0
10185,1562,2673,video_call,28,4,8,1
10186,3780,4372,chat,31,1,2,0
10187,8932,2101,video_call,11,2,4,0
10188,1759,719,chat,15,4,8,1
10189,6173,209,video_call,26,3,6,0
10190,9754,933,video_call,42,5,10,1
10191,1499,306,chat,22,5,10,1
10192,1938,400,chat,28,4,8,1
10193,1906,1766,chat,15,5,10,1
10194,7357,3122,video_call,24,5,10,1
10195,4452,2656,chat,25,5,10,1
10196,1048,2717,chat,24,5,10,1
10197,8588,561,video_call,59,4,8,1
10198,5624,2448,video_call,15,5,10,1
10199,5471,2880,video_call,53,5,10,1
10200,6656,1300,video_call,16,1,2,0
10201,4417,4777,video_call,53,5,10,1
10202,1870,1936,chat,22,2,4,0
10203,1734,636,video_call,21,1,2,0
10204,4034,1030,video_call,44,1,2,0
10205,414,2071,video_call,29,2,4,0
10206,1574,1759,chat,40,5,10,1
10207,6495,2454,video_call,43,5,10,1
10208,2244,2641,video_call,39,5,10,1
10209,9110,1600,chat,7,2,4,0
10210,560,1883,chat,13,1,2,0
10211,6386,4564,chat,5,5,10,1
10212,1198,2354,video_call,17,4,8,1
10213,2828,548,video_call,56,5,10,1
10214,2061,2531,video_call,18,1,2,0
10215,4968,1370,video_call,24,5,10,1
10216,3899,1808,chat,9,2,4,0
10217,7502,1195,video_call,21,2,4,0
10218,5286,1998,video_call,59,2,4,0
10219,3385,1541,chat,35,4,8,1
10220,3871,4661,chat,7,2,4,0
10221,7441,4303,chat,7,3,6,0
10222,3519,1324,video_call,29,4,8,1
10223,5670,4065,video_call,58,1,2,0
10224,9770,1127,video_call,35,3,6,0
10225,965,3934,chat,18,2,4,0
10226,9234,1552,chat,34,5,10,1
10227,2655,459,video_call,60,5,10,1
10228,4088,1810,chat,23,3,6,0
10229,590,4294,chat,38,4,8,1
10230,3281,3034,video_call,27,1,2,0
10231,5376,3054,video_call,14,4,8,1
10232,2125,4069,video_call,18,3,6,0
10233,3034,1750,video_call,26,4,8,1
10234,1994,3495,video_call,13,4,8,1
10235,3299,4720,chat,11,3,6,0
10236,8249,4685,chat,42,3,6,0
10237,5663,1704,chat,27,3,6,0
10238,2921,2120,video_call,25,1,2,0
10239,7350,1160,chat,36,5,10,1
10240,9339,857,chat,20,3,6,0
10241,2642,186,video_call,10,5,10,1
10242,3213,1713,chat,22,2,4,0
10243,8319,563,chat,41,5,10,1
10244,5313,1849,video_call,46,1,2,0
10245,9558,1208,video_call,17,5,10,1
10246,9569,938,chat,45,2,4,0
10247,4559,3621,chat,37,1,2,0
10248,9952,4753,video_call,29,5,10,1
10249,9405,1311,video_call,14,3,6,0
10250,5789,401,chat,29,4,8,1
10251,4548,4586,chat,22,1,2,0
10252,63,4976,chat,38,5,10,1
10253,8039,4599,video_call,46,3,6,0
10254,5743,1110,chat,37,5,10,1
10255,364,4031,video_call,50,4,8,1
10256,9462,1787,video_call,17,2,4,0
10257,1289,3510,video_call,30,5,10,1
10258,7876,3671,video_call,46,4,8,1
10259,9926,4153,video_call,15,4,8,1
10260,4315,27,chat,45,3,6,0
10261,4310,817,video_call,25,4,8,1
10262,3660,2345,chat,5,2,4,0
10263,6459,4434,chat,37,5,10,1
10264,3801,580,video_call,10,2,4,0
10265,8141,1921,chat,35,5,10,1
10266,5976,2199,video_call,38,4,8,1
10267,392,1985,video_call,38,4,8,1
10268,6954,4894,chat,23,3,6,0
10269,3641,1270,video_call,16,2,4,0
10270,3666,968,chat,9,3,6,0
10271,7525,2134,chat,10,3,6,0
10272,8178,2606,video_call,42,1,2,0
10273,9705,1614,video_call,14,3,6,0
10274,9015,4169,video_call,59,5,10,1
10275,4639,2070,video_call,12,4,8,1
10276,1898,4834,chat,12,2,4,0
10277,6649,3764,video_call,15,5,10,1
10278,566,4855,video_call,40,2,4,0
10279,6261,3813,video_call,39,5,10,1
10280,6040,3561,chat,10,2,4,0
10281,9611,4036,video_call,46,1,2,0
10282,7369,3501,video_call,24,4,8,1
10283,3731,817,chat,6,4,8,1
10284,1638,4739,video_call,34,3,6,0
10285,4414,393,video_call,25,3,6,0
10286,3919,2912,video_call,50,5,10,1
10287,9237,790,video_call,31,5,10,1
10288,1556,2589,video_call,30,2,4,0
10289,4812,555,chat,9,3,6,0
10290,4367,912,chat,9,1,2,0
10291,2199,2735,video_call,51,4,8,1
10292,4335,3382,video_call,52,4,8,1
10293,8313,1193,chat,36,5,10,1
10294,2750,2238,video_call,35,4,8,1
10295,3730,4549,chat,23,1,2,0
10296,2761,1161,chat,36,4,8,1
10297,9877,1983,video_call,59,5,10,1
10298,5341,1258,video_call,26,1,2,0
10299,8096,3621,chat,25,2,4,0
10300,9725,9,video_call,18,1,2,0
10301,9611,4867,chat,36,4,8,1
10302,3421,1882,video_call,60,2,4,0
10303,3503,3734,chat,33,4,8,1
10304,757,2982,chat,20,5,10,1
10305,5336,4721,video_call,25,3,6,0
10306,2382,4888,video_call,23,3,6,0
10307,5187,2635,video_call,20,5,10,1
10308,8451,54,video_call,45,5,10,1
10309,3451,11,video_call,36,4,8,1
10310,161,1956,chat,38,4,8,1
10311,7638,4209,video_call,50,1,2,0
10312,826,3785,video_call,41,5,10,1
10313,8600,1063,chat,29,5,10,1
10314,4638,2440,chat,6,5,10,1
10315,9805,1371,chat,7,5,10,1
10316,3501,3474,video_call,45,4,8,1
10317,8669,566,video_call,59,2,4,0
10318,1054,3041,video_call,40,2,4,0
10319,635,4612,chat,10,5,10,1
10320,5986,1676,video_call,32,1,2,0
10321,5491,4555,chat,30,2,4,0
10322,9812,4921,video_call,27,5,10,1
10323,6891,4334,video_call,57,3,6,0
10324,3764,86,chat,39,3,6,0
10325,8805,421,chat,37,5,10,1
10326,9815,84,chat,25,3,6,0
10327,9227,4950,chat,34,2,4,0
10328,5425,3859,chat,26,5,10,1
10329,9160,375,chat,8,5,10,1
10330,8714,3840,video_call,15,5,10,1
10331,1847,4717,chat,27,3,6,0
10332,2993,2378,video_call,26,5,10,1
10333,9727,214,chat,14,1,2,0
10334,9844,2830,video_call,32,2,4,0
10335,4755,2713,chat,34,5,10,1
10336,5685,2521,chat,44,5,10,1
10337,5454,2989,chat,38,1,2,0
10338,1182,3470,video_call,42,3,6,0
10339,707,4832,chat,10,4,8,1
10340,5914,2040,video_call,12,1,2,0
10341,1086,2470,video_call,18,3,6,0
10342,3485,3390,chat,19,5,10,1
10343,4932,3884,video_call,15,4,8,1
10344,1457,2351,video_call,57,5,10,1
10345,1161,3316,video_call,11,5,10,1
10346,7412,539,video_call,47,3,6,0
10347,932,2406,video_call,25,2,4,0
10348,6625,3071,chat,20,2,4,0
10349,4480,3524,video_call,51,4,8,1
10350,1142,4309,video_call,55,4,8,1
10351,8428,1539,chat,13,4,8,1
10352,9623,1139,chat,34,5,10,1
10353,4795,1902,video_call,45,3,6,0
10354,4865,2303,chat,14,2,4,0
10355,2987,1516,chat,8,2,4,0
10356,6560,3107,video_call,59,3,6,0
10357,9848,4596,video_call,49,4,8,1
10358,2765,4179,video_call,24,2,4,0
10359,1196,4037,video_call,46,4,8,1
10360,8332,2692,chat,11,5,10,1
10361,5357,544,chat,22,3,6,0
10362,8477,4926,video_call,15,5,10,1
10363,5035,1103,chat,34,2,4,0
10364,7360,951,video_call,57,2,4,0
10365,5557,80,video_call,11,4,8,1
10366,6914,309,video_call,28,5,10,1
10367,7100,3333,video_call,58,4,8,1
10368,1404,1012,chat,30,3,6,0
10369,9794,3303,chat,35,5,10,1
10370,3488,3010,video_call,30,1,2,0
10371,214,2799,chat,18,1,2,0
10372,7885,2488,chat,22,5,10,1
10373,1351,2796,chat,19,3,6,0
10374,4580,4512,chat,37,1,2,0
10375,1357,257,video_call,47,1,2,0
10376,7979,1054,chat,39,5,10,1
10377,1069,2894,chat,37,3,6,0
10378,7603,227,chat,35,4,8,1
10379,4225,2942,video_call,42,5,10,1
10380,8817,3896,chat,34,1,2,0
10381,4196,2124,video_call,55,5,10,1
10382,3029,4933,video_call,41,2,4,0
10383,7549,1250,chat,41,3,6,0
10384,6601,1806,chat,16,2,4,0
10385,5875,4041,video_call,29,4,8,1
10386,7382,809,chat,10,5,10,1
10387,5482,3314,chat,26,4,8,1
10388,5182,4673,chat,25,2,4,0
10389,7296,1246,video_call,28,2,4,0
10390,5579,4866,video_call,41,2,4,0
10391,2822,669,chat,38,4,8,1
10392,8086,1511,video_call,15,5,10,1
10393,7685,3142,video_call,53,5,10,1
10394,7974,2267,chat,39,4,8,1
10395,5808,1940,chat,38,4,8,1
10396,5807,2851,chat,6,4,8,1
10397,7366,3108,chat,23,1,2,0
10398,5425,1717,chat,18,3,6,0
10399,7507,461,chat,30,3,6,0
10400,2635,4731,video_call,25,4,8,1
10401,4340,1527,video_call,17,1,2,0
10402,8273,2621,chat,29,3,6,0
10403,7117,4979,video_call,58,5,10,1
10404,7056,2068,chat,21,5,10,1
10405,33,3581,chat,38,1,2,0
10406,8115,183,chat,8,5,10,1
10407,9167,1535,video_call,52,4,8,1
10408,6369,4408,video_call,23,3,6,0
10409,528,1957,video_call,45,4,8,1
10410,7275,74,video_call,17,4,8,1
10411,1286,1847,video_call,49,1,2,0
10412,3256,2335,chat,11,4,8,1
10413,8054,1273,video_call,38,2,4,0
10414,7600,307,video_call,28,5,10,1
10415,1640,1259,video_call,22,2,4,0
10416,1697,4680,video_call,37,2,4,0
10417,3921,4345,chat,26,5,10,1
10418,1350,2766,video_call,10,5,10,1
10419,7409,2721,chat,21,1,2,0
10420,2706,1230,video_call,52,5,10,1
10421,7429,3581,video_call,46,3,6,0
10422,5534,2121,chat,28,5,10,1
10423,3701,3025,video_call,46,1,2,0
10424,1832,862,video_call,40,4,8,1
10425,1206,3115,video_call,15,2,4,0
10426,8624,3324,chat,44,4,8,1
10427,145,926,chat,30,1,2,0
10428,5482,4641,chat,29,2,4,0
10429,6340,4221,chat,39,2,4,0
10430,7420,3112,video_call,30,2,4,0
10431,738,1024,video_call,19,4,8,1
10432,8186,4462,video_call,54,4,8,1
10433,3864,4449,chat,14,4,8,1
10434,8510,1630,chat,26,5,10,1
10435,462,4735,chat,40,1,2,0
10436,8524,2717,video_call,35,5,10,1
10437,7982,4088,chat,14,5,10,1
10438,7195,692,chat,37,5,10,1
10439,5961,3396,chat,45,5,10,1
10440,277,2105,video_call,18,5,10,1
10441,6517,3239,video_call,49,4,8,1
10442,5444,3804,chat,45,5,10,1
10443,1231,414,chat,33,5,10,1
10444,92,2371,chat,25,5,10,1
10445,5847,4308,video_call,60,5,10,1
10446,4582,1736,video_call,41,5,10,1
10447,9894,2602,chat,9,5,10,1
10448,2497,2331,chat,30,4,8,1
10449,6125,1155,chat,12,1,2,0
10450,8379,1518,video_call,33,5,10,1
10451,8412,1323,chat,40,3,6,0
10452,2630,3984,video_call,26,4,8,1
10453,2985,2710,video_call,16,2,4,0
10454,3482,539,video_call,27,5,10,1
10455,5409,755,chat,24,4,8,1
10456,3448,3030,chat,33,2,4,0
10457,6087,2680,chat,13,5,10,1
10458,7332,3328,chat,44,2,4,0
10459,1328,4496,chat,21,2,4,0
10460,6285,13,video_call,57,5,10,1
10461,8032,1825,chat,21,1,2,0
10462,8871,1868,video_call,13,1,2,0
10463,6918,1469,video_call,58,5,10,1
10464,6160,2034,video_call,56,2,4,0
10465,6934,1083,video_call,17,2,4,0
10466,5567,812,video_call,26,5,10,1
10467,7324,1203,video_call,22,4,8,1
10468,717,2391,chat,7,1,2,0
10469,4055,4943,video_call,41,1,2,0
10470,8091,2404,chat,17,4,8,1
10471,6924,4539,video_call,41,1,2,0
10472,6339,4995,video_call,33,4,8,1
10473,5038,4145,chat,18,2,4,0
10474,8978,4223,video_call,22,1,2,0
10475,8792,2496,chat,45,2,4,0
10476,1031,831,chat,8,4,8,1
10477,2080,234,chat,26,4,8,1
10478,1583,4760,chat,12,4,8,1
10479,6922,1208,video_call,17,4,8,1
10480,5413,2710,video_call,42,1,2,0
10481,6729,4619,chat,10,3,6,0
10482,3433,748,video_call,56,5,10,1
10483,7696,4558,video_call,19,5,10,1
10484,9361,2838,video_call,48,1,2,0
10485,3113,3134,chat,45,5,10,1
10486,2843,2977,video_call,52,5,10,1
10487,8478,41,chat,19,2,4,0
10488,3408,18,video_call,20,2,4,0
10489,3149,3631,chat,22,5,10,1
10490,2853,812,video_call,17,4,8,1
10491,2335,4825,video_call,23,5,10,1
10492,4113,4551,chat,30,5,10,1
10493,2040,2878,video_call,36,2,4,0
10494,6533,3745,video_call,26,3,6,0
10495,290,4376,chat,11,3,6,0
10496,3662,177,video_call,33,1,2,0
10497,239,2446,video_call,31,4,8,1
10498,5347,2465,chat,30,2,4,0
10499,8526,2701,video_call,60,5,10,1
10500,6389,1434,chat,10,2,4,0
10501,7807,808,chat,11,5,10,1
10502,1440,2040,chat,6,1,2,0
10503,3237,4178,video_call,22,5,10,1
10504,697,3056,chat,35,5,10,1
10505,3996,3117,chat,37,2,4,0
10506,9927,2795,video_call,18,4,8,1
10507,1637,3523,video_call,54,5,10,1
10508,5304,1927,video_call,51,2,4,0
10509,4554,2996,video_call,26,1,2,0
10510,3369,2194,chat,39,5,10,1
10511,3857,625,chat,33,2,4,0
10512,4021,1235,video_call,41,5,10,1
10513,7259,2453,chat,32,5,10,1
10514,3306,4127,video_call,13,3,6,0
10515,9011,213,video_call,47,4,8,1
10516,9682,2017,video_call,39,2,4,0
10517,963,4164,video_call,11,4,8,1
10518,1036,3729,chat,42,4,8,1
10519,2960,1958,video_call,18,4,8,1
10520,2247,3523,chat,29,4,8,1
10521,8070,4783,video_call,23,3,6,0
10522,6537,4521,chat,9,2,4,0
10523,6145,3621,chat,31,5,10,1
10524,9682,231,video_call,18,4,8,1
10525,6028,820,video_call,36,5,10,1
10526,105,1737,chat,22,5,10,1
10527,3244,2682,chat,35,2,4,0
10528,8460,4618,video_call,26,1,2,0
10529,7174,3529,video_call,10,5,10,1
10530,9927,4520,chat,44,5,10,1
10531,5102,1422,chat,45,4,8,1
10532,2580,3192,chat,19,4,8,1
10533,907,868,video_call,17,4,8,1
10534,7664,3608,chat,43,2,4,0
10535,2297,2801,chat,12,5,10,1
10536,2292,3544,chat,31,4,8,1
10537,1786,139,chat,28,5,10,1
10538,562,2019,chat,32,5,10,1
10539,8978,1918,chat,28,3,6,0
10540,8306,1885,chat,38,5,10,1
10541,6185,4482,video_call,28,2,4,0
10542,9201,2321,chat,6,1,2,0
10543,7958,787,chat,27,1,2,0
10544,5973,2199,video_call,14,5,10,1
10545,711,2646,video_call,16,4,8,1
10546,1743,955,chat,41,3,6,0
10547,8803,1831,video_call,40,5,10,1
10548,9326,1539,chat,44,3,6,0
10549,2026,3318,video_call,23,1,2,0
10550,1940,98,chat,28,3,6,0
10551,2033,2617,chat,20,3,6,0
10552,2709,2309,video_call,17,4,8,1
10553,4052,1421,chat,29,3,6,0
10554,9169,1809,video_call,15,3,6,0
10555,4833,4235,chat,42,5,10,1
10556,7578,4510,chat,9,2,4,0
10557,4090,2082,video_call,10,5,10,1
10558,1876,315,chat,20,2,4,0
10559,4811,4350,video_call,39,2,4,0
10560,3324,1585,video_call,39,4,8,1
10561,8297,4728,chat,40,5,10,1
10562,6940,167,chat,43,5,10,1
10563,5097,2908,chat,44,5,10,1
10564,2760,3832,video_call,30,3,6,0
10565,204,2306,video_call,10,3,6,0
10566,4737,3695,video_call,26,3,6,0
10567,7791,912,video_call,42,2,4,0
10568,2366,1423,video_call,44,3,6,0
10569,6473,552,chat,8,5,10,1
10570,5031,1775,chat,29,4,8,1
10571,1965,143,chat,22,2,4,0
10572,8461,1550,video_call,47,2,4,0
10573,3918,2939,video_call,51,2,4,0
10574,3506,2706,video_call,17,5,10,1
10575,1377,2115,chat,11,4,8,1
10576,739,4384,chat,31,2,4,0
10577,5675,4883,video_call,28,3,6,0
10578,2287,678,chat,34,1,2,0
10579,6803,3234,chat,20,5,10,1
10580,2261,2909,video_call,43,4,8,1
10581,5298,222,chat,8,5,10,1
10582,5122,4799,video_call,36,1,2,0
10583,2568,4459,video_call,31,1,2,0
10584,7450,4951,video_call,47,3,6,0
10585,7846,4583,chat,33,5,10,1
10586,6382,2571,video_call,51,4,8,1
10587,451,2632,video_call,43,4,8,1
10588,5551,558,chat,44,3,6,0
10589,202,1381,video_call,19,5,10,1
10590,7738,2833,video_call,48,1,2,0
10591,1580,4136,chat,9,3,6,0
10592,1851,3003,video_call,22,3,6,0
10593,6365,354,chat,16,5,10,1
10594,5911,3248,chat,39,4,8,1
10595,1623,3287,chat,9,3,6,0
10596,5186,4799,video_call,28,2,4,0
10597,1707,2613,video_call,32,3,6,0
10598,1526,1276,chat,45,5,10,1
10599,3947,2715,chat,42,1,2,0
10600,1332,2980,chat,19,4,8,1
10601,646,3987,video_call,37,5,10,1
10602,7653,1390,video_call,46,5,10,1
10603,4589,1987,chat,29,2,4,0
10604,7803,3323,chat,23,4,8,1
10605,3628,4811,video_call,16,2,4,0
10606,8614,2820,video_call,38,4,8,1
10607,5124,978,video_call,40,2,4,0
10608,7324,2384,chat,33,5,10,1
10609,6478,3980,video_call,28,2,4,0
10610,7281,1960,video_call,35,1,2,0
10611,1201,934,chat,16,3,6,0
10612,5492,2833,chat,8,3,6,0
10613,7658,1092,chat,12,4,8,1
10614,7401,1062,video_call,22,3,6,0
10615,6451,1898,chat,22,4,8,1
10616,3743,3977,chat,11,1,2,0
10617,7454,2831,video_call,58,4,8,1
10618,6327,245,video_call,32,1,2,0
10619,8195,308,video_call,57,5,10,1
10620,2005,3957,chat,24,1,2,0
10621,9945,4239,video_call,37,2,4,0
10622,8961,1999,chat,21,5,10,1
10623,3390,991,video_call,44,5,10,1
10624,6343,4703,chat,18,3,6,0
10625,9927,1939,video_call,21,5,10,1
10626,5555,2230,chat,43,4,8,1
10627,411,4310,video_call,11,5,10,1
10628,153,4999,chat,19,5,10,1
10629,98,585,video_call,36,5,10,1
10630,5087,2951,chat,34,4,8,1
10631,7304,3703,chat,7,5,10,1
10632,5175,258,video_call,34,5,10,1
10633,477,2198,chat,19,5,10,1
10634,1934,2435,video_call,51,5,10,1
10635,5712,1791,chat,25,4,8,1
10636,5970,2574,chat,6,4,8,1
10637,4790,1608,chat,45,4,8,1
10638,6373,3230,video_call,12,5,10,1
10639,4989,2027,video_call,55,4,8,1
10640,9487,814,video_call,23,5,10,1
10641,1415,4954,video_call,36,4,8,1
10642,1688,4907,video_call,30,2,4,0
10643,7124,4583,chat,8,2,4,0
10644,859,510,video_call,44,5,10,1
10645,6414,1571,chat,5,5,10,1
10646,6487,3011,video_call,46,3,6,0
10647,9858,4151,video_call,52,3,6,0
10648,1635,2859,video_call,59,5,10,1
10649,8437,104,video_call,44,5,10,1
10650,1439,4944,chat,34,5,10,1
10651,6922,667,chat,44,3,6,0
10652,4041,1796,video_call,47,5,10,1
10653,3654,2769,chat,20,5,10,1
10654,1342,3971,chat,28,5,10,1
10655,1848,179,video_call,35,5,10,1
10656,3894,2719,video_call,49,3,6,0
10657,9795,1189,chat,22,4,8,1
10658,783,2673,video_call,55,4,8,1
10659,9393,3126,video_call,16,2,4,0
10660,9377,3553,chat,6,5,10,1
10661,2539,792,video_call,32,2,4,0
10662,1863,4236,chat,33,1,2,0
10663,5087,360,video_call,42,5,10,1
10664,4125,2253,chat,36,2,4,0
10665,2266,3080,video_call,48,5,10,1
10666,8510,2570,video_call,19,4,8,1
10667,6601,4859,chat,6,4,8,1
10668,4314,4258,chat,31,5,10,1
10669,5276,3746,chat,34,5,10,1
10670,5178,534,video_call,19,3,6,0
10671,1001,923,chat,13,2,4,0
10672,9139,2647,chat,21,2,4,0
10673,4698,3359,chat,36,1,2,0
10674,6827,797,video_call,27,2,4,0
10675,4223,3267,video_call,60,1,2,0
10676,2740,1194,video_call,23,5,10,1
10677,3364,2247,chat,31,4,8,1
10678,5622,1047,video_call,55,4,8,1
10679,6016,3294,chat,38,4,8,1
10680,2246,510,video_call,40,2,4,0
10681,3081,4488,video_call,24,4,8,1
10682,8989,391,chat,27,5,10,1
10683,3690,4983,chat,32,2,4,0
10684,644,3242,chat,29,4,8,1
10685,4508,3612,video_call,54,4,8,1
10686,9929,999,video_call,51,1,2,0
10687,3429,4300,video_call,40,5,10,1
10688,1690,3492,chat,24,2,4,0
10689,9157,4503,video_call,45,5,10,1
10690,7197,2125,video_call,53,4,8,1
10691,7088,2355,video_call,26,2,4,0
10692,2223,2437,chat,44,5,10,1
10693,1591,3526,chat,12,2,4,0
10694,5535,2666,video_call,52,3,6,0
10695,1119,3620,video_call,25,5,10,1
10696,347,2880,video_call,55,1,2,0
10697,9148,3942,chat,25,5,10,1
10698,4493,4104,chat,32,3,6,0
10699,1522,4613,chat,32,2,4,0
10700,2365,1273,chat,16,2,4,0
10701,7353,4155,chat,32,4,8,1
10702,3311,1744,video_call,28,3,6,0
10703,6520,1491,video_call,22,1,2,0
10704,8187,1302,video_call,50,5,10,1
10705,7004,2675,video_call,33,5,10,1
10706,8687,2257,video_call,42,4,8,1
10707,4139,3882,video_call,20,5,10,1
10708,6703,979,chat,44,1,2,0
10709,4908,192,chat,30,5,10,1
10710,2255,3425,chat,29,1,2,0
10711,3122,1827,chat,32,2,4,0
10712,9586,2036,chat,42,2,4,0
10713,6081,2260,chat,21,2,4,0
10714,9020,3481,chat,15,2,4,0
10715,8852,2283,video_call,12,5,10,1
10716,656,3013,video_call,52,1,2,0
10717,4898,4300,video_call,60,3,6,0
10718,9538,1123,video_call,20,4,8,1
10719,8159,851,video_call,18,4,8,1
10720,3615,3178,video_call,58,4,8,1
10721,7675,4659,chat,5,1,2,0
10722,8402,4064,chat,27,2,4,0
10723,2782,1103,video_call,32,5,10,1
10724,4438,2307,chat,12,2,4,0
10725,6444,3133,video_call,17,4,8,1
10726,3127,1633,chat,44,1,2,0
10727,2102,2811,video_call,34,4,8,1
10728,4210,163,video_call,37,2,4,0
10729,4283,1833,chat,21,1,2,0
10730,346,4923,video_call,33,3,6,0
10731,5567,467,video_call,41,3,6,0
10732,3864,2649,chat,41,4,8,1
10733,5703,4859,video_call,33,4,8,1
10734,4376,3592,video_call,20,5,10,1
10735,4544,2701,chat,11,5,10,1
10736,6422,2341,chat,8,5,10,1
10737,7648,1083,video_call,16,4,8,1
10738,1652,1398,chat,26,2,4,0
10739,9674,4916,video_call,55,5,10,1
10740,821,2304,chat,22,5,10,1
10741,757,1491,chat,40,1,2,0
10742,7001,374,chat,40,4,8,1
10743,9169,1537,video_call,44,4,8,1
10744,5348,671,chat,26,5,10,1
10745,9767,3096,chat,27,1,2,0
10746,2449,3257,chat,25,5,10,1
10747,5658,2353,video_call,25,5,10,1
10748,2779,3478,video_call,27,5,10,1
10749,5532,430,video_call,35,4,8,1
10750,2666,4626,video_call,45,2,4,0
10751,7073,3299,chat,10,2,4,0
10752,7118,2244,chat,29,1,2,0
10753,3403,4887,video_call,57,4,8,1
10754,215,239,chat,23,2,4,0
10755,4631,3695,video_call,33,3,6,0
10756,9150,4698,video_call,37,5,10,1
10757,7004,4047,chat,30,2,4,0
10758,1469,2369,chat,32,5,10,1
10759,9204,725,chat,22,4,8,1
10760,3139,2769,chat,42,4,8,1
10761,2133,4206,video_call,56,2,4,0
10762,6286,4984,chat,37,5,10,1
10763,920,174,chat,42,2,4,0
10764,843,3575,video_call,49,3,6,0
10765,4258,1014,chat,41,5,10,1
10766,7654,1319,chat,34,5,10,1
10767,2617,2227,chat,27,4,8,1
10768,9969,2570,video_call,16,4,8,1
10769,4964,3728,video_call,35,5,10,1
10770,5502,4458,video_call,52,3,6,0
10771,1025,1712,video_call,48,5,10,1
10772,3357,4699,video_call,13,5,10,1
10773,1645,4176,video_call,53,2,4,0
10774,7346,1209,chat,15,4,8,1
10775,1546,3751,video_call,39,5,10,1
10776,2043,3648,video_call,34,2,4,0
10777,4605,4777,chat,35,5,10,1
10778,8740,3666,video_call,43,5,10,1
10779,612,1884,video_call,43,4,8,1
10780,5670,1683,video_call,28,1,2,0
10781,1949,2749,chat,15,5,10,1
10782,7229,2665,video_call,16,3,6,0
10783,8664,1815,chat,31,4,8,1
10784,9885,2495,video_call,24,5,10,1
10785,6177,1061,chat,18,5,10,1
10786,4521,463,video_call,48,5,10,1
10787,9272,4037,chat,29,1,2,0
10788,6522,4018,video_call,25,3,6,0
10789,4979,958,chat,18,2,4,0
10790,8133,4556,chat,24,3,6,0
10791,8110,2813,video_call,13,3,6,0
10792,8494,4041,chat,44,1,2,0
10793,5227,3625,video_call,60,4,8,1
10794,6708,503,chat,12,1,2,0
10795,4411,3269,video_call,21,4,8,1
10796,2779,4239,chat,21,1,2,0
10797,9489,1862,chat,38,4,8,1
10798,8336,2136,video_call,44,5,10,1
10799,7592,3252,video_call,22,1,2,0
10800,2635,3451,video_call,23,1,2,0
10801,2637,4300,video_call,60,5,10,1
10802,1980,3382,video_call,14,5,10,1
10803,6420,4520,video_call,27,5,10,1
10804,1191,4555,video_call,50,3,6,0
10805,4898,1670,chat,45,5,10,1
10806,8201,4966,chat,5,5,10,1
10807,4493,4558,video_call,47,2,4,0
10808,4428,4949,chat,28,3,6,0
10809,3792,4990,chat,32,5,10,1
10810,4688,2705,video_call,11,5,10,1
10811,478,3801,video_call,19,5,10,1
10812,7173,3808,video_call,59,5,10,1
10813,8144,82,chat,21,4,8,1
10814,4234,3393,video_call,28,4,8,1
10815,2825,2877,chat,40,5,10,1
10816,5221,1451,chat,36,4,8,1
10817,6427,1394,chat,29,4,8,1
10818,7905,4117,video_call,52,4,8,1
10819,6694,4550,video_call,20,5,10,1
10820,8139,2257,video_call,43,4,8,1
10821,3933,1307,chat,13,1,2,0
10822,5503,4345,chat,6,2,4,0
10823,3578,1235,video_call,33,5,10,1
10824,7225,2428,video_call,10,4,8,1
10825,4648,1672,video_call,11,1,2,0
10826,9227,4372,video_call,32,4,8,1
10827,2725,475,video_call,41,2,4,0
10828,6537,4974,video_call,27,2,4,0
10829,7514,3929,chat,29,5,10,1
10830,7992,202,video_call,59,4,8,1
10831,1985,769,video_call,57,4,8,1
10832,8467,3138,chat,20,3,6,0
10833,4647,1593,video_call,32,3,6,0
10834,9114,1391,video_call,52,5,10,1
10835,5017,570,video_call,45,4,8,1
10836,3796,1047,chat,39,4,8,1
10837,1327,3249,video_call,45,5,10,1
10838,9122,4200,video_call,27,3,6,0
10839,4682,1227,video_call,29,5,10,1
10840,9990,2881,video_call,42,1,2,0
10841,2898,524,chat,17,3,6,0
10842,728,2855,video_call,59,2,4,0
10843,6484,562,video_call,11,3,6,0
10844,4693,4059,video_call,47,3,6,0
10845,7950,4535,video_call,53,1,2,0
10846,2683,4175,video_call,26,4,8,1
10847,8376,1302,video_call,60,4,8,1
10848,8550,2317,chat,17,4,8,1
10849,7001,1222,chat,13,4,8,1
10850,1258,4748,chat,17,4,8,1
10851,6647,4888,chat,27,1,2,0
10852,9799,1909,video_call,57,5,10,1
10853,3,4067,video_call,18,3,6,0
10854,4021,1262,chat,45,4,8,1
10855,6760,4171,chat,6,4,8,1
10856,4253,4035,video_call,12,4,8,1
10857,8944,2486,video_call,27,5,10,1
10858,8966,3154,video_call,12,5,10,1
10859,3493,2953,video_call,40,4,8,1
10860,7687,2925,chat,26,5,10,1
10861,2787,4367,video_call,54,4,8,1
10862,7887,4665,chat,22,2,4,0
10863,9882,2855,chat,31,4,8,1
10864,1754,3216,chat,42,4,8,1
10865,587,2883,chat,5,1,2,0
10866,1898,3046,chat,22,5,10,1
10867,2514,472,video_call,59,2,4,0
10868,2588,4675,video_call,26,4,8,1
10869,5588,4480,video_call,21,4,8,1
10870,5208,1046,video_call,45,3,6,0
10871,7487,1593,video_call,60,5,10,1
10872,2524,4676,chat,15,3,6,0
10873,1629,2927,video_call,45,5,10,1
10874,1032,4769,video_call,28,4,8,1
10875,8094,3044,video_call,30,5,10,1
10876,5371,4814,video_call,33,5,10,1
10877,3709,4867,chat,9,3,6,0
10878,4077,768,video_call,53,1,2,0
10879,1831,525,chat,9,2,4,0
10880,1283,4394,video_call,53,4,8,1
10881,9046,866,chat,28,4,8,1
10882,2271,3148,chat,20,4,8,1
10883,2835,3388,chat,16,5,10,1
10884,1824,3446,chat,23,4,8,1
10885,5544,3563,video_call,60,3,6,0
10886,3317,268,chat,39,3,6,0
10887,2397,4235,chat,25,5,10,1
10888,3659,2445,chat,23,3,6,0
10889,5056,3532,video_call,45,4,8,1
10890,4333,3793,chat,27,2,4,0
10891,9746,1785,chat,42,5,10,1
10892,4730,990,chat,12,5,10,1
10893,8089,1558,video_call,26,5,10,1
10894,4746,4842,video_call,22,3,6,0
10895,3390,360,video_call,10,2,4,0
10896,507,3416,video_call,35,5,10,1
10897,196,3606,chat,19,5,10,1
10898,4733,51,chat,26,3,6,0
10899,7698,244,video_call,59,2,4,0
10900,9115,2448,chat,25,3,6,0
10901,2326,848,video_call,41,2,4,0
10902,8063,732,video_call,57,4,8,1
10903,5282,1936,video_call,12,3,6,0
10904,4347,1705,chat,17,1,2,0
10905,2829,1614,video_call,50,5,10,1
10906,9421,1427,video_call,41,1,2,0
10907,5622,4941,video_call,32,2,4,0
10908,864,2751,chat,7,2,4,0
10909,2994,1216,chat,7,4,8,1
10910,3795,2887,chat,42,5,10,1
10911,602,584,chat,33,4,8,1
10912,8139,4615,chat,9,4,8,1
10913,6477,2869,video_call,18,4,8,1
10914,6567,1856,chat,36,5,10,1
10915,2311,1054,video_call,51,5,10,1
10916,1004,4510,chat,5,5,10,1
10917,1825,4704,video_call,55,3,6,0
10918,619,3901,video_call,52,2,4,0
10919,8128,3322,video_call,58,3,6,0
10920,1752,4776,video_call,30,5,10,1
10921,8367,3972,chat,13,3,6,0
10922,8657,1458,video_call,53,5,10,1
10923,9200,3191,chat,31,5,10,1
10924,4484,1580,video_call,16,4,8,1
10925,7049,855,video_call,26,1,2,0
10926,3455,1164,video_call,46,5,10,1
10927,2175,2979,video_call,17,4,8,1
10928,1893,276,video_call,49,5,10,1
10929,9485,3005,chat,15,5,10,1
10930,8296,1952,video_call,54,2,4,0
10931,9146,75,video_call,30,4,8,1
10932,1654,1171,chat,22,5,10,1
10933,6628,4378,video_call,56,5,10,1
10934,5445,4575,video_call,46,5,10,1
10935,6319,3186,chat,40,5,10,1
10936,6542,4924,chat,20,2,4,0
10937,8077,3767,chat,21,5,10,1
10938,410,2162,chat,44,5,10,1
10939,9147,2823,chat,13,5,10,1
10940,6441,3137,video_call,29,5,10,1
10941,1261,406,chat,16,5,10,1
10942,2778,3752,chat,19,3,6,0
10943,454,594,video_call,33,4,8,1
10944,410,2799,video_call,22,3,6,0
10945,8282,1390,chat,32,4,8,1
10946,9269,3074,video_call,14,4,8,1
10947,5362,2908,chat,30,5,10,1
10948,2561,24,chat,23,4,8,1
10949,2143,609,chat,41,5,10,1
10950,5824,4682,video_call,20,5,10,1
10951,7160,2403,video_call,22,2,4,0
10952,1968,1434,chat,45,5,10,1
10953,3733,2735,video_call,11,5,10,1
10954,3207,2595,video_call,42,5,10,1
10955,8886,2253,chat,42,3,6,0
10956,7240,3738,video_call,60,5,10,1
10957,7597,4176,video_call,16,1,2,0
10958,1062,369,video_call,28,3,6,0
10959,4334,3396,video_call,53,2,4,0
10960,6466,1572,chat,45,2,4,0
10961,3939,3605,video_call,16,4,8,1
10962,6964,2825,video_call,10,4,8,1
10963,4364,3106,chat,6,1,2,0
10964,647,4068,chat,18,5,10,1
10965,5825,1018,video_call,16,4,8,1
10966,7790,1800,chat,24,5,10,1
10967,2577,3091,video_call,13,4,8,1
10968,9,885,chat,34,3,6,0
10969,5466,3595,video_call,49,1,2,0
10970,462,1966,video_call,38,5,10,1
10971,2202,1977,chat,11,5,10,1
10972,6574,4888,video_call,50,3,6,0
10973,6044,1013,chat,8,5,10,1
10974,9069,4098,video_call,16,3,6,0
10975,4011,2279,video_call,19,3,6,0
10976,5600,4692,chat,33,4,8,1
10977,9816,1300,video_call,30,3,6,0
10978,6478,936,chat,21,4,8,1
10979,9668,3663,video_call,48,1,2,0
10980,2605,3997,video_call,52,3,6,0
10981,2068,1012,video_call,49,5,10,1
10982,7462,104,chat,38,5,10,1
10983,7983,93,chat,45,2,4,0
10984,3482,618,chat,37,2,4,0
10985,3359,4971,video_call,53,4,8,1
10986,1390,4957,video_call,37,1,2,0
10987,6978,2051,video_call,41,5,10,1
10988,4115,3149,video_call,15,5,10,1
10989,339,4045,video_call,26,4,8,1
10990,3513,4268,video_call,14,5,10,1
10991,486,4626,chat,34,5,10,1
10992,2279,228,chat,13,4,8,1
10993,6589,3929,video_call,20,5,10,1
10994,1711,3850,video_call,54,4,8,1
10995,2386,4134,video_call,38,3,6,0
10996,2365,1580,chat,31,5,10,1
10997,2824,3647,video_call,44,4,8,1
10998,4715,4559,video_call,22,4,8,1
10999,7420,2088,chat,10,1,2,0
11000,8954,3906,video_call,60,2,4,0
11001,3989,3731,video_call,22,4,8,1
11002,6003,2996,chat,43,2,4,0
11003,3398,4391,video_call,36,5,10,1
11004,4879,4591,video_call,10,5,10,1
11005,2309,2126,chat,30,5,10,1
11006,3934,4284,video_call,33,4,8,1
11007,3012,4710,chat,33,5,10,1
11008,6180,202,chat,28,5,10,1
11009,2239,4496,chat,15,3,6,0
11010,8457,4008,chat,18,5,10,1
11011,6489,3463,chat,16,4,8,1
11012,5231,2318,chat,42,5,10,1
11013,8225,3392,video_call,31,4,8,1
11014,9291,3286,video_call,32,2,4,0
11015,8192,2059,video_call,34,3,6,0
11016,1798,3072,video_call,58,5,10,1
11017,6251,3321,video_call,12,3,6,0
11018,8965,1417,chat,13,4,8,1
11019,380,4287,video_call,36,4,8,1
11020,9126,2085,chat,38,2,4,0
11021,3275,2076,video_call,17,3,6,0
11022,9880,2026,chat,41,4,8,1
11023,7779,25,chat,15,2,4,0
11024,1574,2054,video_call,27,3,6,0
11025,831,141,chat,7,2,4,0
11026,6971,847,chat,14,1,2,0
11027,798,1600,video_call,32,2,4,0
11028,4010,3753,video_call,39,5,10,1
11029,3599,1342,chat,7,3,6,0
11030,4368,3210,video_call,22,5,10,1
11031,2740,4857,chat,20,5,10,1
11032,4198,865,chat,23,5,10,1
11033,1020,392,chat,22,4,8,1
11034,7849,770,video_call,35,2,4,0
11035,73,1395,video_call,60,1,2,0
11036,7525,3054,video_call,51,5,10,1
11037,9638,2378,chat,7,1,2,0
11038,3920,3929,video_call,57,5,10,1
11039,1598,3692,video_call,20,1,2,0
11040,7386,2148,chat,33,5,10,1
11041,3888,1226,video_call,34,2,4,0
11042,424,4057,chat,41,5,10,1
11043,1073,94,video_call,28,4,8,1
11044,7150,3025,chat,28,5,10,1
11045,7643,2732,chat,35,3,6,0
11046,7004,3645,video_call,12,4,8,1
11047,2283,2537,video_call,44,2,4,0
11048,7731,1610,video_call,47,4,8,1
11049,4805,4921,chat,42,4,8,1
11050,1220,1491,video_call,26,5,10,1
11051,351,1311,video_call,42,5,10,1
11052,8840,424,chat,23,5,10,1
11053,519,255,chat,16,4,8,1
11054,2261,497,chat,25,3,6,0
11055,3672,3820,video_call,40,4,8,1
11056,5358,617,chat,8,3,6,0
11057,4545,4654,chat,16,2,4,0
11058,889,1492,video_call,53,5,10,1
11059,8571,429,chat,44,5,10,1
11060,4524,1800,video_call,49,5,10,1
11061,3079,4838,video_call,44,1,2,0
11062,2608,3400,chat,28,4,8,1
11063,6641,729,video_call,53,2,4,0
11064,7098,4542,chat,9,5,10,1
11065,1294,3612,video_call,11,4,8,1
11066,8978,3391,video_call,15,4,8,1
11067,9059,1415,chat,13,1,2,0
11068,3098,342,video_call,50,4,8,1
11069,8085,3667,video_call,28,1,2,0
11070,3220,3498,chat,17,3,6,0
11071,9970,3463,chat,43,4,8,1
11072,5036,117,video_call,46,3,6,0
11073,5006,4713,video_call,13,5,10,1
11074,7724,1744,video_call,12,1,2,0
11075,2310,3337,video_call,31,2,4,0
11076,2209,396,chat,15,2,4,0
11077,3546,2950,chat,33,5,10,1
11078,5642,1029,chat,19,2,4,0
11079,7037,814,video_call,47,5,10,1
11080,1023,1615,chat,9,5,10,1
11081,8867,2567,chat,20,2,4,0
11082,308,1947,chat,8,5,10,1
11083,9231,4698,chat,31,4,8,1
11084,9960,1700,chat,16,4,8,1
11085,3551,2826,video_call,26,2,4,0
11086,8434,2732,chat,25,3,6,0
11087,3363,197,video_call,34,4,8,1
11088,6232,1927,video_call,56,3,6,0
11089,3608,3981,chat,25,2,4,0
11090,461,474,video_call,16,5,10,1
11091,7200,2136,chat,28,2,4,0
11092,4385,1717,chat,7,5,10,1
11093,460,489,video_call,41,5,10,1
11094,3498,4874,video_call,17,5,10,1
11095,2308,2241,video_call,22,4,8,1
11096,8481,4212,chat,30,2,4,0
11097,3506,1924,chat,28,4,8,1
11098,8867,946,chat,7,4,8,1
11099,6518,1158,video_call,22,3,6,0
11100,6787,3567,chat,36,4,8,1
11101,601,3821,video_call,53,3,6,0
11102,3320,2988,chat,5,5,10,1
11103,882,1828,video_call,47,2,4,0
11104,7173,4449,chat,37,5,10,1
11105,6032,101,video_call,10,2,4,0
11106,5334,2478,video_call,25,2,4,0
11107,9254,1560,video_call,34,5,10,1
11108,2664,4122,chat,25,2,4,0
11109,5142,3474,video_call,45,4,8,1
11110,5573,2263,chat,20,4,8,1
11111,3735,2386,chat,22,3,6,0
11112,8095,38,chat,19,4,8,1
11113,9197,3172,chat,14,4,8,1
11114,1392,3533,video_call,47,4,8,1
11115,6331,3748,video_call,22,5,10,1
11116,2553,4601,chat,33,2,4,0
11117,2407,820,chat,35,5,10,1
11118,995,4309,video_call,14,1,2,0
11119,9260,763,video_call,24,4,8,1
11120,9145,3847,video_call,13,2,4,0
11121,8381,14,video_call,25,1,2,0
11122,9905,73,chat,36,4,8,1
11123,7198,1578,video_call,38,5,10,1
11124,9324,2838,video_call,50,3,6,0
11125,1000,1926,video_call,16,4,8,1
11126,2869,75,video_call,31,5,10,1
11127,4713,4588,chat,40,2,4,0
11128,3704,4102,chat,35,4,8,1
11129,4754,2798,video_call,57,2,4,0
11130,490,4082,video_call,27,5,10,1
11131,8790,1973,video_call,56,4,8,1
11132,6610,2832,chat,20,2,4,0
11133,364,399,video_call,10,4,8,1
11134,6373,2619,video_call,50,5,10,1
11135,6231,2506,chat,24,5,10,1
11136,7705,1125,chat,26,1,2,0
11137,2335,2954,video_call,50,2,4,0
11138,8098,4847,chat,30,1,2,0
11139,5148,2407,video_call,18,4,8,1
11140,9737,2357,chat,37,4,8,1
11141,4504,2109,video_call,40,5,10,1
11142,3359,1559,video_call,55,3,6,0
11143,4313,3152,video_call,44,5,10,1
11144,2699,121,video_call,45,1,2,0
11145,8258,3125,video_call,29,4,8,1
11146,1538,419,video_call,30,1,2,0
11147,5444,132,chat,17,4,8,1
11148,5093,1824,chat,25,4,8,1
11149,1776,4295,video_call,31,2,4,0
11150,9245,2069,video_call,39,4,8,1
11151,8679,3152,video_call,53,4,8,1
11152,3753,629,video_call,54,1,2,0
11153,3448,569,chat,25,2,4,0
11154,9704,2657,video_call,48,2,4,0
11155,4275,3478,chat,25,5,10,1
11156,2058,1485,video_call,48,5,10,1
11157,3048,1260,chat,20,2,4,0
11158,5547,4470,video_call,15,5,10,1
11159,4282,345,video_call,29,3,6,0
11160,4071,4960,video_call,35,4,8,1
11161,1808,4947,chat,14,3,6,0
11162,5937,835,chat,40,5,10,1
11163,1386,4805,chat,15,3,6,0
11164,2175,3003,video_call,28,1,2,0
11165,1507,904,chat,34,5,10,1
11166,8369,2290,chat,37,2,4,0
11167,8970,3372,chat,44,4,8,1
11168,6745,3544,video_call,22,3,6,0
11169,3160,616,chat,6,3,6,0
11170,260,807,chat,21,1,2,0
11171,2440,1575,chat,16,2,4,0
11172,1054,1633,video_call,49,1,2,0
11173,1603,4948,chat,30,5,10,1
11174,1932,4178,video_call,24,5,10,1
11175,199,2338,chat,17,5,10,1
11176,714,1475,chat,28,2,4,0
11177,5930,958,chat,25,4,8,1
11178,5740,3402,video_call,22,3,6,0
11179,8271,2987,chat,23,2,4,0
11180,3602,678,video_call,47,3,6,0
11181,8496,49,chat,30,4,8,1
11182,1234,4852,chat,39,1,2,0
11183,8231,2856,video_call,37,5,10,1
11184,9889,1345,video_call,29,2,4,0
11185,7387,932,video_call,59,5,10,1
11186,4129,2375,chat,7,3,6,0
11187,7015,4614,chat,5,4,8,1
11188,89,2640,video_call,16,2,4,0
11189,4243,2311,video_call,25,5,10,1
11190,8521,1378,chat,36,5,10,1
11191,3921,963,video_call,60,2,4,0
11192,3457,2829,video_call,12,4,8,1
11193,5741,655,chat,40,4,8,1
11194,9682,2717,video_call,24,5,10,1
11195,9603,1484,video_call,12,2,4,0
11196,7989,2131,chat,43,4,8,1
11197,1084,1613,chat,40,2,4,0
11198,1981,4194,chat,5,5,10,1
11199,415,1487,video_call,29,4,8,1
11200,3065,1946,video_call,14,4,8,1
11201,2840,4189,video_call,11,4,8,1
11202,5172,474,video_call,49,4,8,1
11203,1891,197,video_call,11,4,8,1
11204,8972,932,video_call,44,5,10,1
11205,5916,3041,chat,33,2,4,0
11206,1951,493,chat,6,5,10,1
11207,8329,4156,video_call,58,1,2,0
11208,5633,1904,video_call,26,5,10,1
11209,5851,201,chat,28,5,10,1
11210,7610,1346,video_call,52,5,10,1
11211,5277,1396,chat,35,2,4,0
11212,7618,1876,video_call,17,5,10,1
11213,7200,2389,video_call,58,5,10,1
11214,6492,360,video_call,38,5,10,1
11215,4871,2666,video_call,22,3,6,0
11216,3559,3893,chat,5,5,10,1
11217,615,4116,chat,35,3,6,0
11218,6627,307,video_call,40,5,10,1
11219,650,2856,video_call,43,2,4,0
11220,5938,1794,video_call,21,2,4,0
11221,8757,3456,chat,26,5,10,1
11222,101,444,video_call,38,3,6,0
11223,5619,2299,chat,15,5,10,1
11224,2259,1866,video_call,37,2,4,0
11225,9342,1174,chat,13,5,10,1
11226,819,2232,video_call,45,3,6,0
11227,6398,3336,video_call,21,4,8,1
11228,9367,1817,video_call,16,3,6,0
11229,4404,3582,video_call,41,4,8,1
11230,3249,2452,chat,37,1,2,0
11231,7790,1487,chat,14,5,10,1
11232,4613,1608,video_call,27,5,10,1
11233,5959,1787,chat,37,2,4,0
11234,4090,4811,chat,9,1,2,0
11235,3716,827,video_call,16,2,4,0
11236,3962,4470,video_call,29,5,10,1
11237,3056,74,video_call,32,5,10,1
11238,952,1544,video_call,48,4,8,1
11239,4609,1188,video_call,27,5,10,1
11240,6851,3498,chat,35,1,2,0
11241,6665,1820,video_call,35,4,8,1
11242,5242,2803,video_call,13,4,8,1
11243,3379,3256,video_call,49,1,2,0
11244,6410,2107,video_call,49,5,10,1
11245,4846,3187,chat,38,3,6,0
11246,733,2013,video_call,10,3,6,0
11247,7612,4102,chat,13,1,2,0
11248,1509,354,video_call,15,5,10,1
11249,5786,2384,video_call,33,4,8,1
11250,3383,775,chat,18,5,10,1
11251,8083,3044,video_call,35,4,8,1
11252,8416,2672,video_call,19,5,10,1
11253,4591,3051,chat,45,1,2,0
11254,8962,2622,chat,33,3,6,0
11255,8377,4325,chat,24,1,2,0
11256,9390,2117,video_call,54,4,8,1
11257,5108,4131,chat,29,2,4,0
11258,4422,1255,chat,31,5,10,1
11259,2126,2070,video_call,57,4,8,1
11260,1968,1829,chat,27,5,10,1
11261,1991,4087,video_call,28,2,4,0
11262,2598,4229,video_call,48,2,4,0
11263,5430,1856,video_call,29,3,6,0
11264,4611,2191,chat,41,4,8,1
11265,1846,4827,video_call,40,3,6,0
11266,6784,4529,chat,31,2,4,0
11267,388,1463,chat,31,5,10,1
11268,505,1549,chat,35,5,10,1
11269,8472,2194,video_call,26,2,4,0
11270,3263,4851,chat,24,5,10,1
11271,7159,2412,video_call,54,4,8,1
11272,3246,1620,chat,17,1,2,0
11273,9871,4359,video_call,41,3,6,0
11274,1733,2303,chat,28,2,4,0
11275,9878,461,video_call,51,4,8,1
11276,9226,3196,chat,25,2,4,0
11277,1744,1619,video_call,35,5,10,1
11278,7558,1352,video_call,12,1,2,0
11279,1911,3405,video_call,24,2,4,0
11280,5625,4162,video_call,44,1,2,0
11281,6575,2591,video_call,14,5,10,1
11282,4904,1790,video_call,57,3,6,0
11283,770,2130,video_call,12,2,4,0
11284,4588,2590,chat,10,5,10,1
11285,714,4732,video_call,14,4,8,1
11286,4402,1582,video_call,38,4,8,1
11287,2851,4930,chat,6,2,4,0
11288,5246,4355,video_call,40,4,8,1
11289,7339,862,video_call,53,3,6,0
11290,7190,4428,chat,31,1,2,0
11291,5354,4432,video_call,44,4,8,1
11292,4088,1869,chat,23,5,10,1
11293,223,3968,chat,34,3,6,0
11294,2415,4830,chat,19,4,8,1
11295,9770,2299,chat,18,4,8,1
11296,8224,3535,video_call,45,4,8,1
11297,2416,1548,video_call,45,4,8,1
11298,506,1698,video_call,41,5,10,1
11299,2954,2396,chat,5,4,8,1
11300,136,3868,video_call,36,4,8,1
11301,8047,3643,video_call,28,4,8,1
11302,5448,3244,video_call,40,2,4,0
11303,1700,2487,chat,21,5,10,1
11304,6298,1971,video_call,29,4,8,1
11305,5604,473,chat,12,5,10,1
11306,9796,1503,chat,8,3,6,0
11307,8353,1916,video_call,56,5,10,1
11308,2442,2106,chat,25,4,8,1
11309,6824,2216,chat,14,2,4,0
11310,4160,2502,chat,21,5,10,1
11311,8278,4049,video_call,28,5,10,1
11312,9025,4055,video_call,35,4,8,1
11313,3503,3645,chat,9,4,8,1
11314,9997,2403,video_call,34,1,2,0
11315,5940,1833,chat,24,1,2,0
11316,9988,3257,video_call,51,3,6,0
11317,249,540,chat,21,4,8,1
11318,3128,4876,video_call,58,3,6,0
11319,5080,2556,video_call,30,4,8,1
11320,7258,1821,chat,6,2,4,0
11321,2562,303,chat,20,4,8,1
11322,8960,482,chat,25,5,10,1
11323,282,126,video_call,41,5,10,1
11324,1085,4344,chat,13,5,10,1
11325,3114,3534,video_call,11,1,2,0
11326,5938,2958,video_call,37,2,4,0
11327,7983,3055,chat,13,5,10,1
11328,9869,2590,video_call,51,3,6,0
11329,4526,3862,chat,24,3,6,0
11330,1640,2852,chat,12,1,2,0
11331,9202,1013,video_call,44,2,4,0
11332,7952,3438,chat,8,2,4,0
11333,9647,3588,video_call,41,5,10,1
11334,186,2865,chat,43,3,6,0
11335,3498,3265,video_call,31,5,10,1
11336,8141,3943,video_call,60,5,10,1
11337,7323,3186,video_call,17,3,6,0
11338,4214,4661,chat,41,1,2,0
11339,8294,318,video_call,19,3,6,0
11340,1459,994,chat,10,5,10,1
11341,5546,3351,video_call,46,5,10,1
11342,6151,826,video_call,47,3,6,0
11343,8673,3612,video_call,46,1,2,0
11344,9662,1612,video_call,41,4,8,1
11345,186,3762,chat,31,5,10,1
11346,1245,4091,video_call,37,3,6,0
11347,5725,210,video_call,41,4,8,1
11348,6288,2887,video_call,11,5,10,1
11349,463,4699,video_call,14,5,10,1
11350,8446,4175,chat,31,4,8,1
11351,8410,1155,chat,34,1,2,0
11352,1506,4908,video_call,39,1,2,0
11353,1486,1315,video_call,49,3,6,0
11354,6275,4178,video_call,30,4,8,1
11355,6529,1280,video_call,19,2,4,0
11356,1871,1037,chat,33,5,10,1
11357,7470,4555,video_call,32,3,6,0
11358,1753,3149,video_call,41,1,2,0
11359,7609,3146,video_call,14,5,10,1
11360,8586,4239,video_call,34,3,6,0
11361,2610,2324,chat,17,4,8,1
11362,4695,4571,video_call,50,3,6,0
11363,391,2466,video_call,13,2,4,0
11364,135,3371,video_call,43,2,4,0
11365,9558,450,chat,9,1,2,0
11366,8031,3094,video_call,31,2,4,0
11367,4280,4814,video_call,23,5,10,1
11368,9651,1347,chat,40,5,10,1
11369,3227,3401,video_call,53,4,8,1
11370,9467,4004,video_call,32,2,4,0
11371,7251,4225,video_call,44,1,2,0
11372,6953,4465,video_call,27,2,4,0
11373,4105,1819,chat,35,5,10,1
11374,6451,3388,video_call,50,4,8,1
11375,7186,3235,chat,36,2,4,0
11376,7654,4404,video_call,38,3,6,0
11377,2537,3756,video_call,33,2,4,0
11378,2932,381,chat,44,3,6,0
11379,809,818,chat,39,2,4,0
11380,7011,2245,chat,38,5,10,1
11381,3625,1140,video_call,49,5,10,1
11382,5028,4863,video_call,14,5,10,1
11383,981,1069,chat,25,5,10,1
11384,3111,1808,chat,16,5,10,1
11385,3180,4158,chat,35,5,10,1
11386,2376,4534,video_call,27,5,10,1
11387,7711,996,video_call,26,5,10,1
11388,4670,4232,video_call,51,4,8,1
11389,3336,1670,video_call,49,5,10,1
11390,7192,126,video_call,27,5,10,1
11391,1718,2400,video_call,34,3,6,0
11392,743,3038,video_call,23,3,6,0
11393,3598,2819,chat,29,5,10,1
11394,1685,1913,chat,39,3,6,0
11395,2928,3922,chat,41,5,10,1
11396,8995,2860,video_call,14,3,6,0
11397,1573,4829,video_call,23,4,8,1
11398,8594,1479,video_call,25,3,6,0
11399,4395,2584,chat,20,1,2,0
11400,116,3053,chat,8,5,10,1
11401,6813,1704,chat,15,5,10,1
11402,400,1989,chat,40,4,8,1
11403,6564,1635,chat,21,3,6,0
11404,7941,1858,chat,39,1,2,0
11405,9130,4432,chat,33,4,8,1
11406,9258,2831,chat,9,5,10,1
11407,7988,2507,video_call,25,1,2,0
11408,3730,735,video_call,19,4,8,1
11409,9302,4388,chat,22,4,8,1
11410,514,4314,video_call,26,4,8,1
11411,5081,295,chat,45,3,6,0
11412,7479,1573,chat,33,4,8,1
11413,9352,538,video_call,23,4,8,1
11414,8429,1673,chat,37,1,2,0
11415,8114,2083,video_call,20,3,6,0
11416,4229,3709,chat,39,5,10,1
11417,5452,1282,video_call,17,3,6,0
11418,1573,356,video_call,19,2,4,0
11419,2098,2763,video_call,10,5,10,1
11420,7488,4610,chat,39,4,8,1
11421,1206,245,video_call,40,3,6,0
11422,5467,2594,video_call,15,5,10,1
11423,3805,4965,chat,45,5,10,1
11424,5313,1968,video_call,43,3,6,0
11425,9395,460,video_call,38,4,8,1
11426,835,3151,chat,28,2,4,0
11427,1642,3717,video_call,39,3,6,0
11428,1212,4191,video_call,55,2,4,0
11429,6718,4776,chat,13,5,10,1
11430,570,843,video_call,60,5,10,1
11431,9633,4940,chat,12,2,4,0
11432,9344,932,chat,21,4,8,1
11433,3912,3555,video_call,28,2,4,0
11434,8304,4520,video_call,21,2,4,0
11435,1286,3493,chat,10,3,6,0
11436,3080,2443,chat,37,1,2,0
11437,2076,1660,video_call,51,3,6,0
11438,1722,2796,video_call,28,3,6,0
11439,5008,2852,video_call,54,2,4,0
11440,7512,4127,chat,24,3,6,0
11441,7156,2560,chat,43,1,2,0
11442,2058,251,chat,17,2,4,0
11443,1900,1228,chat,44,4,8,1
11444,2623,759,video_call,16,4,8,1
11445,2010,3064,chat,22,5,10,1
11446,6415,3818,chat,30,5,10,1
11447,978,4962,chat,6,4,8,1
11448,7966,4818,chat,11,2,4,0
11449,7382,3180,video_call,50,5,10,1
11450,7882,2712,chat,32,5,10,1
11451,5471,2576,chat,32,1,2,0
11452,4123,4554,chat,30,3,6,0
11453,7007,751,video_call,19,5,10,1
11454,1294,49,chat,42,4,8,1
11455,7731,2385,video_call,31,1,2,0
11456,8397,1051,chat,40,2,4,0
11457,7388,752,video_call,58,2,4,0
11458,7749,3607,video_call,26,5,10,1
11459,4454,4228,video_call,14,2,4,0
11460,9275,1850,video_call,28,3,6,0
11461,360,1032,chat,33,3,6,0
11462,9290,262,chat,8,5,10,1
11463,5786,1869,video_call,28,1,2,0
11464,2797,575,chat,30,2,4,0
11465,7276,4020,chat,29,4,8,1
11466,4406,2963,chat,19,4,8,1
11467,2808,906,chat,25,5,10,1
11468,8738,1350,chat,12,2,4,0
11469,6157,2926,video_call,19,5,10,1
11470,9961,2845,video_call,58,2,4,0
11471,9099,668,video_call,30,5,10,1
11472,3814,3723,video_call,16,4,8,1
11473,8298,751,video_call,30,4,8,1
11474,2915,2475,video_call,53,2,4,0
11475,4276,1102,chat,34,5,10,1
11476,3891,3920,chat,14,4,8,1
11477,5380,2063,chat,44,4,8,1
11478,1210,3839,chat,11,4,8,1
11479,4253,4785,video_call,36,1,2,0
11480,1897,3527,video_call,37,1,2,0
11481,9418,1661,video_call,43,4,8,1
11482,3379,2241,video_call,42,5,10,1
11483,9485,3730,chat,15,4,8,1
11484,9394,4393,chat,21,3,6,0
11485,312,4682,chat,20,5,10,1
11486,3193,349,video_call,38,4,8,1
11487,4270,78,chat,43,4,8,1
11488,6920,1284,chat,23,1,2,0
11489,5452,2176,video_call,31,3,6,0
11490,3073,4410,video_call,28,2,4,0
11491,6616,1939,video_call,33,5,10,1
11492,6780,4158,video_call,45,4,8,1
11493,2107,652,chat,41,4,8,1
11494,6362,2961,video_call,33,4,8,1
11495,5552,3686,chat,40,3,6,0
11496,9825,4453,video_call,15,3,6,0
11497,3377,3568,chat,33,5,10,1
11498,2648,4330,chat,19,1,2,0
11499,3450,4159,chat,17,2,4,0
11500,7591,2730,video_call,41,5,10,1
11501,4224,2947,chat,19,1,2,0
11502,4558,1981,video_call,41,5,10,1
11503,7603,984,video_call,18,5,10,1
11504,9906,2529,video_call,34,5,10,1
11505,2652,3000,video_call,27,5,10,1
11506,1536,3532,chat,21,4,8,1
11507,6864,680,chat,5,1,2,0
11508,2052,2079,video_call,48,5,10,1
11509,7353,3229,video_call,47,1,2,0
11510,5122,2336,video_call,59,3,6,0
11511,1734,1602,video_call,51,4,8,1
11512,3649,2682,video_call,30,2,4,0
11513,1067,3387,chat,19,4,8,1
11514,6776,3976,video_call,18,5,10,1
11515,8356,1670,chat,9,4,8,1
11516,3142,3816,chat,44,4,8,1
11517,4307,2632,video_call,24,4,8,1
11518,3598,1698,video_call,45,4,8,1
11519,21,4038,video_call,57,1,2,0
11520,7575,3087,video_call,54,2,4,0
11521,5864,4198,video_call,11,5,10,1
11522,1461,1329,video_call,15,2,4,0
11523,5095,2559,video_call,21,3,6,0
11524,6946,2384,video_call,10,5,10,1
11525,6715,3309,video_call,57,5,10,1
11526,2196,1172,video_call,36,5,10,1
11527,1010,1711,video_call,14,2,4,0
11528,3821,3578,video_call,16,2,4,0
11529,2964,2057,video_call,55,4,8,1
11530,4838,3140,video_call,17,1,2,0
11531,7824,2517,video_call,15,2,4,0
11532,1934,3116,video_call,39,5,10,1
11533,1625,902,video_call,10,5,10,1
11534,2285,3835,video_call,41,1,2,0
11535,4474,2782,chat,42,4,8,1
11536,7469,1820,chat,42,3,6,0
11537,8838,3226,video_call,38,5,10,1
11538,3642,719,chat,25,3,6,0
11539,8765,3389,chat,23,5,10,1
11540,3146,1185,chat,24,2,4,0
11541,5859,3637,video_call,49,3,6,0
11542,4590,3874,video_call,44,5,10,1
11543,4788,4803,chat,44,5,10,1
11544,3768,3425,video_call,53,3,6,0
11545,8597,2150,video_call,13,5,10,1
11546,1279,4312,chat,8,5,10,1
11547,9340,4507,chat,37,3,6,0
11548,9020,3684,video_call,59,5,10,1
11549,2844,1025,chat,24,4,8,1
11550,4965,4763,video_call,19,1,2,0
11551,9515,4465,video_call,20,5,10,1
11552,2783,736,video_call,32,1,2,0
11553,116,470,video_call,11,5,10,1
11554,8445,3019,chat,9,4,8,1
11555,2554,3511,video_call,11,1,2,0
11556,179,2392,video_call,36,3,6,0
11557,2133,889,chat,43,5,10,1
11558,4985,4350,chat,44,5,10,1
11559,2955,664,video_call,26,5,10,1
11560,7784,1764,chat,31,5,10,1
11561,3021,4577,video_call,36,4,8,1
11562,9621,4723,video_call,17,3,6,0
11563,386,4495,video_call,57,5,10,1
11564,4571,2613,chat,27,5,10,1
11565,7802,4952,video_call,17,4,8,1
11566,9624,3971,chat,31,5,10,1
11567,4085,640,video_call,16,2,4,0
11568,9205,505,chat,36,4,8,1
11569,604,1197,video_call,15,5,10,1
11570,5440,3147,chat,25,1,2,0
11571,5596,1850,video_call,39,2,4,0
11572,22,1910,chat,15,4,8,1
11573,5780,3541,chat,14,3,6,0
11574,9338,4729,video_call,56,5,10,1
11575,6994,1292,chat,22,2,4,0
11576,6106,106,video_call,17,2,4,0
11577,6713,4095,chat,45,2,4,0
11578,2690,1843,chat,45,4,8,1
11579,9404,4591,video_call,59,5,10,1
11580,5030,2538,video_call,48,5,10,1
11581,4830,3645,video_call,14,5,10,1
11582,2898,2464,video_call,55,5,10,1
11583,1232,3516,chat,33,1,2,0
11584,1458,1560,chat,10,3,6,0
11585,7564,3356,video_call,52,5,10,1
11586,4711,2242,chat,33,4,8,1
11587,2774,3390,chat,9,5,10,1
11588,2335,1914,video_call,57,4,8,1
11589,6960,1936,chat,6,4,8,1
11590,9137,1928,video_call,35,1,2,0
11591,8506,518,chat,45,4,8,1
11592,5420,2777,video_call,46,3,6,0
11593,9048,2777,video_call,26,2,4,0
11594,5815,1218,video_call,12,5,10,1
11595,2392,191,video_call,25,2,4,0
11596,2836,2465,video_call,26,5,10,1
11597,3847,1161,video_call,19,2,4,0
11598,8300,3886,video_call,40,5,10,1
11599,439,4385,video_call,48,2,4,0
11600,2433,1280,chat,36,4,8,1
11601,2425,1665,video_call,21,3,6,0
11602,6191,510,video_call,37,5,10,1
11603,2097,518,video_call,15,4,8,1
11604,947,419,chat,29,1,2,0
11605,4697,3480,chat,17,2,4,0
11606,5231,209,video_call,56,4,8,1
11607,1489,966,video_call,47,4,8,1
11608,7695,4923,video_call,43,5,10,1
11609,70,604,chat,39,4,8,1
11610,8547,4686,video_call,30,3,6,0
11611,4668,314,chat,8,2,4,0
11612,961,1740,video_call,28,3,6,0
11613,1230,4147,chat,10,4,8,1
11614,4087,4224,video_call,33,1,2,0
11615,3367,3337,chat,15,5,10,1
11616,2655,296,video_call,22,1,2,0
11617,3239,392,video_call,38,5,10,1
11618,2970,1078,chat,10,5,10,1
11619,710,3193,chat,29,3,6,0
11620,3829,3616,chat,28,5,10,1
11621,9248,2896,chat,13,5,10,1
11622,2867,3003,chat,9,3,6,0
11623,1430,3239,chat,26,5,10,1
11624,405,266,video_call,19,2,4,0
11625,7521,4781,chat,18,4,8,1
11626,9355,4850,video_call,19,3,6,0
11627,6328,1191,chat,35,4,8,1
11628,3843,3168,video_call,11,3,6,0
11629,564,3397,chat,19,4,8,1
11630,8265,1069,chat,16,5,10,1
11631,1080,1518,video_call,40,5,10,1
11632,415,3592,video_call,48,5,10,1
11633,7891,4117,chat,13,5,10,1
11634,9128,1694,video_call,37,3,6,0
11635,3678,3890,video_call,43,5,10,1
11636,6096,413,chat,30,5,10,1
11637,3985,3886,video_call,28,4,8,1
11638,9174,1043,chat,7,4,8,1
11639,4991,1787,video_call,43,4,8,1
11640,5920,4197,chat,23,3,6,0
11641,8872,591,chat,38,2,4,0
11642,301,4330,video_call,36,1,2,0
11643,885,4563,chat,26,2,4,0
11644,6348,2655,video_call,47,5,10,1
11645,4325,1891,video_call,21,2,4,0
11646,2815,421,video_call,10,5,10,1
11647,9438,3201,video_call,47,5,10,1
11648,9815,580,video_call,44,4,8,1
11649,1303,592,video_call,14,5,10,1
11650,7131,4019,video_call,32,4,8,1
11651,7424,1719,chat,38,3,6,0
11652,8253,2527,chat,12,5,10,1
11653,3163,3763,video_call,56,4,8,1
11654,6667,1171,video_call,53,2,4,0
11655,5385,2142,video_call,10,2,4,0
11656,1505,2242,chat,10,5,10,1
11657,4732,165,video_call,34,4,8,1
11658,4039,974,chat,43,2,4,0
11659,4684,1656,chat,41,2,4,0
11660,4219,3129,video_call,45,3,6,0
11661,6052,1959,video_call,54,5,10,1
11662,8545,2311,video_call,17,4,8,1
11663,6198,2069,video_call,27,1,2,0
11664,8649,3884,video_call,14,4,8,1
11665,8408,1491,video_call,53,5,10,1
11666,994,1619,video_call,55,5,10,1
11667,1362,4957,video_call,20,4,8,1
11668,1597,914,video_call,33,4,8,1
11669,1518,2488,chat,12,5,10,1
11670,4137,1685,chat,34,2,4,0
11671,7151,1156,chat,13,2,4,0
11672,9375,4682,video_call,55,5,10,1
11673,3906,4772,chat,23,4,8,1
11674,1597,3094,chat,9,4,8,1
11675,7426,4703,video_call,27,5,10,1
11676,8016,4519,chat,27,5,10,1
11677,5423,4068,chat,35,3,6,0
11678,4116,1487,video_call,10,4,8,1
11679,877,343,video_call,48,4,8,1
11680,6254,652,chat,44,4,8,1
11681,3258,4849,video_call,16,2,4,0
11682,2238,1794,video_call,40,3,6,0
11683,4747,3022,video_call,41,1,2,0
11684,1786,3854,chat,7,2,4,0
11685,3188,1444,video_call,34,2,4,0
11686,1259,2634,video_call,53,5,10,1
11687,1640,2121,chat,20,5,10,1
11688,4245,1003,chat,20,4,8,1
11689,6948,3822,chat,32,5,10,1
11690,9422,898,chat,21,4,8,1
11691,665,4677,video_call,32,4,8,1
11692,3040,4939,chat,43,5,10,1
11693,6489,2749,video_call,48,3,6,0
11694,3172,1304,chat,38,2,4,0
11695,6887,238,video_call,48,5,10,1
11696,2569,2469,video_call,32,1,2,0
11697,7107,381,chat,27,5,10,1
11698,8011,202,video_call,15,4,8,1
11699,2545,2921,video_call,37,3,6,0
11700,5601,3242,chat,18,5,10,1
11701,4664,3670,chat,26,5,10,1
11702,6637,1088,chat,23,5,10,1
11703,2694,2378,chat,16,5,10,1
11704,7315,2579,video_call,54,2,4,0
11705,9497,3098,video_call,30,1,2,0
11706,2218,163,chat,9,2,4,0
11707,2769,842,chat,43,3,6,0
11708,7912,3453,chat,23,1,2,0
11709,7154,1330,video_call,36,5,10,1
11710,6083,3724,chat,25,1,2,0
11711,8916,3670,video_call,59,4,8,1
11712,1787,269,chat,20,2,4,0
11713,384,2210,video_call,54,5,10,1
11714,4988,3635,chat,18,2,4,0
11715,2408,3384,chat,12,5,10,1
11716,417,3247,chat,40,5,10,1
11717,5925,3880,chat,20,5,10,1
11718,177,4995,chat,19,4,8,1
11719,8733,4112,video_call,53,2,4,0
11720,5286,277,video_call,14,5,10,1
11721,5383,3261,chat,8,5,10,1
11722,6951,3494,chat,31,2,4,0
11723,8960,34,video_call,40,5,10,1
11724,5901,4070,chat,5,4,8,1
11725,8044,1564,chat,34,2,4,0
11726,4365,4613,chat,37,2,4,0
11727,8516,276,video_call,52,3,6,0
11728,5205,1157,chat,24,5,10,1
11729,1562,2187,chat,38,2,4,0
11730,2634,4633,video_call,34,4,8,1
11731,3037,1612,video_call,16,3,6,0
11732,7893,2136,chat,42,1,2,0
11733,9998,3751,chat,6,3,6,0
11734,8592,1780,chat,9,3,6,0
11735,4115,3615,video_call,23,4,8,1
11736,5163,4842,video_call,14,5,10,1
11737,7266,2741,video_call,11,5,10,1
11738,3315,2002,chat,42,2,4,0
11739,1275,4731,video_call,13,2,4,0
11740,8927,1794,video_call,60,1,2,0
11741,7884,4978,video_call,14,1,2,0
11742,9801,1704,video_call,40,2,4,0
11743,1682,1176,chat,32,2,4,0
11744,2257,3122,chat,13,1,2,0
11745,750,7,video_call,42,2,4,0
11746,5734,1452,video_call,16,5,10,1
11747,7983,4972,video_call,18,5,10,1
11748,6970,3980,video_call,36,3,6,0
11749,1746,3633,video_call,45,3,6,0
11750,2518,795,chat,27,5,10,1
11751,4825,41,chat,31,3,6,0
11752,7065,211,chat,30,5,10,1
11753,2692,4005,chat,38,4,8,1
11754,4996,4483,chat,35,5,10,1
11755,6201,2475,video_call,57,5,10,1
11756,1757,4389,video_call,28,2,4,0
11757,7740,4436,chat,24,1,2,0
11758,8630,3437,video_call,58,4,8,1
11759,6543,984,chat,41,1,2,0
11760,3463,4687,chat,22,4,8,1
11761,3440,1678,chat,9,5,10,1
11762,5147,4235,video_call,26,4,8,1
11763,7078,930,video_call,24,3,6,0
11764,7270,3816,chat,10,1,2,0
11765,5256,304,video_call,19,5,10,1
11766,2214,4728,chat,22,5,10,1
11767,2220,1433,chat,34,1,2,0
11768,7224,4985,chat,34,5,10,1
11769,7275,2730,video_call,53,4,8,1
11770,8743,1104,chat,10,4,8,1
11771,9661,1665,chat,23,3,6,0
11772,3669,4693,video_call,50,4,8,1
11773,6109,570,video_call,44,5,10,1
11774,5844,4964,chat,12,2,4,0
11775,3289,1642,chat,36,5,10,1
11776,1889,3762,chat,38,4,8,1
11777,1149,3410,video_call,37,5,10,1
11778,662,3359,video_call,16,4,8,1
11779,6350,3471,video_call,49,5,10,1
11780,2048,4327,chat,25,4,8,1
11781,7280,10,chat,17,5,10,1
11782,1114,95,chat,20,4,8,1
11783,2178,1649,video_call,24,1,2,0
11784,9485,4290,video_call,13,4,8,1
11785,3712,3620,video_call,27,4,8,1
11786,1795,2888,video_call,42,5,10,1
11787,2587,2123,chat,10,4,8,1
11788,9289,2788,video_call,48,1,2,0
11789,5140,213,chat,24,5,10,1
11790,8392,1487,chat,38,4,8,1
11791,5640,1945,chat,28,5,10,1
11792,464,3590,chat,17,2,4,0
11793,712,1074,video_call,35,2,4,0
11794,3462,664,video_call,34,2,4,0
11795,1692,4166,chat,10,4,8,1
11796,5289,2049,video_call,33,5,10,1
11797,9688,4993,video_call,35,4,8,1
11798,1776,2785,video_call,21,4,8,1
11799,3429,3819,video_call,22,2,4,0
11800,9478,2670,video_call,16,1,2,0
11801,4013,2368,video_call,45,5,10,1
11802,6154,3978,chat,5,5,10,1
11803,3880,1518,video_call,45,3,6,0
11804,6609,3666,video_call,16,2,4,0
11805,613,2938,chat,23,5,10,1
11806,8515,1823,chat,15,2,4,0
11807,1041,2309,chat,40,5,10,1
11808,4500,398,chat,31,2,4,0
11809,2669,1183,video_call,41,2,4,0
11810,3675,3672,chat,11,5,10,1
11811,9555,216,video_call,11,2,4,0
11812,623,1309,video_call,57,1,2,0
11813,2979,1375,video_call,33,5,10,1
11814,5664,2176,video_call,22,3,6,0
11815,6685,1506,video_call,34,3,6,0
11816,5514,1966,video_call,53,5,10,1
11817,6935,1817,chat,32,2,4,0
11818,1428,3749,chat,16,5,10,1
11819,2047,4515,video_call,42,5,10,1
11820,2037,2371,video_call,10,5,10,1
11821,7310,2153,chat,31,2,4,0
11822,9395,506,video_call,12,3,6,0
11823,8441,851,chat,14,3,6,0
11824,3543,1671,chat,23,2,4,0
11825,6891,2892,video_call,12,2,4,0
11826,6015,816,video_call,34,2,4,0
11827,9274,2234,chat,10,5,10,1
11828,852,2799,chat,35,4,8,1
11829,1096,2719,video_call,17,1,2,0
11830,648,1866,video_call,46,3,6,0
11831,3782,3803,chat,32,3,6,0
11832,2621,399,chat,21,4,8,1
11833,7512,1900,chat,32,4,8,1
11834,5087,4005,video_call,59,2,4,0
11835,7415,3921,video_call,57,3,6,0
11836,2854,137,chat,42,4,8,1
11837,1046,4995,video_call,14,4,8,1
11838,3901,3310,video_call,16,4,8,1
11839,4745,4914,video_call,11,3,6,0
11840,1455,3515,chat,15,3,6,0
11841,2005,4272,chat,20,2,4,0
11842,7781,343,chat,42,1,2,0
11843,9661,1582,chat,11,4,8,1
11844,6273,1151,video_call,28,4,8,1
11845,124,3384,video_call,50,4,8,1
11846,6637,4490,video_call,36,1,2,0
11847,7978,1404,video_call,15,3,6,0
11848,5123,4954,video_call,25,4,8,1
11849,8764,4290,video_call,35,2,4,0
11850,681,2731,video_call,54,5,10,1
11851,1614,1105,video_call,12,3,6,0
11852,3257,4596,video_call,40,5,10,1
11853,158,3239,video_call,47,5,10,1
11854,1406,2696,chat,14,2,4,0
11855,7926,2690,chat,29,4,8,1
11856,6669,4404,video_call,57,2,4,0
11857,9171,3696,chat,20,5,10,1
11858,9948,3381,video_call,35,5,10,1
11859,9956,2781,chat,17,2,4,0
11860,6370,3048,video_call,29,5,10,1
11861,7189,4307,video_call,57,5,10,1
11862,9037,1777,video_call,24,5,10,1
11863,9919,2145,chat,32,2,4,0
11864,8370,4716,chat,12,1,2,0
11865,6912,565,chat,17,2,4,0
11866,8407,2590,chat,16,5,10,1
11867,1385,3658,video_call,21,4,8,1
11868,8138,1717,video_call,51,5,10,1
11869,1038,1101,video_call,19,4,8,1
11870,5563,249,video_call,32,4,8,1
11871,9247,145,chat,9,5,10,1
11872,8716,2881,video_call,15,4,8,1
11873,8733,4616,chat,26,5,10,1
11874,9018,1339,chat,24,4,8,1
11875,2684,2354,chat,29,1,2,0
11876,642,3393,video_call,46,4,8,1
11877,749,1998,chat,24,2,4,0
11878,8068,1009,chat,20,2,4,0
11879,6339,4263,chat,39,3,6,0
11880,3457,4382,chat,21,5,10,1
11881,217,2502,chat,24,2,4,0
11882,1946,3624,chat,20,4,8,1
11883,4266,3722,video_call,21,4,8,1
11884,8931,390,chat,9,4,8,1
11885,9390,2561,chat,11,4,8,1
11886,5956,4350,chat,14,1,2,0
11887,1784,179,video_call,49,5,10,1
11888,5759,3428,video_call,44,5,10,1
11889,1304,4968,chat,38,5,10,1
11890,590,3453,chat,40,2,4,0
11891,650,3449,video_call,28,5,10,1
11892,3466,767,chat,26,4,8,1
11893,4892,1803,video_call,42,4,8,1
11894,3681,2934,chat,37,5,10,1
11895,8786,4809,chat,34,5,10,1
11896,6141,3507,chat,16,5,10,1
11897,9432,3529,video_call,25,4,8,1
11898,4278,4,video_call,16,5,10,1
11899,5010,4374,chat,29,3,6,0
11900,3584,2323,video_call,50,5,10,1
11901,7412,4010,video_call,18,4,8,1
11902,191,4867,chat,8,5,10,1
11903,8049,2671,video_call,60,5,10,1
11904,8090,3759,video_call,50,3,6,0
11905,4609,4733,video_call,33,5,10,1
11906,2607,3295,chat,32,5,10,1
11907,2709,1312,chat,34,2,4,0
11908,8411,3414,video_call,48,5,10,1
11909,5165,4026,video_call,25,5,10,1
11910,2625,793,chat,25,4,8,1
11911,5033,2727,video_call,59,2,4,0
11912,6678,2695,video_call,42,3,6,0
11913,1956,500,video_call,53,4,8,1
11914,9408,3387,chat,6,5,10,1
11915,3686,4836,chat,16,3,6,0
11916,1796,171,video_call,41,5,10,1
11917,4517,611,video_call,14,3,6,0
11918,648,2512,video_call,38,3,6,0
11919,6203,1952,video_call,45,2,4,0
11920,8003,2716,chat,8,1,2,0
11921,1646,2521,chat,26,5,10,1
11922,4077,2274,chat,26,5,10,1
11923,7766,4471,chat,20,5,10,1
11924,5454,1793,video_call,12,5,10,1
11925,1747,2598,video_call,22,5,10,1
11926,3221,2834,video_call,37,3,6,0
11927,3571,361,video_call,45,3,6,0
11928,3931,4593,video_call,23,3,6,0
11929,9214,1907,video_call,51,4,8,1
11930,1506,3309,chat,27,5,10,1
11931,396,914,video_call,40,5,10,1
11932,6622,175,chat,45,3,6,0
11933,2374,4492,video_call,57,3,6,0
11934,5436,4565,chat,34,3,6,0
11935,4262,2148,video_call,51,5,10,1
11936,4260,3418,video_call,52,5,10,1
11937,9944,458,chat,32,5,10,1
11938,8603,4792,chat,17,5,10,1
11939,8081,2911,chat,12,4,8,1
11940,6103,2680,video_call,10,4,8,1
11941,3070,4810,video_call,34,5,10,1
11942,1918,1213,video_call,14,1,2,0
11943,1462,4652,chat,12,5,10,1
11944,3600,1540,video_call,10,4,8,1
11945,1810,1328,chat,24,1,2,0
11946,4124,1319,video_call,40,1,2,0
11947,9453,377,chat,15,3,6,0
11948,2603,981,chat,22,5,10,1
11949,8222,3968,video_call,26,2,4,0
11950,3781,2600,video_call,10,1,2,0
11951,6557,2790,video_call,42,4,8,1
11952,826,4666,chat,25,4,8,1
11953,6058,1538,chat,43,1,2,0
11954,9709,2862,video_call,31,5,10,1
11955,7714,3283,chat,38,3,6,0
11956,3140,1566,chat,45,5,10,1
11957,2189,620,chat,38,5,10,1
11958,1290,84,chat,14,5,10,1
11959,7950,4259,chat,15,1,2,0
11960,303,4064,video_call,18,3,6,0
11961,9071,3993,chat,21,5,10,1
11962,7936,4611,video_call,12,2,4,0
11963,7812,4507,video_call,17,1,2,0
11964,5906,1279,video_call,33,4,8,1
11965,7104,3397,video_call,48,5,10,1
11966,1036,1397,video_call,22,3,6,0
11967,7896,3299,chat,28,1,2,0
11968,5050,2386,video_call,25,5,10,1
11969,357,3549,chat,32,4,8,1
11970,3721,2103,chat,36,4,8,1
11971,5381,2486,video_call,34,1,2,0
11972,9132,2551,chat,10,1,2,0
11973,4486,2070,chat,29,5,10,1
11974,4358,1099,chat,36,4,8,1
11975,3819,4699,video_call,55,5,10,1
11976,7182,2662,video_call,42,4,8,1
11977,2271,667,video_call,36,2,4,0
11978,6773,1764,video_call,55,5,10,1
11979,2211,292,video_call,27,2,4,0
11980,2015,4116,video_call,60,5,10,1
11981,3301,2960,video_call,39,5,10,1
11982,3104,1834,chat,8,2,4,0
11983,8423,2380,chat,13,3,6,0
11984,3306,1966,chat,11,5,10,1
11985,2034,3478,video_call,45,1,2,0
11986,5236,2470,video_call,26,1,2,0
11987,1583,1118,chat,9,2,4,0
11988,7593,111,chat,39,2,4,0
11989,1422,3016,video_call,52,5,10,1
11990,5264,3235,chat,27,1,2,0
11991,7619,2310,chat,23,3,6,0
11992,5601,2567,chat,40,4,8,1
11993,8500,913,chat,30,4,8,1
11994,2699,4652,chat,15,5,10,1
11995,8693,2172,video_call,49,5,10,1
11996,6243,3476,chat,13,2,4,0
11997,9350,2346,video_call,18,3,6,0
11998,755,1778,video_call,35,3,6,0
11999,3479,1270,video_call,40,2,4,0
12000,8621,4182,video_call,25,5,10,1
12001,9650,4426,video_call,51,5,10,1
12002,8849,1792,video_call,21,1,2,0
12003,3429,2458,video_call,30,2,4,0
12004,5574,1811,chat,19,2,4,0
12005,633,1056,chat,36,5,10,1
12006,9551,1765,video_call,26,5,10,1
12007,6688,2008,video_call,54,5,10,1
12008,6842,3105,video_call,54,4,8,1
12009,6985,3293,video_call,59,4,8,1
12010,7760,4327,video_call,50,4,8,1
12011,5987,1347,chat,14,2,4,0
12012,8365,4529,video_call,55,5,10,1
12013,9722,4314,chat,19,5,10,1
12014,4204,857,chat,30,1,2,0
12015,3261,3252,chat,32,1,2,0
12016,6374,3862,video_call,35,3,6,0
12017,475,775,chat,33,5,10,1
12018,3208,506,chat,11,3,6,0
12019,8629,4189,video_call,51,4,8,1
12020,1376,433,video_call,38,2,4,0
12021,7013,2910,video_call,21,3,6,0
12022,5984,1651,video_call,36,5,10,1
12023,558,4603,chat,38,5,10,1
12024,1230,2860,video_call,33,3,6,0
12025,8286,3520,video_call,29,2,4,0
12026,3335,1072,video_call,17,4,8,1
12027,8446,2652,chat,28,5,10,1
12028,7163,4469,chat,28,4,8,1
12029,3086,21,chat,29,2,4,0
12030,1341,3371,chat,31,5,10,1
12031,3655,1545,video_call,58,3,6,0
12032,3885,3758,chat,34,1,2,0
12033,81,4793,video_call,12,2,4,0
12034,4797,1078,chat,41,4,8,1
12035,2666,2682,video_call,58,3,6,0
12036,2300,2602,video_call,21,5,10,1
12037,4495,3955,video_call,20,5,10,1
12038,3753,1901,video_call,34,5,10,1
12039,7864,3527,video_call,34,2,4,0
12040,4878,2774,video_call,40,4,8,1
12041,6473,1957,video_call,30,4,8,1
12042,9885,4905,video_call,51,4,8,1
12043,5889,1938,video_call,21,2,4,0
12044,5859,3234,video_call,12,5,10,1
12045,7726,3078,chat,36,3,6,0
12046,7828,4733,chat,19,4,8,1
12047,5074,4449,video_call,48,5,10,1
12048,1039,1107,video_call,57,5,10,1
12049,1402,2055,video_call,12,5,10,1
12050,8974,3615,video_call,22,5,10,1
12051,2909,2948,chat,17,4,8,1
12052,4934,4773,video_call,21,4,8,1
12053,7161,3455,video_call,47,5,10,1
12054,7631,4506,chat,14,4,8,1
12055,5055,1760,video_call,11,4,8,1
12056,2704,4526,chat,38,4,8,1
12057,2727,1850,video_call,56,3,6,0
12058,4504,4688,video_call,47,5,10,1
12059,2599,2857,video_call,43,4,8,1
12060,7892,483,video_call,35,2,4,0
12061,4995,3481,chat,32,2,4,0
12062,6823,1499,video_call,48,2,4,0
12063,47,1729,video_call,25,4,8,1
12064,3639,3424,video_call,32,5,10,1
12065,3311,568,video_call,25,3,6,0
12066,379,3598,chat,20,1,2,0
12067,9774,3632,video_call,32,2,4,0
12068,3875,1464,chat,45,5,10,1
12069,2266,749,video_call,21,5,10,1
12070,220,3752,chat,27,5,10,1
12071,2005,1889,chat,28,5,10,1
12072,3443,2980,chat,36,5,10,1
12073,6641,4370,video_call,28,4,8,1
12074,7910,2612,video_call,55,3,6,0
12075,8467,1109,video_call,12,4,8,1
12076,8116,4714,video_call,60,5,10,1
12077,9390,696,video_call,18,1,2,0
12078,7108,4920,video_call,16,5,10,1
12079,497,1650,video_call,59,5,10,1
12080,771,1235,video_call,44,4,8,1
12081,7102,31,video_call,17,5,10,1
12082,4210,1966,chat,22,5,10,1
12083,3917,1537,chat,28,4,8,1
12084,2796,3309,chat,25,4,8,1
12085,9453,1739,video_call,60,5,10,1
12086,9704,2906,video_call,33,1,2,0
12087,1044,2468,video_call,42,2,4,0
12088,3889,1811,video_call,33,5,10,1
12089,518,1101,video_call,30,4,8,1
12090,7259,2143,video_call,53,5,10,1
12091,7185,213,chat,30,2,4,0
12092,1000,3044,chat,25,5,10,1
12093,6754,2744,video_call,50,1,2,0
12094,7899,3105,video_call,55,3,6,0
12095,7546,801,video_call,59,4,8,1
12096,6130,4276,video_call,32,4,8,1
12097,6871,2414,chat,34,2,4,0
12098,9981,1864,chat,26,2,4,0
12099,9714,1615,video_call,30,4,8,1
12100,5936,3891,chat,36,5,10,1
12101,7008,1043,chat,17,1,2,0
12102,1598,898,video_call,12,2,4,0
12103,8440,4337,video_call,23,3,6,0
12104,941,319,video_call,40,4,8,1
12105,5925,1451,video_call,59,5,10,1
12106,4415,2276,video_call,38,5,10,1
12107,80,814,video_call,56,5,10,1
12108,2414,2745,video_call,14,1,2,0
12109,7336,2927,chat,6,5,10,1
12110,2121,3918,chat,33,5,10,1
12111,1610,1607,video_call,21,1,2,0
12112,8327,1241,chat,28,2,4,0
12113,5158,1100,chat,45,1,2,0
12114,2577,1328,video_call,15,4,8,1
12115,3091,1787,chat,21,1,2,0
12116,5414,1304,video_call,10,3,6,0
12117,6663,2217,video_call,32,1,2,0
12118,6078,845,chat,26,3,6,0
12119,1057,4253,chat,22,5,10,1
12120,5408,1613,video_call,43,5,10,1
12121,6769,2516,chat,37,1,2,0
12122,1890,382,video_call,38,1,2,0
12123,3575,1730,video_call,21,5,10,1
12124,4944,484,chat,42,1,2,0
12125,7193,538,chat,27,4,8,1
12126,7952,1132,video_call,19,3,6,0
12127,1267,1132,video_call,10,2,4,0
12128,1720,2055,video_call,19,5,10,1
12129,3384,2149,chat,33,5,10,1
12130,541,4777,chat,21,4,8,1
12131,1521,2236,chat,22,5,10,1
12132,1900,4381,video_call,46,2,4,0
12133,3276,4657,video_call,10,2,4,0
12134,2431,1445,video_call,11,2,4,0
12135,4872,4051,video_call,26,1,2,0
12136,7421,3044,video_call,53,5,10,1
12137,2984,3225,video_call,18,3,6,0
12138,7709,1847,video_call,37,5,10,1
12139,4981,3300,chat,15,4,8,1
12140,3864,400,chat,43,4,8,1
12141,9396,4591,chat,24,2,4,0
12142,9757,268,chat,26,5,10,1
12143,9553,2418,video_call,58,5,10,1
12144,7687,3183,chat,42,1,2,0
12145,5100,2324,chat,13,5,10,1
12146,8165,3493,chat,26,1,2,0
12147,9611,3511,video_call,11,4,8,1
12148,9428,3599,video_call,34,5,10,1
12149,8615,262,video_call,16,5,10,1
12150,314,3515,chat,32,5,10,1
12151,5313,4754,chat,41,5,10,1
12152,8326,1544,video_call,17,3,6,0
12153,497,577,chat,34,5,10,1
12154,5718,2701,chat,28,4,8,1
12155,7770,233,video_call,11,5,10,1
12156,3298,395,chat,13,5,10,1
12157,4025,963,chat,33,2,4,0
12158,8553,1646,chat,35,1,2,0
12159,8415,2972,video_call,57,4,8,1
12160,8875,1131,video_call,29,1,2,0
12161,4306,2836,chat,37,5,10,1
12162,5542,3846,chat,19,4,8,1
12163,9385,2013,chat,33,4,8,1
12164,902,4338,video_call,20,3,6,0
12165,1642,4386,chat,22,2,4,0
12166,3005,44,video_call,20,3,6,0
12167,8242,2020,video_call,16,5,10,1
12168,1413,3872,chat,12,5,10,1
12169,5469,168,video_call,25,4,8,1
12170,5689,4936,video_call,24,3,6,0
12171,2393,2550,chat,21,5,10,1
12172,2646,1772,video_call,56,3,6,0
12173,3679,3584,chat,39,5,10,1
12174,1923,4905,video_call,24,5,10,1
12175,6716,2563,video_call,20,4,8,1
12176,8355,2345,video_call,28,2,4,0
12177,8747,3587,chat,38,3,6,0
12178,2870,2105,chat,24,5,10,1
12179,5301,318,chat,29,2,4,0
12180,4505,3284,chat,41,2,4,0
12181,6100,866,video_call,50,5,10,1
12182,5533,2916,video_call,11,2,4,0
12183,4048,1649,chat,42,2,4,0
12184,4627,426,video_call,53,2,4,0
12185,5381,4730,chat,16,4,8,1
12186,1165,2432,chat,28,5,10,1
12187,1975,3879,chat,38,2,4,0
12188,6561,462,video_call,24,5,10,1
12189,7541,4808,video_call,53,1,2,0
12190,6940,3971,video_call,20,5,10,1
12191,2164,2628,chat,44,4,8,1
12192,7839,3700,chat,40,2,4,0
12193,7646,4610,video_call,14,5,10,1
12194,5198,3155,chat,6,5,10,1
12195,981,694,chat,36,5,10,1
12196,8671,2723,chat,23,1,2,0
12197,4960,4685,video_call,28,3,6,0
12198,6028,2783,chat,40,2,4,0
12199,3425,1371,video_call,14,1,2,0
12200,9719,3808,chat,31,4,8,1
12201,7517,4911,video_call,13,3,6,0
12202,3687,1710,video_call,55,4,8,1
12203,134,2884,video_call,59,3,6,0
12204,8726,876,chat,9,4,8,1
12205,5083,666,video_call,56,5,10,1
12206,9052,3461,chat,45,2,4,0
12207,4969,4181,chat,45,3,6,0
12208,2858,2494,video_call,20,5,10,1
12209,4244,1750,chat,35,4,8,1
12210,3314,4936,video_call,47,1,2,0
12211,3632,2095,chat,5,5,10,1
12212,970,3103,chat,21,1,2,0
12213,7648,4049,video_call,46,5,10,1
12214,7861,190,video_call,10,4,8,1
12215,5304,956,chat,39,5,10,1
12216,2620,345,video_call,22,3,6,0
12217,6668,2514,video_call,34,4,8,1
12218,9297,3540,video_call,42,3,6,0
12219,3368,1577,video_call,25,2,4,0
12220,6840,4165,chat,40,1,2,0
12221,2032,3499,chat,7,2,4,0
12222,3315,4391,video_call,40,5,10,1
12223,7937,1616,video_call,26,4,8,1
12224,176,4271,chat,6,5,10,1
12225,3130,2711,video_call,33,1,2,0
12226,5252,2147,video_call,43,5,10,1
12227,205,4772,chat,19,2,4,0
12228,1589,538,video_call,26,4,8,1
12229,8199,4385,chat,9,4,8,1
12230,6583,4790,chat,42,1,2,0
12231,3331,1773,video_call,14,4,8,1
12232,3998,21,chat,5,2,4,0
12233,8112,3999,chat,19,5,10,1
12234,8328,4074,video_call,32,2,4,0
12235,4776,1015,video_call,43,2,4,0
12236,9963,3859,video_call,46,5,10,1
12237,4065,1838,chat,41,4,8,1
12238,960,66,video_call,25,5,10,1
12239,3892,3208,chat,13,3,6,0
12240,745,2002,video_call,27,1,2,0
12241,2044,3767,chat,25,5,10,1
12242,8231,1415,chat,30,3,6,0
12243,6156,2252,video_call,22,3,6,0
12244,9055,2355,video_call,30,1,2,0
12245,8929,4262,video_call,16,4,8,1
12246,3923,924,chat,20,5,10,1
12247,1755,4472,video_call,39,4,8,1
12248,4385,3362,chat,24,1,2,0
12249,8199,2121,chat,40,4,8,1
12250,7953,3486,chat,9,5,10,1
12251,9111,1478,video_call,27,5,10,1
12252,2008,3492,video_call,52,5,10,1
12253,8993,64,video_call,59,1,2,0
12254,6047,1674,video_call,30,3,6,0
12255,5375,3501,video_call,42,5,10,1
12256,5506,2062,video_call,55,1,2,0
12257,5979,1492,chat,8,4,8,1
12258,3136,2249,chat,37,4,8,1
12259,6297,4925,chat,28,2,4,0
12260,6778,2984,video_call,13,4,8,1
12261,2576,3659,chat,7,4,8,1
12262,6825,2980,chat,12,4,8,1
12263,764,4006,video_call,46,5,10,1
12264,9830,1942,video_call,59,2,4,0
12265,3053,1725,video_call,48,5,10,1
12266,4747,92,chat,5,2,4,0
12267,1148,3202,chat,38,1,2,0
12268,2728,3414,video_call,20,5,10,1
12269,5623,4912,chat,11,3,6,0
12270,239,738,video_call,47,2,4,0
12271,3726,1661,video_call,52,5,10,1
12272,1286,1764,video_call,44,5,10,1
12273,3536,2851,chat,29,1,2,0
12274,47,1049,chat,21,4,8,1
12275,2407,369,chat,23,4,8,1
12276,5910,2512,chat,14,4,8,1
12277,9237,3913,video_call,12,5,10,1
12278,9914,3846,chat,42,5,10,1
12279,3278,1480,chat,40,1,2,0
12280,9045,3312,chat,24,5,10,1
12281,3818,3154,chat,12,5,10,1
12282,509,772,video_call,56,5,10,1
12283,6403,1887,chat,43,5,10,1
12284,9934,2209,chat,31,2,4,0
12285,178,4792,video_call,52,4,8,1
12286,9152,3534,chat,17,2,4,0
12287,2794,2074,chat,18,4,8,1
12288,8856,4986,chat,19,5,10,1
12289,9583,4956,video_call,27,3,6,0
12290,6316,2570,chat,44,4,8,1
12291,3193,33,video_call,38,4,8,1
12292,9924,2347,video_call,11,4,8,1
12293,5619,2201,chat,15,1,2,0
12294,3560,2459,video_call,35,3,6,0
12295,3256,368,video_call,43,1,2,0
12296,8074,4670,video_call,39,3,6,0
12297,5861,659,chat,29,2,4,0
12298,8001,4418,video_call,55,5,10,1
12299,2997,258,chat,37,5,10,1
12300,7955,3165,video_call,42,5,10,1
12301,7175,2977,chat,11,4,8,1
12302,2322,4520,chat,22,4,8,1
12303,3745,2977,video_call,21,4,8,1
12304,5441,1478,video_call,60,5,10,1
12305,4605,1903,chat,17,4,8,1
12306,7293,4994,chat,13,5,10,1
12307,5113,4738,chat,14,5,10,1
12308,983,2093,chat,16,5,10,1
12309,9080,1544,video_call,18,2,4,0
12310,2434,1537,chat,35,4,8,1
12311,9473,2875,chat,7,4,8,1
12312,2886,2364,chat,44,5,10,1
12313,9551,3816,video_call,10,5,10,1
12314,834,834,video_call,25,5,10,1
12315,578,1346,chat,5,5,10,1
12316,6359,2918,chat,32,5,10,1
12317,9750,2068,chat,30,5,10,1
12318,3123,4117,video_call,43,5,10,1
12319,9373,3399,chat,11,4,8,1
12320,1303,2341,video_call,40,5,10,1
12321,7397,3582,video_call,35,4,8,1
12322,5473,303,video_call,34,1,2,0
12323,5203,2,video_call,19,5,10,1
12324,1052,992,video_call,24,4,8,1
12325,254,3265,video_call,12,5,10,1
12326,5351,553,chat,35,4,8,1
12327,3886,2392,chat,35,1,2,0
12328,2957,4857,video_call,15,4,8,1
12329,3293,3936,video_call,56,2,4,0
12330,3446,3740,video_call,39,1,2,0
12331,1440,888,chat,14,4,8,1
12332,1772,2152,video_call,52,2,4,0
12333,987,2315,video_call,15,4,8,1
12334,212,2809,video_call,21,5,10,1
12335,6940,3,video_call,25,3,6,0
12336,6598,2385,video_call,26,1,2,0
12337,1937,4887,video_call,55,4,8,1
12338,8778,3472,chat,14,5,10,1
12339,963,4610,video_call,49,4,8,1
12340,5531,3379,chat,37,3,6,0
12341,5428,572,video_call,36,4,8,1
12342,9946,3845,chat,27,5,10,1
12343,3004,2835,chat,31,2,4,0
12344,7717,1848,video_call,31,3,6,0
12345,2131,2715,chat,33,5,10,1
12346,1728,1839,video_call,21,2,4,0
12347,9798,2681,chat,21,3,6,0
12348,1649,427,video_call,58,2,4,0
12349,8105,4269,video_call,53,5,10,1
12350,8983,2236,video_call,47,4,8,1
12351,2479,527,video_call,17,1,2,0
12352,1667,888,chat,33,5,10,1
12353,2949,165,video_call,54,2,4,0
12354,8174,3280,video_call,23,3,6,0
12355,2007,540,chat,37,1,2,0
12356,2174,4388,chat,22,4,8,1
12357,6409,3056,chat,13,4,8,1
12358,9718,3010,video_call,25,1,2,0
12359,5479,2560,chat,7,4,8,1
12360,2820,4959,video_call,24,3,6,0
12361,1012,3307,chat,38,4,8,1
12362,9512,2573,video_call,26,1,2,0
12363,6810,4890,chat,9,3,6,0
12364,2142,4494,chat,18,2,4,0
12365,7042,1084,video_call,34,2,4,0
12366,6700,657,chat,25,5,10,1
12367,6241,72,video_call,31,3,6,0
12368,2727,3611,chat,38,5,10,1
12369,5744,1612,video_call,30,2,4,0
12370,4355,2908,chat,41,5,10,1
12371,6550,3549,chat,30,5,10,1
12372,5411,4701,chat,21,1,2,0
12373,2607,3376,chat,34,2,4,0
12374,2716,294,video_call,21,5,10,1
12375,8401,3382,chat,40,5,10,1
12376,2049,2572,video_call,18,2,4,0
12377,9825,1425,video_call,55,5,10,1
12378,4149,1131,chat,7,1,2,0
12379,3801,1394,chat,19,5,10,1
12380,4750,2657,video_call,40,5,10,1
12381,8877,1203,chat,32,4,8,1
12382,754,224,chat,43,5,10,1
12383,7117,4461,video_call,31,3,6,0
12384,8015,3681,chat,30,2,4,0
12385,3415,17,chat,12,4,8,1
12386,3801,2317,video_call,41,5,10,1
12387,152,3596,chat,21,4,8,1
12388,4248,4818,video_call,35,2,4,0
12389,3018,3967,video_call,41,1,2,0
12390,7698,2461,video_call,18,4,8,1
12391,5489,2452,video_call,54,2,4,0
12392,8787,2321,chat,21,1,2,0
12393,1406,1049,chat,34,2,4,0
12394,8625,508,chat,44,2,4,0
12395,4421,4578,video_call,58,2,4,0
12396,6573,589,chat,38,5,10,1
12397,3831,2442,chat,20,2,4,0
12398,568,658,chat,29,1,2,0
12399,5277,3781,video_call,32,5,10,1
12400,1902,4961,chat,42,5,10,1
12401,7791,4436,chat,12,1,2,0
12402,1075,1321,video_call,23,5,10,1
12403,4446,820,chat,10,4,8,1
12404,5141,184,chat,23,5,10,1
12405,8982,336,video_call,46,4,8,1
12406,8898,2940,video_call,36,5,10,1
12407,9639,2737,video_call,23,3,6,0
12408,2138,3201,video_call,55,5,10,1
12409,7593,4512,video_call,47,3,6,0
12410,1531,3943,video_call,41,4,8,1
12411,3425,1590,video_call,17,4,8,1
12412,7385,1195,chat,43,3,6,0
12413,6906,2070,chat,35,4,8,1
12414,8342,1247,chat,35,5,10,1
12415,8502,2741,video_call,14,5,10,1
12416,3058,4970,video_call,13,2,4,0
12417,8848,3964,video_call,12,2,4,0
12418,9120,4340,video_call,33,2,4,0
12419,7310,4947,chat,18,1,2,0
12420,6353,1280,chat,34,3,6,0
12421,9165,1386,chat,20,4,8,1
12422,4595,2073,video_call,50,5,10,1
12423,7615,1677,chat,32,3,6,0
12424,8936,858,video_call,22,5,10,1
12425,8792,2957,chat,17,5,10,1
12426,2200,3426,chat,32,5,10,1
12427,3786,985,video_call,16,1,2,0
12428,2752,4380,chat,10,4,8,1
12429,8059,1940,video_call,44,4,8,1
12430,5651,3177,video_call,43,1,2,0
12431,5730,1837,chat,37,5,10,1
12432,4945,1334,chat,25,5,10,1
12433,3063,960,chat,39,2,4,0
12434,5133,466,chat,44,1,2,0
12435,5595,558,video_call,60,4,8,1
12436,7746,1987,chat,41,3,6,0
12437,3548,467,video_call,42,1,2,0
12438,6181,585,chat,18,1,2,0
12439,7081,4759,chat,5,5,10,1
12440,3420,3095,chat,23,3,6,0
12441,181,2707,chat,32,2,4,0
12442,1667,3908,chat,25,4,8,1
12443,2672,2937,chat,41,4,8,1
12444,3395,4616,chat,39,5,10,1
12445,5590,4821,chat,12,4,8,1
12446,5362,1092,video_call,52,5,10,1
12447,1844,3569,video_call,32,5,10,1
12448,4552,4363,chat,38,5,10,1
12449,7176,1532,chat,24,5,10,1
12450,7126,779,chat,9,2,4,0
12451,5673,106,video_call,19,3,6,0
12452,651,4184,chat,42,5,10,1
12453,805,4090,video_call,19,2,4,0
12454,949,902,video_call,21,4,8,1
12455,9021,4028,video_call,12,5,10,1
12456,2140,4281,video_call,30,5,10,1
12457,6823,213,video_call,16,5,10,1
12458,2367,233,chat,36,5,10,1
12459,8621,2379,chat,33,4,8,1
12460,8176,1230,video_call,47,3,6,0
12461,5806,1671,video_call,35,2,4,0
12462,6463,2520,video_call,46,4,8,1
12463,3297,1744,chat,27,5,10,1
12464,4880,4355,video_call,42,4,8,1
12465,3971,1712,video_call,26,2,4,0
12466,3171,3048,video_call,45,1,2,0
12467,6089,3226,chat,16,2,4,0
12468,2590,4519,video_call,54,5,10,1
12469,1967,3380,video_call,31,2,4,0
12470,7255,989,video_call,28,5,10,1
12471,2147,781,chat,38,2,4,0
12472,3263,3740,video_call,49,1,2,0
12473,6997,2000,video_call,30,4,8,1
12474,9279,4172,chat,19,5,10,1
12475,7351,582,video_call,22,3,6,0
12476,123,517,chat,41,5,10,1
12477,5165,2425,video_call,22,5,10,1
12478,774,4749,video_call,60,4,8,1
12479,4492,2481,video_call,50,5,10,1
12480,829,128,chat,12,2,4,0
12481,4476,2972,video_call,48,4,8,1
12482,6137,2649,video_call,44,3,6,0
12483,5043,2767,video_call,53,5,10,1
12484,6929,2127,chat,29,2,4,0
12485,7883,3956,video_call,38,1,2,0
12486,5116,3229,video_call,46,3,6,0
12487,2959,2183,video_call,29,2,4,0
12488,9967,1797,video_call,42,2,4,0
12489,7149,1223,video_call,50,2,4,0
12490,7196,1612,video_call,47,4,8,1
12491,4118,2393,chat,36,3,6,0
12492,5393,1601,chat,21,2,4,0
12493,4583,4789,video_call,50,1,2,0
12494,9803,46,chat,8,5,10,1
12495,9653,3393,video_call,59,3,6,0
12496,9220,4588,video_call,41,1,2,0
12497,1584,3672,chat,43,5,10,1
12498,1468,3778,chat,33,5,10,1
12499,2428,1250,chat,12,3,6,0
12500,7392,1439,chat,41,5,10,1
12501,63,4977,chat,18,5,10,1
12502,570,3569,video_call,19,4,8,1
12503,3538,4118,chat,22,1,2,0
12504,5244,1804,video_call,60,2,4,0
12505,1183,4140,video_call,12,2,4,0
12506,6575,865,video_call,47,4,8,1
12507,5856,2697,chat,31,5,10,1
12508,1282,1736,chat,33,5,10,1
12509,2270,4138,chat,45,4,8,1
12510,308,4589,video_call,53,4,8,1
12511,615,2920,chat,38,1,2,0
12512,6234,519,chat,28,5,10,1
12513,8077,3356,video_call,55,4,8,1
12514,9517,1088,video_call,10,5,10,1
12515,9246,2453,chat,24,5,10,1
12516,4435,4559,chat,24,5,10,1
12517,9378,744,video_call,43,2,4,0
12518,6116,2912,video_call,51,5,10,1
12519,1070,1209,video_call,55,5,10,1
12520,4210,2923,video_call,11,5,10,1
12521,4688,4827,chat,14,2,4,0
12522,8145,1089,video_call,32,3,6,0
12523,5938,1158,video_call,15,4,8,1
12524,1746,651,chat,14,2,4,0
12525,1469,4401,video_call,19,1,2,0
12526,8242,4546,video_call,31,5,10,1
12527,9032,3029,chat,45,2,4,0
12528,2111,1023,chat,38,3,6,0
12529,2459,3928,video_call,26,5,10,1
12530,9965,2731,chat,16,3,6,0
12531,3819,2704,video_call,52,3,6,0
12532,7822,2904,video_call,47,5,10,1
12533,282,254,video_call,54,3,6,0
12534,8211,363,chat,10,3,6,0
12535,9495,858,video_call,10,4,8,1
12536,4241,1168,video_call,10,3,6,0
12537,1667,4933,video_call,59,5,10,1
12538,2794,3507,chat,23,4,8,1
12539,759,1413,chat,31,2,4,0
12540,3278,1314,video_call,55,2,4,0
12541,647,4130,video_call,21,3,6,0
12542,9985,4440,video_call,26,3,6,0
12543,3651,3962,chat,38,2,4,0
12544,6937,884,video_call,35,5,10,1
12545,8590,1340,video_call,46,4,8,1
12546,8195,147,chat,26,4,8,1
12547,1524,3418,video_call,13,4,8,1
12548,1841,1413,chat,8,5,10,1
12549,2498,424,chat,40,5,10,1
12550,2691,2637,chat,26,3,6,0
12551,7376,1883,video_call,48,4,8,1
12552,8589,4488,video_call,52,4,8,1
12553,9461,3296,video_call,50,5,10,1
12554,759,3495,chat,36,5,10,1
12555,2098,935,chat,15,2,4,0
12556,5953,1919,chat,39,3,6,0
12557,2959,3739,chat,23,5,10,1
12558,7544,4004,video_call,34,1,2,0
12559,5056,3744,video_call,60,2,4,0
12560,5374,2452,video_call,41,2,4,0
12561,8953,4683,chat,18,5,10,1
12562,9526,4792,video_call,35,5,10,1
12563,2741,2914,video_call,60,4,8,1
12564,4860,2172,video_call,28,1,2,0
12565,8199,4634,chat,5,5,10,1
12566,2629,532,chat,36,2,4,0
12567,5877,1018,chat,21,4,8,1
12568,9786,1602,video_call,26,2,4,0
12569,2738,882,chat,14,5,10,1
12570,2090,1103,chat,32,4,8,1
12571,1228,4265,video_call,22,2,4,0
12572,5868,3007,chat,29,4,8,1
12573,2880,1031,chat,6,2,4,0
12574,3116,1962,video_call,36,3,6,0
12575,283,1674,video_call,10,4,8,1
12576,3183,1515,chat,26,1,2,0
12577,7843,2185,chat,45,5,10,1
12578,4377,2263,video_call,14,2,4,0
12579,170,3149,chat,30,2,4,0
12580,286,4212,video_call,12,5,10,1
12581,7934,412,video_call,51,5,10,1
12582,2256,3517,chat,43,5,10,1
12583,9174,3393,video_call,25,3,6,0
12584,4573,4985,video_call,58,4,8,1
12585,7918,1531,video_call,15,4,8,1
12586,7418,694,chat,17,1,2,0
12587,7006,2166,video_call,23,4,8,1
12588,2294,3737,video_call,39,4,8,1
12589,1932,4507,video_call,40,3,6,0
12590,7579,2030,video_call,34,2,4,0
12591,3416,1212,video_call,60,3,6,0
12592,128,2774,chat,18,4,8,1
12593,6904,1985,video_call,20,4,8,1
12594,6816,2207,video_call,45,4,8,1
12595,6112,3035,chat,7,4,8,1
12596,2696,674,video_call,46,5,10,1
12597,1021,226,chat,9,4,8,1
12598,5244,3272,chat,34,5,10,1
12599,8840,4322,video_call,34,4,8,1
12600,1233,1289,video_call,51,5,10,1
12601,1898,1366,video_call,56,5,10,1
12602,3680,3647,video_call,43,5,10,1
12603,5604,3420,video_call,31,3,6,0
12604,2604,1845,chat,44,4,8,1
12605,5325,53,video_call,47,3,6,0
12606,8600,3106,video_call,49,1,2,0
12607,243,2725,video_call,38,5,10,1
12608,7390,2969,chat,30,4,8,1
12609,2067,1174,chat,25,5,10,1
12610,1269,3958,video_call,48,1,2,0
12611,7690,2578,video_call,19,2,4,0
12612,9399,1359,video_call,21,3,6,0
12613,8908,2013,chat,13,4,8,1
12614,8635,1387,chat,9,3,6,0
12615,2060,2212,video_call,23,5,10,1
12616,4182,3225,video_call,25,2,4,0
12617,7855,3346,chat,35,5,10,1
12618,7337,1297,video_call,59,5,10,1
12619,7860,4921,chat,34,1,2,0
12620,8304,1339,chat,20,1,2,0
12621,2267,1727,chat,26,2,4,0
12622,7831,2745,video_call,19,2,4,0
12623,8027,3922,video_call,38,5,10,1
12624,6464,3275,video_call,20,4,8,1
12625,6644,810,video_call,32,3,6,0
12626,2925,2140,chat,35,2,4,0
12627,9578,1747,video_call,13,3,6,0
12628,4355,246,chat,38,5,10,1
12629,3135,832,video_call,22,4,8,1
12630,3082,4236,chat,45,5,10,1
12631,478,4023,chat,22,2,4,0
12632,8272,3941,video_call,37,1,2,0
12633,6673,95,video_call,24,5,10,1
12634,5591,2489,video_call,24,3,6,0
12635,1667,2205,chat,44,4,8,1
12636,4333,4539,video_call,47,3,6,0
12637,1720,3809,video_call,43,5,10,1
12638,4321,4858,chat,32,1,2,0
12639,9871,4765,video_call,57,5,10,1
12640,4381,4345,video_call,21,5,10,1
12641,9350,2273,chat,33,2,4,0
12642,1663,2436,video_call,57,5,10,1
12643,4626,4985,video_call,25,2,4,0
12644,7713,3450,video_call,36,1,2,0
12645,6777,4138,video_call,23,5,10,1
12646,9442,1260,video_call,28,2,4,0
12647,7709,3638,video_call,39,3,6,0
12648,1501,3047,video_call,32,5,10,1
12649,4666,1994,video_call,53,2,4,0
12650,390,4739,chat,18,4,8,1
12651,7172,386,chat,27,4,8,1
12652,5869,3964,chat,30,1,2,0
12653,3526,3365,chat,11,4,8,1
12654,3029,1910,chat,10,5,10,1
12655,4543,2425,video_call,59,4,8,1
12656,9530,2232,video_call,40,5,10,1
12657,4915,4952,video_call,16,4,8,1
12658,3475,3044,video_call,10,1,2,0
12659,8167,494,video_call,23,3,6,0
12660,9649,3298,video_call,52,2,4,0
12661,3287,3603,video_call,56,5,10,1
12662,1742,392,chat,28,5,10,1
12663,9152,4307,video_call,12,1,2,0
12664,5296,1486,chat,31,4,8,1
12665,2474,4796,chat,26,5,10,1
12666,507,4864,chat,35,3,6,0
12667,5221,3169,chat,38,5,10,1
12668,8904,4273,video_call,26,5,10,1
12669,3770,550,video_call,38,5,10,1
12670,3133,4032,video_call,13,5,10,1
12671,1681,2911,video_call,60,1,2,0
12672,9729,3769,video_call,28,2,4,0
12673,8931,2727,video_call,55,5,10,1
12674,5959,3928,video_call,25,5,10,1
12675,1135,2983,chat,32,2,4,0
12676,3455,2152,chat,24,2,4,0
12677,7647,4794,video_call,39,5,10,1
12678,5029,2906,chat,6,3,6,0
12679,9079,2602,video_call,18,2,4,0
12680,656,4739,chat,42,4,8,1
12681,1512,2840,chat,44,1,2,0
12682,1767,806,chat,13,4,8,1
12683,39,342,video_call,47,5,10,1
12684,7823,2082,video_call,36,4,8,1
12685,4248,1593,video_call,26,5,10,1
12686,62,1815,chat,29,4,8,1
12687,6865,413,chat,29,5,10,1
12688,2459,34,video_call,34,5,10,1
12689,3480,3748,chat,22,3,6,0
12690,2350,3472,video_call,13,2,4,0
12691,1090,990,video_call,44,5,10,1
12692,1253,2861,video_call,40,1,2,0
12693,7271,637,video_call,27,5,10,1
12694,8432,2318,video_call,17,5,10,1
12695,5098,1057,chat,14,1,2,0
12696,4609,369,chat,31,4,8,1
12697,7353,2326,video_call,18,5,10,1
12698,4188,2346,chat,26,2,4,0
12699,4478,4336,video_call,37,5,10,1
12700,8678,4755,video_call,44,2,4,0
12701,1153,1062,video_call,22,5,10,1
12702,3090,1502,chat,6,4,8,1
12703,7828,1167,chat,36,3,6,0
12704,3613,4704,video_call,10,5,10,1
12705,3117,4584,chat,21,5,10,1
12706,5568,2966,chat,7,5,10,1
12707,455,219,chat,32,4,8,1
12708,5012,1424,video_call,20,3,6,0
12709,6284,260,chat,42,4,8,1
12710,5155,1451,chat,44,4,8,1
12711,6368,715,chat,31,5,10,1
12712,4896,732,video_call,10,1,2,0
12713,8104,2274,chat,16,5,10,1
12714,7289,1266,chat,28,3,6,0
12715,5738,2092,video_call,29,1,2,0
12716,2149,4317,video_call,34,4,8,1
12717,5520,81,video_call,29,1,2,0
12718,5969,1815,chat,15,4,8,1
12719,8960,1241,chat,10,1,2,0
12720,304,4674,video_call,60,3,6,0
12721,5999,749,chat,20,5,10,1
12722,6952,3972,chat,44,5,10,1
12723,7063,4903,chat,16,2,4,0
12724,6870,3612,chat,16,5,10,1
12725,9380,1364,chat,43,2,4,0
12726,6506,4570,video_call,28,4,8,1
12727,1696,1352,video_call,51,5,10,1
12728,8286,660,chat,5,4,8,1
12729,8607,827,chat,20,5,10,1
12730,3466,1526,chat,13,4,8,1
12731,9666,3901,video_call,44,2,4,0
12732,5808,1319,chat,10,2,4,0
12733,6519,274,chat,26,4,8,1
12734,40,4453,chat,28,4,8,1
12735,4318,4455,chat,24,5,10,1
12736,6948,980,chat,24,5,10,1
12737,3810,2942,video_call,12,4,8,1
12738,2074,2649,video_call,19,2,4,0
12739,6192,678,chat,15,3,6,0
12740,4128,2564,video_call,33,5,10,1
12741,3219,513,chat,35,5,10,1
12742,4298,4159,video_call,15,5,10,1
12743,508,4496,chat,32,3,6,0
12744,2006,3273,video_call,22,5,10,1
12745,1404,4252,video_call,55,2,4,0
12746,2116,2546,video_call,33,5,10,1
12747,7796,906,video_call,27,3,6,0
12748,4236,34,chat,29,3,6,0
12749,9035,1781,video_call,29,3,6,0
12750,8339,319,chat,33,2,4,0
12751,7468,2815,chat,9,4,8,1
12752,1856,3424,video_call,60,5,10,1
12753,7362,2277,video_call,39,5,10,1
12754,9423,2023,video_call,34,4,8,1
12755,2527,4526,video_call,53,4,8,1
12756,8740,3088,video_call,50,5,10,1
12757,9086,2694,video_call,32,5,10,1
12758,6980,3075,video_call,21,3,6,0
12759,7586,4082,chat,39,1,2,0
12760,6533,4168,video_call,49,4,8,1
12761,4949,1469,video_call,16,2,4,0
12762,649,4032,chat,16,2,4,0
12763,928,4379,video_call,36,1,2,0
12764,8188,3420,chat,28,2,4,0
12765,1596,890,video_call,43,5,10,1
12766,9507,2382,video_call,60,1,2,0
12767,1150,1886,chat,40,5,10,1
12768,4019,806,chat,35,5,10,1
12769,880,3351,video_call,46,5,10,1
12770,3860,1209,chat,18,3,6,0
12771,9426,1279,chat,19,5,10,1
12772,8456,4037,video_call,25,3,6,0
12773,3736,2902,video_call,31,3,6,0
12774,7227,3232,video_call,33,1,2,0
12775,931,2671,video_call,43,4,8,1
12776,4968,152,video_call,15,2,4,0
12777,1932,3925,chat,40,4,8,1
12778,4024,1267,chat,15,5,10,1
12779,6871,4019,video_call,16,5,10,1
12780,5877,3899,chat,11,2,4,0
12781,8985,3317,chat,40,2,4,0
12782,1888,3140,video_call,48,1,2,0
12783,3961,119,chat,31,4,8,1
12784,4110,4411,video_call,50,2,4,0
12785,6319,1370,video_call,20,5,10,1
12786,4222,3257,video_call,42,2,4,0
12787,6082,1680,video_call,14,3,6,0
12788,3748,169,chat,27,4,8,1
12789,4241,231,video_call,13,4,8,1
12790,9201,4278,video_call,39,4,8,1
12791,959,630,video_call,53,5,10,1
12792,3656,1630,video_call,29,5,10,1
12793,5053,4813,video_call,18,1,2,0
12794,4707,796,video_call,26,5,10,1
12795,8783,4367,chat,27,3,6,0
12796,252,1955,chat,32,2,4,0
12797,4365,1329,video_call,30,2,4,0
12798,2277,1638,chat,37,2,4,0
12799,8765,3395,video_call,24,4,8,1
12800,6834,3523,chat,31,2,4,0
12801,6851,4886,video_call,30,5,10,1
12802,468,4203,chat,16,4,8,1
12803,3689,787,video_call,19,2,4,0
12804,3858,3117,video_call,17,3,6,0
12805,5640,3499,chat,23,5,10,1
12806,1763,9,video_call,23,3,6,0
12807,9607,2976,chat,39,2,4,0
12808,8408,1252,video_call,32,2,4,0
12809,9006,2479,chat,10,2,4,0
12810,5893,2597,video_call,19,5,10,1
12811,8188,1937,chat,38,5,10,1
12812,2280,333,video_call,41,4,8,1
12813,9274,3306,chat,12,5,10,1
12814,1404,3435,video_call,45,5,10,1
12815,5461,2247,chat,29,2,4,0
12816,518,752,video_call,12,3,6,0
12817,883,174,chat,33,2,4,0
12818,6324,2219,video_call,42,5,10,1
12819,4568,4156,video_call,29,3,6,0
12820,770,3097,video_call,35,2,4,0
12821,6108,4118,chat,14,1,2,0
12822,5531,4959,chat,8,1,2,0
12823,7539,2213,chat,35,2,4,0
12824,8188,3785,video_call,20,2,4,0
12825,4674,174,video_call,49,2,4,0
12826,6208,2331,video_call,45,5,10,1
12827,5784,3530,video_call,12,1,2,0
12828,2363,2128,chat,19,1,2,0
12829,9726,3551,chat,24,5,10,1
12830,5768,4998,chat,42,2,4,0
12831,1643,637,video_call,31,5,10,1
12832,4561,1117,video_call,41,5,10,1
12833,8979,1972,video_call,15,2,4,0
12834,1591,3273,chat,21,2,4,0
12835,323,4420,chat,42,3,6,0
12836,4443,3025,video_call,39,1,2,0
12837,8462,2645,chat,20,3,6,0
12838,3334,2297,chat,16,3,6,0
12839,9030,4097,chat,14,5,10,1
12840,1436,1255,video_call,21,4,8,1
12841,9450,4742,chat,40,5,10,1
12842,8525,1639,chat,41,5,10,1
12843,4483,3754,chat,7,4,8,1
12844,8323,525,chat,10,4,8,1
12845,3496,2882,chat,34,5,10,1
12846,1012,3166,chat,32,2,4,0
12847,6696,4333,video_call,60,1,2,0
12848,2897,4288,video_call,49,4,8,1
12849,7058,4372,chat,45,1,2,0
12850,2713,4100,chat,26,2,4,0
12851,6748,156,chat,29,2,4,0
12852,4072,2661,video_call,60,2,4,0
12853,669,594,chat,9,4,8,1
12854,3681,1340,video_call,17,5,10,1
12855,8072,3177,video_call,60,3,6,0
12856,3305,1307,chat,41,5,10,1
12857,6177,3410,chat,40,5,10,1
12858,9742,4490,chat,25,1,2,0
12859,4735,4037,chat,7,4,8,1
12860,6209,1521,video_call,23,2,4,0
12861,9664,308,video_call,33,4,8,1
12862,6356,3464,video_call,18,4,8,1
12863,2742,2977,chat,10,5,10,1
12864,6341,3639,video_call,22,3,6,0
12865,3806,4287,video_call,56,2,4,0
12866,530,2380,video_call,31,4,8,1
12867,4283,1907,video_call,54,3,6,0
12868,4225,88,video_call,52,2,4,0
12869,703,3444,chat,16,4,8,1
12870,6773,1844,chat,21,5,10,1
12871,6616,4520,video_call,39,5,10,1
12872,1479,94,chat,35,2,4,0
12873,4357,643,chat,33,1,2,0
12874,4355,1005,video_call,25,4,8,1
12875,7944,3058,chat,15,1,2,0
12876,322,2975,chat,33,1,2,0
12877,6128,473,video_call,59,5,10,1
12878,4455,2506,chat,17,4,8,1
12879,2398,1296,video_call,24,5,10,1
12880,672,4107,video_call,58,5,10,1
12881,6460,1115,video_call,30,2,4,0
12882,7971,1888,chat,26,4,8,1
12883,3314,2965,chat,23,4,8,1
12884,314,2416,chat,16,4,8,1
12885,9348,71,chat,35,3,6,0
12886,557,2332,chat,32,1,2,0
12887,8209,2010,video_call,42,4,8,1
12888,8594,2818,video_call,40,5,10,1
12889,3130,3625,video_call,10,3,6,0
12890,3923,1715,chat,18,3,6,0
12891,3633,1032,video_call,35,2,4,0
12892,4293,2911,video_call,52,1,2,0
12893,7189,2405,video_call,60,5,10,1
12894,1698,3942,video_call,12,2,4,0
12895,6697,3971,chat,14,5,10,1
12896,1147,2603,video_call,42,5,10,1
12897,1003,2011,video_call,26,2,4,0
12898,7286,2752,chat,14,5,10,1
12899,900,1838,chat,17,4,8,1
12900,2838,4887,chat,42,5,10,1
12901,4267,1686,video_call,55,1,2,0
12902,3097,2068,video_call,30,4,8,1
12903,6705,2696,video_call,55,4,8,1
12904,791,2413,chat,37,5,10,1
12905,759,2906,video_call,55,5,10,1
12906,8822,4232,chat,32,2,4,0
12907,5617,3290,chat,8,5,10,1
12908,3881,3801,video_call,44,1,2,0
12909,8715,3341,video_call,58,4,8,1
12910,9488,844,chat,41,4,8,1
12911,4929,89,video_call,60,1,2,0
12912,190,2978,video_call,37,5,10,1
12913,3813,2945,chat,18,5,10,1
12914,6381,4836,video_call,44,4,8,1
12915,7833,2667,video_call,57,3,6,0
12916,8826,2698,video_call,24,4,8,1
12917,1027,3810,chat,39,5,10,1
12918,8343,4965,chat,44,5,10,1
12919,6273,4302,chat,37,3,6,0
12920,6697,3760,chat,5,2,4,0
12921,1959,2558,video_call,35,5,10,1
12922,8685,1698,video_call,45,4,8,1
12923,4650,1210,video_call,34,4,8,1
12924,2656,4927,chat,20,1,2,0
12925,1797,2841,chat,44,4,8,1
12926,2459,2255,video_call,13,5,10,1
12927,1437,1614,chat,36,5,10,1
12928,3447,3064,video_call,39,5,10,1
12929,2676,2298,video_call,36,1,2,0
12930,2193,207,chat,23,5,10,1
12931,5352,2623,chat,18,3,6,0
12932,7332,2357,video_call,43,2,4,0
12933,2747,1969,video_call,16,5,10,1
12934,6682,2514,video_call,25,5,10,1
12935,324,1195,chat,7,5,10,1
12936,167,2446,chat,39,5,10,1
12937,633,1692,chat,39,5,10,1
12938,4583,3951,chat,10,5,10,1
12939,2707,4058,video_call,22,2,4,0
12940,6492,4291,video_call,18,4,8,1
12941,7627,914,video_call,50,5,10,1
12942,4297,761,chat,28,4,8,1
12943,7639,852,chat,9,5,10,1
12944,9621,258,chat,33,5,10,1
12945,4148,418,chat,19,2,4,0
12946,6934,1964,chat,29,4,8,1
12947,945,178,chat,28,4,8,1
12948,7120,2549,chat,38,5,10,1
12949,682,2563,chat,40,5,10,1
12950,7928,4382,chat,26,2,4,0
12951,1640,2576,video_call,35,2,4,0
12952,8110,4717,video_call,33,5,10,1
12953,3105,1265,video_call,46,5,10,1
12954,4965,4234,chat,31,5,10,1
12955,5547,4868,chat,11,5,10,1
12956,8931,1325,video_call,35,5,10,1
12957,7868,4132,video_call,23,2,4,0
12958,6267,613,video_call,56,3,6,0
12959,8596,162,video_call,38,3,6,0
12960,4690,3064,video_call,42,1,2,0
12961,8278,1559,chat,30,3,6,0
12962,7829,3598,chat,11,2,4,0
12963,7897,1187,video_call,45,4,8,1
12964,6434,3780,video_call,20,4,8,1
12965,815,2633,video_call,49,5,10,1
12966,8310,360,chat,34,3,6,0
12967,8382,2017,video_call,21,1,2,0
12968,5973,2717,video_call,41,4,8,1
12969,1658,2656,video_call,32,4,8,1
12970,6169,2198,chat,9,3,6,0
12971,8760,3814,chat,34,5,10,1
12972,5585,4489,video_call,22,2,4,0
12973,133,362,video_call,53,1,2,0
12974,4558,1693,chat,36,2,4,0
12975,3414,4607,chat,17,1,2,0
12976,6066,3723,video_call,51,2,4,0
12977,8135,1565,video_call,10,5,10,1
12978,7209,4423,chat,39,2,4,0
12979,2791,2072,chat,19,3,6,0
12980,17,4773,chat,5,4,8,1
12981,6574,2878,chat,34,1,2,0
12982,7737,2299,chat,34,2,4,0
12983,4240,694,chat,40,1,2,0
12984,5715,2062,video_call,28,4,8,1
12985,6530,658,chat,12,2,4,0
12986,275,4768,video_call,60,4,8,1
12987,6317,421,video_call,16,5,10,1
12988,5849,455,chat,22,1,2,0
12989,6856,4604,chat,35,3,6,0
12990,9470,3265,chat,45,5,10,1
12991,2654,1344,video_call,33,4,8,1
12992,8006,4464,video_call,45,4,8,1
12993,1305,3731,video_call,27,5,10,1
12994,8342,709,chat,35,1,2,0
12995,9889,1597,chat,34,2,4,0
12996,9122,4630,video_call,55,5,10,1
12997,5007,820,video_call,36,4,8,1
12998,3207,3120,video_call,55,2,4,0
12999,1458,2966,chat,16,3,6,0
13000,8740,559,chat,22,5,10,1
13001,6414,1985,video_call,12,5,10,1
13002,115,1612,chat,42,5,10,1
13003,3238,3025,chat,16,5,10,1
13004,6489,560,video_call,16,5,10,1
13005,8001,3333,chat,20,5,10,1
13006,4941,4259,video_call,50,2,4,0
13007,3884,3735,video_call,42,4,8,1
13008,2063,2137,chat,40,3,6,0
13009,8366,4793,video_call,37,3,6,0
13010,7077,1981,chat,5,4,8,1
13011,4184,3413,chat,9,4,8,1
13012,8715,515,video_call,22,5,10,1
13013,5478,87,chat,39,5,10,1
13014,9231,731,video_call,36,2,4,0
13015,1564,3196,video_call,60,5,10,1
13016,6286,4406,video_call,49,4,8,1
13017,4942,4388,chat,20,4,8,1
13018,8128,952,chat,37,2,4,0
13019,464,2709,video_call,22,5,10,1
13020,6971,1116,video_call,39,4,8,1
13021,968,235,video_call,21,5,10,1
13022,5316,4835,video_call,15,1,2,0
13023,9261,1335,chat,40,5,10,1
13024,4026,4989,video_call,19,1,2,0
13025,2641,562,video_call,55,1,2,0
13026,1219,1384,chat,25,4,8,1
13027,2642,3902,video_call,25,1,2,0
13028,2866,3976,video_call,34,1,2,0
13029,1774,4332,video_call,15,4,8,1
13030,287,1159,video_call,42,4,8,1
13031,6915,1775,video_call,56,5,10,1
13032,4129,1542,chat,5,2,4,0
13033,5366,3661,chat,41,4,8,1
13034,4007,4991,chat,16,3,6,0
13035,6094,1013,video_call,57,4,8,1
13036,2370,4940,video_call,41,2,4,0
13037,5330,4123,video_call,13,3,6,0
13038,9213,2681,video_call,33,2,4,0
13039,9914,1751,chat,40,1,2,0
13040,5454,3736,video_call,38,3,6,0
13041,2655,3174,video_call,41,4,8,1
13042,7664,1415,chat,25,2,4,0
13043,2343,1736,video_call,55,2,4,0
13044,5071,1571,chat,35,5,10,1
13045,1551,2346,video_call,51,4,8,1
13046,2459,2152,video_call,17,2,4,0
13047,494,2083,video_call,40,2,4,0
13048,9209,3746,video_call,11,4,8,1
13049,1248,2521,chat,35,5,10,1
13050,3061,2665,chat,14,5,10,1
13051,1024,810,video_call,18,5,10,1
13052,7555,454,chat,41,1,2,0
13053,1874,2143,chat,18,3,6,0
13054,1419,4410,video_call,56,3,6,0
13055,3224,4123,video_call,25,3,6,0
13056,5513,4754,chat,19,1,2,0
13057,3955,2,video_call,59,2,4,0
13058,4493,916,chat,18,5,10,1
13059,50,4603,video_call,49,5,10,1
13060,1358,2544,chat,34,5,10,1
13061,7128,2364,video_call,54,4,8,1
13062,2546,1447,chat,31,1,2,0
13063,5966,3279,chat,18,5,10,1
13064,9747,2403,chat,41,1,2,0
13065,4512,3815,video_call,47,3,6,0
13066,43,3773,video_call,55,4,8,1
13067,8996,1597,video_call,55,4,8,1
13068,4121,134,video_call,27,3,6,0
13069,4471,314,chat,30,2,4,0
13070,3837,1516,video_call,55,5,10,1
13071,3795,2320,chat,41,5,10,1
13072,147,4052,video_call,45,5,10,1
13073,2214,4039,chat,26,4,8,1
13074,9008,3904,video_call,60,2,4,0
13075,3617,2381,chat,26,5,10,1
13076,1240,2412,video_call,18,4,8,1
13077,9265,995,video_call,43,2,4,0
13078,8691,4517,video_call,58,2,4,0
13079,6339,3148,chat,21,2,4,0
13080,6017,1960,chat,19,5,10,1
13081,8259,2357,video_call,23,5,10,1
13082,5656,1880,chat,15,4,8,1
13083,3240,2702,video_call,13,5,10,1
13084,5027,1352,video_call,53,1,2,0
13085,3740,1855,chat,38,1,2,0
13086,3025,439,chat,37,5,10,1
13087,7828,421,video_call,40,4,8,1
13088,8914,4359,video_call,54,5,10,1
13089,812,1280,chat,11,4,8,1
13090,7429,2648,video_call,20,3,6,0
13091,4345,1283,chat,34,1,2,0
13092,6733,1391,video_call,55,4,8,1
13093,5861,2686,video_call,11,4,8,1
13094,9543,2925,chat,28,5,10,1
13095,6590,4499,video_call,48,4,8,1
13096,9613,4063,chat,33,1,2,0
13097,2418,3292,video_call,56,1,2,0
13098,3534,367,video_call,28,1,2,0
13099,6337,2564,chat,42,4,8,1
13100,2248,1324,video_call,59,2,4,0
13101,9852,233,chat,7,4,8,1
13102,2272,821,video_call,27,5,10,1
13103,5473,551,video_call,55,4,8,1
13104,1843,463,video_call,19,2,4,0
13105,460,4920,video_call,54,4,8,1
13106,9475,3761,video_call,59,4,8,1
13107,8783,2406,chat,16,3,6,0
13108,8461,2891,chat,21,4,8,1
13109,3163,3976,video_call,51,5,10,1
13110,8328,2292,video_call,28,5,10,1
13111,3378,3919,video_call,46,5,10,1
13112,6096,3017,video_call,47,1,2,0
13113,1414,1764,video_call,12,4,8,1
13114,1412,4185,video_call,56,4,8,1
13115,2958,2217,video_call,58,3,6,0
13116,4162,589,video_call,58,4,8,1
13117,3435,1767,video_call,12,2,4,0
13118,6132,3858,video_call,55,2,4,0
13119,6745,2163,chat,40,4,8,1
13120,1213,4234,video_call,27,5,10,1
13121,4539,2377,video_call,12,4,8,1
13122,9219,3143,chat,35,5,10,1
13123,7080,2897,video_call,47,1,2,0
13124,1377,4364,video_call,47,5,10,1
13125,8776,978,video_call,51,5,10,1
13126,4901,75,video_call,24,5,10,1
13127,3571,2859,video_call,34,5,10,1
13128,6923,2949,video_call,33,3,6,0
13129,395,962,video_call,26,2,4,0
13130,1745,2752,chat,38,5,10,1
13131,9225,1337,video_call,26,4,8,1
13132,2594,2063,chat,8,1,2,0
13133,5401,2325,chat,6,4,8,1
13134,7007,3336,chat,18,3,6,0
13135,8461,1798,video_call,48,2,4,0
13136,9012,1626,video_call,32,5,10,1
13137,5946,2292,chat,38,5,10,1
13138,982,271,video_call,38,5,10,1
13139,9122,2821,chat,40,2,4,0
13140,9265,3220,chat,9,5,10,1
13141,1898,3468,video_call,27,1,2,0
13142,8265,1546,video_call,16,3,6,0
13143,8538,938,video_call,40,1,2,0
13144,9376,422,video_call,38,1,2,0
13145,7687,3954,chat,42,4,8,1
13146,4534,3568,video_call,27,4,8,1
13147,3884,994,video_call,34,3,6,0
13148,375,3307,video_call,41,2,4,0
13149,7893,3708,chat,7,3,6,0
13150,9081,1035,video_call,49,4,8,1
13151,3201,4221,chat,43,5,10,1
13152,2262,4933,chat,43,4,8,1
13153,3036,1243,chat,24,2,4,0
13154,4091,1318,video_call,27,3,6,0
13155,8122,3272,video_call,20,5,10,1
13156,2129,4698,video_call,18,5,10,1
13157,6126,1031,chat,6,4,8,1
13158,1890,2855,video_call,32,1,2,0
13159,2680,960,chat,45,4,8,1
13160,2506,4218,chat,14,1,2,0
13161,6266,2325,video_call,37,4,8,1
13162,5802,4135,chat,17,5,10,1
13163,3198,3347,video_call,36,1,2,0
13164,4619,2452,chat,19,1,2,0
13165,3737,1836,video_call,54,2,4,0
13166,9868,4570,video_call,15,5,10,1
13167,1901,2776,video_call,21,2,4,0
13168,2406,2154,video_call,50,2,4,0
13169,3989,1406,video_call,20,5,10,1
13170,1945,1371,video_call,31,1,2,0
13171,6885,2331,chat,36,5,10,1
13172,9517,1383,chat,31,5,10,1
13173,2373,2586,chat,33,4,8,1
13174,1853,3237,chat,35,3,6,0
13175,4199,4592,video_call,33,5,10,1
13176,1078,1896,chat,43,5,10,1
13177,8366,3417,video_call,40,1,2,0
13178,8138,1133,chat,24,1,2,0
13179,9314,532,video_call,37,4,8,1
13180,2050,3092,chat,16,5,10,1
13181,2925,1518,video_call,28,4,8,1
13182,897,3062,chat,9,5,10,1
13183,8264,2950,chat,41,4,8,1
13184,4434,1122,chat,10,5,10,1
13185,1064,267,video_call,51,4,8,1
13186,5574,1092,chat,41,5,10,1
13187,37,658,chat,34,4,8,1
13188,4395,4773,video_call,36,5,10,1
13189,2861,3207,chat,35,4,8,1
13190,9986,4385,chat,26,4,8,1
13191,3258,846,video_call,20,4,8,1
13192,9604,1087,video_call,12,2,4,0
13193,588,3457,video_call,31,3,6,0
13194,8757,731,chat,22,5,10,1
13195,4064,4615,video_call,10,5,10,1
13196,1645,3032,chat,45,4,8,1
13197,3980,1623,video_call,45,2,4,0
13198,8982,4751,video_call,44,1,2,0
13199,5675,959,video_call,25,5,10,1
13200,1638,334,video_call,32,3,6,0
13201,92,418,video_call,20,1,2,0
13202,2467,2013,video_call,56,4,8,1
13203,870,3560,chat,20,1,2,0
13204,1497,1218,chat,39,3,6,0
13205,9462,4691,video_call,55,4,8,1
13206,7819,2981,chat,9,5,10,1
13207,674,3441,chat,21,4,8,1
13208,48,4815,video_call,30,5,10,1
13209,8136,4543,video_call,23,5,10,1
13210,2097,2777,chat,6,1,2,0
13211,672,2898,chat,34,4,8,1
13212,7399,1643,video_call,32,1,2,0
13213,9371,514,chat,44,1,2,0
13214,5586,2354,video_call,52,5,10,1
13215,4917,4962,video_call,49,1,2,0
13216,403,2435,chat,44,4,8,1
13217,6151,4526,video_call,18,2,4,0
13218,7394,2534,chat,32,1,2,0
13219,5621,1435,chat,24,4,8,1
13220,4500,4397,video_call,17,4,8,1
13221,2821,3817,video_call,26,3,6,0
13222,3091,3725,video_call,20,2,4,0
13223,5040,4159,chat,20,4,8,1
13224,1408,2455,chat,24,5,10,1
13225,7626,3746,video_call,39,5,10,1
13226,7732,1003,video_call,53,5,10,1
13227,9280,3984,chat,25,1,2,0
13228,3819,1373,chat,17,5,10,1
13229,5512,3212,video_call,39,5,10,1
13230,32,358,video_call,44,5,10,1
13231,2081,3074,video_call,21,5,10,1
13232,1763,1406,video_call,47,4,8,1
13233,6866,168,chat,16,5,10,1
13234,2440,917,video_call,19,4,8,1
13235,6758,145,chat,42,2,4,0
13236,7682,133,video_call,43,4,8,1
13237,3050,473,video_call,58,4,8,1
13238,1269,1007,video_call,60,1,2,0
13239,5794,4316,chat,16,2,4,0
13240,8666,709,video_call,43,5,10,1
13241,2666,4452,chat,17,3,6,0
13242,91,1182,chat,44,2,4,0
13243,5997,3592,video_call,38,5,10,1
13244,9636,1477,video_call,34,5,10,1
13245,7134,4202,chat,19,5,10,1
13246,7317,2027,video_call,18,5,10,1
13247,5669,4036,video_call,13,5,10,1
13248,8880,3592,video_call,22,4,8,1
13249,551,2277,video_call,39,5,10,1
13250,6384,3240,video_call,44,1,2,0
13251,4064,2286,video_call,29,1,2,0
13252,5568,1553,chat,16,5,10,1
13253,8748,2056,chat,40,3,6,0
13254,5966,784,chat,42,3,6,0
13255,6984,1387,chat,35,3,6,0
13256,8559,3939,chat,9,5,10,1
13257,582,509,video_call,40,1,2,0
13258,7895,3622,video_call,38,4,8,1
13259,3102,1441,video_call,49,2,4,0
13260,5384,2738,video_call,51,5,10,1
13261,7830,1674,video_call,54,2,4,0
13262,4017,2696,chat,31,5,10,1
13263,9662,1716,chat,36,5,10,1
13264,3188,3583,video_call,49,3,6,0
13265,501,70,chat,40,4,8,1
13266,3394,3588,chat,35,5,10,1
13267,8182,4042,chat,44,5,10,1
13268,685,3484,chat,29,5,10,1
13269,3044,297,chat,19,1,2,0
13270,7688,3154,video_call,37,5,10,1
13271,791,3938,video_call,39,2,4,0
13272,2592,2493,chat,21,5,10,1
13273,3563,197,video_call,44,4,8,1
13274,6799,3449,video_call,48,4,8,1
13275,1618,813,video_call,42,5,10,1
13276,8652,2454,video_call,58,3,6,0
13277,7666,837,chat,38,4,8,1
13278,1458,439,video_call,27,5,10,1
13279,6714,3630,chat,12,5,10,1
13280,664,607,chat,25,2,4,0
13281,5177,2458,video_call,20,1,2,0
13282,4865,2490,video_call,36,5,10,1
13283,9508,4251,chat,29,5,10,1
13284,4948,2226,chat,24,5,10,1
13285,3101,1615,video_call,16,5,10,1
13286,7306,2237,video_call,45,2,4,0
13287,5173,1243,chat,25,3,6,0
13288,3425,1178,video_call,32,3,6,0
13289,4263,102,video_call,24,2,4,0
13290,4163,4385,chat,18,4,8,1
13291,4490,1281,chat,26,4,8,1
13292,6660,3917,chat,38,4,8,1
13293,9004,2415,video_call,35,5,10,1
13294,6894,1622,video_call,11,1,2,0
13295,5893,3005,chat,15,1,2,0
13296,7293,4279,video_call,52,4,8,1
13297,5614,529,chat,31,3,6,0
13298,4595,246,chat,32,1,2,0
13299,278,1529,video_call,46,2,4,0
13300,7849,1850,video_call,15,3,6,0
13301,4393,1500,chat,8,5,10,1
13302,122,3313,chat,11,5,10,1
13303,8331,1259,chat,30,2,4,0
13304,9424,1718,video_call,48,2,4,0
13305,6089,1037,video_call,14,5,10,1
13306,8636,4654,video_call,46,5,10,1
13307,2785,1767,chat,21,3,6,0
13308,9280,2962,video_call,15,4,8,1
13309,1796,1795,chat,17,3,6,0
13310,797,166,video_call,46,5,10,1
13311,1512,2557,chat,45,3,6,0
13312,7744,1883,chat,17,5,10,1
13313,1219,4520,chat,21,5,10,1
13314,2765,1436,video_call,14,5,10,1
13315,2896,2548,chat,17,2,4,0
13316,1113,2856,video_call,25,5,10,1
13317,8827,90,video_call,18,1,2,0
13318,7576,1188,video_call,21,2,4,0
13319,5710,1933,video_call,55,5,10,1
13320,3357,2104,chat,20,4,8,1
13321,1266,1195,video_call,16,4,8,1
13322,3602,4704,video_call,19,5,10,1
13323,3466,3546,video_call,46,3,6,0
13324,3593,3366,video_call,47,5,10,1
13325,1131,4959,chat,39,1,2,0
13326,6749,3249,video_call,14,4,8,1
13327,3345,1984,video_call,30,3,6,0
13328,7804,3222,video_call,52,5,10,1
13329,8316,1571,video_call,36,5,10,1
13330,3841,2501,chat,12,5,10,1
13331,6210,4287,chat,27,5,10,1
13332,5961,2648,video_call,39,5,10,1
13333,4874,2848,video_call,33,4,8,1
13334,7674,834,video_call,18,5,10,1
13335,4259,2130,video_call,26,2,4,0
13336,6360,3147,chat,14,1,2,0
13337,2185,238,video_call,26,2,4,0
13338,1968,2295,chat,10,3,6,0
13339,3218,2020,chat,38,5,10,1
13340,5499,1998,chat,11,5,10,1
13341,2505,3808,video_call,35,5,10,1
13342,6849,1903,chat,45,5,10,1
13343,8320,1143,chat,41,1,2,0
13344,1970,3384,chat,38,4,8,1
13345,1867,500,video_call,28,5,10,1
13346,8176,1543,video_call,54,5,10,1
13347,238,489,video_call,19,4,8,1
13348,2856,4548,chat,35,3,6,0
13349,5838,376,chat,32,2,4,0
13350,3165,4442,video_call,10,4,8,1
13351,310,3342,chat,21,5,10,1
13352,5309,2832,chat,9,5,10,1
13353,951,2702,video_call,53,1,2,0
13354,3970,3829,chat,32,2,4,0
13355,1456,4927,chat,37,2,4,0
13356,5315,2903,video_call,51,5,10,1
13357,3665,1272,video_call,57,2,4,0
13358,1479,1841,chat,12,1,2,0
13359,811,4665,chat,34,3,6,0
13360,4152,2769,video_call,58,5,10,1
13361,7789,4328,chat,19,2,4,0
13362,8687,2923,video_call,20,1,2,0
13363,3001,2572,video_call,51,5,10,1
13364,7931,1418,video_call,13,2,4,0
13365,3853,1673,video_call,13,5,10,1
13366,4074,330,video_call,48,5,10,1
13367,8734,3610,chat,26,2,4,0
13368,4211,4520,video_call,17,2,4,0
13369,3803,4544,chat,42,4,8,1
13370,5904,4678,video_call,46,2,4,0
13371,2677,544,video_call,58,2,4,0
13372,5033,2533,chat,42,4,8,1
13373,9848,2673,chat,20,1,2,0
13374,3799,2692,chat,38,5,10,1
13375,5088,1617,video_call,53,2,4,0
13376,2004,4821,chat,19,5,10,1
13377,9330,2816,video_call,11,2,4,0
13378,9095,2115,chat,36,5,10,1
13379,9127,3979,video_call,38,5,10,1
13380,1716,3847,chat,32,5,10,1
13381,4799,2326,chat,34,5,10,1
13382,9627,2439,chat,45,2,4,0
13383,2797,4284,video_call,19,5,10,1
13384,9313,2496,chat,19,1,2,0
13385,7660,4401,video_call,13,4,8,1
13386,8868,3242,video_call,36,1,2,0
13387,7472,3326,video_call,41,2,4,0
13388,5871,205,video_call,41,5,10,1
13389,2313,3296,video_call,56,5,10,1
13390,5236,1791,video_call,35,1,2,0
13391,2011,1141,video_call,42,1,2,0
13392,9217,1188,video_call,30,4,8,1
13393,1464,1411,video_call,31,4,8,1
13394,4685,2739,chat,40,1,2,0
13395,8037,1431,chat,24,2,4,0
13396,3059,2722,chat,39,5,10,1
13397,5566,2624,video_call,34,5,10,1
13398,6866,2426,chat,20,5,10,1
13399,6064,2207,chat,10,5,10,1
13400,3260,2705,video_call,57,4,8,1
13401,3686,943,video_call,45,2,4,0
13402,8830,2643,chat,33,2,4,0
13403,6461,5000,chat,13,4,8,1
13404,2098,4049,chat,14,4,8,1
13405,8904,3259,video_call,45,4,8,1
13406,7725,1204,chat,36,4,8,1
13407,2215,1395,video_call,18,1,2,0
13408,2947,2453,video_call,28,5,10,1
13409,2656,1172,video_call,45,5,10,1
13410,1077,4151,chat,26,5,10,1
13411,7091,1347,chat,11,2,4,0
13412,8031,2849,video_call,12,3,6,0
13413,548,4047,video_call,60,1,2,0
13414,4783,140,video_call,15,3,6,0
13415,9175,1364,video_call,39,2,4,0
13416,1421,4251,video_call,38,5,10,1
13417,2161,4673,video_call,10,4,8,1
13418,2259,1514,chat,29,4,8,1
13419,1008,973,video_call,23,5,10,1
13420,4412,2155,chat,17,5,10,1
13421,6200,2676,chat,38,1,2,0
13422,4861,4741,chat,39,5,10,1
13423,4451,3075,video_call,36,3,6,0
13424,5621,2824,chat,14,2,4,0
13425,9609,3192,video_call,22,1,2,0
13426,5961,1622,chat,43,1,2,0
13427,5041,4395,chat,5,3,6,0
13428,9379,2613,video_call,42,1,2,0
13429,1426,961,video_call,14,3,6,0
13430,9601,540,video_call,32,5,10,1
13431,4472,645,chat,6,1,2,0
13432,1241,1924,chat,5,4,8,1
13433,3524,2749,chat,31,1,2,0
13434,9724,3725,video_call,52,4,8,1
13435,9509,322,chat,33,4,8,1
13436,9897,3613,chat,24,5,10,1
13437,4650,1062,video_call,10,5,10,1
13438,728,3036,chat,33,3,6,0
13439,1300,1745,video_call,12,1,2,0
13440,4935,2301,video_call,34,1,2,0
13441,956,3420,chat,41,4,8,1
13442,8549,819,video_call,47,5,10,1
13443,3329,2226,video_call,19,4,8,1
13444,5283,3535,chat,10,3,6,0
13445,1463,15,chat,16,5,10,1
13446,4470,2283,video_call,18,4,8,1
13447,7603,3914,chat,39,5,10,1
13448,7195,414,chat,31,2,4,0
13449,4447,612,chat,26,4,8,1
13450,1369,238,video_call,17,1,2,0
13451,7647,1941,video_call,15,4,8,1
13452,2324,3199,chat,18,5,10,1
13453,9126,3375,chat,37,5,10,1
13454,6747,1008,video_call,31,5,10,1
13455,4571,3506,video_call,13,2,4,0
13456,3240,4713,video_call,58,1,2,0
13457,9674,3999,chat,43,4,8,1
13458,7681,3571,chat,7,2,4,0
13459,3252,798,chat,24,5,10,1
13460,1847,3677,video_call,51,4,8,1
13461,5578,1434,chat,7,4,8,1
13462,3415,4895,chat,7,3,6,0
13463,9231,2523,chat,15,5,10,1
13464,788,1259,video_call,13,5,10,1
13465,8619,4499,chat,38,4,8,1
13466,598,3650,video_call,37,4,8,1
13467,3007,521,video_call,45,2,4,0
13468,3643,3027,video_call,33,2,4,0
13469,4762,476,video_call,55,5,10,1
13470,3399,4498,video_call,25,5,10,1
13471,4135,497,chat,30,2,4,0
13472,2694,3586,chat,13,1,2,0
13473,6789,4648,video_call,52,3,6,0
13474,1573,3389,chat,6,3,6,0
13475,4144,4244,chat,19,3,6,0
13476,3109,1525,video_call,49,5,10,1
13477,3119,3045,video_call,56,3,6,0
13478,5730,2683,chat,25,5,10,1
13479,9411,1792,video_call,22,2,4,0
13480,4930,1948,video_call,50,5,10,1
13481,7717,446,video_call,43,1,2,0
13482,7703,2953,video_call,36,5,10,1
13483,7823,2226,chat,27,2,4,0
13484,2812,718,video_call,56,2,4,0
13485,260,2725,chat,26,4,8,1
13486,7162,3309,video_call,60,5,10,1
13487,6338,1773,chat,38,5,10,1
13488,6913,4394,video_call,57,5,10,1
13489,4455,1796,video_call,32,4,8,1
13490,2252,223,chat,9,3,6,0
13491,937,4571,video_call,58,5,10,1
13492,8104,1174,chat,26,1,2,0
13493,6060,1451,chat,16,5,10,1
13494,8902,3305,video_call,33,3,6,0
13495,547,1664,chat,17,5,10,1
13496,9087,1847,chat,25,2,4,0
13497,4955,3046,video_call,24,1,2,0
13498,767,2701,video_call,60,5,10,1
13499,8020,673,video_call,36,5,10,1
13500,4901,4993,chat,43,2,4,0
13501,4444,4300,video_call,55,4,8,1
13502,7463,562,chat,30,1,2,0
13503,7364,2098,chat,35,5,10,1
13504,928,1737,video_call,28,5,10,1
13505,2425,4682,video_call,52,4,8,1
13506,5450,2676,video_call,58,4,8,1
13507,7112,1063,chat,32,4,8,1
13508,4136,3598,video_call,17,2,4,0
13509,4562,4904,chat,41,3,6,0
13510,6605,1777,video_call,25,5,10,1
13511,1044,2281,video_call,40,2,4,0
13512,8036,4495,video_call,13,5,10,1
13513,709,3148,video_call,45,5,10,1
13514,7855,3234,chat,21,5,10,1
13515,5881,74,chat,34,5,10,1
13516,2938,3242,video_call,17,5,10,1
13517,3113,4435,video_call,40,4,8,1
13518,8792,1214,video_call,51,3,6,0
13519,5971,3002,video_call,28,2,4,0
13520,2237,1435,chat,24,4,8,1
13521,8432,1729,chat,16,5,10,1
13522,1165,762,chat,31,2,4,0
13523,6079,3783,video_call,47,5,10,1
13524,4930,4215,video_call,48,2,4,0
13525,8358,914,chat,19,2,4,0
13526,2591,1941,chat,14,2,4,0
13527,1742,3385,chat,44,2,4,0
13528,2163,1367,video_call,41,3,6,0
13529,3267,2449,chat,7,3,6,0
13530,8629,1723,video_call,15,1,2,0
13531,8193,2758,chat,41,3,6,0
13532,3699,423,video_call,48,4,8,1
13533,3500,4733,video_call,17,4,8,1
13534,3479,3248,chat,34,1,2,0
13535,6822,3049,chat,14,1,2,0
13536,3899,4459,chat,43,2,4,0
13537,8820,3729,video_call,12,5,10,1
13538,7780,4916,video_call,34,5,10,1
13539,8068,2793,chat,10,5,10,1
13540,6069,3451,video_call,29,1,2,0
13541,844,3879,chat,13,2,4,0
13542,6162,533,video_call,46,3,6,0
13543,9512,696,chat,37,4,8,1
13544,4916,2948,video_call,60,5,10,1
13545,1318,487,chat,15,3,6,0
13546,9766,2298,chat,11,4,8,1
13547,478,714,chat,44,3,6,0
13548,4267,3546,video_call,19,2,4,0
13549,9453,400,chat,5,5,10,1
13550,6152,2269,video_call,39,3,6,0
13551,8042,1534,video_call,11,1,2,0
13552,4634,1684,video_call,42,2,4,0
13553,1564,519,video_call,32,4,8,1
13554,3184,1694,video_call,43,5,10,1
13555,6295,283,chat,44,1,2,0
13556,4326,290,chat,13,2,4,0
13557,5271,3687,chat,20,5,10,1
13558,5357,1408,video_call,56,5,10,1
13559,1231,4123,chat,16,4,8,1
13560,3680,1256,video_call,39,5,10,1
13561,7982,710,video_call,36,4,8,1
13562,619,877,video_call,27,2,4,0
13563,2952,4159,chat,16,5,10,1
13564,2189,4858,chat,27,1,2,0
13565,2143,327,video_call,50,4,8,1
13566,3069,4153,video_call,58,2,4,0
13567,1461,4019,chat,11,2,4,0
13568,5852,2165,chat,21,5,10,1
13569,6300,1486,video_call,10,5,10,1
13570,4053,3403,video_call,12,2,4,0
13571,3726,2586,video_call,42,4,8,1
13572,191,4640,chat,15,1,2,0
13573,9374,2652,video_call,54,5,10,1
13574,7130,578,chat,8,1,2,0
13575,9137,3121,video_call,30,5,10,1
13576,5563,3944,chat,7,2,4,0
13577,2402,1441,chat,41,3,6,0
13578,3332,935,video_call,32,5,10,1
13579,9779,1901,video_call,56,5,10,1
13580,3090,1411,chat,33,5,10,1
13581,1119,3099,video_call,50,4,8,1
13582,7510,2881,video_call,23,4,8,1
13583,590,4971,video_call,15,4,8,1
13584,3649,4727,video_call,50,5,10,1
13585,5804,3840,chat,24,5,10,1
13586,1266,1707,chat,45,4,8,1
13587,3851,2393,video_call,58,5,10,1
13588,5079,3875,video_call,16,2,4,0
13589,1190,3953,video_call,40,2,4,0
13590,9306,4080,video_call,15,2,4,0
13591,3080,2652,video_call,10,4,8,1
13592,6934,4068,chat,13,4,8,1
13593,8267,135,video_call,54,2,4,0
13594,9274,1210,video_call,20,4,8,1
13595,1352,2311,chat,29,5,10,1
13596,2052,2880,video_call,42,3,6,0
13597,4161,434,video_call,60,2,4,0
13598,6735,4424,video_call,46,5,10,1
13599,5679,4471,video_call,45,4,8,1
13600,3892,3076,video_call,32,4,8,1
13601,9055,1337,chat,40,5,10,1
13602,5510,2633,video_call,37,5,10,1
13603,1865,140,chat,33,2,4,0
13604,6152,3406,chat,27,3,6,0
13605,931,1794,chat,27,5,10,1
13606,1724,3304,video_call,20,4,8,1
13607,2531,2671,video_call,54,4,8,1
13608,7894,674,chat,9,4,8,1
13609,9181,3279,video_call,38,5,10,1
13610,6911,217,chat,28,2,4,0
13611,5149,1015,video_call,45,2,4,0
13612,2073,4064,video_call,30,1,2,0
13613,718,3236,video_call,15,1,2,0
13614,4859,3477,video_call,39,5,10,1
13615,4552,2941,chat,28,1,2,0
13616,1557,2574,video_call,24,4,8,1
13617,3835,2702,chat,27,5,10,1
13618,6738,2585,chat,5,5,10,1
13619,1331,3803,video_call,19,5,10,1
13620,5508,2694,chat,38,1,2,0
13621,1192,2187,video_call,37,4,8,1
13622,650,4362,video_call,39,5,10,1
13623,3373,3349,chat,11,1,2,0
13624,3671,2367,video_call,19,4,8,1
13625,1488,1622,video_call,43,5,10,1
13626,943,2051,chat,29,5,10,1
13627,4443,3133,chat,32,2,4,0
13628,8873,4612,video_call,48,5,10,1
13629,8359,339,chat,17,5,10,1
13630,4147,342,chat,24,1,2,0
13631,1099,820,video_call,27,4,8,1
13632,9048,351,chat,9,1,2,0
13633,6553,2663,video_call,51,2,4,0
13634,4657,20,video_call,40,3,6,0
13635,7236,2263,video_call,56,4,8,1
13636,8003,4684,video_call,29,1,2,0
13637,9126,3875,video_call,49,1,2,0
13638,424,1482,video_call,33,4,8,1
13639,8739,275,chat,27,4,8,1
13640,2933,2063,chat,32,2,4,0
13641,2325,2486,video_call,34,5,10,1
13642,2840,1580,video_call,55,4,8,1
13643,3874,2938,video_call,33,4,8,1
13644,3043,3521,video_call,54,1,2,0
13645,861,124,video_call,35,1,2,0
13646,7743,2395,chat,7,1,2,0
13647,3417,2934,video_call,20,5,10,1
13648,8142,920,video_call,31,2,4,0
13649,2523,2610,video_call,22,4,8,1
13650,3101,830,chat,20,5,10,1
13651,8855,3160,chat,44,2,4,0
13652,2340,4492,chat,6,5,10,1
13653,8791,2772,video_call,40,4,8,1
13654,9123,4599,chat,14,4,8,1
13655,936,2638,chat,44,4,8,1
13656,4965,1535,video_call,24,5,10,1
13657,4586,4241,video_call,20,2,4,0
13658,802,495,video_call,30,4,8,1
13659,5880,1655,chat,15,2,4,0
13660,694,2678,video_call,52,4,8,1
13661,3833,2492,chat,40,3,6,0
13662,4525,3444,chat,13,5,10,1
13663,9394,1154,video_call,52,3,6,0
13664,3478,2473,chat,34,2,4,0
13665,928,2985,chat,15,3,6,0
13666,8899,4361,video_call,11,4,8,1
13667,6907,2317,chat,27,1,2,0
13668,1042,4739,video_call,51,5,10,1
13669,9221,1231,chat,9,5,10,1
13670,4019,4924,video_call,52,4,8,1
13671,719,772,video_call,15,5,10,1
13672,2120,2870,chat,14,1,2,0
13673,673,482,video_call,57,5,10,1
13674,109,1366,video_call,60,5,10,1
13675,6203,4384,chat,13,4,8,1
13676,5480,2443,video_call,41,4,8,1
13677,5161,1985,video_call,22,4,8,1
13678,2818,3689,chat,30,4,8,1
13679,5231,4036,video_call,57,3,6,0
13680,7860,1477,video_call,30,5,10,1
13681,7060,855,video_call,29,2,4,0
13682,2074,3997,video_call,55,3,6,0
13683,6049,2993,chat,34,2,4,0
13684,3890,255,video_call,43,4,8,1
13685,2982,1445,video_call,45,3,6,0
13686,9953,241,video_call,60,1,2,0
13687,8377,3728,chat,25,4,8,1
13688,4838,1044,video_call,16,5,10,1
13689,4283,4758,chat,23,5,10,1
13690,1960,2603,chat,23,3,6,0
13691,4784,3737,chat,45,1,2,0
13692,9687,558,chat,11,2,4,0
13693,7630,249,video_call,24,5,10,1
13694,5039,2895,video_call,23,5,10,1
13695,2007,181,video_call,30,3,6,0
13696,2951,2701,chat,32,2,4,0
13697,6141,3824,chat,20,4,8,1
13698,9814,723,video_call,22,5,10,1
13699,7890,1006,video_call,47,1,2,0
13700,7567,75,chat,21,4,8,1
13701,8904,4758,video_call,52,5,10,1
13702,3256,2652,video_call,38,5,10,1
13703,2789,549,video_call,46,3,6,0
13704,7351,2826,chat,41,5,10,1
13705,9255,2573,video_call,36,5,10,1
13706,870,2940,chat,12,5,10,1
13707,8733,1905,chat,18,3,6,0
13708,6705,197,chat,28,3,6,0
13709,7367,2587,video_call,36,4,8,1
13710,7173,2614,video_call,24,2,4,0
13711,6606,4387,chat,17,2,4,0
13712,8382,3207,video_call,17,5,10,1
13713,9455,3336,video_call,37,3,6,0
13714,4784,2001,chat,16,2,4,0
13715,5811,4316,video_call,40,4,8,1
13716,9218,1172,video_call,54,5,10,1
13717,7091,413,chat,26,4,8,1
13718,6708,475,chat,25,1,2,0
13719,720,3548,chat,32,3,6,0
13720,5917,1184,chat,14,2,4,0
13721,1238,1585,video_call,26,5,10,1
13722,9842,3730,video_call,19,5,10,1
13723,7093,1134,video_call,13,2,4,0
13724,2660,4435,chat,23,5,10,1
13725,4325,1613,chat,10,3,6,0
13726,5586,3476,chat,30,5,10,1
13727,1378,2304,chat,23,2,4,0
13728,5567,120,video_call,13,5,10,1
13729,9314,1777,video_call,31,5,10,1
13730,6631,2358,video_call,31,1,2,0
13731,297,1744,video_call,36,2,4,0
13732,8000,500,chat,42,3,6,0
13733,4596,3608,video_call,43,2,4,0
13734,670,1525,video_call,56,5,10,1
13735,6430,466,chat,8,2,4,0
13736,9382,4927,chat,14,3,6,0
13737,4301,3782,video_call,49,4,8,1
13738,4120,386,video_call,36,5,10,1
13739,817,2448,video_call,58,5,10,1
13740,6261,3270,video_call,21,1,2,0
13741,8252,2771,chat,20,2,4,0
13742,2855,4230,video_call,23,2,4,0
13743,1793,3755,chat,42,5,10,1
13744,694,1577,chat,34,3,6,0
13745,2829,2464,chat,24,5,10,1
13746,5607,821,video_call,41,5,10,1
13747,7294,4470,video_call,43,3,6,0
13748,3089,4789,video_call,55,4,8,1
13749,7087,441,chat,17,5,10,1
13750,7985,2265,video_call,18,3,6,0
13751,4717,4770,chat,12,5,10,1
13752,6357,3213,chat,33,4,8,1
13753,7567,4094,video_call,31,2,4,0
13754,6011,326,chat,45,3,6,0
13755,4967,2665,video_call,29,4,8,1
13756,3177,3890,chat,14,5,10,1
13757,538,2628,video_call,47,2,4,0
13758,3167,1786,video_call,31,4,8,1
13759,6792,1884,video_call,11,5,10,1
13760,4219,390,video_call,39,5,10,1
13761,6642,3651,chat,6,5,10,1
13762,81,1355,video_call,40,2,4,0
13763,4906,4591,chat,40,1,2,0
13764,1437,4759,video_call,40,3,6,0
13765,5013,4477,chat,15,1,2,0
13766,1244,1993,chat,27,5,10,1
13767,5548,167,video_call,32,4,8,1
13768,8499,3661,video_call,25,4,8,1
13769,6454,2905,video_call,58,2,4,0
13770,7484,1210,video_call,28,5,10,1
13771,8021,1390,video_call,51,5,10,1
13772,7484,745,video_call,58,5,10,1
13773,3917,3437,video_call,26,1,2,0
13774,3588,1664,chat,32,4,8,1
13775,284,1883,chat,8,5,10,1
13776,8588,3750,chat,38,2,4,0
13777,6292,2383,chat,15,2,4,0
13778,9562,1558,chat,19,5,10,1
13779,1895,2047,video_call,37,4,8,1
13780,5918,1039,video_call,60,5,10,1
13781,5770,2252,video_call,47,2,4,0
13782,3442,1331,chat,32,4,8,1
13783,8986,3038,video_call,35,1,2,0
13784,1150,4622,video_call,39,4,8,1
13785,8737,3834,video_call,45,3,6,0
13786,7690,427,video_call,50,2,4,0
13787,6814,222,video_call,55,5,10,1
13788,9401,4205,video_call,60,2,4,0
13789,2335,4788,video_call,20,2,4,0
13790,242,3349,chat,25,4,8,1
13791,9762,1307,chat,8,5,10,1
13792,4915,1598,chat,25,4,8,1
13793,8723,3235,video_call,50,2,4,0
13794,2077,1340,chat,38,3,6,0
13795,5962,618,chat,11,2,4,0
13796,321,3693,video_call,12,2,4,0
13797,4007,768,chat,16,2,4,0
13798,2882,3247,video_call,50,5,10,1
13799,1770,1897,chat,26,2,4,0
13800,6337,1500,chat,36,2,4,0
13801,4028,694,video_call,27,1,2,0
13802,421,3847,chat,6,3,6,0
13803,1883,2523,video_call,54,4,8,1
13804,4158,4918,chat,35,5,10,1
13805,7956,4070,chat,28,5,10,1
13806,5377,1146,video_call,26,1,2,0
13807,9123,508,chat,18,5,10,1
13808,6188,9,chat,43,3,6,0
13809,5157,877,video_call,33,3,6,0
13810,8851,2011,video_call,48,5,10,1
13811,3398,3745,chat,35,5,10,1
13812,8857,3981,chat,5,2,4,0
13813,5986,486,chat,13,5,10,1
13814,2916,4964,chat,9,5,10,1
13815,8171,1842,video_call,60,4,8,1
13816,7553,4258,chat,44,5,10,1
13817,3378,2305,video_call,58,5,10,1
13818,814,4608,video_call,45,4,8,1
13819,9062,41,chat,15,3,6,0
13820,6204,1403,video_call,60,2,4,0
13821,6531,4179,video_call,57,1,2,0
13822,3616,129,video_call,20,5,10,1
13823,4585,235,video_call,31,5,10,1
13824,9590,372,video_call,52,4,8,1
13825,655,1061,video_call,14,4,8,1
13826,4304,1280,chat,44,4,8,1
13827,9047,2197,chat,19,4,8,1
13828,9639,4222,video_call,12,2,4,0
13829,1584,1637,video_call,52,2,4,0
13830,9840,842,chat,37,1,2,0
13831,9940,2802,chat,31,4,8,1
13832,7346,656,video_call,44,4,8,1
13833,6956,172,video_call,25,2,4,0
13834,5492,2283,video_call,45,3,6,0
13835,735,4286,chat,40,5,10,1
13836,7000,3314,chat,39,3,6,0
13837,2751,785,chat,40,5,10,1
13838,2204,1878,chat,31,2,4,0
13839,6306,3075,video_call,24,2,4,0
13840,1706,1553,chat,25,4,8,1
13841,1934,4001,chat,40,5,10,1
13842,4933,156,chat,14,5,10,1
13843,3376,1724,chat,38,4,8,1
13844,2770,3862,chat,25,2,4,0
13845,8711,4542,chat,43,1,2,0
13846,2156,1988,chat,21,3,6,0
13847,262,2242,chat,33,4,8,1
13848,8194,529,chat,8,5,10,1
13849,3383,2182,video_call,54,5,10,1
13850,6247,4827,video_call,12,4,8,1
13851,6543,3961,video_call,24,1,2,0
13852,1389,2249,video_call,43,5,10,1
13853,1824,1272,video_call,26,5,10,1
13854,464,3005,chat,25,5,10,1
13855,2342,106,video_call,15,4,8,1
13856,4801,4319,video_call,29,5,10,1
13857,7194,2316,video_call,17,2,4,0
13858,8030,2867,video_call,41,4,8,1
13859,2700,4536,video_call,11,5,10,1
13860,1050,4027,chat,22,5,10,1
13861,289,2510,chat,34,4,8,1
13862,9210,2383,video_call,10,4,8,1
13863,6950,3743,video_call,58,3,6,0
13864,9309,2020,chat,15,4,8,1
13865,9092,751,video_call,33,5,10,1
13866,448,4027,chat,19,5,10,1
13867,1199,178,video_call,32,4,8,1
13868,6011,4120,chat,38,3,6,0
13869,526,4133,video_call,32,4,8,1
13870,8684,284,video_call,23,4,8,1
13871,7544,3623,video_call,52,5,10,1
13872,7989,2514,chat,45,1,2,0
13873,1754,2952,video_call,43,4,8,1
13874,2893,1811,chat,35,5,10,1
13875,9106,590,video_call,16,5,10,1
13876,3600,4779,video_call,33,5,10,1
13877,2421,1034,video_call,34,5,10,1
13878,1942,4085,chat,37,4,8,1
13879,6252,2485,video_call,28,5,10,1
13880,8159,2331,chat,16,4,8,1
13881,3607,2406,chat,24,3,6,0
13882,1058,3281,chat,31,5,10,1
13883,8243,2140,chat,29,4,8,1
13884,2864,4820,chat,40,2,4,0
13885,9502,1567,video_call,29,1,2,0
13886,2767,948,video_call,29,2,4,0
13887,2193,1309,video_call,45,5,10,1
13888,5895,2166,chat,23,3,6,0
13889,1065,3185,video_call,24,5,10,1
13890,5749,1252,chat,15,2,4,0
13891,7276,3212,video_call,53,5,10,1
13892,9131,4610,chat,39,4,8,1
13893,6753,2108,chat,44,1,2,0
13894,4276,4045,chat,10,5,10,1
13895,5487,532,chat,10,5,10,1
13896,6500,4379,chat,32,5,10,1
13897,2733,272,chat,21,5,10,1
13898,2799,2560,chat,30,2,4,0
13899,830,2255,video_call,14,1,2,0
13900,9978,2967,chat,25,4,8,1
13901,5157,332,chat,11,1,2,0
13902,2560,2561,chat,5,3,6,0
13903,2703,3863,video_call,37,3,6,0
13904,5101,2733,chat,38,5,10,1
13905,648,4998,chat,9,5,10,1
13906,294,1709,video_call,41,2,4,0
13907,7210,3848,video_call,53,5,10,1
13908,6239,2206,chat,27,5,10,1
13909,8020,313,chat,5,4,8,1
13910,7433,431,video_call,21,3,6,0
13911,485,2653,video_call,37,4,8,1
13912,5129,3420,chat,12,1,2,0
13913,7739,698,chat,11,4,8,1
13914,4856,3274,video_call,60,5,10,1
13915,9492,3810,chat,32,5,10,1
13916,4956,2828,video_call,44,1,2,0
13917,7694,3432,video_call,12,5,10,1
13918,8540,4692,chat,23,1,2,0
13919,5186,4369,video_call,50,2,4,0
13920,8357,4116,chat,24,5,10,1
13921,3962,542,chat,19,5,10,1
13922,5553,1859,chat,27,3,6,0
13923,4716,4512,video_call,19,1,2,0
13924,2282,2444,chat,36,4,8,1
13925,4505,3449,video_call,55,5,10,1
13926,5180,121,video_call,28,2,4,0
13927,8512,2349,chat,22,2,4,0
13928,7097,739,chat,45,2,4,0
13929,5340,190,chat,21,5,10,1
13930,3769,4852,chat,27,4,8,1
13931,5234,1577,video_call,25,2,4,0
13932,343,4857,video_call,30,5,10,1
13933,3754,4085,video_call,53,4,8,1
13934,1912,2183,video_call,43,3,6,0
13935,6298,338,video_call,36,3,6,0
13936,3759,2280,video_call,25,5,10,1
13937,8704,1807,video_call,45,2,4,0
13938,5524,814,chat,26,1,2,0
13939,96,4635,video_call,39,2,4,0
13940,9055,3053,chat,12,3,6,0
13941,5303,1703,video_call,54,1,2,0
13942,5556,1534,video_call,52,5,10,1
13943,7783,3181,chat,18,5,10,1
13944,4542,801,video_call,46,4,8,1
13945,656,99,chat,41,3,6,0
13946,5409,1296,chat,37,4,8,1
13947,1370,4305,video_call,33,3,6,0
13948,2801,1889,chat,41,2,4,0
13949,3872,1477,video_call,42,5,10,1
13950,2636,1943,video_call,23,2,4,0
13951,3123,522,video_call,10,5,10,1
13952,3362,321,video_call,25,5,10,1
13953,4634,3091,video_call,18,5,10,1
13954,9347,4067,video_call,60,1,2,0
13955,8889,2352,video_call,37,4,8,1
13956,4165,1722,video_call,37,1,2,0
13957,11,2101,chat,22,5,10,1
13958,9441,3931,video_call,25,4,8,1
13959,1755,4194,chat,37,5,10,1
13960,843,3599,video_call,50,5,10,1
13961,746,913,video_call,55,5,10,1
13962,7327,3988,video_call,30,2,4,0
13963,5264,4839,video_call,41,1,2,0
13964,1913,1872,video_call,25,3,6,0
13965,3784,966,chat,8,4,8,1
13966,4827,3491,video_call,25,4,8,1
13967,379,2562,chat,41,2,4,0
13968,4640,4048,chat,6,5,10,1
13969,1013,2324,video_call,41,4,8,1
13970,1731,856,video_call,26,3,6,0
13971,8841,3957,chat,45,5,10,1
13972,646,902,chat,34,3,6,0
13973,4047,2313,video_call,60,4,8,1
13974,5475,4723,chat,9,4,8,1
13975,8221,1944,chat,42,5,10,1
13976,4920,3381,video_call,50,4,8,1
13977,1516,2183,video_call,57,5,10,1
13978,8300,2301,video_call,40,3,6,0
13979,1320,4962,chat,14,5,10,1
13980,5208,2752,video_call,38,5,10,1
13981,1028,2461,video_call,60,5,10,1
13982,6487,3548,video_call,37,5,10,1
13983,5517,2930,chat,11,5,10,1
13984,4893,4108,video_call,25,4,8,1
13985,4435,4170,video_call,12,2,4,0
13986,7795,59,video_call,23,2,4,0
13987,9689,1359,chat,40,5,10,1
13988,9829,4391,video_call,35,2,4,0
13989,5841,3727,video_call,50,5,10,1
13990,7190,2862,video_call,26,5,10,1
13991,4703,4226,video_call,31,1,2,0
13992,5805,1201,video_call,48,2,4,0
13993,7157,1778,chat,31,2,4,0
13994,219,2364,video_call,47,4,8,1
13995,3716,4905,chat,17,5,10,1
13996,8467,2469,video_call,26,2,4,0
13997,4013,2115,chat,45,5,10,1
13998,6967,4340,video_call,55,2,4,0
13999,7446,3470,chat,26,5,10,1
14000,5858,4247,chat,44,5,10,1
14001,5892,725,video_call,39,1,2,0
14002,1441,3366,chat,38,4,8,1
14003,6908,2423,video_call,39,3,6,0
14004,6929,3659,video_call,11,4,8,1
14005,2231,298,chat,5,3,6,0
14006,8349,2586,chat,40,5,10,1
14007,3490,2398,video_call,33,3,6,0
14008,678,4886,video_call,30,4,8,1
14009,3971,4577,chat,15,5,10,1
14010,1801,3677,chat,6,4,8,1
14011,1916,1131,chat,7,3,6,0
14012,8804,4634,chat,30,4,8,1
14013,3243,3499,video_call,39,4,8,1
14014,9300,1827,video_call,27,4,8,1
14015,3371,2214,video_call,11,4,8,1
14016,9694,1745,video_call,18,5,10,1
14017,5482,4165,video_call,52,4,8,1
14018,8125,1911,video_call,57,4,8,1
14019,9373,56,chat,40,5,10,1
14020,1308,4243,chat,42,5,10,1
14021,6892,3661,video_call,32,4,8,1
14022,404,4346,chat,17,3,6,0
14023,8718,1576,video_call,23,5,10,1
14024,6106,1087,video_call,42,5,10,1
14025,9433,989,video_call,23,1,2,0
14026,4410,2485,video_call,37,2,4,0
14027,2219,358,chat,39,2,4,0
14028,5930,3920,chat,43,4,8,1
14029,8832,1201,video_call,10,5,10,1
14030,4364,44,video_call,11,2,4,0
14031,4751,303,chat,10,2,4,0
14032,7669,4654,chat,40,4,8,1
14033,7396,2098,chat,14,5,10,1
14034,9588,2609,video_call,31,5,10,1
14035,3101,2792,chat,34,3,6,0
14036,9737,930,video_call,47,2,4,0
14037,7680,821,video_call,26,3,6,0
14038,1594,4845,video_call,39,5,10,1
14039,6980,4444,video_call,38,3,6,0
14040,9936,4516,chat,19,1,2,0
14041,5317,3868,video_call,31,5,10,1
14042,1014,3874,video_call,34,4,8,1
14043,6682,1981,video_call,12,5,10,1
14044,3864,2466,chat,34,2,4,0
14045,7697,4385,chat,8,4,8,1
14046,2949,664,video_call,14,1,2,0
14047,5771,3419,chat,12,3,6,0
14048,1049,1631,video_call,58,2,4,0
14049,4475,3841,video_call,22,5,10,1
14050,8278,4678,video_call,28,4,8,1
14051,2133,3884,video_call,42,4,8,1
14052,2341,884,video_call,55,5,10,1
14053,2535,423,video_call,46,5,10,1
14054,7851,2001,chat,35,1,2,0
14055,6436,1021,chat,25,4,8,1
14056,3956,3680,video_call,60,1,2,0
14057,5163,326,video_call,37,2,4,0
14058,2023,1016,chat,43,1,2,0
14059,4930,98,video_call,24,1,2,0
14060,8069,1487,video_call,55,5,10,1
14061,8251,4965,video_call,34,1,2,0
14062,2329,3754,video_call,55,5,10,1
14063,3334,3579,chat,30,5,10,1
14064,3338,1861,chat,29,2,4,0
14065,6469,4243,video_call,48,5,10,1
14066,8444,3646,video_call,15,5,10,1
14067,2179,26,chat,35,4,8,1
14068,752,4496,chat,26,2,4,0
14069,9563,4041,chat,30,4,8,1
14070,5272,140,chat,24,1,2,0
14071,2829,4126,video_call,52,1,2,0
14072,8911,1670,chat,42,5,10,1
14073,8186,4711,video_call,39,2,4,0
14074,6588,4557,chat,45,5,10,1
14075,6852,4418,chat,6,1,2,0
14076,2530,1905,video_call,18,1,2,0
14077,9007,2451,chat,25,3,6,0
14078,3977,537,chat,5,5,10,1
14079,8117,858,video_call,23,5,10,1
14080,1128,2894,video_call,13,4,8,1
14081,6194,4134,chat,44,5,10,1
14082,5646,1871,video_call,59,1,2,0
14083,3503,209,video_call,46,5,10,1
14084,8562,1836,video_call,53,5,10,1
14085,2314,4984,video_call,29,4,8,1
14086,1946,2772,video_call,34,4,8,1
14087,1523,3709,chat,22,4,8,1
14088,8513,4874,chat,6,5,10,1
14089,6865,1462,video_call,31,4,8,1
14090,3001,4058,video_call,16,1,2,0
14091,9023,4937,chat,30,2,4,0
14092,1641,3978,chat,33,3,6,0
14093,762,2981,chat,5,2,4,0
14094,8811,4061,chat,6,4,8,1
14095,9700,3973,video_call,24,5,10,1
14096,6419,1044,video_call,26,5,10,1
14097,5900,4892,video_call,31,4,8,1
14098,9597,3013,video_call,32,3,6,0
14099,7567,3237,video_call,60,2,4,0
14100,3420,4266,video_call,31,5,10,1
14101,6913,3127,video_call,57,1,2,0
14102,3809,4443,video_call,25,4,8,1
14103,5766,1902,chat,25,5,10,1
14104,3901,829,chat,5,3,6,0
14105,2305,3741,video_call,47,3,6,0
14106,413,334,video_call,47,3,6,0
14107,3201,397,chat,29,5,10,1
14108,1526,1172,chat,39,5,10,1
14109,8280,1611,chat,27,5,10,1
14110,9015,3061,chat,11,4,8,1
14111,7531,2508,video_call,14,4,8,1
14112,8878,2821,video_call,25,3,6,0
14113,1074,494,chat,32,5,10,1
14114,2461,1626,chat,19,5,10,1
14115,9882,4626,video_call,32,5,10,1
14116,1616,4355,video_call,47,5,10,1
14117,2513,3985,chat,11,1,2,0
14118,2224,1753,chat,20,3,6,0
14119,3077,4309,chat,18,4,8,1
14120,5459,3517,chat,28,5,10,1
14121,1074,767,chat,26,4,8,1
14122,7994,885,video_call,16,2,4,0
14123,492,3357,video_call,28,4,8,1
14124,9058,3778,video_call,46,5,10,1
14125,191,3795,chat,8,2,4,0
14126,4079,11,chat,10,5,10,1
14127,2357,1167,video_call,27,4,8,1
14128,8269,3768,video_call,43,5,10,1
14129,2374,1524,video_call,12,3,6,0
14130,7299,4947,video_call,54,5,10,1
14131,6955,3693,chat,27,5,10,1
14132,9499,1076,chat,11,5,10,1
14133,4108,4779,video_call,18,5,10,1
14134,5394,2152,video_call,16,5,10,1
14135,7428,4744,chat,5,2,4,0
14136,7258,4234,video_call,40,4,8,1
14137,6106,610,video_call,22,2,4,0
14138,6425,4038,chat,43,2,4,0
14139,7361,4523,video_call,34,1,2,0
14140,8854,2209,video_call,38,4,8,1
14141,6749,3157,chat,22,5,10,1
14142,6256,4332,video_call,21,5,10,1
14143,9214,898,video_call,12,2,4,0
14144,1807,2565,video_call,59,2,4,0
14145,7765,2325,video_call,49,5,10,1
14146,9683,741,chat,12,4,8,1
14147,5560,1425,chat,27,3,6,0
14148,8725,1863,video_call,22,2,4,0
14149,42,394,video_call,16,5,10,1
14150,5252,1068,chat,9,1,2,0
14151,6681,1281,video_call,46,3,6,0
14152,1057,1262,chat,18,2,4,0
14153,7110,3776,video_call,39,2,4,0
14154,6426,4423,chat,44,4,8,1
14155,2686,4627,video_call,51,2,4,0
14156,6379,876,chat,10,5,10,1
14157,1789,2216,chat,6,2,4,0
14158,3405,4121,chat,32,5,10,1
14159,4900,2460,video_call,47,5,10,1
14160,9567,1439,video_call,12,5,10,1
14161,735,746,video_call,60,5,10,1
14162,4951,4147,video_call,25,5,10,1
14163,2952,2418,video_call,53,5,10,1
14164,7702,1686,video_call,42,5,10,1
14165,8231,2296,chat,39,2,4,0
14166,3426,2090,chat,12,1,2,0
14167,3995,1717,video_call,44,5,10,1
14168,1550,3334,chat,8,4,8,1
14169,7813,2904,video_call,57,5,10,1
14170,7682,3354,video_call,59,5,10,1
14171,1938,3808,chat,28,5,10,1
14172,7377,3263,chat,21,1,2,0
14173,7407,3697,video_call,48,5,10,1
14174,9413,1226,video_call,21,4,8,1
14175,2085,4264,video_call,22,2,4,0
14176,7537,271,chat,35,4,8,1
14177,3130,1113,chat,35,1,2,0
14178,5273,3345,chat,18,5,10,1
14179,4697,3593,chat,8,4,8,1
14180,2547,1071,video_call,16,1,2,0
14181,3530,4296,chat,10,2,4,0
14182,6613,581,video_call,53,5,10,1
14183,7121,4358,video_call,31,4,8,1
14184,982,3018,video_call,59,4,8,1
14185,8298,1671,chat,6,2,4,0
14186,322,330,video_call,27,5,10,1
14187,3428,4327,chat,15,5,10,1
14188,3875,1907,chat,27,2,4,0
14189,4426,3949,chat,21,4,8,1
14190,5269,4686,video_call,24,1,2,0
14191,5611,4814,video_call,46,5,10,1
14192,5490,3707,chat,15,3,6,0
14193,5659,4146,video_call,40,5,10,1
14194,9236,2125,video_call,45,4,8,1
14195,9489,1142,video_call,31,5,10,1
14196,7483,4255,video_call,29,5,10,1
14197,3098,4033,video_call,12,5,10,1
14198,8324,1193,video_call,58,3,6,0
14199,1508,2497,video_call,16,3,6,0
14200,5703,716,video_call,42,1,2,0
14201,2215,1874,chat,19,2,4,0
14202,6035,333,chat,34,5,10,1
14203,8986,3324,video_call,38,3,6,0
14204,6012,921,video_call,34,4,8,1
14205,3072,2341,chat,35,5,10,1
14206,6277,4730,video_call,50,5,10,1
14207,9621,678,chat,21,1,2,0
14208,8262,4707,video_call,51,5,10,1
14209,9189,3351,video_call,21,5,10,1
14210,522,1764,video_call,39,1,2,0
14211,9754,3101,chat,29,5,10,1
14212,1546,2671,video_call,42,4,8,1
14213,8067,4970,video_call,52,4,8,1
14214,3998,4354,video_call,60,3,6,0
14215,3568,3058,video_call,57,1,2,0
14216,4886,4372,chat,25,5,10,1
14217,1585,1131,chat,5,5,10,1
14218,5134,1757,chat,15,5,10,1
14219,3794,4154,video_call,38,2,4,0
14220,9362,3663,chat,43,2,4,0
14221,2947,4602,video_call,47,5,10,1
14222,2829,1314,chat,44,5,10,1
14223,4055,370,video_call,46,5,10,1
14224,8913,580,chat,45,5,10,1
14225,1609,4502,video_call,48,1,2,0
14226,8433,4837,video_call,45,5,10,1
14227,8164,3398,video_call,29,4,8,1
14228,3709,463,video_call,48,3,6,0
14229,6964,4206,video_call,11,3,6,0
14230,6382,3789,chat,19,1,2,0
14231,3905,1679,chat,23,2,4,0
14232,9755,77,chat,22,5,10,1
14233,3172,2078,chat,16,1,2,0
14234,496,3759,video_call,42,3,6,0
14235,5465,3339,video_call,49,4,8,1
14236,7060,2967,video_call,58,5,10,1
14237,6427,2115,chat,36,5,10,1
14238,3078,3148,chat,36,2,4,0
14239,8295,4164,video_call,28,5,10,1
14240,778,1695,video_call,32,2,4,0
14241,1399,4226,chat,21,5,10,1
14242,7389,2524,video_call,43,5,10,1
14243,8176,709,video_call,51,4,8,1
14244,8716,2786,chat,39,2,4,0
14245,8034,4882,video_call,27,3,6,0
14246,1382,4016,chat,22,4,8,1
14247,5448,1707,chat,45,4,8,1
14248,1024,2445,video_call,40,5,10,1
14249,6048,1808,chat,23,4,8,1
14250,2244,188,video_call,16,1,2,0
14251,6439,354,chat,41,4,8,1
14252,9354,4664,chat,40,2,4,0
14253,5555,909,video_call,38,5,10,1
14254,3417,3290,chat,45,4,8,1
14255,6266,3348,video_call,24,2,4,0
14256,7387,3914,video_call,32,4,8,1
14257,5332,1888,chat,23,2,4,0
14258,3755,4854,chat,7,3,6,0
14259,4832,3428,chat,37,4,8,1
14260,7760,4549,chat,20,1,2,0
14261,6202,936,video_call,11,3,6,0
14262,6288,3159,chat,39,4,8,1
14263,5344,3444,video_call,52,5,10,1
14264,521,624,video_call,56,2,4,0
14265,1526,292,video_call,58,5,10,1
14266,4802,500,chat,13,4,8,1
14267,9813,2691,video_call,58,3,6,0
14268,9849,1227,chat,24,5,10,1
14269,2443,119,chat,17,5,10,1
14270,7309,905,chat,42,5,10,1
14271,5683,2636,video_call,53,4,8,1
14272,658,195,chat,39,5,10,1
14273,5009,877,video_call,16,2,4,0
14274,2546,4200,chat,16,2,4,0
14275,9090,4807,chat,34,5,10,1
14276,156,314,chat,40,1,2,0
14277,996,899,chat,16,3,6,0
14278,2222,4403,chat,27,4,8,1
14279,9996,4204,chat,10,2,4,0
14280,2363,2619,video_call,45,4,8,1
14281,8293,701,video_call,49,1,2,0
14282,5045,4888,video_call,57,3,6,0
14283,2021,316,chat,35,5,10,1
14284,7374,1550,video_call,58,5,10,1
14285,2752,3085,chat,5,4,8,1
14286,2431,1370,video_call,19,3,6,0
14287,9602,2140,chat,35,4,8,1
14288,5780,3309,chat,39,4,8,1
14289,8672,2905,video_call,15,1,2,0
14290,2766,4243,video_call,54,5,10,1
14291,6639,3904,chat,13,3,6,0
14292,2689,3712,chat,32,1,2,0
14293,6190,4751,video_call,13,1,2,0
14294,8423,183,chat,25,5,10,1
14295,7860,4081,chat,32,2,4,0
14296,6732,4349,chat,37,4,8,1
14297,7597,2759,chat,12,3,6,0
14298,5281,4072,chat,26,5,10,1
14299,4956,1271,video_call,35,3,6,0
14300,6826,2694,chat,9,4,8,1
14301,89,185,video_call,33,5,10,1
14302,2489,3813,chat,9,5,10,1
14303,1087,4625,chat,21,5,10,1
14304,9737,1057,video_call,15,1,2,0
14305,2573,1381,video_call,46,3,6,0
14306,1139,545,video_call,30,3,6,0
14307,4919,3092,chat,7,5,10,1
14308,6537,4840,chat,38,2,4,0
14309,6123,2393,chat,32,5,10,1
14310,1399,3761,chat,19,2,4,0
14311,592,1802,chat,17,1,2,0
14312,3012,3012,video_call,11,5,10,1
14313,1298,4256,chat,7,3,6,0
14314,6713,2865,video_call,42,3,6,0
14315,1055,3983,chat,39,5,10,1
14316,8973,3886,video_call,23,1,2,0
14317,333,2586,video_call,12,4,8,1
14318,5159,439,video_call,45,5,10,1
14319,56,1071,video_call,44,3,6,0
14320,2357,3875,video_call,31,3,6,0
14321,1009,1217,chat,34,2,4,0
14322,8186,1721,video_call,17,1,2,0
14323,7657,4954,video_call,55,2,4,0
14324,255,1335,chat,34,5,10,1
14325,7249,1801,video_call,49,4,8,1
14326,7176,229,video_call,59,5,10,1
14327,9237,286,video_call,44,4,8,1
14328,9888,4877,video_call,49,3,6,0
14329,9464,852,video_call,13,5,10,1
14330,773,1094,chat,18,5,10,1
14331,8803,609,chat,25,5,10,1
14332,774,3734,chat,40,5,10,1
14333,2344,247,chat,33,5,10,1
14334,8479,1142,chat,38,3,6,0
14335,5787,4169,video_call,14,4,8,1
14336,5363,178,chat,26,1,2,0
14337,6946,632,chat,17,5,10,1
14338,4335,845,chat,14,3,6,0
14339,7854,483,video_call,58,2,4,0
14340,8823,2707,video_call,14,2,4,0
14341,3892,3907,chat,34,4,8,1
14342,8948,4883,video_call,17,2,4,0
14343,4277,2675,video_call,47,1,2,0
14344,6384,4998,chat,21,4,8,1
14345,2387,4554,video_call,10,2,4,0
14346,7669,4556,video_call,41,2,4,0
14347,1301,1336,chat,36,4,8,1
14348,2540,4873,video_call,44,1,2,0
14349,1085,4018,video_call,48,5,10,1
14350,9776,1627,video_call,42,3,6,0
14351,5481,934,chat,41,3,6,0
14352,2411,3708,chat,6,3,6,0
14353,7171,4515,chat,25,5,10,1
14354,8319,2247,chat,31,2,4,0
14355,9062,3385,video_call,53,2,4,0
14356,6921,3042,video_call,18,4,8,1
14357,9309,4946,chat,17,4,8,1
14358,633,2379,chat,17,4,8,1
14359,2401,1740,video_call,28,5,10,1
14360,4371,3544,video_call,57,5,10,1
14361,7173,3079,video_call,31,2,4,0
14362,60,4163,chat,22,2,4,0
14363,6912,2122,video_call,47,4,8,1
14364,2265,2354,video_call,21,5,10,1
14365,531,1069,chat,10,4,8,1
14366,4654,2414,video_call,54,5,10,1
14367,1263,2297,video_call,29,5,10,1
14368,8608,1993,video_call,21,5,10,1
14369,7419,775,video_call,24,5,10,1
14370,5053,1249,chat,22,3,6,0
14371,8783,4933,video_call,36,4,8,1
14372,8188,4013,video_call,24,1,2,0
14373,8142,1013,chat,25,5,10,1
14374,1527,3975,chat,9,4,8,1
14375,2028,73,chat,19,4,8,1
14376,7621,3580,video_call,47,5,10,1
14377,5773,2127,video_call,48,2,4,0
14378,3285,2508,video_call,15,2,4,0
14379,5248,1622,video_call,35,2,4,0
14380,2469,3318,chat,21,2,4,0
14381,5955,681,chat,27,5,10,1
14382,6658,3802,video_call,12,5,10,1
14383,3193,1865,video_call,58,5,10,1
14384,8610,4615,video_call,11,5,10,1
14385,5212,3766,video_call,28,2,4,0
14386,4530,4842,video_call,22,5,10,1
14387,1898,4044,chat,11,4,8,1
14388,6808,1650,video_call,28,4,8,1
14389,113,3292,chat,30,5,10,1
14390,1932,1341,video_call,37,5,10,1
14391,7031,3886,video_call,53,2,4,0
14392,6311,913,video_call,47,5,10,1
14393,3115,1165,video_call,24,5,10,1
14394,168,2204,chat,23,2,4,0
14395,3229,793,video_call,57,4,8,1
14396,6974,4313,video_call,36,1,2,0
14397,4695,4457,chat,38,1,2,0
14398,9274,3772,chat,29,4,8,1
14399,6013,4095,video_call,32,2,4,0
14400,9178,2025,chat,24,2,4,0
14401,5285,4920,video_call,26,5,10,1
14402,9174,2709,video_call,22,4,8,1
14403,4693,609,video_call,35,4,8,1
14404,9848,4556,video_call,46,4,8,1
14405,7188,4563,chat,32,3,6,0
14406,6797,1876,video_call,56,5,10,1
14407,3107,3508,chat,23,3,6,0
14408,480,157,chat,40,1,2,0
14409,6327,1402,video_call,31,5,10,1
14410,1218,665,video_call,44,3,6,0
14411,4915,2126,chat,39,4,8,1
14412,5687,1276,video_call,34,1,2,0
14413,2480,982,chat,41,4,8,1
14414,2008,3581,video_call,21,1,2,0
14415,2041,489,video_call,33,4,8,1
14416,4902,2151,chat,35,4,8,1
14417,5242,102,chat,38,2,4,0
14418,4923,100,chat,39,4,8,1
14419,5157,958,chat,28,4,8,1
14420,1993,3909,video_call,40,4,8,1
14421,6360,2382,video_call,10,1,2,0
14422,401,818,video_call,54,5,10,1
14423,3984,3947,video_call,25,1,2,0
14424,6876,3205,video_call,20,4,8,1
14425,3517,544,chat,25,4,8,1
14426,1614,4400,chat,9,2,4,0
14427,8549,3361,chat,15,1,2,0
14428,9003,1595,chat,35,5,10,1
14429,3517,4085,video_call,23,3,6,0
14430,5225,3546,video_call,19,5,10,1
14431,9233,488,chat,7,5,10,1
14432,6868,1805,chat,15,5,10,1
14433,8612,538,chat,14,5,10,1
14434,4313,1340,chat,11,5,10,1
14435,7696,3278,video_call,11,5,10,1
14436,2238,2256,video_call,39,5,10,1
14437,7151,798,video_call,27,4,8,1
14438,7470,344,video_call,60,2,4,0
14439,8825,915,chat,27,5,10,1
14440,3330,4546,chat,41,5,10,1
14441,5635,3782,video_call,31,3,6,0
14442,7033,2881,chat,17,5,10,1
14443,8291,15,video_call,58,5,10,1
14444,324,1241,video_call,41,2,4,0
14445,6163,1108,video_call,44,2,4,0
14446,9503,3190,video_call,15,5,10,1
14447,2345,1837,video_call,52,5,10,1
14448,1365,153,chat,38,2,4,0
14449,7067,837,video_call,46,5,10,1
14450,7155,1390,video_call,45,5,10,1
14451,31,4777,video_call,32,5,10,1
14452,6365,4091,video_call,47,1,2,0
14453,1092,4259,chat,12,3,6,0
14454,8439,3770,chat,43,4,8,1
14455,4552,569,video_call,51,3,6,0
14456,7610,82,chat,5,4,8,1
14457,2421,429,video_call,45,1,2,0
14458,3522,3157,video_call,18,4,8,1
14459,8363,3325,chat,40,5,10,1
14460,8960,4266,video_call,25,4,8,1
14461,1363,4031,video_call,42,4,8,1
14462,3035,2656,video_call,40,1,2,0
14463,5137,4877,video_call,10,2,4,0
14464,980,4503,video_call,41,5,10,1
14465,5329,2687,chat,27,2,4,0
14466,5973,2203,video_call,19,2,4,0
14467,221,1196,video_call,52,5,10,1
14468,2458,565,video_call,13,4,8,1
14469,4795,2751,video_call,12,1,2,0
14470,3656,2441,chat,35,2,4,0
14471,5042,1813,chat,44,4,8,1
14472,1952,261,chat,22,2,4,0
14473,4812,2379,video_call,23,3,6,0
14474,9395,2610,video_call,32,2,4,0
14475,6690,2677,video_call,31,2,4,0
14476,4716,4860,chat,13,5,10,1
14477,1840,506,video_call,12,3,6,0
14478,759,2923,chat,9,1,2,0
14479,4849,4409,video_call,21,3,6,0
14480,8969,224,video_call,57,5,10,1
14481,8116,1433,video_call,46,5,10,1
14482,9428,3953,video_call,41,4,8,1
14483,6042,2533,video_call,36,3,6,0
14484,4014,889,video_call,14,2,4,0
14485,4392,2212,video_call,55,5,10,1
14486,2480,4366,video_call,52,5,10,1
14487,2413,4609,chat,40,5,10,1
14488,4135,1354,chat,26,4,8,1
14489,3849,4771,video_call,36,4,8,1
14490,6978,62,video_call,20,1,2,0
14491,6091,634,video_call,53,3,6,0
14492,2796,3057,video_call,45,3,6,0
14493,8113,403,chat,29,4,8,1
14494,1636,3392,chat,6,1,2,0
14495,9935,674,video_call,24,4,8,1
14496,176,1352,chat,33,4,8,1
14497,1595,64,chat,40,5,10,1
14498,8491,2365,video_call,55,1,2,0
14499,2796,4293,video_call,49,2,4,0
14500,1075,4582,video_call,57,4,8,1
14501,9220,855,chat,43,3,6,0
14502,3654,4509,video_call,10,3,6,0
14503,6154,3399,video_call,56,1,2,0
14504,4190,754,chat,11,5,10,1
14505,1495,2159,video_call,10,5,10,1
14506,6743,4201,video_call,33,5,10,1
14507,6598,1637,video_call,60,5,10,1
14508,5958,2241,video_call,40,4,8,1
14509,734,3475,video_call,59,1,2,0
14510,3274,2934,video_call,35,4,8,1
14511,4880,3045,video_call,32,4,8,1
14512,4479,4320,chat,7,4,8,1
14513,9205,4912,video_call,52,5,10,1
14514,8058,2559,chat,17,4,8,1
14515,1992,1885,chat,7,5,10,1
14516,162,2287,video_call,31,5,10,1
14517,8459,3363,chat,11,5,10,1
14518,6281,1136,video_call,58,4,8,1
14519,2836,2618,chat,14,3,6,0
14520,5708,3917,chat,5,3,6,0
14521,2312,3911,video_call,37,5,10,1
14522,4578,4906,video_call,26,5,10,1
14523,8882,491,chat,27,1,2,0
14524,5946,4469,chat,28,5,10,1
14525,2619,440,chat,18,1,2,0
14526,7145,3598,chat,17,1,2,0
14527,1018,3011,video_call,40,3,6,0
14528,4561,1782,video_call,49,5,10,1
14529,6373,4703,chat,37,1,2,0
14530,2246,813,chat,30,2,4,0
14531,3987,881,chat,5,5,10,1
14532,6002,1479,video_call,23,2,4,0
14533,2502,159,video_call,42,2,4,0
14534,4855,2926,video_call,47,1,2,0
14535,7273,186,video_call,14,4,8,1
14536,2809,3557,video_call,18,3,6,0
14537,7188,3005,video_call,12,4,8,1
14538,7685,103,video_call,50,3,6,0
14539,3002,4977,video_call,59,5,10,1
14540,7378,3754,video_call,20,5,10,1
14541,3247,1476,chat,43,2,4,0
14542,5169,3110,chat,43,1,2,0
14543,3121,3284,chat,21,4,8,1
14544,7919,4842,video_call,12,2,4,0
14545,3287,1016,video_call,44,3,6,0
14546,2965,4495,chat,34,2,4,0
14547,9323,3760,chat,42,2,4,0
14548,1736,2179,chat,45,3,6,0
14549,8779,3151,video_call,52,4,8,1
14550,5790,1684,video_call,20,4,8,1
14551,4310,1738,chat,44,1,2,0
14552,2021,4441,video_call,51,3,6,0
14553,7786,117,video_call,40,3,6,0
14554,2337,4863,chat,24,4,8,1
14555,4120,1082,video_call,47,3,6,0
14556,345,3484,video_call,58,4,8,1
14557,782,357,chat,27,2,4,0
14558,2332,4317,video_call,32,5,10,1
14559,3443,4690,chat,8,5,10,1
14560,7963,3274,chat,36,4,8,1
14561,998,10,video_call,50,1,2,0
14562,334,2347,video_call,34,1,2,0
14563,4890,4083,chat,16,3,6,0
14564,3491,1558,video_call,22,5,10,1
14565,5244,2758,video_call,11,4,8,1
14566,6287,4248,video_call,46,3,6,0
14567,1033,1685,video_call,46,3,6,0
14568,7039,813,video_call,57,4,8,1
14569,1586,339,chat,37,1,2,0
14570,6951,4556,chat,31,1,2,0
14571,9420,230,chat,18,1,2,0
14572,1158,725,video_call,38,4,8,1
14573,4366,863,chat,17,2,4,0
14574,1105,2385,chat,5,4,8,1
14575,6194,823,chat,45,3,6,0
14576,4299,4162,video_call,46,2,4,0
14577,7930,1231,chat,24,5,10,1
14578,3340,3166,chat,20,5,10,1
14579,3660,4723,chat,11,3,6,0
14580,8713,3263,chat,10,5,10,1
14581,4683,1916,chat,23,4,8,1
14582,2947,1953,chat,21,5,10,1
14583,9772,1541,video_call,27,4,8,1
14584,6219,906,video_call,26,5,10,1
14585,7124,4230,chat,45,1,2,0
14586,7498,4016,chat,17,4,8,1
14587,784,1319,chat,38,4,8,1
14588,7870,4259,chat,33,1,2,0
14589,3906,4336,video_call,59,5,10,1
14590,7730,1736,chat,12,5,10,1
14591,7191,1906,video_call,25,1,2,0
14592,9044,1672,video_call,16,4,8,1
14593,6813,3983,video_call,15,5,10,1
14594,5854,4695,video_call,20,4,8,1
14595,7923,1111,video_call,47,1,2,0
14596,5702,3640,chat,41,2,4,0
14597,9899,4970,video_call,45,4,8,1
14598,3856,3297,chat,20,1,2,0
14599,2905,3509,video_call,37,4,8,1
14600,3698,641,video_call,24,4,8,1
14601,2131,327,chat,14,4,8,1
14602,5691,4944,video_call,47,4,8,1
14603,5239,835,video_call,54,5,10,1
14604,6072,4699,chat,36,5,10,1
14605,926,4537,video_call,47,3,6,0
14606,8194,4832,chat,15,4,8,1
14607,1391,2702,video_call,18,5,10,1
14608,1594,2670,chat,37,5,10,1
14609,2665,3759,video_call,24,5,10,1
14610,7164,3404,chat,40,2,4,0
14611,3358,4052,video_call,47,4,8,1
14612,3036,2131,chat,20,5,10,1
14613,2628,3525,chat,5,2,4,0
14614,8484,1997,video_call,43,1,2,0
14615,9564,566,video_call,46,3,6,0
14616,8092,2567,chat,22,5,10,1
14617,1367,1017,chat,42,5,10,1
14618,1723,2049,video_call,13,4,8,1
14619,5218,3222,video_call,22,4,8,1
14620,9368,2882,video_call,27,5,10,1
14621,7425,2909,video_call,31,4,8,1
14622,2533,157,video_call,24,5,10,1
14623,2023,4335,chat,26,5,10,1
14624,2230,3298,chat,29,1,2,0
14625,2482,167,chat,7,1,2,0
14626,9414,2020,chat,26,4,8,1
14627,5362,4390,video_call,24,2,4,0
14628,5876,3957,video_call,25,2,4,0
14629,5056,4070,video_call,54,5,10,1
14630,1810,4864,video_call,56,1,2,0
14631,780,2670,chat,23,3,6,0
14632,4784,4844,chat,23,5,10,1
14633,4606,266,chat,35,1,2,0
14634,8632,1526,video_call,55,5,10,1
14635,7982,1494,chat,27,1,2,0
14636,5845,4563,chat,31,3,6,0
14637,6995,793,video_call,57,5,10,1
14638,5160,992,video_call,50,5,10,1
14639,4478,248,chat,43,2,4,0
14640,996,4491,video_call,47,5,10,1
14641,6216,662,chat,13,2,4,0
14642,6615,1521,video_call,19,2,4,0
14643,3265,3225,video_call,40,5,10,1
14644,5960,1411,chat,9,1,2,0
14645,2195,972,video_call,36,4,8,1
14646,6629,4774,video_call,54,3,6,0
14647,1827,4782,chat,25,4,8,1
14648,6919,3398,video_call,17,1,2,0
14649,1493,3499,chat,17,4,8,1
14650,6232,4871,chat,7,5,10,1
14651,1199,4027,video_call,14,4,8,1
14652,1210,4621,chat,26,2,4,0
14653,1238,1311,chat,10,5,10,1
14654,7111,4172,video_call,51,3,6,0
14655,4082,4078,video_call,15,1,2,0
14656,1016,1740,chat,11,5,10,1
14657,3676,4657,video_call,29,2,4,0
14658,5508,454,chat,35,5,10,1
14659,8315,4660,video_call,14,1,2,0
14660,5905,4955,video_call,27,5,10,1
14661,4805,4154,chat,27,2,4,0
14662,9794,2586,video_call,59,5,10,1
14663,8002,4196,video_call,16,5,10,1
14664,460,3524,video_call,38,5,10,1
14665,2153,3545,video_call,12,4,8,1
14666,3977,2257,video_call,35,5,10,1
14667,6708,2076,chat,43,3,6,0
14668,3374,1933,chat,21,5,10,1
14669,2970,1864,chat,27,3,6,0
14670,2541,4291,video_call,25,4,8,1
14671,9090,954,chat,35,1,2,0
14672,8795,3062,video_call,48,5,10,1
14673,8430,2886,video_call,54,3,6,0
14674,2057,2338,video_call,12,4,8,1
14675,6063,1171,video_call,16,1,2,0
14676,3681,2341,chat,6,5,10,1
14677,7442,4884,video_call,16,2,4,0
14678,6013,1030,chat,12,4,8,1
14679,8630,4687,video_call,35,3,6,0
14680,6662,2520,chat,37,5,10,1
14681,2916,2723,video_call,45,2,4,0
14682,4215,1191,chat,31,5,10,1
14683,5706,1069,chat,22,4,8,1
14684,2991,1312,chat,6,3,6,0
14685,8829,848,chat,22,3,6,0
14686,8585,749,video_call,60,5,10,1
14687,3132,2045,video_call,21,5,10,1
14688,553,2345,video_call,18,2,4,0
14689,3004,69,chat,19,5,10,1
14690,7422,1922,video_call,46,2,4,0
14691,2699,4834,video_call,43,1,2,0
14692,9089,1634,video_call,57,4,8,1
14693,90,4279,chat,38,2,4,0
14694,45,3336,chat,21,1,2,0
14695,7865,759,video_call,51,4,8,1
14696,1610,948,video_call,15,5,10,1
14697,5171,3483,video_call,12,1,2,0
14698,5393,343,chat,43,4,8,1
14699,8629,2731,chat,35,2,4,0
14700,5922,4058,chat,43,5,10,1
14701,490,419,video_call,27,2,4,0
14702,3444,1022,video_call,43,5,10,1
14703,1576,2214,video_call,49,5,10,1
14704,9427,2802,chat,14,5,10,1
14705,3729,3621,video_call,35,5,10,1
14706,7811,3298,video_call,55,1,2,0
14707,7710,3061,chat,5,4,8,1
14708,8991,4881,video_call,32,1,2,0
14709,3958,3749,chat,26,4,8,1
14710,6720,860,chat,13,5,10,1
14711,3295,4137,chat,31,4,8,1
14712,2007,4438,video_call,60,1,2,0
14713,4949,1725,chat,28,2,4,0
14714,4106,3578,video_call,38,3,6,0
14715,2731,4468,chat,19,5,10,1
14716,6170,4413,chat,31,3,6,0
14717,6886,4530,video_call,19,1,2,0
14718,9654,2956,chat,27,2,4,0
14719,1636,1935,video_call,40,3,6,0
14720,1817,4743,video_call,60,4,8,1
14721,1551,4199,chat,21,3,6,0
14722,9500,698,chat,19,2,4,0
14723,8387,1598,chat,6,5,10,1
14724,2331,3483,chat,23,3,6,0
14725,3356,4651,chat,13,2,4,0
14726,7923,3000,chat,45,5,10,1
14727,233,2178,chat,45,5,10,1
14728,33,1193,chat,23,5,10,1
14729,9649,2820,chat,32,4,8,1
14730,3931,3905,chat,41,3,6,0
14731,8535,519,video_call,23,5,10,1
14732,4978,3478,chat,44,4,8,1
14733,9685,4991,chat,15,5,10,1
14734,8328,3116,video_call,18,3,6,0
14735,2824,3198,video_call,11,2,4,0
14736,1412,2974,video_call,32,1,2,0
14737,3550,899,chat,40,4,8,1
14738,2514,2128,video_call,33,1,2,0
14739,4438,2542,chat,38,3,6,0
14740,8463,599,chat,27,5,10,1
14741,1608,217,video_call,46,1,2,0
14742,3875,1695,chat,36,2,4,0
14743,5529,1491,chat,7,1,2,0
14744,2463,2232,video_call,34,3,6,0
14745,4854,299,video_call,25,1,2,0
14746,3727,4111,video_call,23,4,8,1
14747,5357,536,chat,35,4,8,1
14748,3825,1003,chat,18,5,10,1
14749,959,3811,video_call,22,2,4,0
14750,1372,2766,video_call,54,2,4,0
14751,5493,3094,chat,33,4,8,1
14752,6398,1923,chat,16,2,4,0
14753,8705,1147,video_call,31,1,2,0
14754,8884,2473,video_call,36,4,8,1
14755,6257,2402,video_call,40,5,10,1
14756,6771,4979,video_call,43,4,8,1
14757,7630,2892,chat,5,3,6,0
14758,4696,3006,chat,21,4,8,1
14759,681,1510,video_call,10,3,6,0
14760,3483,2804,chat,15,2,4,0
14761,1902,3956,chat,36,1,2,0
14762,1129,3861,video_call,42,5,10,1
14763,1668,233,chat,11,5,10,1
14764,3160,4970,video_call,33,4,8,1
14765,2508,3197,chat,20,5,10,1
14766,2157,4048,chat,15,1,2,0
14767,5571,1336,chat,12,4,8,1
14768,1548,813,chat,8,5,10,1
14769,6100,4873,video_call,19,2,4,0
14770,2684,660,video_call,22,4,8,1
14771,1016,3702,video_call,33,5,10,1
14772,2914,1744,video_call,44,4,8,1
14773,947,2393,chat,7,5,10,1
14774,405,1777,chat,10,5,10,1
14775,3599,3126,chat,34,1,2,0
14776,7830,68,video_call,17,3,6,0
14777,4468,557,video_call,19,3,6,0
14778,6100,4230,video_call,20,5,10,1
14779,5124,4321,chat,22,4,8,1
14780,4785,2044,video_call,41,5,10,1
14781,4842,2952,video_call,45,5,10,1
14782,2826,2681,video_call,44,5,10,1
14783,4808,3735,chat,12,4,8,1
14784,5161,4414,chat,40,5,10,1
14785,3617,3673,video_call,34,1,2,0
14786,1100,1402,video_call,45,4,8,1
14787,6947,3496,chat,35,4,8,1
14788,2483,4033,chat,41,5,10,1
14789,5372,2115,chat,30,5,10,1
14790,532,3707,video_call,54,2,4,0
14791,2456,4743,video_call,55,3,6,0
14792,6089,725,video_call,48,4,8,1
14793,8471,1567,video_call,22,5,10,1
14794,6242,1222,video_call,45,4,8,1
14795,4004,88,video_call,53,4,8,1
14796,4750,1328,chat,10,1,2,0
14797,2798,4676,video_call,39,2,4,0
14798,1891,928,video_call,29,4,8,1
14799,6940,2602,video_call,54,2,4,0
14800,6992,1425,video_call,50,1,2,0
14801,5595,353,chat,33,5,10,1
14802,1071,2273,video_call,12,4,8,1
14803,841,4501,chat,32,1,2,0
14804,275,1100,video_call,13,2,4,0
14805,3001,245,chat,6,3,6,0
14806,7219,3075,chat,11,2,4,0
14807,5931,4440,chat,14,1,2,0
14808,5991,2168,chat,28,5,10,1
14809,8264,4072,chat,32,3,6,0
14810,2648,195,video_call,59,2,4,0
14811,1649,4867,chat,5,4,8,1
14812,9992,3382,chat,5,2,4,0
14813,1050,1668,chat,12,2,4,0
14814,804,1706,chat,45,4,8,1
14815,8772,4147,chat,32,3,6,0
14816,3218,1297,video_call,44,2,4,0
14817,7452,4426,video_call,17,5,10,1
14818,3966,2651,video_call,32,1,2,0
14819,8385,760,chat,42,2,4,0
14820,6082,2219,chat,22,3,6,0
14821,1552,140,video_call,39,2,4,0
14822,4149,528,video_call,30,5,10,1
14823,2194,3993,chat,29,4,8,1
14824,490,1136,chat,25,3,6,0
14825,5129,4072,chat,41,1,2,0
14826,6492,4017,chat,11,3,6,0
14827,7860,3596,video_call,26,5,10,1
14828,2115,842,video_call,44,4,8,1
14829,9290,2667,chat,11,2,4,0
14830,6069,206,chat,25,5,10,1
14831,9130,2811,video_call,41,3,6,0
14832,9043,3181,video_call,22,1,2,0
14833,2637,3228,chat,18,2,4,0
14834,5453,1626,video_call,53,5,10,1
14835,9130,2477,chat,8,4,8,1
14836,4246,2756,video_call,43,5,10,1
14837,9678,1397,chat,27,2,4,0
14838,6772,4161,video_call,16,5,10,1
14839,9560,4770,video_call,10,5,10,1
14840,9606,76,video_call,10,5,10,1
14841,5419,1105,video_call,58,5,10,1
14842,1177,875,chat,6,2,4,0
14843,6898,2848,chat,30,4,8,1
14844,2247,3702,video_call,37,1,2,0
14845,5508,123,chat,29,5,10,1
14846,5290,1241,chat,31,4,8,1
14847,8597,1351,video_call,33,5,10,1
14848,3983,1923,chat,10,2,4,0
14849,6840,97,video_call,13,3,6,0
14850,762,1528,video_call,21,1,2,0
14851,4188,1206,chat,25,1,2,0
14852,7178,3421,video_call,27,5,10,1
14853,3635,4061,video_call,21,5,10,1
14854,8747,4743,video_call,59,1,2,0
14855,5672,262,video_call,39,4,8,1
14856,6422,3684,video_call,26,5,10,1
14857,204,517,video_call,25,4,8,1
14858,5044,2961,chat,22,5,10,1
14859,8312,1271,video_call,57,5,10,1
14860,149,3671,chat,13,5,10,1
14861,115,255,chat,39,4,8,1
14862,2830,1675,chat,16,1,2,0
14863,5325,897,video_call,17,2,4,0
14864,8151,2292,chat,42,5,10,1
14865,2235,1025,video_call,53,3,6,0
14866,523,2464,chat,8,4,8,1
14867,4480,3833,video_call,45,3,6,0
14868,3548,1636,chat,5,4,8,1
14869,9910,1832,chat,17,5,10,1
14870,8982,3557,video_call,57,1,2,0
14871,4089,3614,video_call,58,3,6,0
14872,1673,4551,chat,18,4,8,1
14873,9138,3341,video_call,38,4,8,1
14874,4245,4794,chat,26,5,10,1
14875,3945,1461,video_call,14,3,6,0
14876,4723,2569,video_call,31,3,6,0
14877,6186,1271,chat,25,5,10,1
14878,3657,1235,video_call,18,5,10,1
14879,3893,435,video_call,26,1,2,0
14880,1424,791,video_call,50,2,4,0
14881,4838,2489,video_call,51,2,4,0
14882,9416,3278,chat,14,1,2,0
14883,879,425,video_call,46,5,10,1
14884,9815,2373,chat,17,1,2,0
14885,571,170,video_call,44,2,4,0
14886,6131,1297,chat,29,4,8,1
14887,6848,2720,video_call,53,4,8,1
14888,1597,1166,video_call,36,5,10,1
14889,3472,2098,video_call,41,4,8,1
14890,7223,1832,video_call,12,4,8,1
14891,6485,720,video_call,48,2,4,0
14892,7353,819,chat,7,5,10,1
14893,1697,2849,chat,9,1,2,0
14894,1277,3865,chat,11,1,2,0
14895,8061,3487,chat,22,4,8,1
14896,5540,139,chat,28,4,8,1
14897,2978,3415,video_call,35,4,8,1
14898,8542,21,video_call,23,1,2,0
14899,2238,1973,chat,37,3,6,0
14900,9637,3849,video_call,45,5,10,1
14901,2099,1219,chat,37,4,8,1
14902,6249,2470,chat,36,3,6,0
14903,9392,42,chat,38,1,2,0
14904,4051,3700,chat,23,5,10,1
14905,1384,4878,video_call,59,1,2,0
14906,9300,1163,video_call,12,2,4,0
14907,6035,481,chat,8,5,10,1
14908,8294,4954,video_call,15,5,10,1
14909,7995,2423,video_call,20,5,10,1
14910,7863,1766,video_call,40,1,2,0
14911,4491,1810,chat,39,3,6,0
14912,6693,3807,video_call,10,4,8,1
14913,3536,1721,video_call,49,2,4,0
14914,1478,3970,video_call,36,3,6,0
14915,6138,2329,chat,43,2,4,0
14916,4323,1646,chat,44,5,10,1
14917,6924,4683,chat,22,5,10,1
14918,7828,1021,video_call,16,1,2,0
14919,8649,2823,video_call,42,5,10,1
14920,163,1939,video_call,13,1,2,0
14921,6741,3101,video_call,51,2,4,0
14922,158,1426,chat,30,5,10,1
14923,1025,4255,chat,42,5,10,1
14924,2770,563,video_call,55,5,10,1
14925,6278,2313,video_call,39,5,10,1
14926,1638,3410,video_call,14,5,10,1
14927,680,4844,video_call,39,5,10,1
14928,4720,2984,video_call,45,4,8,1
14929,8794,4105,chat,38,5,10,1
14930,1278,3227,video_call,32,5,10,1
14931,8007,1505,chat,12,5,10,1
14932,6197,505,chat,5,2,4,0
14933,2210,1485,chat,12,4,8,1
14934,7149,4683,video_call,43,5,10,1
14935,2715,4574,chat,45,5,10,1
14936,4784,563,chat,17,5,10,1
14937,6971,28,video_call,44,3,6,0
14938,7143,1222,chat,26,4,8,1
14939,905,1301,chat,43,1,2,0
14940,4210,2216,chat,15,5,10,1
14941,3010,1073,video_call,32,2,4,0
14942,9506,3938,video_call,18,2,4,0
14943,9419,3692,chat,44,5,10,1
14944,8863,2082,video_call,10,5,10,1
14945,2554,1492,chat,40,2,4,0
14946,487,3568,chat,6,4,8,1
14947,4384,4015,video_call,26,5,10,1
14948,3103,2988,chat,42,4,8,1
14949,44,3189,video_call,34,3,6,0
14950,1218,3103,chat,6,5,10,1
14951,8225,1586,video_call,46,4,8,1
14952,9884,1118,video_call,20,5,10,1
14953,6014,2967,video_call,45,5,10,1
14954,2782,272,video_call,46,4,8,1
14955,9206,2597,video_call,38,5,10,1
14956,1344,985,video_call,25,1,2,0
14957,5204,1943,video_call,49,5,10,1
14958,4488,4699,chat,31,5,10,1
14959,9652,4897,chat,34,1,2,0
14960,4523,4776,video_call,43,2,4,0
14961,977,2296,video_call,40,3,6,0
14962,3930,3818,chat,18,5,10,1
14963,6284,3664,video_call,56,3,6,0
14964,5870,1838,video_call,34,4,8,1
14965,9223,961,chat,29,5,10,1
14966,3894,4710,chat,27,4,8,1
14967,3531,4563,video_call,55,2,4,0
14968,5811,2203,chat,34,2,4,0
14969,3974,2956,video_call,48,3,6,0
14970,551,670,video_call,49,4,8,1
14971,2439,760,chat,28,4,8,1
14972,5739,672,video_call,48,5,10,1
14973,2464,4338,chat,30,1,2,0
14974,2599,319,video_call,29,2,4,0
14975,1873,1716,chat,10,1,2,0
14976,2238,1693,video_call,42,3,6,0
14977,3972,3190,chat,11,5,10,1
14978,4155,848,chat,8,3,6,0
14979,7640,3174,chat,33,5,10,1
14980,5347,763,video_call,17,3,6,0
14981,9002,2611,chat,15,5,10,1
14982,10,823,chat,11,4,8,1
14983,2392,1548,video_call,45,3,6,0
14984,2740,2082,video_call,57,4,8,1
14985,1801,3247,chat,16,5,10,1
14986,130,1044,video_call,39,4,8,1
14987,5739,1994,chat,19,5,10,1
14988,7524,621,video_call,40,5,10,1
14989,5549,2588,video_call,37,3,6,0
14990,8964,2443,video_call,20,5,10,1
14991,3455,4786,video_call,20,2,4,0
14992,1270,2735,video_call,41,2,4,0
14993,4129,3066,chat,44,2,4,0
14994,6210,4318,chat,32,5,10,1
14995,4093,2560,chat,28,1,2,0
14996,34,2605,video_call,16,5,10,1
14997,8533,1516,chat,42,4,8,1
14998,2490,3289,chat,19,5,10,1
14999,295,3301,chat,41,5,10,1
15000,8469,3979,video_call,13,5,10,1
15001,3576,2422,chat,44,5,10,1
15002,520,3784,video_call,10,5,10,1
15003,1566,1527,video_call,23,3,6,0
15004,8928,4925,video_call,37,4,8,1
15005,8040,3930,video_call,59,2,4,0
15006,6144,4875,chat,30,5,10,1
15007,3176,862,video_call,33,1,2,0
15008,3503,4331,chat,30,1,2,0
15009,4030,1811,video_call,10,1,2,0
15010,9318,4592,chat,35,5,10,1
15011,7977,2141,video_call,20,3,6,0
15012,1736,1614,video_call,35,1,2,0
15013,6398,2705,video_call,52,3,6,0
15014,5694,4945,chat,28,5,10,1
15015,3972,3327,chat,26,4,8,1
15016,6268,570,chat,24,5,10,1
15017,554,1273,chat,36,3,6,0
15018,2297,1068,video_call,55,1,2,0
15019,992,600,video_call,39,1,2,0
15020,5117,3136,chat,19,2,4,0
15021,6587,511,video_call,51,3,6,0
15022,6018,2210,chat,28,4,8,1
15023,173,4640,video_call,10,1,2,0
15024,6130,2564,chat,14,1,2,0
15025,3906,2741,chat,16,5,10,1
15026,4312,2077,chat,21,1,2,0
15027,821,2156,chat,20,3,6,0
15028,3560,2971,video_call,25,5,10,1
15029,1806,1072,video_call,17,5,10,1
15030,5415,1271,chat,41,4,8,1
15031,3946,771,chat,24,5,10,1
15032,4944,730,video_call,50,3,6,0
15033,724,1191,video_call,50,5,10,1
15034,6542,2987,chat,7,4,8,1
15035,9019,373,video_call,45,2,4,0
15036,7588,3762,video_call,23,2,4,0
15037,4479,4016,video_call,25,4,8,1
15038,9820,846,video_call,37,5,10,1
15039,3673,431,chat,7,1,2,0
15040,9287,3633,chat,15,5,10,1
15041,7626,2451,video_call,20,5,10,1
15042,8805,441,video_call,28,5,10,1
15043,453,487,video_call,37,4,8,1
15044,1915,1552,video_call,51,5,10,1
15045,9394,3276,video_call,34,4,8,1
15046,8252,2749,video_call,45,5,10,1
15047,1526,1723,video_call,22,5,10,1
15048,9451,63,video_call,39,4,8,1
15049,2030,2859,chat,16,5,10,1
15050,3099,123,chat,11,5,10,1
15051,7024,4554,video_call,43,1,2,0
15052,1215,4505,video_call,38,5,10,1
15053,3479,825,chat,10,3,6,0
15054,178,4856,video_call,12,2,4,0
15055,3842,76,video_call,60,5,10,1
15056,2829,2055,chat,28,5,10,1
15057,6280,3267,video_call,11,2,4,0
15058,9437,4680,video_call,49,2,4,0
15059,4568,4706,chat,17,1,2,0
15060,1202,1580,video_call,58,5,10,1
15061,5510,746,chat,41,5,10,1
15062,6013,4102,video_call,25,5,10,1
15063,304,352,chat,25,5,10,1
15064,9524,4057,video_call,49,5,10,1
15065,9492,986,chat,10,1,2,0
15066,7568,1437,video_call,41,2,4,0
15067,7680,3918,video_call,47,3,6,0
15068,4863,2180,video_call,54,2,4,0
15069,5244,471,chat,45,4,8,1
15070,5310,224,video_call,39,5,10,1
15071,4954,3262,video_call,12,1,2,0
15072,3832,667,video_call,38,5,10,1
15073,8328,4550,video_call,18,1,2,0
15074,1506,4969,chat,22,5,10,1
15075,5129,38,chat,37,5,10,1
15076,1463,2502,chat,42,5,10,1
15077,6571,3282,video_call,21,2,4,0
15078,1083,304,video_call,23,2,4,0
15079,3240,1139,chat,6,5,10,1
15080,6562,4838,video_call,52,2,4,0
15081,7915,222,chat,28,5,10,1
15082,2735,1637,chat,10,3,6,0
15083,3116,2970,video_call,53,2,4,0
15084,7804,921,video_call,42,5,10,1
15085,1021,2242,chat,45,4,8,1
15086,7073,2070,chat,40,2,4,0
15087,6589,2159,video_call,21,5,10,1
15088,5327,3086,chat,14,3,6,0
15089,7708,4159,video_call,44,5,10,1
15090,9209,3607,chat,32,4,8,1
15091,4759,817,video_call,20,4,8,1
15092,4502,3387,chat,40,5,10,1
15093,3919,1272,video_call,40,1,2,0
15094,2390,2708,chat,36,5,10,1
15095,1277,1362,video_call,30,4,8,1
15096,9807,4227,chat,12,2,4,0
15097,6354,4829,chat,6,4,8,1
15098,2371,2636,video_call,27,5,10,1
15099,2744,3147,video_call,37,3,6,0
15100,9156,531,chat,28,1,2,0
15101,1032,1363,chat,23,2,4,0
15102,6607,4800,chat,29,2,4,0
15103,5716,1575,chat,45,3,6,0
15104,747,2670,video_call,45,5,10,1
15105,5515,4278,video_call,20,4,8,1
15106,1115,4878,chat,16,1,2,0
15107,8818,504,video_call,46,5,10,1
15108,8041,4330,video_call,31,5,10,1
15109,3991,1561,chat,29,5,10,1
15110,162,954,chat,5,4,8,1
15111,7903,4369,video_call,11,2,4,0
15112,4221,3778,video_call,57,4,8,1
15113,8532,2127,chat,44,5,10,1
15114,1755,2084,chat,24,5,10,1
15115,2840,2117,video_call,16,4,8,1
15116,7255,3525,video_call,43,2,4,0
15117,6589,2394,video_call,49,1,2,0
15118,3759,1516,video_call,53,4,8,1
15119,2461,622,video_call,49,1,2,0
15120,6477,1881,video_call,35,3,6,0
15121,4444,3011,chat,45,2,4,0
15122,5395,3353,chat,12,1,2,0
15123,6525,2080,video_call,55,4,8,1
15124,209,2301,chat,17,4,8,1
15125,5497,4755,video_call,51,1,2,0
15126,6879,1275,video_call,10,3,6,0
15127,1985,4600,chat,45,5,10,1
15128,3345,488,video_call,43,5,10,1
15129,1610,1386,video_call,56,5,10,1
15130,2059,4166,video_call,30,4,8,1
15131,7202,4748,chat,42,5,10,1
15132,2972,1560,video_call,11,2,4,0
15133,7294,2669,chat,29,2,4,0
15134,6134,2883,chat,44,1,2,0
15135,1358,4414,chat,16,4,8,1
15136,9646,4608,video_call,44,3,6,0
15137,1829,1321,video_call,38,4,8,1
15138,4884,3283,video_call,30,1,2,0
15139,4663,2707,video_call,56,3,6,0
15140,8919,3435,chat,35,4,8,1
15141,1058,4129,video_call,30,3,6,0
15142,5473,1100,video_call,30,4,8,1
15143,4045,3071,video_call,28,5,10,1
15144,9513,3572,video_call,53,2,4,0
15145,9270,1953,video_call,24,4,8,1
15146,3303,965,video_call,39,5,10,1
15147,9189,477,video_call,32,3,6,0
15148,1314,834,video_call,32,4,8,1
15149,8265,1035,chat,21,1,2,0
15150,3970,3524,video_call,49,2,4,0
15151,4947,250,video_call,41,5,10,1
15152,2177,379,video_call,56,5,10,1
15153,3843,2551,chat,27,1,2,0
15154,4541,3461,video_call,40,5,10,1
15155,9762,2466,video_call,23,2,4,0
15156,8157,4347,chat,36,2,4,0
15157,4129,4664,chat,40,5,10,1
15158,4030,923,chat,25,4,8,1
15159,9922,4513,video_call,38,1,2,0
15160,6966,3428,video_call,18,5,10,1
15161,5421,4570,video_call,50,5,10,1
15162,9565,4655,chat,10,5,10,1
15163,2281,3178,video_call,41,2,4,0
15164,985,3902,video_call,19,5,10,1
15165,2230,3617,video_call,54,2,4,0
15166,328,3271,chat,7,5,10,1
15167,8131,2558,video_call,21,5,10,1
15168,4400,1211,chat,39,3,6,0
15169,6537,721,video_call,46,4,8,1
15170,2138,3029,video_call,41,2,4,0
15171,8840,3384,video_call,45,4,8,1
15172,5569,821,video_call,43,4,8,1
15173,8623,1565,chat,25,2,4,0
15174,2814,742,video_call,60,5,10,1
15175,9698,3423,chat,20,4,8,1
15176,5638,2891,chat,43,5,10,1
15177,6589,3279,video_call,15,3,6,0
15178,3004,2383,video_call,48,5,10,1
15179,8108,1769,video_call,57,1,2,0
15180,1683,4434,video_call,45,1,2,0
15181,5001,1040,video_call,28,2,4,0
15182,4648,4348,video_call,54,5,10,1
15183,8158,4012,video_call,24,2,4,0
15184,8534,3824,chat,22,3,6,0
15185,3373,3421,video_call,41,3,6,0
15186,6071,4855,video_call,14,2,4,0
15187,5347,858,video_call,57,5,10,1
15188,6847,1174,chat,42,5,10,1
15189,1069,2012,video_call,48,2,4,0
15190,6659,4710,video_call,29,1,2,0
15191,688,919,video_call,38,5,10,1
15192,6307,3879,chat,42,2,4,0
15193,8596,966,chat,20,5,10,1
15194,2845,4769,video_call,11,3,6,0
15195,166,1028,chat,39,1,2,0
15196,3920,2639,video_call,56,5,10,1
15197,200,327,chat,14,4,8,1
15198,2039,2488,video_call,38,4,8,1
15199,9034,4462,video_call,39,2,4,0
15200,4951,1672,chat,39,4,8,1
15201,8504,4508,video_call,29,5,10,1
15202,8952,489,video_call,46,2,4,0
15203,4832,3356,video_call,11,2,4,0
15204,3939,3266,chat,37,1,2,0
15205,5098,1230,chat,12,3,6,0
15206,8461,4505,video_call,59,4,8,1
15207,7691,2566,chat,41,2,4,0
15208,801,4228,chat,10,4,8,1
15209,2658,1999,video_call,31,4,8,1
15210,8483,4276,video_call,47,4,8,1
15211,2297,667,chat,35,2,4,0
15212,9768,912,video_call,46,1,2,0
15213,938,3764,video_call,59,4,8,1
15214,8301,2923,chat,28,3,6,0
15215,6497,4260,video_call,50,2,4,0
15216,1292,2206,video_call,10,4,8,1
15217,5497,802,video_call,52,5,10,1
15218,8350,4397,video_call,10,2,4,0
15219,8818,1310,video_call,56,2,4,0
15220,6363,1853,video_call,57,2,4,0
15221,3230,3047,video_call,36,4,8,1
15222,3619,4894,chat,5,2,4,0
15223,5580,3382,chat,5,4,8,1
15224,7055,3506,video_call,23,5,10,1
15225,9903,7,chat,42,4,8,1
15226,3542,4618,chat,38,5,10,1
15227,8946,293,chat,38,2,4,0
15228,5518,703,chat,28,5,10,1
15229,4002,4670,video_call,15,4,8,1
15230,6528,2357,video_call,11,5,10,1
15231,3723,2495,video_call,11,5,10,1
15232,5157,1685,video_call,31,2,4,0
15233,5574,4579,chat,10,2,4,0
15234,2394,2165,chat,29,4,8,1
15235,2405,3684,chat,12,2,4,0
15236,16,2577,chat,25,5,10,1
15237,3558,1566,video_call,40,5,10,1
15238,6780,302,video_call,25,4,8,1
15239,7342,4070,video_call,60,5,10,1
15240,8410,4921,chat,7,5,10,1
15241,7374,3653,video_call,36,1,2,0
15242,5417,2281,video_call,33,2,4,0
15243,5902,4960,video_call,41,2,4,0
15244,795,4386,chat,33,5,10,1
15245,7960,4535,chat,13,1,2,0
15246,6494,1926,video_call,54,5,10,1
15247,4999,3530,video_call,43,1,2,0
15248,710,1761,chat,21,2,4,0
15249,598,1164,video_call,14,1,2,0
15250,5739,876,video_call,23,2,4,0
15251,9627,1761,video_call,45,1,2,0
15252,4690,2733,video_call,18,4,8,1
15253,1870,840,chat,32,1,2,0
15254,107,2797,chat,12,4,8,1
15255,3482,2375,video_call,12,4,8,1
15256,6721,1235,video_call,33,4,8,1
15257,6568,4585,video_call,59,2,4,0
15258,3469,1728,chat,9,3,6,0
15259,7324,2786,video_call,14,4,8,1
15260,8473,1110,chat,12,1,2,0
15261,1835,2867,video_call,49,1,2,0
15262,9996,365,chat,14,1,2,0
15263,7556,4744,video_call,21,3,6,0
15264,4284,683,chat,36,1,2,0
15265,963,2206,video_call,29,3,6,0
15266,7848,4925,chat,29,5,10,1
15267,3180,2574,video_call,57,4,8,1
15268,6615,2196,video_call,29,5,10,1
15269,7447,2928,video_call,13,5,10,1
15270,1091,3557,video_call,53,3,6,0
15271,3601,4543,video_call,19,2,4,0
15272,5605,3218,video_call,56,1,2,0
15273,2338,164,chat,22,5,10,1
15274,2993,516,video_call,20,2,4,0
15275,9944,3465,chat,11,4,8,1
15276,6639,3436,video_call,28,2,4,0
15277,2944,3478,video_call,36,5,10,1
15278,7005,244,chat,28,3,6,0
15279,210,4534,chat,16,5,10,1
15280,8967,2490,chat,14,4,8,1
15281,942,20,chat,39,1,2,0
15282,4306,111,chat,32,2,4,0
15283,9634,4782,chat,30,5,10,1
15284,3006,4520,video_call,12,5,10,1
15285,7946,1905,video_call,60,3,6,0
15286,8362,1329,chat,31,4,8,1
15287,4502,311,video_call,12,4,8,1
15288,9042,3345,chat,20,2,4,0
15289,270,1053,video_call,52,3,6,0
15290,2240,1580,video_call,41,4,8,1
15291,6873,3316,chat,43,5,10,1
15292,9529,1392,chat,23,4,8,1
15293,4436,2104,chat,29,1,2,0
15294,6780,4772,video_call,35,5,10,1
15295,5738,1351,chat,8,5,10,1
15296,1760,3580,chat,10,2,4,0
15297,8551,1215,video_call,46,5,10,1
15298,4642,4731,video_call,21,1,2,0
15299,1001,2242,chat,11,1,2,0
15300,6698,2384,video_call,18,4,8,1
15301,8052,1200,chat,45,3,6,0
15302,608,727,video_call,46,5,10,1
15303,2646,1952,chat,8,4,8,1
15304,9510,2490,chat,40,5,10,1
15305,5069,4886,video_call,34,4,8,1
15306,6828,2278,video_call,33,2,4,0
15307,5005,4020,chat,19,1,2,0
15308,2935,713,chat,27,4,8,1
15309,430,1551,video_call,44,2,4,0
15310,3412,3739,video_call,35,5,10,1
15311,6614,4829,chat,41,5,10,1
15312,2196,640,video_call,41,5,10,1
15313,4331,2950,video_call,23,5,10,1
15314,4979,1598,chat,14,3,6,0
15315,3190,4743,chat,7,2,4,0
15316,96,1681,chat,39,2,4,0
15317,7640,2377,video_call,27,4,8,1
15318,833,581,chat,15,1,2,0
15319,2642,3427,video_call,34,1,2,0
15320,1908,1832,chat,11,5,10,1
15321,6253,3519,chat,33,5,10,1
15322,239,4198,chat,30,2,4,0
15323,2811,651,video_call,31,1,2,0
15324,7405,1816,chat,34,2,4,0
15325,7628,1661,video_call,40,4,8,1
15326,9247,1064,video_call,32,4,8,1
15327,5391,2098,chat,15,5,10,1
15328,1896,2625,chat,43,5,10,1
15329,5544,2724,video_call,11,4,8,1
15330,542,2138,chat,33,2,4,0
15331,4827,2648,video_call,31,4,8,1
15332,826,3100,chat,12,4,8,1
15333,1225,1553,video_call,38,3,6,0
15334,4527,3285,video_call,58,5,10,1
15335,9949,2743,chat,29,5,10,1
15336,6253,26,video_call,46,5,10,1
15337,4776,4082,chat,27,5,10,1
15338,9967,3943,video_call,10,2,4,0
15339,3788,4523,video_call,24,1,2,0
15340,5388,602,chat,26,1,2,0
15341,6624,3187,video_call,16,1,2,0
15342,1218,361,chat,36,2,4,0
15343,4965,1029,chat,13,2,4,0
15344,6479,3138,video_call,28,3,6,0
15345,3451,2655,video_call,51,2,4,0
15346,7443,3280,video_call,32,3,6,0
15347,3365,609,video_call,28,4,8,1
15348,7470,3544,chat,39,5,10,1
15349,404,4466,video_call,52,5,10,1
15350,1329,3075,video_call,29,4,8,1
15351,779,4771,video_call,37,5,10,1
15352,5122,959,video_call,24,5,10,1
15353,1909,1774,chat,19,3,6,0
15354,3289,1311,video_call,29,1,2,0
15355,2603,868,chat,30,1,2,0
15356,7769,48,video_call,23,5,10,1
15357,791,3780,video_call,21,5,10,1
15358,1842,3307,video_call,16,2,4,0
15359,6643,1859,chat,10,5,10,1
15360,4941,2722,chat,36,1,2,0
15361,1746,97,chat,33,2,4,0
15362,6493,4789,video_call,34,3,6,0
15363,2266,1910,video_call,56,2,4,0
15364,2780,1946,video_call,10,5,10,1
15365,445,3682,video_call,46,3,6,0
15366,1478,957,video_call,47,2,4,0
15367,9540,2625,chat,11,4,8,1
15368,1526,4012,video_call,54,3,6,0
15369,3706,216,video_call,43,2,4,0
15370,3012,4036,chat,7,2,4,0
15371,5418,2184,video_call,53,5,10,1
15372,8983,2856,video_call,40,5,10,1
15373,9881,1535,chat,27,2,4,0
15374,3494,3593,chat,17,3,6,0
15375,1757,1996,chat,35,4,8,1
15376,2419,1125,video_call,44,5,10,1
15377,8370,3474,video_call,33,3,6,0
15378,3491,4792,video_call,39,5,10,1
15379,3878,1151,video_call,28,5,10,1
15380,5422,3733,video_call,26,3,6,0
15381,7213,2719,video_call,31,4,8,1
15382,7603,1955,video_call,39,1,2,0
15383,3652,3102,chat,31,4,8,1
15384,1730,1530,chat,12,5,10,1
15385,2301,4498,chat,34,4,8,1
15386,413,1467,video_call,23,4,8,1
15387,5901,274,video_call,50,4,8,1
15388,1358,1255,video_call,13,4,8,1
15389,5919,4272,chat,36,4,8,1
15390,1534,669,chat,14,4,8,1
15391,9302,2296,video_call,51,4,8,1
15392,1293,4379,chat,18,4,8,1
15393,9097,3362,video_call,25,5,10,1
15394,5283,4310,video_call,35,4,8,1
15395,6695,3212,chat,35,5,10,1
15396,6341,3370,chat,20,2,4,0
15397,7371,541,chat,31,5,10,1
15398,1009,305,chat,24,5,10,1
15399,4114,1412,chat,30,3,6,0
15400,2250,2723,video_call,13,5,10,1
15401,4574,4520,video_call,26,4,8,1
15402,8235,2822,chat,36,3,6,0
15403,9495,1335,chat,35,5,10,1
15404,1155,4575,chat,9,4,8,1
15405,5418,3156,video_call,15,4,8,1
15406,7057,3171,chat,38,2,4,0
15407,2952,3919,chat,26,3,6,0
15408,8663,4049,chat,29,4,8,1
15409,7294,4727,video_call,35,4,8,1
15410,1712,882,chat,45,5,10,1
15411,9052,1944,video_call,45,5,10,1
15412,2888,2718,video_call,38,1,2,0
15413,1927,4748,video_call,28,5,10,1
15414,7916,4807,video_call,31,5,10,1
15415,5572,486,video_call,33,5,10,1
15416,4855,351,video_call,24,1,2,0
15417,3611,4486,chat,27,4,8,1
15418,3056,2716,chat,27,5,10,1
15419,8651,4167,video_call,28,2,4,0
15420,2111,4220,video_call,33,4,8,1
15421,310,4416,video_call,55,5,10,1
15422,2303,1442,chat,19,5,10,1
15423,7515,3958,chat,13,5,10,1
15424,1057,1382,video_call,59,1,2,0
15425,8598,3658,video_call,32,2,4,0
15426,3609,2484,chat,39,5,10,1
15427,9963,1181,video_call,35,4,8,1
15428,2743,2841,chat,12,5,10,1
15429,8555,4413,chat,22,4,8,1
15430,2560,403,chat,16,4,8,1
15431,3002,4761,chat,14,5,10,1
15432,6172,2892,chat,15,4,8,1
15433,2618,975,video_call,58,5,10,1
15434,205,374,video_call,27,4,8,1
15435,3432,4900,video_call,14,4,8,1
15436,4624,2498,video_call,43,1,2,0
15437,3346,716,chat,41,2,4,0
15438,855,3294,chat,11,4,8,1
15439,8471,4433,video_call,26,5,10,1
15440,7107,1228,video_call,10,5,10,1
15441,3960,2812,chat,43,3,6,0
15442,2427,4356,video_call,57,3,6,0
15443,2230,1801,chat,11,5,10,1
15444,5203,1580,chat,29,4,8,1
15445,1781,1178,chat,16,3,6,0
15446,5566,2068,video_call,20,5,10,1
15447,8801,2085,chat,20,5,10,1
15448,4422,843,chat,26,4,8,1
15449,9798,4058,chat,35,2,4,0
15450,4082,1816,chat,6,2,4,0
15451,4632,3176,video_call,16,4,8,1
15452,2143,638,video_call,49,5,10,1
15453,3522,2361,video_call,58,1,2,0
15454,1961,1566,chat,39,5,10,1
15455,2386,1285,video_call,13,5,10,1
15456,5479,595,chat,7,5,10,1
15457,596,4715,chat,41,4,8,1
15458,6784,2060,video_call,51,3,6,0
15459,3409,2867,chat,29,5,10,1
15460,5330,3748,video_call,36,4,8,1
15461,6260,490,video_call,30,1,2,0
15462,6728,873,video_call,28,5,10,1
15463,4619,391,chat,11,3,6,0
15464,3455,239,video_call,33,5,10,1
15465,2739,3568,video_call,40,5,10,1
15466,2798,3384,chat,6,1,2,0
15467,1096,3086,chat,45,3,6,0
15468,7960,1930,chat,40,3,6,0
15469,4082,99,video_call,26,2,4,0
15470,9126,3865,video_call,16,5,10,1
15471,1858,394,video_call,40,5,10,1
15472,3197,3202,video_call,58,5,10,1
15473,6837,1729,video_call,29,5,10,1
15474,106,2665,video_call,49,3,6,0
15475,4788,196,chat,6,3,6,0
15476,7001,1467,video_call,40,5,10,1
15477,4036,3729,chat,25,4,8,1
15478,6375,163,chat,11,2,4,0
15479,5051,3729,chat,11,3,6,0
15480,9568,2809,video_call,51,5,10,1
15481,3971,2602,video_call,27,5,10,1
15482,1348,2677,video_call,11,4,8,1
15483,108,4871,video_call,11,2,4,0
15484,3252,3137,video_call,44,3,6,0
15485,5633,3688,video_call,38,5,10,1
15486,3338,149,video_call,35,3,6,0
15487,770,462,video_call,28,4,8,1
15488,413,3581,video_call,51,5,10,1
15489,261,732,chat,23,5,10,1
15490,6906,3484,video_call,39,5,10,1
15491,7720,3091,video_call,55,5,10,1
15492,5128,4931,video_call,33,4,8,1
15493,6121,1042,video_call,44,2,4,0
15494,86,2983,chat,34,2,4,0
15495,3342,2964,chat,14,2,4,0
15496,3366,4828,video_call,25,1,2,0
15497,1118,881,chat,19,2,4,0
15498,4336,4189,chat,12,4,8,1
15499,2300,4576,chat,20,2,4,0
15500,7872,4122,chat,29,5,10,1
15501,7597,3604,video_call,12,1,2,0
15502,8853,1550,chat,40,1,2,0
15503,4693,4479,video_call,55,1,2,0
15504,1704,998,chat,34,2,4,0
15505,3986,3530,chat,6,2,4,0
15506,7835,1497,chat,5,4,8,1
15507,4460,1861,video_call,14,5,10,1
15508,1885,2635,chat,43,2,4,0
15509,9063,2079,video_call,41,4,8,1
15510,9220,133,chat,9,2,4,0
15511,9308,1812,chat,37,5,10,1
15512,5541,1252,video_call,51,2,4,0
15513,1654,2337,chat,45,3,6,0
15514,3757,2232,video_call,40,2,4,0
15515,294,4307,video_call,56,2,4,0
15516,1664,4260,video_call,23,4,8,1
15517,9342,4086,video_call,49,4,8,1
15518,9281,3075,video_call,49,1,2,0
15519,1972,3905,video_call,23,5,10,1
15520,8497,1501,video_call,52,3,6,0
15521,9982,4902,video_call,60,4,8,1
15522,6112,296,chat,18,2,4,0
15523,2570,1501,chat,32,1,2,0
15524,8276,1484,video_call,46,2,4,0
15525,391,2059,video_call,16,1,2,0
15526,5914,2148,chat,21,4,8,1
15527,3939,2797,video_call,51,4,8,1
15528,2855,1984,chat,17,1,2,0
15529,5223,3477,video_call,28,4,8,1
15530,4068,1304,chat,12,3,6,0
15531,8717,1943,chat,19,5,10,1
15532,4857,1490,video_call,40,1,2,0
15533,5639,1567,chat,23,5,10,1
15534,2337,102,chat,27,4,8,1
15535,1788,4801,video_call,23,2,4,0
15536,5852,2966,video_call,48,5,10,1
15537,281,4674,video_call,30,2,4,0
15538,8088,1265,video_call,42,2,4,0
15539,4281,344,video_call,11,5,10,1
15540,1248,3529,video_call,39,5,10,1
15541,1488,4270,video_call,36,5,10,1
15542,199,511,chat,42,1,2,0
15543,7449,985,video_call,36,3,6,0
15544,4884,4145,chat,34,4,8,1
15545,1664,4155,chat,36,3,6,0
15546,3360,799,chat,42,5,10,1
15547,6985,2371,video_call,33,3,6,0
15548,9066,3147,chat,23,5,10,1
15549,6746,18,video_call,18,5,10,1
15550,3833,839,video_call,43,3,6,0
15551,3006,146,chat,26,5,10,1
15552,4705,1981,chat,12,1,2,0
15553,3031,4904,chat,33,3,6,0
15554,8945,3097,video_call,53,1,2,0
15555,5936,801,chat,44,5,10,1
15556,6648,2865,video_call,59,2,4,0
15557,8312,538,chat,41,4,8,1
15558,7015,3429,chat,7,5,10,1
15559,65,3180,video_call,26,4,8,1
15560,6652,3047,video_call,34,5,10,1
15561,2815,2740,video_call,43,5,10,1
15562,4207,649,video_call,48,4,8,1
15563,8887,1147,video_call,42,5,10,1
15564,3173,3859,video_call,58,3,6,0
15565,3001,238,video_call,55,4,8,1
15566,5269,3470,video_call,16,4,8,1
15567,4297,2890,video_call,25,5,10,1
15568,4960,4770,chat,25,5,10,1
15569,2993,968,video_call,33,2,4,0
15570,9265,1205,video_call,20,1,2,0
15571,5802,853,chat,38,5,10,1
15572,3034,3733,video_call,41,3,6,0
15573,7677,3858,video_call,15,2,4,0
15574,5966,2130,video_call,55,1,2,0
15575,1878,466,video_call,23,3,6,0
15576,5342,2937,chat,6,3,6,0
15577,9656,1115,video_call,31,3,6,0
15578,1333,4306,chat,38,5,10,1
15579,2531,4886,chat,8,2,4,0
15580,5635,4387,video_call,36,2,4,0
15581,927,3423,chat,23,4,8,1
15582,9730,3425,chat,5,3,6,0
15583,8893,1695,video_call,32,4,8,1
15584,8933,4853,chat,39,1,2,0
15585,4610,2442,chat,16,2,4,0
15586,1824,872,video_call,58,2,4,0
15587,883,1336,chat,5,4,8,1
15588,6357,1399,chat,12,3,6,0
15589,2100,2019,video_call,43,2,4,0
15590,3766,292,chat,35,3,6,0
15591,9190,3849,video_call,44,2,4,0
15592,1946,4836,chat,11,3,6,0
15593,7161,2323,video_call,22,3,6,0
15594,2775,4767,chat,44,5,10,1
15595,7608,4270,video_call,37,4,8,1
15596,3091,3457,chat,25,5,10,1
15597,2507,3010,video_call,29,4,8,1
15598,5560,3658,video_call,29,5,10,1
15599,9901,3272,chat,24,4,8,1
15600,4100,2917,chat,11,5,10,1
15601,8202,4058,video_call,57,5,10,1
15602,5137,4022,chat,34,2,4,0
15603,3108,3335,chat,44,3,6,0
15604,8792,3232,video_call,23,3,6,0
15605,8282,4395,chat,7,4,8,1
15606,2242,1773,chat,35,1,2,0
15607,5491,4199,chat,29,2,4,0
15608,4973,3561,chat,27,4,8,1
15609,2996,4448,chat,7,3,6,0
15610,443,3047,video_call,55,5,10,1
15611,650,2488,video_call,36,4,8,1
15612,3801,1250,video_call,38,5,10,1
15613,8609,4950,chat,15,5,10,1
15614,7925,2699,chat,19,3,6,0
15615,8942,2893,chat,14,5,10,1
15616,163,3014,video_call,47,1,2,0
15617,6906,395,video_call,33,4,8,1
15618,1180,2544,video_call,46,5,10,1
15619,7951,2404,video_call,56,4,8,1
15620,7119,3169,chat,15,5,10,1
15621,1490,1952,video_call,42,1,2,0
15622,696,3012,chat,9,5,10,1
15623,845,1089,chat,11,2,4,0
15624,7293,802,video_call,45,4,8,1
15625,8031,2369,video_call,43,4,8,1
15626,3271,1558,video_call,23,5,10,1
15627,3090,4862,video_call,12,5,10,1
15628,2759,4407,video_call,22,5,10,1
15629,4837,3143,chat,5,5,10,1
15630,9505,2828,video_call,56,3,6,0
15631,7640,3241,video_call,37,2,4,0
15632,1423,1911,video_call,23,4,8,1
15633,6532,2306,video_call,28,4,8,1
15634,8490,3415,chat,30,5,10,1
15635,6282,3580,video_call,21,2,4,0
15636,5938,2414,chat,6,5,10,1
15637,2664,1933,video_call,40,5,10,1
15638,1573,373,chat,12,4,8,1
15639,9707,3923,chat,16,5,10,1
15640,2005,758,chat,23,3,6,0
15641,7794,3557,chat,6,4,8,1
15642,9857,3323,chat,10,3,6,0
15643,4869,4224,chat,43,3,6,0
15644,2503,3745,video_call,46,5,10,1
15645,2919,874,video_call,43,4,8,1
15646,6638,751,video_call,45,4,8,1
15647,8427,4612,chat,16,5,10,1
15648,3188,3122,video_call,34,5,10,1
15649,1514,1459,video_call,15,5,10,1
15650,1939,3313,chat,15,5,10,1
15651,3152,1202,video_call,41,4,8,1
15652,5891,3473,video_call,54,4,8,1
15653,3730,2,chat,10,5,10,1
15654,4789,567,video_call,41,2,4,0
15655,5675,4710,video_call,34,2,4,0
15656,8555,2563,video_call,16,1,2,0
15657,3118,2793,video_call,15,5,10,1
15658,901,907,chat,13,5,10,1
15659,7377,3896,video_call,30,1,2,0
15660,9116,2952,video_call,22,5,10,1
15661,8459,2126,chat,17,5,10,1
15662,4779,3533,video_call,39,1,2,0
15663,1667,3842,video_call,31,4,8,1
15664,4716,802,chat,14,5,10,1
15665,204,4170,chat,39,2,4,0
15666,6062,4082,chat,21,5,10,1
15667,7680,1910,video_call,51,4,8,1
15668,4938,2552,video_call,22,2,4,0
15669,874,4019,video_call,48,1,2,0
15670,6586,4822,chat,11,4,8,1
15671,4627,2815,chat,29,3,6,0
15672,2371,4595,video_call,54,4,8,1
15673,3056,1301,video_call,41,3,6,0
15674,7284,1195,video_call,45,5,10,1
15675,5945,3512,chat,24,3,6,0
15676,6643,1564,chat,24,2,4,0
15677,4730,2649,video_call,11,5,10,1
15678,5575,1104,video_call,45,2,4,0
15679,5859,1564,chat,8,5,10,1
15680,7630,2701,video_call,18,5,10,1
15681,1202,4154,chat,12,4,8,1
15682,6643,4745,video_call,47,5,10,1
15683,4207,4190,video_call,15,5,10,1
15684,9864,2481,video_call,33,5,10,1
15685,9304,3358,chat,5,5,10,1
15686,4109,4355,chat,25,5,10,1
15687,6542,2348,chat,43,5,10,1
15688,5503,2942,video_call,54,5,10,1
15689,6063,3589,chat,44,2,4,0
15690,2953,1302,video_call,40,4,8,1
15691,6404,529,video_call,42,4,8,1
15692,3824,1300,video_call,31,1,2,0
15693,3424,2115,chat,19,4,8,1
15694,5105,2516,chat,5,2,4,0
15695,4344,550,chat,34,5,10,1
15696,7194,4676,video_call,41,5,10,1
15697,698,4975,chat,16,5,10,1
15698,395,2324,video_call,47,4,8,1
15699,8254,2748,chat,25,3,6,0
15700,6648,4425,chat,11,1,2,0
15701,4195,2276,chat,23,5,10,1
15702,4377,3087,chat,22,2,4,0
15703,8181,116,video_call,45,4,8,1
15704,1798,3997,chat,34,2,4,0
15705,6229,4815,video_call,32,5,10,1
15706,3191,261,chat,14,5,10,1
15707,7528,4826,chat,41,3,6,0
15708,5547,689,video_call,13,5,10,1
15709,8851,2480,video_call,13,1,2,0
15710,963,1622,chat,16,1,2,0
15711,2680,3097,chat,11,1,2,0
15712,3838,2330,chat,30,2,4,0
15713,6427,3189,chat,10,2,4,0
15714,941,2774,chat,17,4,8,1
15715,2025,4913,video_call,44,5,10,1
15716,401,1356,video_call,11,2,4,0
15717,9330,1837,chat,43,5,10,1
15718,5124,1653,chat,36,4,8,1
15719,5464,2840,video_call,46,2,4,0
15720,5467,3878,chat,38,4,8,1
15721,4877,1502,chat,25,5,10,1
15722,2726,4067,chat,32,5,10,1
15723,2331,4150,chat,15,5,10,1
15724,2782,986,video_call,24,2,4,0
15725,8772,1861,chat,19,1,2,0
15726,5462,3032,video_call,46,2,4,0
15727,4082,3703,video_call,42,3,6,0
15728,8320,3919,video_call,37,2,4,0
15729,701,1200,video_call,45,3,6,0
15730,1796,776,chat,19,5,10,1
15731,4505,4060,video_call,28,4,8,1
15732,4110,4748,video_call,45,4,8,1
15733,5071,2674,video_call,47,4,8,1
15734,9632,1776,video_call,18,3,6,0
15735,4123,2497,chat,20,5,10,1
15736,9846,1326,video_call,27,4,8,1
15737,6605,3709,video_call,17,5,10,1
15738,3408,2564,chat,35,4,8,1
15739,2438,4724,video_call,54,5,10,1
15740,1019,935,chat,25,4,8,1
15741,497,2124,video_call,42,4,8,1
15742,9396,2245,video_call,55,5,10,1
15743,7044,1717,video_call,48,5,10,1
15744,4835,4283,chat,10,5,10,1
15745,9350,759,video_call,45,4,8,1
15746,1206,4296,chat,15,5,10,1
15747,3224,3272,video_call,22,3,6,0
15748,4446,3160,video_call,47,1,2,0
15749,2064,1176,chat,18,2,4,0
15750,8217,2810,chat,17,3,6,0
15751,7646,1779,chat,32,5,10,1
15752,2130,2603,video_call,53,1,2,0
15753,7865,2997,video_call,24,5,10,1
15754,8786,4595,video_call,17,5,10,1
15755,1506,2624,chat,35,4,8,1
15756,2057,493,chat,23,2,4,0
15757,9977,3648,chat,21,5,10,1
15758,7936,2270,chat,33,1,2,0
15759,9023,2271,video_call,23,5,10,1
15760,9390,2846,video_call,30,2,4,0
15761,628,4377,video_call,35,5,10,1
15762,3738,1764,chat,14,3,6,0
15763,5296,1049,chat,33,4,8,1
15764,5213,2876,chat,42,5,10,1
15765,825,99,chat,36,3,6,0
15766,5612,4921,chat,39,5,10,1
15767,4595,1355,chat,6,5,10,1
15768,2440,38,chat,43,2,4,0
15769,5781,1492,video_call,23,4,8,1
15770,8341,4980,chat,26,5,10,1
15771,4339,4960,video_call,51,5,10,1
15772,7474,3195,video_call,52,2,4,0
15773,966,1437,video_call,36,2,4,0
15774,2255,642,video_call,14,1,2,0
15775,5434,1620,video_call,31,1,2,0
15776,8031,164,video_call,16,1,2,0
15777,7475,447,chat,15,5,10,1
15778,4694,3230,chat,39,5,10,1
15779,3002,2191,chat,20,5,10,1
15780,2774,2901,video_call,50,5,10,1
15781,5532,4074,video_call,41,1,2,0
15782,4431,3537,chat,36,1,2,0
15783,9584,4962,video_call,48,2,4,0
15784,1057,2236,video_call,35,5,10,1
15785,2144,3213,video_call,58,5,10,1
15786,9514,380,video_call,13,2,4,0
15787,4987,4463,video_call,19,5,10,1
15788,3788,3127,video_call,17,2,4,0
15789,1101,2474,video_call,20,2,4,0
15790,8856,1317,chat,15,5,10,1
15791,7039,2133,chat,37,5,10,1
15792,2022,1122,video_call,38,1,2,0
15793,8497,4825,chat,41,5,10,1
15794,2750,3150,chat,13,4,8,1
15795,1632,3120,chat,10,2,4,0
15796,3998,4650,video_call,55,3,6,0
15797,7052,4340,video_call,11,5,10,1
15798,1008,443,chat,40,4,8,1
15799,6246,3822,chat,40,4,8,1
15800,9486,4927,chat,5,1,2,0
15801,8716,3580,video_call,12,4,8,1
15802,7509,4116,video_call,47,5,10,1
15803,2161,2166,video_call,17,5,10,1
15804,4457,3143,chat,25,4,8,1
15805,1891,2314,video_call,45,5,10,1
15806,5003,2993,chat,37,4,8,1
15807,6679,1965,chat,35,4,8,1
15808,4677,587,chat,45,1,2,0
15809,767,4839,video_call,12,3,6,0
15810,8598,3300,chat,33,5,10,1
15811,5124,4361,chat,18,3,6,0
15812,8106,1047,chat,34,5,10,1
15813,6618,941,video_call,38,2,4,0
15814,2351,2436,video_call,15,4,8,1
15815,8526,3800,video_call,56,1,2,0
15816,4944,4601,video_call,15,1,2,0
15817,7603,3955,video_call,42,5,10,1
15818,8031,1658,chat,6,2,4,0
15819,2393,218,video_call,15,5,10,1
15820,4143,4915,chat,26,5,10,1
15821,1816,1313,video_call,31,3,6,0
15822,2132,3483,video_call,21,3,6,0
15823,9363,4826,chat,19,2,4,0
15824,7833,1048,chat,20,5,10,1
15825,4245,401,video_call,42,5,10,1
15826,7425,4782,chat,33,5,10,1
15827,8632,4354,video_call,49,2,4,0
15828,8916,2291,chat,42,2,4,0
15829,8941,3594,chat,44,3,6,0
15830,886,1209,video_call,54,1,2,0
15831,719,3564,chat,45,4,8,1
15832,289,3501,chat,36,5,10,1
15833,371,685,video_call,50,3,6,0
15834,8830,481,chat,38,4,8,1
15835,4443,5,chat,41,3,6,0
15836,5625,1946,chat,31,5,10,1
15837,9421,3881,video_call,18,2,4,0
15838,6604,252,video_call,49,5,10,1
15839,3695,3346,chat,9,4,8,1
15840,2918,4166,chat,21,4,8,1
15841,954,2676,video_call,16,4,8,1
15842,5480,1663,video_call,10,5,10,1
15843,7018,4831,chat,28,1,2,0
15844,5300,1904,video_call,18,5,10,1
15845,6982,4502,chat,10,1,2,0
15846,8647,1878,chat,41,5,10,1
15847,448,1332,video_call,11,5,10,1
15848,1873,4542,chat,12,5,10,1
15849,8695,4603,video_call,38,5,10,1
15850,2581,965,video_call,60,5,10,1
15851,1377,2345,video_call,56,2,4,0
15852,6749,3456,video_call,18,4,8,1
15853,4237,590,chat,18,3,6,0
15854,2143,1274,chat,27,5,10,1
15855,8364,1769,video_call,33,5,10,1
15856,8417,4878,video_call,34,2,4,0
15857,5750,4643,video_call,56,2,4,0
15858,411,4148,video_call,13,5,10,1
15859,34,981,video_call,19,1,2,0
15860,1838,3917,video_call,27,5,10,1
15861,2427,521,video_call,22,5,10,1
15862,8060,2671,video_call,46,5,10,1
15863,2332,2480,video_call,40,3,6,0
15864,7470,1244,chat,16,2,4,0
15865,8443,104,video_call,43,4,8,1
15866,8930,952,chat,15,1,2,0
15867,3742,1982,video_call,50,5,10,1
15868,6980,4812,chat,15,4,8,1
15869,8767,3467,chat,32,4,8,1
15870,4587,4364,chat,21,4,8,1
15871,5994,922,chat,41,2,4,0
15872,2470,4657,video_call,19,5,10,1
15873,723,213,video_call,41,4,8,1
15874,2549,486,video_call,25,1,2,0
15875,7703,1509,video_call,31,5,10,1
15876,2698,670,chat,20,1,2,0
15877,1590,834,chat,45,4,8,1
15878,9907,3561,video_call,54,4,8,1
15879,3691,3171,video_call,11,3,6,0
15880,5326,3843,chat,13,5,10,1
15881,5886,4930,video_call,55,5,10,1
15882,7817,4161,chat,19,5,10,1
15883,5621,2676,chat,43,1,2,0
15884,8969,2802,video_call,23,5,10,1
15885,8045,2199,video_call,58,1,2,0
15886,2373,2661,video_call,52,5,10,1
15887,1902,4813,chat,9,5,10,1
15888,2318,2477,chat,34,2,4,0
15889,4770,2966,chat,44,3,6,0
15890,1636,3033,video_call,40,2,4,0
15891,4265,2598,video_call,42,4,8,1
15892,3993,4708,video_call,52,5,10,1
15893,6969,3345,chat,42,3,6,0
15894,5834,2171,video_call,60,1,2,0
15895,3483,1709,video_call,45,2,4,0
15896,8898,687,video_call,51,3,6,0
15897,4058,42,chat,44,2,4,0
15898,567,2984,video_call,50,5,10,1
15899,6223,3951,chat,44,5,10,1
15900,9469,864,video_call,17,1,2,0
15901,216,2802,chat,25,4,8,1
15902,2980,1346,video_call,59,5,10,1
15903,9741,2662,chat,17,5,10,1
15904,9173,1228,chat,20,5,10,1
15905,7529,1045,video_call,41,4,8,1
15906,5736,2097,video_call,52,2,4,0
15907,3232,4253,chat,44,4,8,1
15908,3203,1502,video_call,52,2,4,0
15909,2441,4973,chat,31,3,6,0
15910,5729,677,chat,14,1,2,0
15911,3504,4980,chat,6,5,10,1
15912,6641,1145,video_call,59,4,8,1
15913,5262,185,video_call,28,5,10,1
15914,7008,4453,chat,7,4,8,1
15915,2523,1283,video_call,34,5,10,1
15916,3055,3581,chat,43,4,8,1
15917,8751,2205,video_call,18,5,10,1
15918,9266,4412,chat,13,5,10,1
15919,8573,4187,video_call,47,2,4,0
15920,3045,4087,chat,16,5,10,1
15921,8997,2335,chat,6,5,10,1
15922,6054,4432,video_call,29,5,10,1
15923,5230,4466,video_call,49,1,2,0
15924,2772,3176,chat,40,4,8,1
15925,3158,3421,video_call,25,2,4,0
15926,2477,4108,chat,19,5,10,1
15927,4486,191,video_call,54,3,6,0
15928,3841,3005,video_call,31,4,8,1
15929,6802,4946,chat,18,1,2,0
15930,1739,2222,chat,44,5,10,1
15931,6014,2619,chat,42,5,10,1
15932,4471,3813,chat,23,4,8,1
15933,7687,1764,video_call,21,5,10,1
15934,676,1118,video_call,58,3,6,0
15935,356,3187,video_call,54,1,2,0
15936,2646,3265,video_call,48,4,8,1
15937,8713,3608,chat,37,2,4,0
15938,4397,1913,chat,18,5,10,1
15939,7860,3321,chat,27,5,10,1
15940,7583,3112,video_call,22,3,6,0
15941,8036,3931,video_call,12,4,8,1
15942,1145,1331,video_call,47,5,10,1
15943,8149,1415,video_call,18,4,8,1
15944,7434,2196,chat,41,5,10,1
15945,1172,2319,chat,17,1,2,0
15946,8621,1617,video_call,60,2,4,0
15947,6938,874,chat,35,3,6,0
15948,7747,2313,chat,34,5,10,1
15949,8774,638,chat,19,5,10,1
15950,7775,14,chat,37,2,4,0
15951,2545,4776,video_call,57,5,10,1
15952,8762,2137,video_call,55,2,4,0
15953,5529,1435,chat,22,4,8,1
15954,2848,3947,chat,28,1,2,0
15955,5477,2521,chat,33,4,8,1
15956,7229,1378,chat,19,1,2,0
15957,1893,1471,video_call,37,5,10,1
15958,6457,4328,video_call,10,4,8,1
15959,9709,1052,chat,27,2,4,0
15960,5859,4100,chat,15,5,10,1
15961,1112,3596,video_call,60,4,8,1
15962,7737,4364,chat,30,5,10,1
15963,8201,865,video_call,40,5,10,1
15964,3571,3605,video_call,12,5,10,1
15965,3221,4994,video_call,30,4,8,1
15966,8746,3121,video_call,31,3,6,0
15967,15,4870,chat,20,3,6,0
15968,4218,800,chat,14,5,10,1
15969,3533,3435,video_call,49,5,10,1
15970,1996,804,video_call,15,1,2,0
15971,5518,4412,video_call,12,3,6,0
15972,2072,4273,chat,27,4,8,1
15973,3048,2595,video_call,49,5,10,1
15974,2120,2718,chat,45,2,4,0
15975,8873,3127,video_call,45,3,6,0
15976,9521,4978,chat,12,2,4,0
15977,8145,4710,video_call,35,5,10,1
15978,7484,4838,chat,25,2,4,0
15979,7392,4797,video_call,36,2,4,0
15980,4546,4299,video_call,11,5,10,1
15981,8452,3530,chat,18,4,8,1
15982,2252,195,chat,25,4,8,1
15983,7998,1847,video_call,14,2,4,0
15984,3188,4266,video_call,29,2,4,0
15985,1976,3018,chat,10,5,10,1
15986,8301,2326,video_call,54,3,6,0
15987,4509,1804,video_call,12,5,10,1
15988,7585,2772,chat,41,4,8,1
15989,1823,1095,chat,13,3,6,0
15990,3414,1525,chat,40,5,10,1
15991,8655,4515,chat,20,2,4,0
15992,4005,1945,chat,18,5,10,1
15993,4423,3214,chat,9,4,8,1
15994,8429,4386,video_call,53,5,10,1
15995,5703,2546,video_call,49,1,2,0
15996,7456,1909,chat,6,1,2,0
15997,4398,1489,video_call,17,5,10,1
15998,3238,2995,video_call,60,5,10,1
15999,4600,4336,chat,32,5,10,1
16000,3327,4079,chat,23,4,8,1
16001,4154,2988,chat,41,3,6,0
16002,2070,3951,chat,28,5,10,1
16003,554,4121,video_call,58,4,8,1
16004,4915,3319,video_call,50,1,2,0
16005,5404,2675,chat,37,3,6,0
16006,3402,57,video_call,12,5,10,1
16007,204,3383,video_call,50,3,6,0
16008,6542,2196,video_call,37,5,10,1
16009,4943,4380,chat,30,1,2,0
16010,7438,2544,chat,19,4,8,1
16011,5624,2971,chat,25,4,8,1
16012,6024,1069,chat,11,5,10,1
16013,4532,1043,chat,27,4,8,1
16014,3644,537,video_call,53,4,8,1
16015,638,4222,video_call,20,2,4,0
16016,3341,1650,video_call,40,5,10,1
16017,7092,3822,chat,45,5,10,1
16018,8830,2074,video_call,29,4,8,1
16019,9806,2321,chat,29,4,8,1
16020,4832,3209,chat,29,3,6,0
16021,8312,4087,video_call,16,3,6,0
16022,9975,185,video_call,46,4,8,1
16023,4336,1262,chat,30,2,4,0
16024,8541,2790,video_call,28,4,8,1
16025,146,1794,chat,13,5,10,1
16026,6155,2767,video_call,38,5,10,1
16027,5495,1773,video_call,24,4,8,1
16028,6297,3997,video_call,33,2,4,0
16029,654,1717,video_call,39,1,2,0
16030,6639,4017,video_call,49,2,4,0
16031,1534,2094,video_call,29,3,6,0
16032,7719,3369,chat,16,1,2,0
16033,7347,993,video_call,26,5,10,1
16034,3449,1829,chat,37,5,10,1
16035,7257,4951,video_call,23,5,10,1
16036,836,274,chat,25,5,10,1
16037,6952,2446,video_call,11,5,10,1
16038,9885,3609,video_call,21,1,2,0
16039,6524,3774,video_call,17,2,4,0
16040,6090,3200,video_call,38,4,8,1
16041,238,791,chat,27,1,2,0
16042,3918,1796,video_call,45,1,2,0
16043,5026,1197,chat,37,5,10,1
16044,2116,1432,video_call,16,3,6,0
16045,5023,973,chat,26,4,8,1
16046,1882,323,video_call,18,5,10,1
16047,3419,1189,video_call,45,4,8,1
16048,3269,3332,chat,42,2,4,0
16049,6996,4911,chat,24,5,10,1
16050,3911,4847,video_call,57,4,8,1
16051,4569,1255,video_call,39,4,8,1
16052,4073,231,video_call,16,5,10,1
16053,4494,585,video_call,34,4,8,1
16054,2194,4537,chat,28,5,10,1
16055,5953,3728,chat,7,2,4,0
16056,9351,1381,video_call,20,4,8,1
16057,6246,2303,chat,45,4,8,1
16058,109,4666,chat,39,4,8,1
16059,9335,3051,video_call,16,5,10,1
16060,9792,1362,video_call,13,1,2,0
16061,5337,3317,chat,11,3,6,0
16062,9445,1231,chat,8,5,10,1
16063,2937,1264,video_call,38,2,4,0
16064,1378,835,chat,27,4,8,1
16065,8080,2999,chat,38,4,8,1
16066,1925,2527,video_call,27,5,10,1
16067,9332,3769,video_call,25,1,2,0
16068,4280,1155,video_call,14,4,8,1
16069,6331,1201,video_call,31,4,8,1
16070,2193,2105,video_call,22,3,6,0
16071,7651,2020,chat,26,4,8,1
16072,3976,1231,video_call,35,3,6,0
16073,2363,286,chat,26,4,8,1
16074,109,2103,chat,25,5,10,1
16075,2456,4168,chat,29,5,10,1
16076,7242,492,chat,22,3,6,0
16077,3445,1261,video_call,40,2,4,0
16078,5406,1037,chat,18,2,4,0
16079,7491,652,video_call,46,1,2,0
16080,7701,478,chat,32,3,6,0
16081,2244,849,chat,34,2,4,0
16082,5093,1483,chat,17,5,10,1
16083,9132,3015,video_call,45,3,6,0
16084,3238,2760,chat,24,2,4,0
16085,9300,629,video_call,55,2,4,0
16086,2296,379,video_call,44,5,10,1
16087,3297,2081,chat,15,5,10,1
16088,3218,2560,chat,31,1,2,0
16089,1092,4944,video_call,42,2,4,0
16090,7319,1132,video_call,23,1,2,0
16091,3282,3177,video_call,29,1,2,0
16092,7298,3154,video_call,40,5,10,1
16093,6967,3805,chat,17,3,6,0
16094,2401,1385,video_call,42,1,2,0
16095,758,119,chat,30,2,4,0
16096,2501,333,video_call,44,5,10,1
16097,6948,4095,chat,32,2,4,0
16098,7252,57,video_call,12,5,10,1
16099,7199,1792,video_call,20,1,2,0
16100,8280,3100,video_call,36,4,8,1
16101,4988,4362,chat,24,2,4,0
16102,4857,4858,chat,10,5,10,1
16103,4760,506,chat,15,1,2,0
16104,9064,449,video_call,14,2,4,0
16105,2448,453,chat,39,3,6,0
16106,5108,1587,chat,18,5,10,1
16107,7790,2554,chat,38,5,10,1
16108,2584,2586,chat,39,2,4,0
16109,390,1026,video_call,39,5,10,1
16110,9735,4753,chat,6,5,10,1
16111,3755,869,video_call,15,1,2,0
16112,6751,328,video_call,20,3,6,0
16113,3061,551,chat,20,1,2,0
16114,2200,3418,chat,23,5,10,1
16115,2983,1392,video_call,35,1,2,0
16116,7853,4369,chat,32,1,2,0
16117,2193,2313,chat,23,4,8,1
16118,51,948,chat,18,3,6,0
16119,3545,1186,video_call,24,2,4,0
16120,985,4773,chat,31,5,10,1
16121,4512,492,chat,14,5,10,1
16122,1146,4451,chat,37,5,10,1
16123,615,3773,chat,45,5,10,1
16124,9449,3464,chat,39,4,8,1
16125,9665,2925,chat,15,5,10,1
16126,4217,1874,chat,24,1,2,0
16127,3222,1367,chat,39,3,6,0
16128,7833,587,video_call,22,4,8,1
16129,6076,3745,chat,16,3,6,0
16130,5881,4729,chat,29,3,6,0
16131,5777,2164,video_call,26,3,6,0
16132,2024,93,chat,10,2,4,0
16133,1640,3581,video_call,33,5,10,1
16134,6871,1014,video_call,43,1,2,0
16135,8679,3387,video_call,14,3,6,0
16136,4075,9,chat,16,2,4,0
16137,603,4665,chat,42,5,10,1
16138,4805,1128,video_call,27,4,8,1
16139,5286,3368,video_call,59,5,10,1
16140,7305,41,chat,41,3,6,0
16141,5704,1185,video_call,25,5,10,1
16142,7059,2539,video_call,51,5,10,1
16143,1755,1933,video_call,49,5,10,1
16144,4933,782,video_call,15,1,2,0
16145,43,4654,video_call,49,4,8,1
16146,4122,710,video_call,22,1,2,0
16147,386,713,video_call,28,5,10,1
16148,9401,3453,chat,11,3,6,0
16149,5528,2882,chat,43,2,4,0
16150,4714,3839,video_call,23,2,4,0
16151,1957,4271,chat,24,4,8,1
16152,6274,4426,chat,17,5,10,1
16153,9872,2099,video_call,42,3,6,0
16154,4112,4677,chat,31,2,4,0
16155,1422,4057,video_call,21,2,4,0
16156,158,3015,video_call,45,5,10,1
16157,5031,2079,video_call,52,4,8,1
16158,5427,3968,chat,35,2,4,0
16159,1335,3325,chat,30,4,8,1
16160,6022,2220,video_call,37,2,4,0
16161,3721,4769,video_call,50,4,8,1
16162,9716,4390,video_call,57,4,8,1
16163,5501,4668,video_call,15,5,10,1
16164,8692,3671,video_call,11,4,8,1
16165,8975,2149,chat,34,2,4,0
16166,7748,2968,video_call,46,1,2,0
16167,3344,2057,chat,18,4,8,1
16168,1536,3112,video_call,15,2,4,0
16169,2766,3147,video_call,18,3,6,0
16170,5347,3778,chat,23,4,8,1
16171,4128,653,video_call,30,1,2,0
16172,137,2070,video_call,51,5,10,1
16173,906,3154,video_call,11,4,8,1
16174,3350,4071,chat,36,3,6,0
16175,6441,1521,video_call,31,5,10,1
16176,9418,793,chat,27,5,10,1
16177,5128,3863,video_call,34,2,4,0
16178,759,1900,video_call,60,2,4,0
16179,6538,3731,video_call,40,5,10,1
16180,6542,4261,video_call,44,1,2,0
16181,7057,2974,video_call,58,1,2,0
16182,3449,331,video_call,45,5,10,1
16183,1695,1481,chat,32,3,6,0
16184,1883,215,chat,44,1,2,0
16185,4646,3556,chat,10,1,2,0
16186,1001,2196,chat,32,5,10,1
16187,9562,2839,video_call,14,1,2,0
16188,1944,3899,video_call,18,5,10,1
16189,4817,1900,video_call,44,2,4,0
16190,3671,903,chat,36,5,10,1
16191,4286,4654,chat,38,5,10,1
16192,9734,1576,video_call,19,2,4,0
16193,3658,1862,video_call,55,1,2,0
16194,3413,588,video_call,37,3,6,0
16195,6674,3101,video_call,60,4,8,1
16196,2275,4814,chat,32,4,8,1
16197,2621,1599,video_call,24,3,6,0
16198,6503,1348,video_call,49,5,10,1
16199,980,1896,chat,10,5,10,1
16200,7401,1123,chat,15,5,10,1
16201,3346,2241,video_call,31,1,2,0
16202,9243,3939,chat,41,4,8,1
16203,5522,788,chat,26,4,8,1
16204,2514,2385,video_call,29,5,10,1
16205,7680,1599,video_call,21,5,10,1
16206,9202,171,video_call,59,1,2,0
16207,8819,1510,chat,27,5,10,1
16208,890,738,chat,32,2,4,0
16209,146,3438,video_call,16,4,8,1
16210,8103,3674,chat,16,3,6,0
16211,6720,4598,video_call,34,4,8,1
16212,6999,1477,video_call,50,3,6,0
16213,7662,2532,video_call,28,4,8,1
16214,7328,3612,chat,14,3,6,0
16215,297,882,video_call,22,4,8,1
16216,7167,711,video_call,31,5,10,1
16217,3891,318,chat,19,4,8,1
16218,1175,4322,video_call,29,5,10,1
16219,2903,2153,video_call,53,2,4,0
16220,3263,2682,video_call,47,2,4,0
16221,9965,1483,chat,8,4,8,1
16222,2528,1793,chat,27,5,10,1
16223,8742,3109,video_call,59,1,2,0
16224,7116,1846,video_call,58,1,2,0
16225,5821,3404,chat,45,5,10,1
16226,9853,4117,video_call,42,1,2,0
16227,4215,1303,chat,40,2,4,0
16228,56,942,chat,36,4,8,1
16229,4612,4258,chat,40,4,8,1
16230,8657,2812,video_call,41,2,4,0
16231,6893,1921,video_call,14,1,2,0
16232,2579,2191,chat,30,2,4,0
16233,8614,1540,video_call,48,5,10,1
16234,8168,1906,chat,27,4,8,1
16235,9961,500,video_call,33,5,10,1
16236,2172,517,chat,17,4,8,1
16237,6041,4191,video_call,56,2,4,0
16238,6442,87,chat,16,4,8,1
16239,4915,739,video_call,28,5,10,1
16240,5675,724,chat,16,2,4,0
16241,128,345,video_call,21,2,4,0
16242,8876,3527,video_call,11,4,8,1
16243,9692,3243,chat,35,3,6,0
16244,5690,2276,video_call,48,4,8,1
16245,3238,1122,video_call,52,5,10,1
16246,1058,2460,video_call,58,5,10,1
16247,3699,3926,video_call,55,1,2,0
16248,5122,2178,chat,35,2,4,0
16249,3592,2297,chat,40,5,10,1
16250,8686,4971,video_call,32,1,2,0
16251,1398,3734,chat,23,5,10,1
16252,8468,1476,video_call,34,5,10,1
16253,9416,1013,chat,8,4,8,1
16254,6170,2421,video_call,51,4,8,1
16255,1980,3385,chat,37,1,2,0
16256,7918,3499,video_call,28,5,10,1
16257,1326,1627,video_call,32,3,6,0
16258,7483,2158,chat,14,1,2,0
16259,3236,2831,chat,15,5,10,1
16260,327,2921,video_call,24,4,8,1
16261,9967,3237,chat,39,4,8,1
16262,693,712,video_call,12,3,6,0
16263,9387,4048,video_call,28,1,2,0
16264,181,326,chat,38,3,6,0
16265,3243,1723,chat,24,3,6,0
16266,1435,3339,chat,20,1,2,0
16267,2609,2663,video_call,23,5,10,1
16268,6982,4441,chat,17,4,8,1
16269,5185,2002,video_call,55,2,4,0
16270,1388,1034,video_call,52,5,10,1
16271,5227,500,video_call,34,5,10,1
16272,7015,4330,chat,25,1,2,0
16273,9199,2898,video_call,40,4,8,1
16274,628,3699,video_call,43,3,6,0
16275,2061,1546,video_call,43,2,4,0
16276,2908,2853,video_call,22,2,4,0
16277,5976,1750,chat,27,3,6,0
16278,1773,3582,chat,28,2,4,0
16279,2899,826,video_call,11,1,2,0
16280,8794,3560,chat,9,2,4,0
16281,4005,3515,chat,25,1,2,0
16282,1595,2859,video_call,41,5,10,1
16283,703,4339,video_call,55,4,8,1
16284,4369,4353,chat,22,1,2,0
16285,4443,1519,video_call,30,3,6,0
16286,3496,3271,video_call,17,4,8,1
16287,8791,3953,video_call,48,4,8,1
16288,1556,1123,chat,32,5,10,1
16289,7046,4661,chat,35,2,4,0
16290,4182,2320,video_call,14,2,4,0
16291,7375,2366,video_call,25,2,4,0
16292,7574,1572,chat,12,3,6,0
16293,5256,2092,chat,29,5,10,1
16294,2826,3424,chat,19,5,10,1
16295,8706,692,chat,27,5,10,1
16296,9274,36,video_call,14,2,4,0
16297,1485,2264,video_call,52,2,4,0
16298,18,4306,chat,44,4,8,1
16299,9894,3062,video_call,31,5,10,1
16300,6581,2126,video_call,10,5,10,1
16301,8459,4896,chat,26,3,6,0
16302,7819,4552,chat,14,4,8,1
16303,444,912,chat,21,3,6,0
16304,8650,1029,chat,38,2,4,0
16305,14,264,chat,27,2,4,0
16306,4192,4883,chat,32,5,10,1
16307,1939,3081,chat,23,4,8,1
16308,4130,1018,chat,22,4,8,1
16309,7389,2899,chat,37,2,4,0
16310,9716,4637,video_call,21,4,8,1
16311,7101,2524,chat,31,2,4,0
16312,1475,3131,chat,17,1,2,0
16313,5382,2463,chat,45,3,6,0
16314,7155,462,chat,18,4,8,1
16315,9133,2326,chat,8,5,10,1
16316,2020,1160,video_call,47,4,8,1
16317,2758,2455,video_call,27,5,10,1
16318,3467,3803,video_call,60,5,10,1
16319,6685,4411,video_call,42,1,2,0
16320,1710,297,video_call,25,5,10,1
16321,7076,1442,video_call,10,3,6,0
16322,2401,1992,video_call,37,2,4,0
16323,9421,3230,video_call,31,5,10,1
16324,6577,2489,video_call,18,5,10,1
16325,9231,1353,video_call,50,5,10,1
16326,7637,789,video_call,48,4,8,1
16327,3733,2867,chat,15,4,8,1
16328,8932,2649,chat,40,2,4,0
16329,196,1799,chat,26,2,4,0
16330,7661,916,video_call,40,2,4,0
16331,1402,127,video_call,60,1,2,0
16332,1262,2762,video_call,15,5,10,1
16333,4399,4682,chat,5,4,8,1
16334,9853,1374,video_call,44,4,8,1
16335,8721,1715,video_call,10,5,10,1
16336,691,2360,chat,18,5,10,1
16337,9112,3583,video_call,18,3,6,0
16338,9074,4056,chat,45,1,2,0
16339,2470,2106,chat,23,5,10,1
16340,8334,1487,chat,14,4,8,1
16341,3175,2195,chat,39,4,8,1
16342,1905,4775,chat,28,4,8,1
16343,9616,1562,chat,15,4,8,1
16344,9695,2637,video_call,32,3,6,0
16345,9236,4663,chat,22,2,4,0
16346,2075,2019,chat,12,5,10,1
16347,8673,3423,video_call,12,3,6,0
16348,2440,3721,chat,8,5,10,1
16349,2629,3540,chat,7,5,10,1
16350,489,1683,video_call,49,2,4,0
16351,3999,4192,chat,45,5,10,1
16352,5078,161,video_call,20,5,10,1
16353,5503,3424,chat,6,4,8,1
16354,312,3224,video_call,58,5,10,1
16355,3325,3590,video_call,25,5,10,1
16356,1689,2850,video_call,55,2,4,0
16357,6838,4742,video_call,50,5,10,1
16358,5743,4879,video_call,27,4,8,1
16359,2369,429,chat,32,2,4,0
16360,1181,2445,video_call,51,2,4,0
16361,1040,3211,video_call,46,3,6,0
16362,5074,267,chat,11,2,4,0
16363,3367,1097,chat,30,5,10,1
16364,9847,3413,video_call,43,2,4,0
16365,646,3263,chat,41,5,10,1
16366,8388,461,chat,18,4,8,1
16367,6315,4731,chat,30,2,4,0
16368,4785,276,video_call,34,5,10,1
16369,9421,2077,chat,26,5,10,1
16370,1600,4103,video_call,15,2,4,0
16371,8223,1888,chat,24,4,8,1
16372,314,1963,video_call,51,1,2,0
16373,6985,4416,chat,33,1,2,0
16374,4388,4791,chat,33,5,10,1
16375,4240,4146,video_call,31,4,8,1
16376,7450,3131,chat,36,4,8,1
16377,8821,3941,video_call,21,2,4,0
16378,1616,3262,chat,33,2,4,0
16379,6999,3781,video_call,35,5,10,1
16380,3086,535,chat,28,4,8,1
16381,8408,74,video_call,54,5,10,1
16382,2893,3478,chat,28,5,10,1
16383,4970,2795,chat,31,5,10,1
16384,1948,1247,video_call,14,5,10,1
16385,3431,1131,chat,43,4,8,1
16386,6062,206,video_call,29,5,10,1
16387,79,2267,video_call,45,5,10,1
16388,9699,3839,chat,32,3,6,0
16389,9126,2089,chat,6,4,8,1
16390,7747,1372,chat,6,3,6,0
16391,582,3108,video_call,21,1,2,0
16392,2574,4245,video_call,43,1,2,0
16393,1844,79,video_call,23,5,10,1
16394,6252,3274,video_call,42,5,10,1
16395,843,3213,chat,12,4,8,1
16396,5174,4755,chat,9,2,4,0
16397,8606,1477,video_call,14,5,10,1
16398,8172,3086,video_call,57,3,6,0
16399,1445,319,video_call,58,5,10,1
16400,8196,2123,video_call,57,5,10,1
16401,1666,2037,chat,34,1,2,0
16402,6025,2708,video_call,13,4,8,1
16403,1724,4901,chat,42,4,8,1
16404,5004,3810,video_call,20,4,8,1
16405,1260,1342,chat,19,4,8,1
16406,3461,138,video_call,51,5,10,1
16407,6440,322,video_call,53,5,10,1
16408,4082,3763,video_call,16,4,8,1
16409,4425,2047,video_call,41,2,4,0
16410,9439,3384,chat,28,5,10,1
16411,1281,2627,chat,45,5,10,1
16412,3683,3355,chat,33,2,4,0
16413,3067,954,video_call,48,5,10,1
16414,2045,200,video_call,54,5,10,1
16415,2215,825,video_call,20,4,8,1
16416,4299,3236,video_call,34,2,4,0
16417,9461,3267,chat,31,3,6,0
16418,8667,2590,chat,42,3,6,0
16419,3529,2338,video_call,44,5,10,1
16420,8376,1413,video_call,15,1,2,0
16421,2853,2242,video_call,47,2,4,0
16422,7144,2641,video_call,60,3,6,0
16423,6971,3315,video_call,27,1,2,0
16424,879,2509,chat,13,5,10,1
16425,2120,2077,chat,36,4,8,1
16426,1986,4365,video_call,23,1,2,0
16427,3521,3693,video_call,25,4,8,1
16428,3099,983,video_call,39,3,6,0
16429,967,736,video_call,11,2,4,0
16430,4777,2790,video_call,52,5,10,1
16431,4820,1346,video_call,14,5,10,1
16432,1020,1906,video_call,47,1,2,0
16433,21,3340,video_call,48,5,10,1
16434,903,1104,video_call,34,5,10,1
16435,2903,742,chat,38,3,6,0
16436,7400,3766,video_call,58,5,10,1
16437,5521,4061,chat,40,5,10,1
16438,7000,2772,video_call,54,5,10,1
16439,8859,3672,video_call,26,5,10,1
16440,9274,2898,chat,35,4,8,1
16441,1498,658,chat,33,2,4,0
16442,2867,2864,video_call,19,2,4,0
16443,1395,139,video_call,57,4,8,1
16444,5761,3912,video_call,13,5,10,1
16445,4933,4421,video_call,52,5,10,1
16446,1797,254,video_call,56,2,4,0
16447,4774,3761,video_call,60,1,2,0
16448,1924,1966,chat,25,5,10,1
16449,7610,158,video_call,41,1,2,0
16450,8940,3613,chat,20,4,8,1
16451,2591,4924,chat,24,3,6,0
16452,5569,2740,chat,20,1,2,0
16453,703,1324,chat,24,4,8,1
16454,8588,4726,chat,37,3,6,0
16455,465,1380,video_call,49,2,4,0
16456,7945,194,chat,21,2,4,0
16457,6227,27,video_call,13,1,2,0
16458,9666,4323,chat,29,2,4,0
16459,2312,4247,video_call,59,4,8,1
16460,5708,1097,video_call,44,4,8,1
16461,5439,3062,video_call,22,4,8,1
16462,7701,4471,chat,26,2,4,0
16463,6608,2269,chat,26,5,10,1
16464,6320,4921,video_call,49,5,10,1
16465,1675,61,chat,16,2,4,0
16466,8934,1220,chat,17,3,6,0
16467,727,213,chat,28,5,10,1
16468,1515,3350,chat,29,5,10,1
16469,5179,761,video_call,18,4,8,1
16470,7086,4296,video_call,40,5,10,1
16471,4089,1671,video_call,30,2,4,0
16472,3484,4928,chat,45,1,2,0
16473,5591,2807,video_call,25,5,10,1
16474,3624,2597,video_call,48,4,8,1
16475,6532,1974,chat,34,3,6,0
16476,9573,3690,chat,26,1,2,0
16477,528,2686,video_call,60,1,2,0
16478,9948,1384,video_call,14,4,8,1
16479,5195,2823,chat,41,5,10,1
16480,9766,4230,chat,21,1,2,0
16481,9198,2848,chat,41,5,10,1
16482,450,2,video_call,41,5,10,1
16483,9671,2885,video_call,27,1,2,0
16484,1182,386,chat,35,5,10,1
16485,6691,899,video_call,36,3,6,0
16486,4506,3752,video_call,10,4,8,1
16487,7745,3358,chat,32,4,8,1
16488,8424,40,chat,14,4,8,1
16489,1099,3845,video_call,26,5,10,1
16490,4648,1227,video_call,47,4,8,1
16491,1878,1267,chat,13,2,4,0
16492,4887,4429,video_call,45,5,10,1
16493,7143,3100,video_call,11,5,10,1
16494,1564,3436,chat,42,1,2,0
16495,4366,4711,video_call,46,5,10,1
16496,6291,894,video_call,45,4,8,1
16497,1776,4003,chat,40,5,10,1
16498,6265,364,chat,10,4,8,1
16499,8611,794,video_call,52,1,2,0
16500,8488,4234,chat,24,4,8,1
16501,3493,4348,chat,18,4,8,1
16502,2593,1355,chat,7,3,6,0
16503,4389,471,chat,24,5,10,1
16504,9784,635,chat,37,3,6,0
16505,1887,1341,chat,42,5,10,1
16506,7185,4009,video_call,50,3,6,0
16507,9368,1972,video_call,13,1,2,0
16508,8345,3117,video_call,38,1,2,0
16509,5599,408,video_call,34,4,8,1
16510,2236,1321,video_call,42,4,8,1
16511,8841,2198,video_call,43,1,2,0
16512,7648,3648,chat,44,2,4,0
16513,1921,1146,chat,28,5,10,1
16514,1705,4010,video_call,55,1,2,0
16515,3629,1963,chat,34,2,4,0
16516,4931,1998,video_call,25,5,10,1
16517,2643,2619,chat,35,4,8,1
16518,5052,730,video_call,17,1,2,0
16519,6361,4622,video_call,11,1,2,0
16520,7163,1439,chat,30,2,4,0
16521,783,3614,chat,18,2,4,0
16522,8436,2475,video_call,60,5,10,1
16523,4592,2504,video_call,56,5,10,1
16524,5068,2464,video_call,37,4,8,1
16525,991,3634,video_call,57,5,10,1
16526,3390,330,chat,12,5,10,1
16527,8420,3375,video_call,18,5,10,1
16528,1463,4005,chat,11,4,8,1
16529,9037,4587,chat,26,3,6,0
16530,9118,3234,video_call,15,4,8,1
16531,1680,3223,video_call,27,5,10,1
16532,7115,787,chat,28,5,10,1
16533,9758,3519,chat,18,5,10,1
16534,7823,770,video_call,32,5,10,1
16535,9382,4046,video_call,49,3,6,0
16536,5913,3298,video_call,48,2,4,0
16537,7648,1437,chat,7,3,6,0
16538,8123,3770,chat,40,3,6,0
16539,6724,876,chat,21,5,10,1
16540,4646,3433,video_call,59,3,6,0
16541,9189,3999,video_call,46,5,10,1
16542,4484,1879,video_call,53,5,10,1
16543,1648,1763,chat,7,4,8,1
16544,5539,2709,chat,45,4,8,1
16545,9938,3148,video_call,45,4,8,1
16546,9787,292,chat,15,2,4,0
16547,4331,4266,video_call,34,4,8,1
16548,8931,223,chat,8,5,10,1
16549,4562,3200,video_call,41,2,4,0
16550,6523,1410,chat,26,3,6,0
16551,3239,4923,video_call,40,1,2,0
16552,8290,535,video_call,40,5,10,1
16553,2051,953,video_call,25,2,4,0
16554,2717,4895,video_call,54,5,10,1
16555,6937,4611,chat,7,3,6,0
16556,6074,2139,video_call,24,3,6,0
16557,7467,2157,video_call,16,5,10,1
16558,7366,3641,video_call,15,5,10,1
16559,2104,526,video_call,12,5,10,1
16560,5334,2053,video_call,39,5,10,1
16561,5819,1498,video_call,55,4,8,1
16562,4609,3900,video_call,21,1,2,0
16563,7059,3757,video_call,51,1,2,0
16564,9535,3644,video_call,41,3,6,0
16565,8203,4371,video_call,55,1,2,0
16566,1288,1796,chat,11,1,2,0
16567,2037,4763,chat,18,1,2,0
16568,7477,3880,chat,5,5,10,1
16569,9975,3577,chat,5,2,4,0
16570,1371,168,chat,30,5,10,1
16571,5656,477,chat,14,5,10,1
16572,9636,4856,chat,39,1,2,0
16573,8314,808,chat,45,2,4,0
16574,9451,348,video_call,10,5,10,1
16575,463,1704,video_call,30,4,8,1
16576,7026,605,video_call,13,4,8,1
16577,9364,817,chat,32,4,8,1
16578,6297,1838,chat,22,5,10,1
16579,4071,390,video_call,16,2,4,0
16580,1388,2074,chat,13,2,4,0
16581,1790,58,video_call,45,5,10,1
16582,1830,3801,chat,15,3,6,0
16583,9738,287,video_call,16,4,8,1
16584,4271,69,chat,24,5,10,1
16585,1309,4852,chat,11,3,6,0
16586,5640,4243,video_call,50,4,8,1
16587,7275,1496,video_call,10,1,2,0
16588,7487,1657,chat,25,1,2,0
16589,9104,4464,video_call,33,1,2,0
16590,9968,3185,video_call,57,1,2,0
16591,1948,2183,chat,25,3,6,0
16592,450,1102,chat,25,1,2,0
16593,6296,2723,chat,26,4,8,1
16594,2840,1043,video_call,24,2,4,0
16595,3914,2584,chat,38,5,10,1
16596,7191,2307,video_call,56,4,8,1
16597,5037,4174,chat,5,1,2,0
16598,2709,4677,video_call,52,3,6,0
16599,6314,450,chat,19,4,8,1
16600,8539,4152,video_call,12,2,4,0
16601,3956,3789,video_call,45,3,6,0
16602,6547,3617,chat,14,3,6,0
16603,1974,3292,chat,37,5,10,1
16604,2552,3978,video_call,21,5,10,1
16605,4524,2115,video_call,38,5,10,1
16606,3648,4081,chat,33,2,4,0
16607,7833,1383,chat,22,5,10,1
16608,3714,2413,chat,18,3,6,0
16609,5569,4310,video_call,15,5,10,1
16610,1165,4218,chat,35,2,4,0
16611,8344,3962,video_call,34,3,6,0
16612,9756,514,chat,31,5,10,1
16613,5267,4828,chat,33,5,10,1
16614,606,1209,chat,13,5,10,1
16615,1989,4771,chat,17,5,10,1
16616,2255,4533,video_call,59,3,6,0
16617,8570,1050,video_call,60,1,2,0
16618,6417,4296,video_call,34,3,6,0
16619,7685,4087,video_call,32,4,8,1
16620,6588,893,chat,29,2,4,0
16621,9022,3833,video_call,11,5,10,1
16622,6053,3404,video_call,54,5,10,1
16623,2600,3211,chat,29,5,10,1
16624,9172,3391,video_call,14,5,10,1
16625,3098,844,chat,5,5,10,1
16626,8292,3134,video_call,50,4,8,1
16627,3131,4961,chat,30,4,8,1
16628,5753,497,chat,23,1,2,0
16629,9832,4699,video_call,18,4,8,1
16630,9424,2643,video_call,19,4,8,1
16631,9591,243,video_call,28,4,8,1
16632,2904,3077,chat,28,1,2,0
16633,8523,3128,video_call,34,5,10,1
16634,1867,4126,video_call,57,3,6,0
16635,7194,1798,video_call,55,5,10,1
16636,1394,3146,video_call,53,1,2,0
16637,4437,1851,video_call,51,5,10,1
16638,1933,4006,chat,7,1,2,0
16639,6709,4073,chat,23,2,4,0
16640,8211,1197,chat,12,2,4,0
16641,9102,3495,video_call,55,4,8,1
16642,4030,3593,chat,24,2,4,0
16643,7315,4161,chat,45,4,8,1
16644,7363,3802,video_call,35,3,6,0
16645,3703,4642,video_call,16,2,4,0
16646,2330,1235,video_call,11,4,8,1
16647,4690,351,chat,23,3,6,0
16648,1950,2372,chat,33,5,10,1
16649,4063,1806,video_call,28,4,8,1
16650,2131,1054,video_call,14,5,10,1
16651,7001,1056,video_call,11,4,8,1
16652,6107,2256,video_call,53,5,10,1
16653,3939,2307,chat,14,4,8,1
16654,2958,3384,video_call,36,5,10,1
16655,7482,4407,video_call,51,3,6,0
16656,5880,4930,video_call,60,5,10,1
16657,2988,4496,chat,20,2,4,0
16658,3750,4421,chat,7,2,4,0
16659,8447,390,video_call,13,5,10,1
16660,8645,1751,video_call,23,5,10,1
16661,6425,4394,video_call,30,4,8,1
16662,2904,2199,video_call,58,1,2,0
16663,4656,3728,chat,27,4,8,1
16664,8812,3160,video_call,55,5,10,1
16665,6403,1197,chat,12,3,6,0
16666,7212,4485,video_call,23,4,8,1
16667,5283,4892,video_call,52,5,10,1
16668,6,3590,video_call,16,4,8,1
16669,5278,3219,chat,45,2,4,0
16670,1075,3411,video_call,19,4,8,1
16671,8906,839,chat,27,2,4,0
16672,8870,122,video_call,56,4,8,1
16673,5828,2606,chat,45,3,6,0
16674,926,237,chat,14,4,8,1
16675,6784,4623,chat,19,2,4,0
16676,2184,2510,chat,34,5,10,1
16677,6548,1887,chat,14,5,10,1
16678,9312,4494,video_call,59,5,10,1
16679,32,2501,video_call,36,1,2,0
16680,4528,850,video_call,45,4,8,1
16681,9963,4753,video_call,22,5,10,1
16682,6146,1207,video_call,39,3,6,0
16683,464,3947,video_call,57,2,4,0
16684,6211,3805,video_call,11,5,10,1
16685,8249,2084,chat,20,5,10,1
16686,5460,1484,chat,30,5,10,1
16687,8380,3811,video_call,42,1,2,0
16688,882,3224,video_call,22,4,8,1
16689,7959,2671,video_call,25,2,4,0
16690,722,1308,video_call,48,5,10,1
16691,2485,4005,chat,19,4,8,1
16692,1241,864,video_call,55,3,6,0
16693,8853,3647,video_call,40,3,6,0
16694,9655,2685,chat,31,5,10,1
16695,1509,4868,video_call,25,4,8,1
16696,3147,3845,chat,5,3,6,0
16697,802,2135,video_call,10,2,4,0
16698,5402,46,chat,8,5,10,1
16699,7414,2178,video_call,40,4,8,1
16700,6170,4035,chat,30,5,10,1
16701,8901,491,video_call,37,1,2,0
16702,2812,1251,chat,41,5,10,1
16703,1545,3341,chat,7,5,10,1
16704,2984,4063,chat,22,3,6,0
16705,3719,3734,video_call,20,2,4,0
16706,537,3160,chat,13,3,6,0
16707,4340,293,video_call,14,3,6,0
16708,3280,1281,video_call,59,2,4,0
16709,6977,66,chat,24,4,8,1
16710,387,4556,chat,13,1,2,0
16711,765,1518,chat,9,5,10,1
16712,7751,3346,chat,20,5,10,1
16713,3773,3147,video_call,13,2,4,0
16714,1109,72,video_call,55,1,2,0
16715,4175,1562,video_call,47,2,4,0
16716,3189,4188,chat,18,1,2,0
16717,2636,4485,chat,45,2,4,0
16718,2721,2925,video_call,42,3,6,0
16719,244,290,video_call,23,2,4,0
16720,4405,991,chat,34,5,10,1
16721,3512,845,video_call,13,1,2,0
16722,7772,932,video_call,41,1,2,0
16723,8744,4693,video_call,16,4,8,1
16724,236,1978,video_call,48,2,4,0
16725,9538,276,video_call,18,2,4,0
16726,4694,3176,chat,38,4,8,1
16727,4301,4385,video_call,43,5,10,1
16728,9661,1373,video_call,32,2,4,0
16729,4563,3661,chat,43,4,8,1
16730,4232,4656,video_call,29,1,2,0
16731,136,3897,chat,35,2,4,0
16732,5908,2307,chat,19,3,6,0
16733,3091,1606,video_call,12,4,8,1
16734,1248,3125,video_call,39,3,6,0
16735,6585,1579,chat,37,5,10,1
16736,7155,376,chat,26,4,8,1
16737,4887,1486,chat,33,5,10,1
16738,7465,2639,video_call,37,2,4,0
16739,8150,3023,chat,35,5,10,1
16740,8564,812,chat,13,1,2,0
16741,963,3409,video_call,42,1,2,0
16742,74,2385,video_call,54,5,10,1
16743,7293,2783,video_call,58,1,2,0
16744,8405,3137,chat,17,1,2,0
16745,1555,2133,video_call,44,3,6,0
16746,6337,3024,video_call,14,4,8,1
16747,8322,3825,chat,34,5,10,1
16748,7374,2313,chat,38,5,10,1
16749,6740,2087,chat,22,5,10,1
16750,7226,4059,chat,43,1,2,0
16751,2997,2957,video_call,22,4,8,1
16752,3684,4399,video_call,26,5,10,1
16753,5662,2174,chat,27,4,8,1
16754,5098,3216,video_call,23,2,4,0
16755,6606,407,chat,8,2,4,0
16756,7736,4083,video_call,13,3,6,0
16757,1316,2820,chat,32,1,2,0
16758,5144,4454,chat,45,2,4,0
16759,1374,1734,video_call,31,5,10,1
16760,4965,781,video_call,30,5,10,1
16761,385,4058,video_call,48,1,2,0
16762,3234,4912,chat,24,5,10,1
16763,5958,1424,chat,5,2,4,0
16764,2250,2645,chat,7,2,4,0
16765,8381,637,video_call,42,3,6,0
16766,5886,1539,video_call,25,2,4,0
16767,4650,2138,chat,36,3,6,0
16768,6178,2387,video_call,50,3,6,0
16769,7621,4263,video_call,26,5,10,1
16770,3978,2819,chat,32,1,2,0
16771,6984,4061,chat,43,5,10,1
16772,6229,2344,chat,42,1,2,0
16773,4566,1854,video_call,29,4,8,1
16774,2458,1379,video_call,34,2,4,0
16775,7405,1012,chat,32,4,8,1
16776,8368,2276,chat,17,4,8,1
16777,6850,2518,chat,9,5,10,1
16778,6135,2144,chat,26,1,2,0
16779,9946,4373,chat,7,1,2,0
16780,2519,2891,chat,9,3,6,0
16781,3667,2625,video_call,31,5,10,1
16782,6167,4294,video_call,38,5,10,1
16783,5794,1831,chat,5,5,10,1
16784,7652,3942,chat,32,5,10,1
16785,5816,1129,chat,5,5,10,1
16786,8298,938,video_call,49,1,2,0
16787,7592,4817,chat,21,2,4,0
16788,201,501,chat,20,5,10,1
16789,6045,3327,video_call,56,5,10,1
16790,7801,3651,video_call,20,4,8,1
16791,5284,3730,video_call,27,4,8,1
16792,4380,3113,video_call,52,5,10,1
16793,1437,2241,video_call,45,5,10,1
16794,2406,126,chat,21,2,4,0
16795,6844,1414,chat,5,5,10,1
16796,9610,3174,chat,12,4,8,1
16797,6070,919,video_call,31,5,10,1
16798,5505,3905,video_call,39,3,6,0
16799,3054,3931,video_call,54,1,2,0
16800,2509,881,chat,19,2,4,0
16801,8662,3195,chat,25,3,6,0
16802,8210,3250,chat,13,3,6,0
16803,6555,2,video_call,10,4,8,1
16804,4972,754,video_call,16,2,4,0
16805,6731,1130,chat,35,5,10,1
16806,7658,707,chat,32,4,8,1
16807,3429,1297,chat,14,2,4,0
16808,2246,3536,video_call,26,5,10,1
16809,8569,4984,video_call,22,4,8,1
16810,5972,2862,video_call,50,2,4,0
16811,6367,1379,video_call,16,1,2,0
16812,8241,3594,chat,43,4,8,1
16813,761,3405,video_call,15,5,10,1
16814,8790,2948,video_call,30,2,4,0
16815,3364,4902,video_call,37,4,8,1
16816,3594,2471,video_call,38,4,8,1
16817,4625,824,video_call,59,5,10,1
16818,5861,2927,video_call,35,5,10,1
16819,5186,4795,video_call,46,5,10,1
16820,1926,1686,video_call,51,1,2,0
16821,5324,3040,video_call,16,5,10,1
16822,9155,1621,video_call,50,3,6,0
16823,1969,3771,video_call,47,5,10,1
16824,4461,2944,video_call,51,2,4,0
16825,6186,4466,chat,28,4,8,1
16826,2526,1857,video_call,41,4,8,1
16827,9974,1847,chat,22,5,10,1
16828,2023,2577,video_call,25,5,10,1
16829,9532,4291,video_call,54,2,4,0
16830,8584,2081,video_call,11,4,8,1
16831,981,854,video_call,15,4,8,1
16832,9993,4044,chat,31,4,8,1
16833,4667,2743,video_call,59,4,8,1
16834,1110,3294,video_call,58,5,10,1
16835,8459,2212,chat,44,5,10,1
16836,6515,3951,video_call,47,5,10,1
16837,9632,1884,video_call,25,3,6,0
16838,9077,3316,chat,11,5,10,1
16839,6329,3148,chat,18,5,10,1
16840,4159,429,chat,33,5,10,1
16841,6177,3516,chat,14,5,10,1
16842,1293,2423,chat,7,1,2,0
16843,3927,3904,chat,9,1,2,0
16844,201,3227,chat,13,4,8,1
16845,9268,390,video_call,22,5,10,1
16846,7629,2488,chat,45,3,6,0
16847,6928,390,video_call,53,5,10,1
16848,5711,2432,chat,27,4,8,1
16849,2724,256,chat,30,5,10,1
16850,3954,719,chat,7,5,10,1
16851,5444,4704,chat,30,5,10,1
16852,9775,1222,chat,44,4,8,1
16853,1296,4447,chat,36,5,10,1
16854,5260,4191,chat,21,2,4,0
16855,107,765,chat,5,5,10,1
16856,8435,3547,video_call,35,3,6,0
16857,6,1843,video_call,39,4,8,1
16858,6880,2077,chat,37,4,8,1
16859,2265,3516,video_call,37,5,10,1
16860,474,4988,video_call,27,1,2,0
16861,8285,4009,chat,8,4,8,1
16862,5138,4107,chat,26,1,2,0
16863,6483,1925,video_call,22,2,4,0
16864,9907,53,video_call,59,5,10,1
16865,1195,913,video_call,40,5,10,1
16866,7327,4258,video_call,39,5,10,1
16867,7999,56,video_call,53,3,6,0
16868,9214,1923,chat,35,1,2,0
16869,6170,3326,chat,10,2,4,0
16870,4380,3661,video_call,38,5,10,1
16871,7004,4937,chat,37,3,6,0
16872,6301,4962,video_call,50,5,10,1
16873,5006,508,video_call,22,5,10,1
16874,9174,4334,video_call,21,1,2,0
16875,7360,2372,chat,34,5,10,1
16876,4868,3688,video_call,49,4,8,1
16877,4862,1788,video_call,17,4,8,1
16878,707,1469,video_call,15,5,10,1
16879,8856,989,video_call,53,5,10,1
16880,8582,252,chat,21,4,8,1
16881,8860,3824,video_call,13,5,10,1
16882,1541,4399,chat,30,5,10,1
16883,6579,933,chat,26,5,10,1
16884,2504,4009,video_call,42,5,10,1
16885,6417,1833,chat,14,4,8,1
16886,7238,3574,chat,8,2,4,0
16887,8418,4589,video_call,27,5,10,1
16888,8185,933,video_call,53,5,10,1
16889,4657,4215,video_call,40,5,10,1
16890,2572,1384,chat,12,5,10,1
16891,504,3736,chat,17,4,8,1
16892,2947,519,chat,38,5,10,1
16893,7180,4413,chat,20,4,8,1
16894,465,3257,video_call,34,5,10,1
16895,3579,1044,video_call,58,4,8,1
16896,6027,661,video_call,52,1,2,0
16897,1248,3847,video_call,43,3,6,0
16898,5897,3879,chat,43,1,2,0
16899,7845,2870,chat,45,1,2,0
16900,1808,95,chat,7,5,10,1
16901,7380,4763,video_call,55,2,4,0
16902,427,28,video_call,14,4,8,1
16903,2297,2527,video_call,19,4,8,1
16904,6269,1154,chat,35,5,10,1
16905,4420,3575,video_call,58,3,6,0
16906,9717,2817,video_call,58,5,10,1
16907,7616,1630,video_call,20,4,8,1
16908,4337,4982,video_call,15,5,10,1
16909,7508,659,chat,22,5,10,1
16910,6450,2188,video_call,48,3,6,0
16911,3181,1970,chat,44,5,10,1
16912,922,1999,chat,11,4,8,1
16913,2142,2296,video_call,59,2,4,0
16914,4336,841,video_call,45,2,4,0
16915,2243,4486,video_call,21,4,8,1
16916,2041,3189,video_call,55,5,10,1
16917,841,3758,video_call,59,1,2,0
16918,4484,1982,video_call,11,5,10,1
16919,6656,1231,video_call,10,4,8,1
16920,9336,4561,video_call,27,3,6,0
16921,3790,2446,video_call,60,4,8,1
16922,4120,3897,video_call,25,5,10,1
16923,383,2919,video_call,52,5,10,1
16924,3505,4186,chat,32,2,4,0
16925,2478,241,chat,34,5,10,1
16926,4556,2356,video_call,34,2,4,0
16927,8657,906,video_call,27,5,10,1
16928,1960,2471,chat,21,5,10,1
16929,2032,1869,video_call,15,2,4,0
16930,8878,1061,chat,6,4,8,1
16931,4832,3256,video_call,12,3,6,0
16932,3038,4795,chat,7,4,8,1
16933,5877,442,video_call,15,2,4,0
16934,4403,2601,chat,6,3,6,0
16935,7867,2530,chat,12,5,10,1
16936,9635,408,chat,14,5,10,1
16937,4951,4530,chat,6,5,10,1
16938,3859,4959,chat,33,2,4,0
16939,9288,4373,video_call,14,5,10,1
16940,6052,87,video_call,13,1,2,0
16941,1602,795,video_call,32,4,8,1
16942,1030,4570,chat,9,4,8,1
16943,356,598,video_call,56,4,8,1
16944,1828,2024,video_call,44,5,10,1
16945,2289,337,video_call,55,2,4,0
16946,3714,101,video_call,31,1,2,0
16947,2563,286,video_call,33,5,10,1
16948,3720,4857,video_call,31,4,8,1
16949,4310,2638,video_call,29,4,8,1
16950,1251,4552,video_call,57,2,4,0
16951,8312,3764,video_call,21,4,8,1
16952,5920,2329,video_call,44,1,2,0
16953,9559,242,video_call,43,1,2,0
16954,2482,2018,video_call,32,1,2,0
16955,7214,1426,chat,39,2,4,0
16956,7363,1531,chat,17,2,4,0
16957,3932,2924,video_call,48,4,8,1
16958,624,459,video_call,48,2,4,0
16959,5598,2245,chat,18,5,10,1
16960,3141,2109,video_call,46,5,10,1
16961,3726,212,chat,34,4,8,1
16962,9305,4374,chat,34,3,6,0
16963,7686,1050,video_call,35,5,10,1
16964,3130,1970,video_call,54,1,2,0
16965,1478,4224,video_call,38,2,4,0
16966,5172,3695,video_call,18,2,4,0
16967,6555,2644,chat,11,3,6,0
16968,8128,1970,video_call,17,3,6,0
16969,4242,1460,chat,45,5,10,1
16970,2428,1031,video_call,29,4,8,1
16971,8886,3882,chat,28,4,8,1
16972,6018,1458,chat,20,4,8,1
16973,9053,1470,video_call,47,5,10,1
16974,8510,4746,chat,26,5,10,1
16975,5467,3592,video_call,17,5,10,1
16976,341,1756,chat,5,5,10,1
16977,3855,4584,chat,35,1,2,0
16978,9417,2616,video_call,28,5,10,1
16979,2082,1065,video_call,29,1,2,0
16980,4811,2237,video_call,22,4,8,1
16981,6529,4377,chat,25,4,8,1
16982,939,674,chat,38,5,10,1
16983,4644,2339,video_call,42,4,8,1
16984,7259,2601,video_call,18,5,10,1
16985,5719,3029,chat,42,2,4,0
16986,6084,4542,video_call,43,2,4,0
16987,8291,4735,chat,8,5,10,1
16988,1473,2257,chat,19,4,8,1
16989,3450,2146,chat,13,5,10,1
16990,2548,4258,video_call,25,5,10,1
16991,1560,1372,video_call,47,1,2,0
16992,7051,949,chat,10,4,8,1
16993,9049,837,video_call,56,5,10,1
16994,3060,793,video_call,57,2,4,0
16995,9926,1384,chat,45,5,10,1
16996,2352,3312,video_call,16,5,10,1
16997,7860,908,video_call,33,4,8,1
16998,2709,2572,chat,36,1,2,0
16999,1682,1936,video_call,38,4,8,1
17000,2186,4752,video_call,36,4,8,1
17001,9448,2551,video_call,28,2,4,0
17002,6182,588,video_call,11,1,2,0
17003,2570,876,chat,40,5,10,1
17004,4069,2377,video_call,58,4,8,1
17005,6012,1573,video_call,29,5,10,1
17006,5721,791,video_call,37,2,4,0
17007,292,642,chat,27,5,10,1
17008,1540,1136,video_call,27,2,4,0
17009,6233,849,chat,20,2,4,0
17010,7714,1174,video_call,23,5,10,1
17011,6924,3340,video_call,32,1,2,0
17012,3252,4783,video_call,24,2,4,0
17013,6583,4561,chat,39,3,6,0
17014,7941,1168,video_call,20,4,8,1
17015,2394,2986,chat,21,1,2,0
17016,5219,3895,video_call,16,5,10,1
17017,3106,4930,chat,17,3,6,0
17018,6736,4885,video_call,24,2,4,0
17019,2117,4531,video_call,24,5,10,1
17020,6299,2749,chat,24,1,2,0
17021,9398,3045,chat,7,5,10,1
17022,5451,4958,chat,45,4,8,1
17023,513,910,video_call,28,5,10,1
17024,4293,2652,video_call,32,4,8,1
17025,8361,4957,video_call,19,2,4,0
17026,2286,3817,chat,34,5,10,1
17027,5844,1049,chat,42,1,2,0
17028,4998,3665,chat,19,1,2,0
17029,6087,1233,chat,18,4,8,1
17030,6261,2215,chat,29,5,10,1
17031,1174,1407,chat,42,4,8,1
17032,4603,4453,chat,34,5,10,1
17033,2426,1006,video_call,10,2,4,0
17034,7355,2813,video_call,22,2,4,0
17035,3990,1709,video_call,42,5,10,1
17036,9966,1154,video_call,14,1,2,0
17037,5032,1036,chat,27,5,10,1
17038,6337,370,chat,7,1,2,0
17039,275,3211,video_call,13,2,4,0
17040,7058,4158,chat,14,5,10,1
17041,157,835,video_call,60,2,4,0
17042,8555,4775,video_call,57,2,4,0
17043,158,618,chat,23,5,10,1
17044,9342,4251,chat,36,5,10,1
17045,4355,3842,video_call,40,5,10,1
17046,352,2946,video_call,15,5,10,1
17047,7554,1088,video_call,30,4,8,1
17048,5569,1793,video_call,48,1,2,0
17049,572,2339,video_call,28,3,6,0
17050,296,1061,chat,20,4,8,1
17051,958,4932,chat,35,4,8,1
17052,8960,794,chat,22,1,2,0
17053,5952,1493,video_call,40,3,6,0
17054,2669,1207,chat,44,5,10,1
17055,7567,2219,video_call,30,5,10,1
17056,4887,4396,chat,32,3,6,0
17057,1110,4826,chat,23,5,10,1
17058,2771,49,chat,16,2,4,0
17059,2709,3953,video_call,32,5,10,1
17060,4909,114,chat,39,2,4,0
17061,9681,2595,chat,39,5,10,1
17062,9279,200,chat,35,2,4,0
17063,9074,931,video_call,60,2,4,0
17064,5788,1086,chat,5,4,8,1
17065,2143,2329,video_call,32,1,2,0
17066,6578,4510,video_call,53,5,10,1
17067,9959,3772,chat,21,2,4,0
17068,6100,1390,video_call,40,5,10,1
17069,7445,4794,chat,22,5,10,1
17070,8200,315,chat,5,5,10,1
17071,6771,4355,video_call,14,5,10,1
17072,2879,1166,chat,42,1,2,0
17073,373,930,video_call,41,3,6,0
17074,8279,2073,video_call,47,3,6,0
17075,6666,3231,chat,42,2,4,0
17076,3683,4461,video_call,23,2,4,0
17077,8739,3206,chat,16,5,10,1
17078,7225,4528,video_call,17,1,2,0
17079,9286,3199,video_call,37,2,4,0
17080,378,2941,chat,28,2,4,0
17081,6050,4619,video_call,19,2,4,0
17082,8130,2767,chat,7,4,8,1
17083,2631,2823,chat,8,2,4,0
17084,2727,3620,chat,14,4,8,1
17085,2527,4886,chat,11,4,8,1
17086,6432,4736,video_call,29,5,10,1
17087,91,2440,video_call,41,5,10,1
17088,980,1484,chat,27,5,10,1
17089,245,2347,chat,34,4,8,1
17090,2576,954,chat,33,2,4,0
17091,6380,886,chat,27,1,2,0
17092,3686,819,chat,15,4,8,1
17093,8969,3831,video_call,54,4,8,1
17094,1025,2443,chat,19,5,10,1
17095,3268,4489,video_call,23,1,2,0
17096,5926,481,video_call,23,2,4,0
17097,2535,235,chat,34,4,8,1
17098,2799,2579,chat,37,2,4,0
17099,5017,2108,chat,33,3,6,0
17100,5683,38,video_call,21,2,4,0
17101,1810,2594,chat,36,4,8,1
17102,9396,2093,video_call,24,5,10,1
17103,5892,1001,video_call,31,5,10,1
17104,7180,182,chat,37,2,4,0
17105,924,2812,chat,40,2,4,0
17106,3324,4200,video_call,55,5,10,1
17107,9835,2088,video_call,32,2,4,0
17108,3982,45,chat,24,2,4,0
17109,4748,676,chat,44,1,2,0
17110,9328,1986,video_call,42,1,2,0
17111,7833,3431,video_call,23,5,10,1
17112,3575,3112,chat,22,1,2,0
17113,9233,2738,chat,37,3,6,0
17114,3484,1744,chat,44,5,10,1
17115,1400,2067,chat,27,5,10,1
17116,8173,4469,chat,16,2,4,0
17117,2689,4961,chat,42,5,10,1
17118,2833,1107,chat,16,5,10,1
17119,7878,2205,video_call,23,3,6,0
17120,6246,973,chat,29,3,6,0
17121,6783,847,video_call,16,5,10,1
17122,8877,2765,video_call,10,5,10,1
17123,3272,4158,chat,18,5,10,1
17124,7552,3152,chat,10,4,8,1
17125,6379,1264,video_call,44,5,10,1
17126,1575,883,video_call,46,4,8,1
17127,2578,1807,chat,19,4,8,1
17128,9466,3784,chat,8,4,8,1
17129,2278,4098,video_call,32,5,10,1
17130,6421,276,video_call,45,1,2,0
17131,5165,3762,video_call,42,5,10,1
17132,9270,1662,chat,42,4,8,1
17133,6141,962,video_call,17,1,2,0
17134,2241,3645,video_call,41,4,8,1
17135,5293,26,video_call,55,5,10,1
17136,9745,3864,video_call,35,1,2,0
17137,1236,1010,video_call,43,3,6,0
17138,4866,1600,video_call,27,2,4,0
17139,6118,3070,video_call,13,3,6,0
17140,5914,1313,chat,5,2,4,0
17141,9832,3875,chat,9,4,8,1
17142,8668,2963,chat,26,4,8,1
17143,1571,806,chat,14,5,10,1
17144,9365,4151,video_call,27,5,10,1
17145,1576,4416,chat,17,4,8,1
17146,3130,1186,chat,28,4,8,1
17147,3243,1362,video_call,60,4,8,1
17148,4157,4590,chat,20,1,2,0
17149,8830,2744,video_call,58,5,10,1
17150,6040,4913,chat,8,4,8,1
17151,4418,1206,chat,13,5,10,1
17152,2909,2574,video_call,18,4,8,1
17153,3617,3345,chat,44,5,10,1
17154,4561,780,video_call,55,2,4,0
17155,1378,1916,video_call,46,4,8,1
17156,3450,1467,chat,10,5,10,1
17157,2958,2367,chat,40,1,2,0
17158,989,2171,video_call,55,5,10,1
17159,1821,55,chat,9,5,10,1
17160,9301,4905,video_call,37,4,8,1
17161,8939,851,chat,41,4,8,1
17162,5331,3778,video_call,10,4,8,1
17163,5942,96,video_call,11,1,2,0
17164,4054,3399,video_call,21,5,10,1
17165,8267,1007,video_call,45,5,10,1
17166,2527,2581,video_call,40,5,10,1
17167,2646,4847,chat,36,1,2,0
17168,1430,2497,chat,28,1,2,0
17169,409,1451,chat,34,4,8,1
17170,7642,546,chat,10,3,6,0
17171,681,1186,video_call,44,2,4,0
17172,131,492,video_call,15,5,10,1
17173,8999,4833,video_call,32,4,8,1
17174,8964,2226,chat,45,1,2,0
17175,9969,688,chat,19,2,4,0
17176,4873,1657,video_call,43,2,4,0
17177,274,2389,chat,12,2,4,0
17178,6525,2276,video_call,60,4,8,1
17179,5055,1558,chat,8,5,10,1
17180,6247,4535,chat,33,4,8,1
17181,3012,2634,video_call,42,4,8,1
17182,2356,4228,video_call,12,5,10,1
17183,9177,3357,chat,25,3,6,0
17184,8422,4348,chat,15,5,10,1
17185,9822,2624,chat,26,4,8,1
17186,4807,3931,chat,37,4,8,1
17187,7093,3670,video_call,25,2,4,0
17188,2262,1219,video_call,60,4,8,1
17189,6725,3303,video_call,32,5,10,1
17190,9022,294,video_call,40,4,8,1
17191,3593,3203,chat,34,4,8,1
17192,8443,1982,video_call,21,5,10,1
17193,4963,2127,video_call,13,3,6,0
17194,552,3341,chat,44,5,10,1
17195,6779,572,chat,35,1,2,0
17196,8619,3183,video_call,34,2,4,0
17197,6297,4872,video_call,33,4,8,1
17198,1718,3556,video_call,25,4,8,1
17199,7615,178,chat,14,5,10,1
17200,826,4370,chat,40,2,4,0
17201,1973,3728,video_call,33,4,8,1
17202,3156,1649,video_call,24,5,10,1
17203,5300,4184,chat,13,4,8,1
17204,5378,787,video_call,34,5,10,1
17205,6945,2225,video_call,14,4,8,1
17206,9963,4669,video_call,31,2,4,0
17207,625,4804,video_call,26,5,10,1
17208,8121,1439,video_call,32,4,8,1
17209,3021,2114,video_call,38,5,10,1
17210,6980,143,video_call,11,4,8,1
17211,5061,258,chat,26,4,8,1
17212,5935,2341,chat,27,5,10,1
17213,2652,740,chat,36,4,8,1
17214,3552,4633,video_call,10,4,8,1
17215,9156,1595,video_call,37,5,10,1
17216,5965,250,video_call,48,5,10,1
17217,4222,560,video_call,10,1,2,0
17218,5559,4130,chat,40,3,6,0
17219,1431,2550,chat,7,3,6,0
17220,6423,3146,video_call,49,5,10,1
17221,6013,2960,video_call,27,4,8,1
17222,5168,4695,video_call,46,5,10,1
17223,720,2353,video_call,30,5,10,1
17224,3269,4488,chat,17,4,8,1
17225,1307,1398,video_call,48,2,4,0
17226,7461,305,video_call,34,2,4,0
17227,5560,1604,chat,13,3,6,0
17228,6661,3792,video_call,44,3,6,0
17229,7495,4946,video_call,36,1,2,0
17230,4879,1399,video_call,36,2,4,0
17231,1740,3429,video_call,57,5,10,1
17232,1356,2788,chat,37,4,8,1
17233,3243,4385,chat,14,5,10,1
17234,2992,638,video_call,39,4,8,1
17235,6359,4339,chat,44,4,8,1
17236,4502,549,chat,19,2,4,0
17237,648,1274,video_call,16,5,10,1
17238,5330,314,chat,26,5,10,1
17239,8537,469,chat,42,2,4,0
17240,5848,2634,chat,28,5,10,1
17241,4409,1514,chat,32,2,4,0
17242,7788,2451,chat,9,5,10,1
17243,4018,3490,chat,40,5,10,1
17244,6551,358,chat,40,5,10,1
17245,9062,1463,video_call,40,4,8,1
17246,2249,3332,chat,35,1,2,0
17247,5395,973,chat,12,4,8,1
17248,5597,4754,chat,8,4,8,1
17249,6424,1453,chat,16,1,2,0
17250,6930,2548,video_call,11,5,10,1
17251,5641,3554,chat,11,5,10,1
17252,8072,1671,chat,21,4,8,1
17253,688,201,chat,28,5,10,1
17254,4783,258,video_call,50,2,4,0
17255,6922,514,chat,36,3,6,0
17256,6302,1105,video_call,36,5,10,1
17257,424,3108,chat,43,4,8,1
17258,863,1179,video_call,15,2,4,0
17259,4633,4407,video_call,25,4,8,1
17260,6808,4446,video_call,55,5,10,1
17261,4027,3239,chat,34,5,10,1
17262,5439,4101,chat,43,5,10,1
17263,3401,4404,video_call,25,5,10,1
17264,7785,2543,video_call,14,1,2,0
17265,9482,300,video_call,19,1,2,0
17266,4097,2962,video_call,46,1,2,0
17267,1838,1522,video_call,27,4,8,1
17268,8964,2634,video_call,57,2,4,0
17269,645,4677,video_call,55,4,8,1
17270,430,658,chat,30,4,8,1
17271,4410,4199,chat,41,2,4,0
17272,7601,4617,video_call,57,3,6,0
17273,570,2062,chat,21,5,10,1
17274,7243,4845,video_call,20,2,4,0
17275,4681,4459,chat,32,2,4,0
17276,4808,3444,video_call,42,4,8,1
17277,8522,2959,chat,28,5,10,1
17278,687,2829,chat,12,4,8,1
17279,8912,3145,chat,12,1,2,0
17280,1677,1438,video_call,52,4,8,1
17281,1583,280,video_call,30,3,6,0
17282,3267,1902,video_call,12,5,10,1
17283,9109,3596,video_call,22,4,8,1
17284,4470,4632,video_call,28,2,4,0
17285,1892,1996,video_call,38,3,6,0
17286,5874,4038,video_call,50,4,8,1
17287,7949,1478,video_call,15,2,4,0
17288,7692,165,video_call,34,5,10,1
17289,7675,2843,chat,21,1,2,0
17290,4958,670,chat,29,5,10,1
17291,4895,1401,video_call,49,5,10,1
17292,8671,2858,video_call,26,1,2,0
17293,5588,4975,chat,27,3,6,0
17294,6794,649,chat,31,4,8,1
17295,9226,2529,chat,26,2,4,0
17296,8710,2625,chat,12,5,10,1
17297,6884,3797,video_call,17,1,2,0
17298,3559,2868,chat,40,4,8,1
17299,1249,863,video_call,54,1,2,0
17300,2762,542,chat,31,3,6,0
17301,1640,1737,video_call,13,1,2,0
17302,4877,1500,video_call,42,5,10,1
17303,35,4366,video_call,34,4,8,1
17304,888,2943,video_call,52,1,2,0
17305,3377,3465,chat,15,4,8,1
17306,9443,4045,video_call,16,5,10,1
17307,7971,3879,chat,41,4,8,1
17308,7741,3570,video_call,48,2,4,0
17309,448,731,video_call,29,1,2,0
17310,7621,2046,video_call,21,2,4,0
17311,684,1458,chat,14,4,8,1
17312,1482,3762,chat,32,1,2,0
17313,1118,117,chat,11,3,6,0
17314,3031,2234,chat,15,2,4,0
17315,3310,2625,video_call,59,5,10,1
17316,5715,321,video_call,35,5,10,1
17317,3064,1997,chat,16,3,6,0
17318,2735,1002,chat,38,1,2,0
17319,2685,1009,chat,13,1,2,0
17320,9752,1125,chat,12,5,10,1
17321,8217,2638,chat,6,5,10,1
17322,4852,3349,video_call,24,5,10,1
17323,6101,3557,video_call,56,1,2,0
17324,4072,4468,chat,42,2,4,0
17325,5168,4859,chat,41,4,8,1
17326,1053,1726,chat,35,3,6,0
17327,3335,1170,chat,28,3,6,0
17328,4375,4641,video_call,48,3,6,0
17329,2400,984,video_call,49,3,6,0
17330,5292,2697,video_call,48,5,10,1
17331,1977,3544,video_call,25,4,8,1
17332,2927,2266,chat,44,5,10,1
17333,6534,2000,video_call,25,4,8,1
17334,7370,113,video_call,41,5,10,1
17335,9743,3580,video_call,34,5,10,1
17336,2723,1552,chat,29,4,8,1
17337,1346,1439,chat,23,2,4,0
17338,1782,2617,video_call,48,5,10,1
17339,3562,4422,video_call,14,5,10,1
17340,4021,2113,chat,11,5,10,1
17341,2774,427,chat,16,1,2,0
17342,5489,1771,chat,11,4,8,1
17343,8600,2401,video_call,45,4,8,1
17344,4339,2663,chat,27,1,2,0
17345,7338,420,video_call,40,4,8,1
17346,1506,3722,chat,9,5,10,1
17347,3920,3565,chat,9,5,10,1
17348,1978,2540,video_call,59,4,8,1
17349,9741,1971,chat,42,4,8,1
17350,7206,858,video_call,21,3,6,0
17351,802,589,chat,10,2,4,0
17352,1202,2472,video_call,37,5,10,1
17353,5667,1013,chat,11,5,10,1
17354,9923,221,video_call,46,1,2,0
17355,3987,3900,chat,42,2,4,0
17356,7325,3193,video_call,42,5,10,1
17357,7864,2541,video_call,39,3,6,0
17358,7162,2533,video_call,43,4,8,1
17359,1794,3510,chat,23,4,8,1
17360,6245,749,video_call,12,5,10,1
17361,4661,2504,video_call,56,4,8,1
17362,2928,3862,video_call,28,4,8,1
17363,5472,912,video_call,17,1,2,0
17364,9620,2259,video_call,40,5,10,1
17365,9244,1659,chat,18,1,2,0
17366,3248,2702,chat,16,3,6,0
17367,8971,336,chat,11,5,10,1
17368,371,252,video_call,54,2,4,0
17369,5362,1655,video_call,54,1,2,0
17370,7884,707,chat,34,5,10,1
17371,8536,1121,chat,31,4,8,1
17372,409,4343,chat,31,5,10,1
17373,4470,2719,video_call,27,4,8,1
17374,2358,4026,video_call,54,5,10,1
17375,3162,1855,video_call,19,3,6,0
17376,5375,3178,video_call,27,4,8,1
17377,4174,2132,chat,29,5,10,1
17378,1354,1750,video_call,32,4,8,1
17379,6773,3910,chat,44,1,2,0
17380,5576,3145,video_call,54,3,6,0
17381,4724,4721,chat,13,2,4,0
17382,8204,4615,video_call,58,3,6,0
17383,6101,4464,video_call,59,3,6,0
17384,5504,2510,video_call,20,1,2,0
17385,9516,2945,chat,21,3,6,0
17386,4978,529,video_call,17,1,2,0
17387,5123,4168,chat,19,5,10,1
17388,1899,2771,video_call,43,5,10,1
17389,789,905,video_call,35,5,10,1
17390,1491,4745,video_call,37,4,8,1
17391,3230,2179,video_call,43,2,4,0
17392,148,4909,video_call,55,3,6,0
17393,7025,4566,chat,21,4,8,1
17394,2741,2793,video_call,15,3,6,0
17395,6612,3785,video_call,30,2,4,0
17396,5976,3974,chat,26,1,2,0
17397,1489,515,video_call,27,5,10,1
17398,7539,4817,video_call,41,2,4,0
17399,1495,3649,chat,13,5,10,1
17400,5160,4469,chat,29,2,4,0
17401,9694,1580,chat,14,2,4,0
17402,8178,1082,chat,14,5,10,1
17403,5997,1127,chat,45,1,2,0
17404,3600,2804,chat,42,2,4,0
17405,2587,1977,video_call,41,5,10,1
17406,8466,4408,chat,27,2,4,0
17407,8140,4395,video_call,19,1,2,0
17408,6577,2553,video_call,54,5,10,1
17409,7194,2711,chat,18,2,4,0
17410,6855,3284,chat,39,3,6,0
17411,4451,1421,chat,36,4,8,1
17412,3246,2478,chat,9,5,10,1
17413,4680,3641,video_call,38,5,10,1
17414,6063,2885,video_call,51,5,10,1
17415,5846,1841,chat,30,2,4,0
17416,6107,4257,video_call,23,3,6,0
17417,2138,1433,chat,21,4,8,1
17418,1526,351,video_call,50,5,10,1
17419,2134,3176,chat,45,4,8,1
17420,7023,707,video_call,49,5,10,1
17421,4449,56,chat,7,4,8,1
17422,2435,1469,chat,20,1,2,0
17423,4524,3135,video_call,35,5,10,1
17424,4439,1557,video_call,46,5,10,1
17425,2043,621,video_call,38,5,10,1
17426,2175,3191,chat,14,5,10,1
17427,2361,1312,chat,40,2,4,0
17428,6576,1155,chat,39,5,10,1
17429,4420,2028,chat,23,5,10,1
17430,9974,1762,video_call,20,5,10,1
17431,2491,4753,video_call,58,3,6,0
17432,3144,474,video_call,17,4,8,1
17433,8068,860,video_call,26,5,10,1
17434,8300,2930,chat,11,4,8,1
17435,7316,2260,video_call,10,3,6,0
17436,439,200,chat,12,1,2,0
17437,8723,4140,video_call,20,3,6,0
17438,646,871,video_call,25,5,10,1
17439,4665,2112,video_call,54,4,8,1
17440,3520,2134,video_call,25,1,2,0
17441,6866,1218,chat,11,5,10,1
17442,294,3676,video_call,36,5,10,1
17443,8955,2277,video_call,42,4,8,1
17444,84,4156,chat,6,5,10,1
17445,4423,4419,chat,41,3,6,0
17446,6376,4678,video_call,35,4,8,1
17447,8840,1744,chat,23,5,10,1
17448,5661,4118,video_call,16,2,4,0
17449,3783,599,video_call,31,5,10,1
17450,3348,152,video_call,44,2,4,0
17451,208,2337,video_call,30,1,2,0
17452,4940,3863,chat,42,3,6,0
17453,6103,1532,chat,45,4,8,1
17454,1768,1096,video_call,30,3,6,0
17455,2278,3376,video_call,35,2,4,0
17456,984,1589,video_call,43,2,4,0
17457,7842,1536,chat,39,1,2,0
17458,1512,682,video_call,46,1,2,0
17459,5772,1279,video_call,38,5,10,1
17460,8558,2185,video_call,27,5,10,1
17461,736,1932,chat,33,4,8,1
17462,4619,1353,chat,16,4,8,1
17463,7979,4765,chat,21,5,10,1
17464,2686,3977,video_call,56,3,6,0
17465,6259,1514,video_call,23,3,6,0
17466,4220,1573,video_call,29,5,10,1
17467,8805,2235,video_call,36,5,10,1
17468,5616,4470,video_call,36,4,8,1
17469,4716,3240,chat,12,1,2,0
17470,6496,4327,chat,19,5,10,1
17471,2866,4948,video_call,30,4,8,1
17472,8063,4738,chat,43,4,8,1
17473,2427,3778,video_call,13,1,2,0
17474,9185,2768,video_call,18,5,10,1
17475,9736,566,chat,38,2,4,0
17476,675,4245,chat,32,4,8,1
17477,4661,748,video_call,14,4,8,1
17478,3072,2607,chat,41,5,10,1
17479,4098,1622,chat,11,4,8,1
17480,4868,3051,chat,31,1,2,0
17481,2905,1241,chat,38,5,10,1
17482,5831,478,chat,13,1,2,0
17483,5001,607,video_call,38,5,10,1
17484,4381,2856,chat,9,5,10,1
17485,4019,2687,video_call,52,4,8,1
17486,7601,4632,chat,42,2,4,0
17487,6163,1704,chat,10,5,10,1
17488,1389,2301,video_call,35,4,8,1
17489,1445,460,video_call,32,3,6,0
17490,968,3563,video_call,28,4,8,1
17491,8115,2744,chat,20,4,8,1
17492,4775,790,chat,22,4,8,1
17493,5321,4954,video_call,60,2,4,0
17494,6286,3737,chat,42,5,10,1
17495,3710,3207,chat,27,4,8,1
17496,1437,1309,video_call,41,5,10,1
17497,2631,4773,chat,34,5,10,1
17498,6800,1348,video_call,20,5,10,1
17499,3581,998,chat,8,3,6,0
17500,1387,4143,chat,12,1,2,0
17501,403,1624,video_call,53,2,4,0
17502,1817,244,chat,20,3,6,0
17503,5936,2813,video_call,18,4,8,1
17504,7738,931,chat,32,4,8,1
17505,2291,3221,video_call,23,5,10,1
17506,4342,3946,chat,36,2,4,0
17507,5363,475,chat,8,3,6,0
17508,1119,1325,chat,34,2,4,0
17509,7149,1487,video_call,42,4,8,1
17510,9963,4405,video_call,45,4,8,1
17511,4497,3377,video_call,19,1,2,0
17512,1961,390,chat,5,4,8,1
17513,5356,3219,chat,41,4,8,1
17514,6561,1807,chat,7,5,10,1
17515,765,863,video_call,47,2,4,0
17516,2735,1209,video_call,52,2,4,0
17517,3656,3642,chat,29,5,10,1
17518,462,1587,video_call,38,2,4,0
17519,4764,19,chat,43,2,4,0
17520,2877,2611,video_call,30,2,4,0
17521,3293,4325,video_call,20,5,10,1
17522,5471,409,video_call,18,4,8,1
17523,1406,2484,video_call,32,4,8,1
17524,9950,3782,video_call,31,5,10,1
17525,6745,1062,chat,22,5,10,1
17526,8393,4107,video_call,45,1,2,0
17527,862,1492,chat,36,5,10,1
17528,2604,2514,chat,22,5,10,1
17529,490,4160,chat,5,4,8,1
17530,9096,102,chat,36,3,6,0
17531,8709,1124,chat,40,4,8,1
17532,8901,4935,video_call,56,2,4,0
17533,5087,2451,chat,29,1,2,0
17534,9266,84,video_call,20,2,4,0
17535,2011,3071,chat,26,3,6,0
17536,1998,3663,chat,12,2,4,0
17537,1588,2676,chat,18,2,4,0
17538,8940,708,video_call,50,5,10,1
17539,8108,4923,video_call,19,1,2,0
17540,1645,3262,video_call,44,5,10,1
17541,5889,2004,video_call,12,5,10,1
17542,5850,3261,chat,29,5,10,1
17543,770,585,chat,44,5,10,1
17544,8561,1417,video_call,24,1,2,0
17545,1324,2199,video_call,29,2,4,0
17546,512,1190,chat,45,5,10,1
17547,9603,1221,chat,40,3,6,0
17548,8161,1842,video_call,46,5,10,1
17549,9925,4204,video_call,10,4,8,1
17550,1936,3009,chat,28,5,10,1
17551,3602,4310,chat,23,5,10,1
17552,8124,1491,video_call,27,2,4,0
17553,3674,1362,video_call,52,2,4,0
17554,4220,3165,chat,26,1,2,0
17555,5391,496,video_call,33,4,8,1
17556,617,3356,video_call,48,4,8,1
17557,1132,4252,video_call,21,2,4,0
17558,1873,3720,chat,31,4,8,1
17559,7047,3555,video_call,32,4,8,1
17560,3964,4495,chat,45,2,4,0
17561,4860,3074,video_call,18,4,8,1
17562,580,3804,chat,30,4,8,1
17563,8752,1257,chat,31,2,4,0
17564,631,3327,video_call,50,5,10,1
17565,2238,1306,video_call,32,3,6,0
17566,7236,3180,chat,24,1,2,0
17567,7922,3871,chat,37,5,10,1
17568,6276,352,chat,21,4,8,1
17569,1615,2411,video_call,50,3,6,0
17570,6452,943,chat,35,2,4,0
17571,6149,4324,video_call,53,1,2,0
17572,2103,232,video_call,31,2,4,0
17573,7150,2921,video_call,43,3,6,0
17574,321,3566,chat,8,5,10,1
17575,584,2772,video_call,36,5,10,1
17576,1246,3190,video_call,18,4,8,1
17577,5127,1695,chat,42,4,8,1
17578,3831,4894,chat,19,3,6,0
17579,7223,680,video_call,26,5,10,1
17580,9084,2804,video_call,49,4,8,1
17581,4131,1148,video_call,47,5,10,1
17582,2837,566,chat,38,1,2,0
17583,3937,3786,chat,26,5,10,1
17584,20,2219,chat,15,4,8,1
17585,1322,595,chat,10,5,10,1
17586,1481,898,video_call,53,5,10,1
17587,1429,2734,video_call,16,3,6,0
17588,3945,4355,video_call,22,2,4,0
17589,9847,3051,video_call,28,5,10,1
17590,5698,420,video_call,49,4,8,1
17591,2945,3891,video_call,29,4,8,1
17592,989,811,chat,7,2,4,0
17593,1688,108,video_call,20,3,6,0
17594,5460,3940,chat,29,5,10,1
17595,566,1926,video_call,46,5,10,1
17596,5987,185,chat,20,5,10,1
17597,2527,832,video_call,36,5,10,1
17598,2906,4926,video_call,11,5,10,1
17599,170,3822,chat,24,5,10,1
17600,857,2891,video_call,52,5,10,1
17601,2027,2246,chat,41,5,10,1
17602,8408,1601,chat,42,1,2,0
17603,5311,1497,video_call,30,5,10,1
17604,7500,3548,video_call,55,2,4,0
17605,5669,4347,video_call,40,3,6,0
17606,2763,3968,video_call,35,1,2,0
17607,3787,4996,video_call,33,4,8,1
17608,4662,2457,chat,8,5,10,1
17609,4969,4955,video_call,60,1,2,0
17610,7383,3417,video_call,24,3,6,0
17611,7567,1572,video_call,15,2,4,0
17612,5603,4763,video_call,11,3,6,0
17613,5563,2327,video_call,11,3,6,0
17614,3654,1820,video_call,16,5,10,1
17615,5886,1017,chat,13,5,10,1
17616,537,3974,chat,30,2,4,0
17617,1853,3955,chat,24,5,10,1
17618,6748,1544,chat,5,1,2,0
17619,8028,2575,video_call,11,4,8,1
17620,9809,2344,chat,13,4,8,1
17621,6162,268,video_call,58,4,8,1
17622,6341,1949,video_call,50,3,6,0
17623,6704,4953,chat,17,3,6,0
17624,3436,50,chat,21,2,4,0
17625,6313,2741,video_call,52,3,6,0
17626,6016,4223,video_call,52,1,2,0
17627,8129,1318,chat,29,4,8,1
17628,6945,4951,video_call,38,4,8,1
17629,7383,1082,chat,11,5,10,1
17630,5404,3238,chat,13,1,2,0
17631,4351,176,video_call,26,3,6,0
17632,8120,1053,video_call,40,4,8,1
17633,6823,2690,video_call,35,2,4,0
17634,5870,2393,chat,20,4,8,1
17635,71,2105,chat,38,2,4,0
17636,4469,2001,video_call,36,3,6,0
17637,3336,3224,chat,10,2,4,0
17638,6968,3004,video_call,53,2,4,0
17639,328,2338,video_call,13,4,8,1
17640,9214,1409,video_call,50,2,4,0
17641,4959,1014,chat,16,2,4,0
17642,7730,1151,chat,6,2,4,0
17643,65,4150,chat,13,5,10,1
17644,1070,3446,video_call,50,1,2,0
17645,9046,3917,video_call,29,4,8,1
17646,8976,649,video_call,28,4,8,1
17647,9457,449,video_call,58,3,6,0
17648,3573,3836,video_call,25,1,2,0
17649,7828,879,chat,18,3,6,0
17650,9813,1576,chat,45,1,2,0
17651,9859,1113,video_call,57,1,2,0
17652,247,3802,chat,41,5,10,1
17653,8315,1854,chat,29,5,10,1
17654,6324,1491,video_call,19,4,8,1
17655,2999,1325,chat,16,5,10,1
17656,5103,1015,chat,34,1,2,0
17657,579,128,chat,37,1,2,0
17658,3169,2433,chat,42,1,2,0
17659,285,4154,chat,26,3,6,0
17660,2726,3761,video_call,24,4,8,1
17661,4409,1488,video_call,55,4,8,1
17662,6102,3305,video_call,36,3,6,0
17663,6684,4134,video_call,21,1,2,0
17664,4332,4827,chat,30,2,4,0
17665,9611,764,chat,33,2,4,0
17666,2021,3384,video_call,33,1,2,0
17667,5000,2303,chat,9,2,4,0
17668,8019,3837,chat,34,4,8,1
17669,3347,1164,chat,18,5,10,1
17670,7802,315,video_call,20,1,2,0
17671,8005,3406,chat,5,5,10,1
17672,8968,111,video_call,38,1,2,0
17673,7660,1114,video_call,42,3,6,0
17674,5962,2214,chat,18,5,10,1
17675,253,4161,video_call,40,2,4,0
17676,536,678,video_call,39,1,2,0
17677,4845,4194,chat,14,5,10,1
17678,3951,2553,video_call,37,4,8,1
17679,564,1017,chat,9,3,6,0
17680,4033,301,chat,38,5,10,1
17681,9800,2416,chat,8,5,10,1
17682,7273,1686,chat,20,2,4,0
17683,9587,2996,video_call,28,3,6,0
17684,914,4185,chat,40,5,10,1
17685,4763,4569,video_call,25,2,4,0
17686,7382,4165,chat,27,5,10,1
17687,2470,2876,chat,5,5,10,1
17688,4904,3808,video_call,41,5,10,1
17689,5886,4768,video_call,18,1,2,0
17690,5665,858,chat,30,5,10,1
17691,8652,320,video_call,40,4,8,1
17692,8604,778,video_call,44,5,10,1
17693,3476,963,chat,31,4,8,1
17694,6134,601,video_call,56,4,8,1
17695,8143,20,video_call,46,1,2,0
17696,6800,2965,video_call,37,3,6,0
17697,7331,4439,chat,32,2,4,0
17698,872,4837,video_call,43,5,10,1
17699,7273,1275,chat,35,5,10,1
17700,3152,1011,video_call,35,5,10,1
17701,4115,2565,video_call,43,2,4,0
17702,2515,1410,chat,32,5,10,1
17703,4710,1724,video_call,11,4,8,1
17704,171,4864,video_call,54,3,6,0
17705,8445,3669,video_call,52,4,8,1
17706,7242,63,video_call,48,4,8,1
17707,9536,4803,video_call,14,4,8,1
17708,9848,4318,video_call,48,5,10,1
17709,1284,1464,chat,44,5,10,1
17710,9953,1224,video_call,38,3,6,0
17711,8961,3847,video_call,27,5,10,1
17712,2169,4670,video_call,55,2,4,0
17713,9160,3631,chat,9,5,10,1
17714,6827,1107,video_call,42,5,10,1
17715,2026,2416,chat,24,5,10,1
17716,4330,3161,video_call,60,5,10,1
17717,3778,2534,chat,24,2,4,0
17718,4481,3927,chat,36,5,10,1
17719,750,2268,video_call,53,1,2,0
17720,7858,2587,chat,30,4,8,1
17721,4617,4707,chat,17,4,8,1
17722,9376,1136,chat,25,2,4,0
17723,6699,1935,chat,11,2,4,0
17724,2381,1487,video_call,23,5,10,1
17725,4730,357,chat,16,5,10,1
17726,1966,1164,video_call,60,5,10,1
17727,5456,1687,video_call,54,3,6,0
17728,1581,720,chat,19,4,8,1
17729,4227,3439,chat,29,2,4,0
17730,3160,1615,chat,21,4,8,1
17731,4376,2293,chat,8,3,6,0
17732,7085,2491,chat,36,2,4,0
17733,9882,3934,video_call,43,2,4,0
17734,9942,115,video_call,48,3,6,0
17735,4230,1959,chat,14,5,10,1
17736,9453,1940,video_call,44,5,10,1
17737,5514,4659,video_call,56,2,4,0
17738,1191,4883,video_call,27,5,10,1
17739,3208,446,chat,11,3,6,0
17740,3951,4240,video_call,55,3,6,0
17741,4359,1391,video_call,42,5,10,1
17742,7348,2790,chat,20,2,4,0
17743,2951,3566,chat,33,5,10,1
17744,9117,2728,chat,30,5,10,1
17745,7909,1226,chat,15,4,8,1
17746,4213,2497,video_call,59,2,4,0
17747,2884,4497,video_call,39,5,10,1
17748,1034,2008,video_call,33,4,8,1
17749,1249,3214,chat,6,3,6,0
17750,4536,806,video_call,17,5,10,1
17751,986,2474,chat,36,3,6,0
17752,4045,2294,video_call,18,5,10,1
17753,1586,341,video_call,20,5,10,1
17754,2230,1531,chat,37,2,4,0
17755,5158,3623,chat,17,5,10,1
17756,2481,996,chat,38,3,6,0
17757,4864,407,chat,35,3,6,0
17758,974,4620,video_call,40,3,6,0
17759,6,316,chat,41,3,6,0
17760,7278,2100,chat,45,2,4,0
17761,6244,3766,video_call,51,4,8,1
17762,9168,3663,chat,11,4,8,1
17763,8447,945,video_call,52,2,4,0
17764,5736,425,chat,19,3,6,0
17765,8138,2972,chat,37,5,10,1
17766,177,213,video_call,49,5,10,1
17767,2589,3118,chat,36,3,6,0
17768,2219,818,chat,15,1,2,0
17769,2099,836,video_call,52,4,8,1
17770,8483,2763,chat,37,1,2,0
17771,5200,3569,video_call,23,2,4,0
17772,933,1330,chat,10,5,10,1
17773,8805,2541,chat,8,3,6,0
17774,3170,3797,chat,34,1,2,0
17775,907,3384,chat,38,2,4,0
17776,6728,373,chat,31,4,8,1
17777,6907,2984,chat,26,5,10,1
17778,2968,1505,chat,11,2,4,0
17779,4824,2312,chat,31,1,2,0
17780,335,2837,video_call,16,5,10,1
17781,5986,3576,chat,27,1,2,0
17782,9522,412,chat,25,4,8,1
17783,478,2936,video_call,25,5,10,1
17784,107,2088,video_call,31,4,8,1
17785,2558,3759,video_call,10,1,2,0
17786,4386,4819,chat,15,1,2,0
17787,4781,825,chat,23,4,8,1
17788,3390,1245,video_call,26,2,4,0
17789,9741,3758,chat,43,4,8,1
17790,5759,11,video_call,38,5,10,1
17791,2956,2176,chat,39,1,2,0
17792,3313,1728,chat,32,3,6,0
17793,561,536,video_call,33,5,10,1
17794,6520,1857,video_call,11,2,4,0
17795,3000,1999,chat,28,5,10,1
17796,8800,3608,video_call,48,4,8,1
17797,5586,852,video_call,60,4,8,1
17798,6147,3979,video_call,34,4,8,1
17799,171,3416,chat,17,4,8,1
17800,7980,4513,video_call,13,4,8,1
17801,4180,1304,video_call,32,3,6,0
17802,7410,1014,video_call,12,2,4,0
17803,1164,1168,video_call,44,5,10,1
17804,2447,3985,chat,27,3,6,0
17805,7417,224,video_call,31,5,10,1
17806,4824,3519,video_call,44,5,10,1
17807,7268,3716,chat,45,3,6,0
17808,3779,502,chat,10,4,8,1
17809,3062,3607,chat,44,3,6,0
17810,4861,1072,chat,33,4,8,1
17811,9649,1063,video_call,32,4,8,1
17812,9217,3931,chat,45,5,10,1
17813,3479,3430,video_call,27,3,6,0
17814,3664,2491,chat,28,3,6,0
17815,2322,2897,chat,44,2,4,0
17816,3808,30,video_call,44,1,2,0
17817,3137,2805,chat,21,4,8,1
17818,7998,1188,video_call,43,5,10,1
17819,2680,2690,video_call,28,5,10,1
17820,1204,1791,chat,9,4,8,1
17821,7690,3618,chat,20,4,8,1
17822,4912,4682,video_call,60,2,4,0
17823,9203,1328,video_call,37,5,10,1
17824,990,2398,chat,23,4,8,1
17825,82,730,video_call,59,2,4,0
17826,3456,128,video_call,38,3,6,0
17827,5776,4883,video_call,48,5,10,1
17828,2238,1113,chat,42,5,10,1
17829,3240,3083,chat,44,2,4,0
17830,7201,3138,chat,36,4,8,1
17831,4002,3496,video_call,48,5,10,1
17832,6664,2760,video_call,24,5,10,1
17833,6016,4699,chat,22,5,10,1
17834,4022,1591,chat,8,3,6,0
17835,7135,4889,chat,32,1,2,0
17836,7483,2046,video_call,16,4,8,1
17837,7203,4550,chat,6,4,8,1
17838,2208,1344,video_call,34,5,10,1
17839,2889,4161,video_call,29,2,4,0
17840,5262,3239,chat,37,4,8,1
17841,9862,2609,video_call,21,5,10,1
17842,6456,3547,video_call,16,5,10,1
17843,9098,981,chat,22,3,6,0
17844,6528,4248,video_call,27,3,6,0
17845,3946,124,chat,25,5,10,1
17846,8402,515,video_call,48,4,8,1
17847,4313,3789,video_call,32,5,10,1
17848,6346,1075,video_call,19,5,10,1
17849,5451,3921,video_call,53,5,10,1
17850,6303,135,chat,35,2,4,0
17851,6490,3000,chat,6,4,8,1
17852,5653,3861,video_call,52,5,10,1
17853,3119,4396,chat,18,2,4,0
17854,6210,2327,video_call,46,3,6,0
17855,2450,1056,chat,21,5,10,1
17856,8999,377,video_call,29,2,4,0
17857,5865,450,chat,11,5,10,1
17858,2246,2263,video_call,55,5,10,1
17859,7117,436,chat,26,1,2,0
17860,4613,2863,video_call,18,2,4,0
17861,2375,4063,video_call,58,5,10,1
17862,4734,768,chat,33,4,8,1
17863,7226,188,video_call,10,2,4,0
17864,6859,2652,chat,16,4,8,1
17865,2155,2130,video_call,47,2,4,0
17866,880,3780,video_call,15,5,10,1
17867,8715,4550,chat,34,2,4,0
17868,4545,3035,video_call,31,1,2,0
17869,5392,4874,chat,36,1,2,0
17870,852,286,chat,15,5,10,1
17871,4884,4349,video_call,30,5,10,1
17872,2755,1185,video_call,31,4,8,1
17873,4049,3815,video_call,35,1,2,0
17874,7893,503,video_call,56,5,10,1
17875,7142,2690,chat,9,5,10,1
17876,8978,4668,chat,34,5,10,1
17877,4152,4968,video_call,49,4,8,1
17878,1692,3978,video_call,32,2,4,0
17879,7526,2066,video_call,49,3,6,0
17880,8337,4805,video_call,45,3,6,0
17881,8449,5000,chat,29,5,10,1
17882,5771,2166,video_call,19,2,4,0
17883,4539,1719,video_call,44,3,6,0
17884,7538,4657,video_call,50,5,10,1
17885,8471,1482,chat,24,1,2,0
17886,350,3545,chat,26,2,4,0
17887,9855,1836,video_call,25,3,6,0
17888,3278,1847,chat,6,5,10,1
17889,7345,3837,chat,22,3,6,0
17890,9477,2345,chat,31,4,8,1
17891,2731,1953,chat,15,1,2,0
17892,8306,544,chat,8,1,2,0
17893,453,3452,video_call,28,1,2,0
17894,3179,2989,video_call,40,2,4,0
17895,1189,4855,video_call,39,3,6,0
17896,7657,3350,chat,15,1,2,0
17897,3775,323,video_call,24,2,4,0
17898,2118,3797,chat,27,4,8,1
17899,5149,3047,chat,19,5,10,1
17900,7865,4495,video_call,59,2,4,0
17901,8083,3923,chat,22,5,10,1
17902,2682,820,chat,31,4,8,1
17903,1375,3587,video_call,54,4,8,1
17904,3026,1790,chat,9,5,10,1
17905,1556,1867,chat,30,5,10,1
17906,7968,2224,video_call,55,5,10,1
17907,6205,3262,video_call,23,1,2,0
17908,3907,4221,video_call,28,5,10,1
17909,1660,25,video_call,49,5,10,1
17910,9570,2001,video_call,20,4,8,1
17911,1506,78,video_call,58,5,10,1
17912,2607,3556,chat,6,4,8,1
17913,1521,2879,video_call,34,1,2,0
17914,2159,2148,video_call,28,5,10,1
17915,9071,3053,chat,7,4,8,1
17916,2294,1327,video_call,51,5,10,1
17917,268,3453,video_call,24,1,2,0
17918,5792,3780,chat,22,4,8,1
17919,2592,4249,video_call,50,1,2,0
17920,8113,1098,video_call,15,3,6,0
17921,8548,1457,chat,33,5,10,1
17922,8240,3147,chat,6,4,8,1
17923,2511,2537,chat,8,2,4,0
17924,9447,73,chat,11,4,8,1
17925,6027,2952,chat,34,4,8,1
17926,3597,4111,video_call,39,5,10,1
17927,1810,429,chat,12,3,6,0
17928,8706,21,chat,16,1,2,0
17929,7603,1745,video_call,57,5,10,1
17930,7826,2384,video_call,42,3,6,0
17931,5807,4802,chat,21,1,2,0
17932,9769,4824,chat,43,5,10,1
17933,4594,1288,video_call,29,3,6,0
17934,9093,2301,video_call,43,5,10,1
17935,3155,75,chat,42,5,10,1
17936,7691,3234,video_call,29,5,10,1
17937,1906,2804,video_call,49,2,4,0
17938,6416,2373,chat,20,3,6,0
17939,130,4751,chat,44,3,6,0
17940,9843,2615,video_call,25,2,4,0
17941,1790,2274,chat,34,1,2,0
17942,3977,4710,chat,16,3,6,0
17943,3705,509,chat,43,3,6,0
17944,9653,2421,chat,34,5,10,1
17945,9467,2849,video_call,24,3,6,0
17946,5670,4105,chat,41,1,2,0
17947,3092,1932,chat,42,2,4,0
17948,9930,4596,video_call,44,5,10,1
17949,7316,1204,video_call,12,5,10,1
17950,8800,2457,chat,40,2,4,0
17951,2639,1869,video_call,11,5,10,1
17952,4973,862,video_call,37,4,8,1
17953,3494,1978,chat,12,5,10,1
17954,721,3031,chat,38,5,10,1
17955,1567,2245,video_call,27,3,6,0
17956,7121,1483,video_call,18,5,10,1
17957,4869,1037,video_call,18,3,6,0
17958,9390,1995,chat,32,5,10,1
17959,3908,4605,chat,17,3,6,0
17960,4316,1127,video_call,20,2,4,0
17961,7084,2185,video_call,37,4,8,1
17962,9697,632,chat,40,4,8,1
17963,5361,1164,video_call,23,5,10,1
17964,4037,1096,video_call,51,2,4,0
17965,9323,3601,video_call,57,3,6,0
17966,9501,4030,video_call,56,5,10,1
17967,3965,2331,video_call,52,4,8,1
17968,5538,2144,chat,7,2,4,0
17969,1411,69,video_call,19,4,8,1
17970,632,2833,video_call,32,2,4,0
17971,1311,309,video_call,33,2,4,0
17972,681,909,chat,39,2,4,0
17973,2156,2820,video_call,42,2,4,0
17974,6128,4988,video_call,14,5,10,1
17975,5400,2314,chat,39,5,10,1
17976,6007,749,video_call,46,4,8,1
17977,3562,697,video_call,25,2,4,0
17978,1687,3211,video_call,47,5,10,1
17979,8291,1575,video_call,43,1,2,0
17980,1255,3275,chat,33,5,10,1
17981,2964,36,chat,13,5,10,1
17982,5540,2224,chat,14,4,8,1
17983,5415,2848,video_call,18,5,10,1
17984,927,3263,video_call,42,5,10,1
17985,7619,2057,video_call,29,4,8,1
17986,7584,2514,video_call,12,4,8,1
17987,4638,3242,video_call,13,4,8,1
17988,9270,4912,chat,7,2,4,0
17989,3572,1668,video_call,18,1,2,0
17990,8698,1409,video_call,41,1,2,0
17991,1263,795,chat,28,1,2,0
17992,985,2595,video_call,29,4,8,1
17993,856,4758,video_call,47,5,10,1
17994,6350,469,chat,32,5,10,1
17995,3662,2537,video_call,10,1,2,0
17996,4893,2411,chat,25,4,8,1
17997,1091,3579,video_call,23,1,2,0
17998,1286,2176,chat,12,1,2,0
17999,8461,4875,video_call,56,1,2,0
18000,9967,75,video_call,35,4,8,1
18001,6372,1402,video_call,17,1,2,0
18002,2898,2119,chat,33,4,8,1
18003,1536,4633,video_call,44,4,8,1
18004,1076,4786,video_call,29,4,8,1
18005,7758,1808,video_call,49,5,10,1
18006,2337,2227,video_call,53,4,8,1
18007,8428,1705,video_call,46,2,4,0
18008,8783,2379,chat,30,2,4,0
18009,7765,2669,video_call,38,5,10,1
18010,8974,2673,chat,31,5,10,1
18011,788,713,chat,37,5,10,1
18012,756,1253,video_call,34,5,10,1
18013,8895,2023,chat,8,5,10,1
18014,2139,1650,chat,17,5,10,1
18015,5688,1344,video_call,15,1,2,0
18016,4128,1697,video_call,14,1,2,0
18017,9201,1386,chat,39,3,6,0
18018,6247,3242,chat,40,5,10,1
18019,2405,146,chat,32,4,8,1
18020,6839,443,chat,5,4,8,1
18021,1964,3378,chat,5,2,4,0
18022,9845,4983,video_call,22,3,6,0
18023,4644,3673,chat,30,3,6,0
18024,3135,4727,chat,13,5,10,1
18025,5642,2484,chat,23,5,10,1
18026,310,3630,chat,38,5,10,1
18027,8350,1101,video_call,12,5,10,1
18028,8244,3627,video_call,39,5,10,1
18029,3200,2339,chat,29,4,8,1
18030,625,825,video_call,47,4,8,1
18031,3474,1853,video_call,39,1,2,0
18032,9214,2663,chat,42,4,8,1
18033,4147,1832,video_call,44,4,8,1
18034,447,681,chat,31,5,10,1
18035,8600,3823,video_call,49,2,4,0
18036,6165,2794,chat,39,2,4,0
18037,6836,462,chat,28,5,10,1
18038,8032,1161,video_call,50,2,4,0
18039,158,3362,video_call,18,4,8,1
18040,3553,2892,chat,9,5,10,1
18041,6189,3545,video_call,48,3,6,0
18042,4187,2450,video_call,31,5,10,1
18043,8017,1984,chat,23,2,4,0
18044,1270,296,chat,37,4,8,1
18045,2738,3850,video_call,45,4,8,1
18046,4772,2157,video_call,54,1,2,0
18047,9126,1695,chat,10,2,4,0
18048,7255,4103,video_call,25,2,4,0
18049,6723,4483,video_call,21,5,10,1
18050,4500,849,video_call,33,5,10,1
18051,9890,4631,chat,25,4,8,1
18052,1817,358,video_call,25,5,10,1
18053,5660,4032,video_call,57,5,10,1
18054,6344,730,video_call,59,3,6,0
18055,397,2351,chat,12,5,10,1
18056,2199,4214,video_call,12,5,10,1
18057,1605,3520,chat,13,4,8,1
18058,9440,4849,video_call,22,5,10,1
18059,1068,2795,chat,42,4,8,1
18060,9885,3821,video_call,27,2,4,0
18061,5917,610,video_call,15,1,2,0
18062,4616,2700,video_call,36,1,2,0
18063,1590,4859,video_call,29,4,8,1
18064,4549,106,video_call,18,3,6,0
18065,5717,2348,video_call,34,4,8,1
18066,4372,1738,chat,12,3,6,0
18067,2628,4594,chat,19,5,10,1
18068,9781,1509,video_call,31,5,10,1
18069,7273,2169,chat,17,5,10,1
18070,4156,2643,chat,41,3,6,0
18071,6817,2448,chat,25,5,10,1
18072,9439,4370,video_call,15,4,8,1
18073,5853,4175,chat,41,1,2,0
18074,4836,3814,video_call,51,5,10,1
18075,8834,1038,chat,11,4,8,1
18076,5324,2429,chat,43,5,10,1
18077,2681,2969,chat,26,1,2,0
18078,1204,402,video_call,14,2,4,0
18079,181,2290,video_call,37,5,10,1
18080,7704,2873,video_call,43,3,6,0
18081,1822,116,chat,23,5,10,1
18082,459,3553,video_call,46,5,10,1
18083,8080,3334,video_call,25,2,4,0
18084,6698,2712,video_call,57,1,2,0
18085,2616,223,chat,45,5,10,1
18086,9965,202,chat,29,5,10,1
18087,6942,1597,chat,18,2,4,0
18088,8264,354,chat,40,5,10,1
18089,5495,2949,chat,42,1,2,0
18090,2497,4921,video_call,55,3,6,0
18091,194,405,chat,39,5,10,1
18092,1889,2558,video_call,21,5,10,1
18093,5143,3817,video_call,12,5,10,1
18094,713,2242,video_call,26,4,8,1
18095,9891,3529,chat,8,5,10,1
18096,623,2967,video_call,28,4,8,1
18097,8374,226,chat,37,5,10,1
18098,4761,1553,video_call,39,5,10,1
18099,7297,1096,chat,37,4,8,1
18100,132,3841,chat,7,2,4,0
18101,3312,4615,video_call,58,5,10,1
18102,5476,2620,video_call,58,5,10,1
18103,6864,1029,chat,36,2,4,0
18104,5846,1619,video_call,52,2,4,0
18105,8341,1191,video_call,58,2,4,0
18106,2171,908,video_call,29,2,4,0
18107,3191,3021,video_call,15,4,8,1
18108,5503,1981,chat,14,2,4,0
18109,5904,4719,chat,26,3,6,0
18110,5132,1777,video_call,27,5,10,1
18111,3550,1465,video_call,40,1,2,0
18112,411,1412,chat,41,5,10,1
18113,4172,4644,video_call,39,5,10,1
18114,6662,3305,video_call,47,3,6,0
18115,3380,3316,video_call,18,2,4,0
18116,9007,3522,video_call,38,4,8,1
18117,7923,3718,video_call,44,4,8,1
18118,1087,301,video_call,60,3,6,0
18119,8463,3295,chat,34,1,2,0
18120,2586,4498,video_call,33,5,10,1
18121,2384,1901,chat,14,5,10,1
18122,8689,3839,chat,30,3,6,0
18123,909,63,video_call,21,4,8,1
18124,1250,4720,video_call,19,5,10,1
18125,3399,3460,chat,38,2,4,0
18126,6547,3796,video_call,42,3,6,0
18127,8448,3375,video_call,28,4,8,1
18128,1787,3006,video_call,48,5,10,1
18129,1597,3985,chat,37,1,2,0
18130,7737,1684,chat,42,2,4,0
18131,7530,2214,video_call,41,5,10,1
18132,8605,1016,video_call,13,5,10,1
18133,204,2473,video_call,15,1,2,0
18134,1025,3360,chat,19,5,10,1
18135,5358,1211,video_call,23,5,10,1
18136,950,284,chat,29,5,10,1
18137,2937,278,video_call,43,4,8,1
18138,9054,2874,chat,32,5,10,1
18139,6956,2610,video_call,40,5,10,1
18140,6414,4529,video_call,41,1,2,0
18141,2006,3186,video_call,55,5,10,1
18142,5672,919,video_call,44,2,4,0
18143,9233,1320,chat,37,4,8,1
18144,4749,3310,video_call,43,4,8,1
18145,1053,3561,chat,38,4,8,1
18146,5660,1597,chat,17,2,4,0
18147,3204,4606,chat,7,3,6,0
18148,1069,592,chat,8,5,10,1
18149,7255,1070,video_call,16,2,4,0
18150,6123,1576,chat,43,3,6,0
18151,8714,1841,video_call,60,3,6,0
18152,3846,935,video_call,21,5,10,1
18153,2620,3365,chat,12,4,8,1
18154,5391,325,chat,17,2,4,0
18155,4123,2417,chat,32,4,8,1
18156,9455,2394,chat,9,1,2,0
18157,1373,1734,video_call,27,5,10,1
18158,1673,1188,video_call,15,5,10,1
18159,2621,2813,chat,12,4,8,1
18160,5320,1259,chat,35,3,6,0
18161,1204,1883,chat,37,2,4,0
18162,7460,3161,chat,29,5,10,1
18163,2964,2142,video_call,29,4,8,1
18164,7896,3569,video_call,29,4,8,1
18165,6147,809,video_call,32,2,4,0
18166,1983,2371,video_call,39,2,4,0
18167,1645,4265,video_call,59,4,8,1
18168,9656,4835,video_call,53,5,10,1
18169,7012,548,video_call,45,5,10,1
18170,8530,4265,chat,35,5,10,1
18171,7934,4505,chat,44,2,4,0
18172,5296,1089,chat,28,4,8,1
18173,866,3382,video_call,36,5,10,1
18174,2348,4979,video_call,39,4,8,1
18175,3220,2412,video_call,33,4,8,1
18176,7712,1965,video_call,21,3,6,0
18177,1919,3054,video_call,31,3,6,0
18178,2230,4508,chat,23,3,6,0
18179,3962,4395,chat,13,3,6,0
18180,1380,991,chat,44,2,4,0
18181,8556,4677,video_call,35,5,10,1
18182,768,13,video_call,20,5,10,1
18183,2008,834,video_call,22,3,6,0
18184,8234,1661,chat,6,5,10,1
18185,4222,900,video_call,58,3,6,0
18186,634,1751,video_call,24,5,10,1
18187,9435,2811,chat,36,5,10,1
18188,6512,4572,video_call,43,2,4,0
18189,8489,2999,chat,13,5,10,1
18190,6030,3728,chat,7,5,10,1
18191,2394,3236,chat,13,2,4,0
18192,4986,907,video_call,54,5,10,1
18193,5365,4884,video_call,13,3,6,0
18194,6412,2619,video_call,42,5,10,1
18195,1813,4328,video_call,23,2,4,0
18196,5194,2882,video_call,41,5,10,1
18197,4299,4081,video_call,51,2,4,0
18198,7949,4961,chat,21,5,10,1
18199,7632,587,chat,39,1,2,0
18200,7826,2812,chat,14,3,6,0
18201,4594,3086,video_call,32,2,4,0
18202,3714,2253,chat,28,2,4,0
18203,5544,594,chat,40,4,8,1
18204,2642,2738,video_call,44,5,10,1
18205,4979,1683,chat,20,2,4,0
18206,1106,3910,video_call,52,1,2,0
18207,9644,1857,chat,28,3,6,0
18208,9617,2793,chat,37,4,8,1
18209,2402,209,chat,5,5,10,1
18210,2086,306,chat,22,5,10,1
18211,4880,1188,video_call,30,5,10,1
18212,9914,2907,video_call,19,2,4,0
18213,6382,2750,chat,41,1,2,0
18214,8876,1909,video_call,26,3,6,0
18215,5868,1380,chat,11,1,2,0
18216,8328,934,video_call,21,2,4,0
18217,6181,3707,video_call,53,3,6,0
18218,1516,877,video_call,50,1,2,0
18219,2375,1591,video_call,37,2,4,0
18220,9773,941,chat,27,3,6,0
18221,3884,4658,chat,5,2,4,0
18222,8745,4009,chat,25,4,8,1
18223,6548,3291,video_call,24,3,6,0
18224,3619,1034,chat,29,4,8,1
18225,6976,4024,chat,33,3,6,0
18226,7456,4138,video_call,57,4,8,1
18227,4917,2337,video_call,25,5,10,1
18228,291,2901,chat,27,5,10,1
18229,9932,1171,video_call,54,4,8,1
18230,4726,173,video_call,13,3,6,0
18231,8009,1875,video_call,30,2,4,0
18232,4049,4251,chat,22,1,2,0
18233,8216,4633,chat,29,4,8,1
18234,352,105,chat,10,1,2,0
18235,9193,4447,video_call,54,5,10,1
18236,2312,2566,chat,24,2,4,0
18237,4452,3419,video_call,48,3,6,0
18238,8232,2554,video_call,15,5,10,1
18239,1420,3812,video_call,18,2,4,0
18240,3259,1964,chat,43,5,10,1
18241,5346,3931,chat,9,4,8,1
18242,5254,1746,video_call,15,2,4,0
18243,401,1000,chat,33,5,10,1
18244,9920,360,video_call,56,1,2,0
18245,5188,4749,chat,17,5,10,1
18246,4603,4534,chat,8,3,6,0
18247,5359,4634,chat,22,3,6,0
18248,4694,3996,chat,26,2,4,0
18249,4429,3312,chat,23,4,8,1
18250,2098,3321,chat,26,1,2,0
18251,3306,3048,chat,9,1,2,0
18252,2510,375,video_call,30,1,2,0
18253,1740,4831,chat,32,3,6,0
18254,8856,3309,chat,9,5,10,1
18255,7293,2917,chat,45,3,6,0
18256,7037,70,video_call,41,4,8,1
18257,3130,1439,video_call,10,5,10,1
18258,5736,386,chat,45,5,10,1
18259,5930,2965,video_call,33,3,6,0
18260,3550,3024,video_call,33,1,2,0
18261,8185,565,chat,11,5,10,1
18262,461,2095,chat,27,5,10,1
18263,9656,2235,chat,25,5,10,1
18264,2495,2804,video_call,32,1,2,0
18265,7543,448,chat,16,2,4,0
18266,2131,958,chat,24,3,6,0
18267,6214,2249,video_call,13,5,10,1
18268,5487,4558,chat,7,2,4,0
18269,354,250,video_call,28,2,4,0
18270,110,682,chat,29,1,2,0
18271,3141,3352,video_call,50,4,8,1
18272,2776,2209,chat,14,4,8,1
18273,8960,457,video_call,59,5,10,1
18274,8697,606,video_call,45,5,10,1
18275,4272,319,chat,31,2,4,0
18276,1355,4659,video_call,24,3,6,0
18277,8091,3488,chat,42,4,8,1
18278,5409,4211,chat,43,2,4,0
18279,6707,2305,video_call,19,4,8,1
18280,9492,901,video_call,33,5,10,1
18281,8690,2908,chat,23,5,10,1
18282,656,2034,video_call,21,4,8,1
18283,3036,3860,video_call,20,3,6,0
18284,309,2806,chat,44,3,6,0
18285,250,4980,video_call,35,3,6,0
18286,8129,3137,video_call,41,5,10,1
18287,2675,1349,chat,36,5,10,1
18288,876,4088,chat,25,4,8,1
18289,7838,2355,video_call,56,2,4,0
18290,917,4000,video_call,18,3,6,0
18291,895,963,chat,11,4,8,1
18292,5107,2001,video_call,23,3,6,0
18293,487,953,chat,19,2,4,0
18294,8974,2161,video_call,44,4,8,1
18295,8493,4758,chat,42,1,2,0
18296,2265,1028,video_call,23,3,6,0
18297,7290,1965,video_call,10,2,4,0
18298,2054,3765,chat,24,4,8,1
18299,934,610,video_call,16,5,10,1
18300,1059,918,video_call,54,4,8,1
18301,1566,4018,chat,8,5,10,1
18302,5632,3331,video_call,24,2,4,0
18303,8550,3154,video_call,14,4,8,1
18304,3379,3335,chat,42,4,8,1
18305,7449,2670,video_call,54,1,2,0
18306,7532,1251,video_call,26,5,10,1
18307,748,3527,chat,39,5,10,1
18308,5999,1681,chat,25,2,4,0
18309,5968,584,video_call,13,3,6,0
18310,4563,3076,chat,44,1,2,0
18311,3466,2007,video_call,18,4,8,1
18312,9780,2537,video_call,47,5,10,1
18313,1786,4214,video_call,36,1,2,0
18314,1839,2037,video_call,32,1,2,0
18315,184,2583,chat,12,5,10,1
18316,5500,163,video_call,45,5,10,1
18317,8344,3449,chat,23,5,10,1
18318,8570,4979,chat,11,3,6,0
18319,8085,85,chat,13,3,6,0
18320,1094,4446,video_call,60,1,2,0
18321,2220,4210,chat,25,5,10,1
18322,9900,3043,video_call,34,2,4,0
18323,1087,127,video_call,26,3,6,0
18324,463,2666,chat,20,3,6,0
18325,1214,3392,chat,29,3,6,0
18326,9815,1553,video_call,24,2,4,0
18327,9898,255,chat,6,2,4,0
18328,4004,80,video_call,24,5,10,1
18329,5473,1727,chat,37,3,6,0
18330,1248,2805,video_call,53,4,8,1
18331,9902,864,video_call,23,3,6,0
18332,8057,792,video_call,41,5,10,1
18333,7617,2279,chat,7,3,6,0
18334,3817,770,video_call,24,3,6,0
18335,5246,3650,video_call,57,5,10,1
18336,5830,870,video_call,30,2,4,0
18337,2157,3579,chat,10,4,8,1
18338,5155,4776,video_call,24,4,8,1
18339,9484,4939,video_call,30,5,10,1
18340,6578,2032,chat,34,1,2,0
18341,619,3646,video_call,24,1,2,0
18342,7537,1052,video_call,53,1,2,0
18343,6447,2595,video_call,45,1,2,0
18344,2670,1905,video_call,15,4,8,1
18345,4203,4563,video_call,31,4,8,1
18346,759,2900,chat,32,2,4,0
18347,1129,4724,chat,10,3,6,0
18348,4351,1120,video_call,51,4,8,1
18349,1625,2788,chat,17,4,8,1
18350,816,3022,chat,10,5,10,1
18351,2854,521,chat,17,3,6,0
18352,7932,2066,chat,30,4,8,1
18353,517,672,chat,35,4,8,1
18354,8209,2814,chat,36,5,10,1
18355,3839,1509,chat,11,5,10,1
18356,4928,3740,video_call,26,5,10,1
18357,8316,4520,video_call,17,5,10,1
18358,7154,583,video_call,38,4,8,1
18359,15,2379,chat,34,5,10,1
18360,6734,4986,chat,33,2,4,0
18361,5286,99,video_call,12,1,2,0
18362,2597,725,video_call,31,4,8,1
18363,8514,4858,video_call,56,5,10,1
18364,8236,4758,video_call,32,5,10,1
18365,1055,2774,chat,40,4,8,1
18366,7856,1392,chat,19,4,8,1
18367,4228,790,video_call,33,3,6,0
18368,3577,46,chat,39,5,10,1
18369,8379,3001,video_call,11,3,6,0
18370,258,3398,chat,11,4,8,1
18371,6198,1831,chat,39,3,6,0
18372,1702,2413,video_call,29,1,2,0
18373,8924,3000,video_call,28,4,8,1
18374,8527,1540,video_call,15,4,8,1
18375,4436,4399,video_call,26,4,8,1
18376,4804,1189,video_call,18,5,10,1
18377,5495,4,video_call,35,1,2,0
18378,5259,3839,chat,33,3,6,0
18379,1140,2703,video_call,60,4,8,1
18380,6443,4857,video_call,49,4,8,1
18381,4603,3375,chat,36,4,8,1
18382,438,1438,chat,21,5,10,1
18383,8331,3161,chat,18,5,10,1
18384,1550,450,video_call,13,2,4,0
18385,4123,637,video_call,56,1,2,0
18386,3373,3625,chat,19,5,10,1
18387,8083,3792,chat,31,5,10,1
18388,8885,408,chat,42,5,10,1
18389,916,4775,video_call,40,5,10,1
18390,121,1682,chat,41,4,8,1
18391,8799,1958,video_call,55,1,2,0
18392,6249,2057,chat,12,5,10,1
18393,7414,4623,video_call,37,3,6,0
18394,213,3630,video_call,23,5,10,1
18395,2855,1220,video_call,47,2,4,0
18396,8683,4825,chat,14,5,10,1
18397,2666,1038,video_call,55,5,10,1
18398,9731,63,video_call,26,5,10,1
18399,4737,969,video_call,46,5,10,1
18400,3672,229,chat,38,5,10,1
18401,5506,2859,video_call,24,2,4,0
18402,8801,333,video_call,18,4,8,1
18403,7086,281,chat,35,2,4,0
18404,5255,3544,video_call,26,4,8,1
18405,4793,1796,chat,30,5,10,1
18406,8719,2635,chat,19,4,8,1
18407,9159,3447,chat,41,1,2,0
18408,389,2206,chat,15,2,4,0
18409,6923,3744,chat,35,2,4,0
18410,3815,2328,video_call,30,3,6,0
18411,2886,2013,video_call,31,4,8,1
18412,2471,1944,video_call,56,4,8,1
18413,6558,1783,video_call,31,4,8,1
18414,7340,4778,video_call,53,2,4,0
18415,7319,4714,chat,38,2,4,0
18416,5386,2704,chat,42,4,8,1
18417,4077,1202,chat,13,1,2,0
18418,1099,2063,video_call,28,5,10,1
18419,2389,3603,chat,38,2,4,0
18420,627,116,video_call,15,1,2,0
18421,1475,4180,chat,20,3,6,0
18422,7238,4200,video_call,36,5,10,1
18423,587,16,chat,13,4,8,1
18424,2688,819,video_call,52,5,10,1
18425,489,2314,video_call,36,5,10,1
18426,8252,4812,video_call,60,2,4,0
18427,2032,729,chat,12,3,6,0
18428,6613,1488,chat,35,4,8,1
18429,3437,4427,video_call,28,5,10,1
18430,3380,2633,chat,7,5,10,1
18431,7747,1328,video_call,26,1,2,0
18432,1913,3749,video_call,46,5,10,1
18433,8890,3928,chat,33,5,10,1
18434,3634,943,chat,19,2,4,0
18435,7476,3742,chat,17,3,6,0
18436,5051,1252,video_call,44,1,2,0
18437,604,1547,video_call,33,2,4,0
18438,5724,4736,video_call,39,5,10,1
18439,3495,2898,video_call,49,5,10,1
18440,534,620,chat,44,1,2,0
18441,7021,4672,chat,35,2,4,0
18442,3251,1749,chat,35,2,4,0
18443,2166,2076,chat,31,5,10,1
18444,578,2801,chat,19,5,10,1
18445,4325,1766,chat,39,4,8,1
18446,4761,3029,video_call,14,4,8,1
18447,7303,4729,chat,42,5,10,1
18448,2094,590,chat,38,5,10,1
18449,9155,3705,video_call,49,4,8,1
18450,7527,4702,video_call,28,5,10,1
18451,4846,2309,chat,13,4,8,1
18452,1945,2647,chat,35,5,10,1
18453,7498,1192,chat,13,1,2,0
18454,1814,855,video_call,22,3,6,0
18455,2620,4892,chat,7,4,8,1
18456,620,734,video_call,47,5,10,1
18457,1295,12,video_call,52,2,4,0
18458,3528,4676,video_call,42,2,4,0
18459,3218,2123,video_call,34,4,8,1
18460,7419,4944,video_call,39,4,8,1
18461,5224,185,chat,8,4,8,1
18462,9079,1986,video_call,16,1,2,0
18463,5894,3356,video_call,19,4,8,1
18464,9831,2356,video_call,34,5,10,1
18465,6456,3930,chat,34,4,8,1
18466,4921,3946,video_call,52,5,10,1
18467,8658,4552,video_call,48,5,10,1
18468,9163,1649,chat,26,2,4,0
18469,4265,1632,chat,7,1,2,0
18470,6267,1624,video_call,58,3,6,0
18471,9870,1114,video_call,58,2,4,0
18472,9283,232,video_call,60,5,10,1
18473,6979,3343,chat,11,4,8,1
18474,9526,3640,video_call,49,1,2,0
18475,4621,1770,chat,14,1,2,0
18476,6516,2931,chat,6,5,10,1
18477,5954,949,chat,12,5,10,1
18478,6785,2670,chat,10,4,8,1
18479,8884,2296,video_call,22,1,2,0
18480,1748,3341,video_call,30,5,10,1
18481,9445,2070,video_call,20,5,10,1
18482,3323,3448,video_call,43,1,2,0
18483,9943,3740,chat,39,5,10,1
18484,916,519,video_call,25,4,8,1
18485,7145,4476,chat,26,3,6,0
18486,868,753,chat,28,3,6,0
18487,552,1712,video_call,51,4,8,1
18488,9547,2530,chat,13,1,2,0
18489,3075,1917,video_call,44,5,10,1
18490,780,1989,video_call,55,5,10,1
18491,6952,4770,video_call,44,5,10,1
18492,8567,2377,video_call,20,5,10,1
18493,2120,3557,video_call,42,3,6,0
18494,4716,4918,chat,33,3,6,0
18495,2932,3309,video_call,37,5,10,1
18496,4091,2508,chat,25,3,6,0
18497,176,3642,video_call,42,1,2,0
18498,9037,1066,video_call,29,1,2,0
18499,8052,960,video_call,55,3,6,0
18500,6550,824,chat,44,2,4,0
18501,4582,3131,video_call,24,5,10,1
18502,1523,3609,video_call,60,4,8,1
18503,2987,4606,chat,16,1,2,0
18504,5979,4001,video_call,22,2,4,0
18505,6896,4944,chat,31,4,8,1
18506,2058,379,chat,22,5,10,1
18507,6382,4503,chat,12,5,10,1
18508,7037,2568,video_call,46,3,6,0
18509,8104,1825,video_call,45,2,4,0
18510,1415,1353,chat,10,5,10,1
18511,231,4733,video_call,28,3,6,0
18512,1761,4931,video_call,51,4,8,1
18513,8797,4269,video_call,43,1,2,0
18514,5867,2542,video_call,34,3,6,0
18515,8931,302,video_call,39,3,6,0
18516,3665,1373,chat,18,2,4,0
18517,9295,3933,video_call,11,5,10,1
18518,8246,2260,chat,39,5,10,1
18519,9778,2877,video_call,11,3,6,0
18520,458,4164,video_call,19,4,8,1
18521,9533,2722,chat,29,4,8,1
18522,4268,1166,video_call,17,4,8,1
18523,5277,297,chat,9,5,10,1
18524,41,4513,video_call,38,1,2,0
18525,7152,1641,chat,12,1,2,0
18526,931,52,video_call,27,5,10,1
18527,5412,2621,chat,32,1,2,0
18528,5935,2004,video_call,55,1,2,0
18529,5621,2996,chat,7,2,4,0
18530,9590,3495,chat,33,4,8,1
18531,1473,664,video_call,38,2,4,0
18532,1160,106,chat,17,3,6,0
18533,7018,2711,video_call,10,3,6,0
18534,681,2453,video_call,59,5,10,1
18535,6284,2181,video_call,45,1,2,0
18536,3600,3633,video_call,54,2,4,0
18537,967,3316,video_call,19,4,8,1
18538,4632,1550,video_call,37,5,10,1
18539,9208,3760,video_call,49,1,2,0
18540,8675,1848,video_call,12,4,8,1
18541,1666,4741,video_call,46,4,8,1
18542,4970,3891,chat,17,5,10,1
18543,9908,4532,video_call,31,5,10,1
18544,6165,2063,chat,14,4,8,1
18545,9083,944,video_call,57,4,8,1
18546,3560,932,video_call,47,5,10,1
18547,878,3877,video_call,25,5,10,1
18548,8410,2325,chat,14,5,10,1
18549,990,3175,chat,8,4,8,1
18550,8925,568,video_call,27,4,8,1
18551,3418,4456,chat,38,4,8,1
18552,7482,1871,chat,15,2,4,0
18553,9102,313,chat,16,5,10,1
18554,4936,4313,video_call,53,5,10,1
18555,649,4465,chat,22,5,10,1
18556,3571,2857,chat,26,5,10,1
18557,7163,2523,chat,39,5,10,1
18558,5696,374,video_call,32,5,10,1
18559,8384,3524,chat,22,2,4,0
18560,6879,4673,video_call,54,4,8,1
18561,1295,985,video_call,15,2,4,0
18562,7911,3606,chat,13,3,6,0
18563,5954,1445,video_call,27,5,10,1
18564,9064,2828,video_call,25,2,4,0
18565,751,783,chat,45,4,8,1
18566,243,430,video_call,41,5,10,1
18567,6481,2072,video_call,17,2,4,0
18568,8833,2399,video_call,59,2,4,0
18569,9691,3948,video_call,51,4,8,1
18570,6924,703,chat,43,1,2,0
18571,8430,1844,video_call,31,5,10,1
18572,3290,3672,video_call,27,4,8,1
18573,5554,3671,video_call,26,5,10,1
18574,9957,3845,chat,24,1,2,0
18575,7353,1953,chat,16,5,10,1
18576,2548,4416,chat,9,5,10,1
18577,576,1138,video_call,13,2,4,0
18578,1079,2813,video_call,19,5,10,1
18579,7515,3494,video_call,55,3,6,0
18580,8908,4348,video_call,58,4,8,1
18581,5653,389,chat,45,5,10,1
18582,7877,1199,video_call,15,4,8,1
18583,2336,424,chat,19,5,10,1
18584,4976,4948,video_call,29,5,10,1
18585,1087,2504,video_call,21,2,4,0
18586,6389,1390,video_call,34,4,8,1
18587,5789,634,video_call,24,3,6,0
18588,8490,2989,chat,11,1,2,0
18589,3112,2740,video_call,18,2,4,0
18590,7075,1977,video_call,19,4,8,1
18591,5108,4873,video_call,60,4,8,1
18592,3777,385,video_call,48,5,10,1
18593,5587,4699,chat,12,5,10,1
18594,9849,1565,video_call,31,2,4,0
18595,1434,4382,chat,7,2,4,0
18596,1669,4216,chat,38,1,2,0
18597,7711,2703,chat,16,2,4,0
18598,3520,1455,video_call,16,4,8,1
18599,6063,3151,chat,16,5,10,1
18600,6793,4284,video_call,25,4,8,1
18601,1253,1294,chat,8,5,10,1
18602,6144,4266,video_call,15,2,4,0
18603,8142,4009,video_call,58,5,10,1
18604,6502,745,chat,40,5,10,1
18605,1874,4434,chat,44,3,6,0
18606,3604,4689,chat,13,1,2,0
18607,222,2490,chat,35,4,8,1
18608,8845,4045,video_call,12,5,10,1
18609,8411,2846,chat,7,4,8,1
18610,3080,3443,video_call,33,4,8,1
18611,2132,4822,video_call,53,2,4,0
18612,2982,1379,chat,13,2,4,0
18613,2614,4573,video_call,17,2,4,0
18614,9389,488,video_call,56,5,10,1
18615,5517,1566,video_call,36,1,2,0
18616,5270,3133,chat,26,5,10,1
18617,3080,4945,video_call,21,3,6,0
18618,4814,1156,chat,18,3,6,0
18619,6067,3302,chat,31,4,8,1
18620,5899,3333,chat,44,4,8,1
18621,4008,1702,video_call,21,1,2,0
18622,4642,2181,video_call,51,1,2,0
18623,7149,3634,chat,13,1,2,0
18624,3133,1160,chat,21,5,10,1
18625,6923,3175,video_call,14,5,10,1
18626,3133,2415,video_call,59,5,10,1
18627,7423,1894,chat,36,2,4,0
18628,5362,4201,video_call,37,2,4,0
18629,4422,875,chat,31,3,6,0
18630,9943,4593,video_call,57,2,4,0
18631,2898,1183,video_call,36,3,6,0
18632,904,674,video_call,13,4,8,1
18633,2976,3260,video_call,21,1,2,0
18634,3983,1836,chat,14,2,4,0
18635,8162,1618,chat,11,4,8,1
18636,8687,2364,chat,34,4,8,1
18637,5823,3436,chat,34,5,10,1
18638,5407,40,chat,34,4,8,1
18639,7650,848,chat,35,2,4,0
18640,4538,2634,chat,10,5,10,1
18641,5615,2636,chat,27,5,10,1
18642,5914,2947,chat,40,4,8,1
18643,8148,4122,video_call,31,4,8,1
18644,9154,1800,video_call,44,5,10,1
18645,5708,826,video_call,50,1,2,0
18646,5607,4109,chat,35,2,4,0
18647,6400,4108,chat,22,5,10,1
18648,7509,2683,chat,5,5,10,1
18649,6359,732,video_call,43,1,2,0
18650,6159,4382,chat,10,5,10,1
18651,7324,1443,chat,42,3,6,0
18652,7404,1256,video_call,56,1,2,0
18653,5305,2733,chat,36,4,8,1
18654,388,127,chat,31,2,4,0
18655,1917,772,video_call,30,5,10,1
18656,2700,550,video_call,26,4,8,1
18657,2286,500,chat,15,5,10,1
18658,7573,2942,video_call,52,5,10,1
18659,5458,3572,video_call,31,4,8,1
18660,7328,4237,chat,7,1,2,0
18661,4176,1558,chat,15,5,10,1
18662,9511,2734,chat,29,2,4,0
18663,6675,246,video_call,42,3,6,0
18664,118,4370,video_call,53,2,4,0
18665,7302,2040,video_call,46,1,2,0
18666,6685,702,video_call,10,1,2,0
18667,9561,598,chat,30,3,6,0
18668,1048,650,video_call,43,5,10,1
18669,345,2614,video_call,20,3,6,0
18670,468,1441,video_call,57,4,8,1
18671,4706,4825,video_call,50,4,8,1
18672,6006,1562,video_call,51,2,4,0
18673,2527,222,video_call,27,5,10,1
18674,610,3941,video_call,12,3,6,0
18675,4352,278,chat,30,1,2,0
18676,7997,1112,video_call,16,3,6,0
18677,5519,3605,video_call,15,5,10,1
18678,8147,2032,video_call,25,3,6,0
18679,413,659,video_call,55,5,10,1
18680,6422,3867,chat,5,5,10,1
18681,3955,756,video_call,53,3,6,0
18682,7316,929,chat,16,5,10,1
18683,7728,954,video_call,45,5,10,1
18684,7141,1672,chat,14,3,6,0
18685,1376,3440,chat,41,2,4,0
18686,1505,515,video_call,22,1,2,0
18687,2005,4564,video_call,28,2,4,0
18688,4084,4763,video_call,16,4,8,1
18689,6545,3639,video_call,24,1,2,0
18690,8711,1721,video_call,51,1,2,0
18691,6617,4206,chat,24,3,6,0
18692,7276,3346,video_call,42,4,8,1
18693,4391,425,video_call,46,5,10,1
18694,2211,552,chat,38,4,8,1
18695,1616,77,video_call,24,2,4,0
18696,2061,4270,chat,15,5,10,1
18697,7641,846,chat,18,4,8,1
18698,2042,1433,video_call,32,5,10,1
18699,369,3953,video_call,55,4,8,1
18700,7300,1594,video_call,53,2,4,0
18701,518,55,video_call,32,4,8,1
18702,2080,4565,chat,12,4,8,1
18703,4940,3765,video_call,50,2,4,0
18704,8849,1979,video_call,18,2,4,0
18705,6559,2701,video_call,16,5,10,1
18706,9790,1889,video_call,39,2,4,0
18707,2332,741,chat,14,5,10,1
18708,7724,2878,video_call,45,2,4,0
18709,2364,2018,video_call,23,5,10,1
18710,2943,314,video_call,45,1,2,0
18711,6344,4825,chat,41,5,10,1
18712,644,4693,video_call,36,4,8,1
18713,2955,4402,video_call,19,4,8,1
18714,8660,515,video_call,18,4,8,1
18715,3048,2364,chat,30,4,8,1
18716,4338,2157,chat,17,5,10,1
18717,8263,3272,video_call,30,5,10,1
18718,5359,1035,video_call,31,5,10,1
18719,7207,4215,chat,7,5,10,1
18720,2843,287,chat,19,5,10,1
18721,610,4418,video_call,29,4,8,1
18722,8858,4548,video_call,34,4,8,1
18723,8531,1730,video_call,11,4,8,1
18724,1919,3451,chat,14,3,6,0
18725,4765,2595,chat,37,5,10,1
18726,3029,352,chat,26,2,4,0
18727,5769,1349,video_call,38,1,2,0
18728,1417,3128,video_call,16,4,8,1
18729,1044,3574,video_call,27,4,8,1
18730,183,3125,chat,37,3,6,0
18731,4198,166,video_call,33,5,10,1
18732,4059,3704,chat,30,5,10,1
18733,8662,46,chat,26,5,10,1
18734,1276,3526,video_call,54,4,8,1
18735,3001,4226,video_call,46,3,6,0
18736,9624,4492,chat,36,3,6,0
18737,3539,3803,video_call,40,5,10,1
18738,2099,4258,chat,18,5,10,1
18739,5080,3416,video_call,19,4,8,1
18740,1651,1780,video_call,60,1,2,0
18741,5225,3105,video_call,40,3,6,0
18742,7549,497,video_call,15,3,6,0
18743,9944,1360,chat,17,4,8,1
18744,7539,2445,video_call,45,5,10,1
18745,2638,493,chat,17,4,8,1
18746,3196,4655,video_call,36,3,6,0
18747,7387,2859,chat,43,5,10,1
18748,6911,3165,video_call,27,3,6,0
18749,8050,316,chat,23,4,8,1
18750,8044,4177,video_call,17,5,10,1
18751,4615,3410,chat,17,4,8,1
18752,1660,3495,video_call,33,4,8,1
18753,2924,2018,chat,9,3,6,0
18754,8052,1110,chat,44,1,2,0
18755,8246,4701,video_call,34,3,6,0
18756,4024,4804,video_call,14,5,10,1
18757,5863,283,video_call,15,5,10,1
18758,732,2851,video_call,43,5,10,1
18759,7113,1514,video_call,22,4,8,1
18760,3617,2958,video_call,58,4,8,1
18761,1940,1513,chat,43,2,4,0
18762,8228,3923,video_call,15,4,8,1
18763,8569,1374,video_call,33,5,10,1
18764,6886,4783,video_call,45,2,4,0
18765,6737,2054,video_call,48,1,2,0
18766,3162,4969,video_call,53,4,8,1
18767,68,1060,chat,5,5,10,1
18768,5444,4766,video_call,57,5,10,1
18769,8471,1922,chat,29,5,10,1
18770,658,2196,video_call,46,4,8,1
18771,1464,2917,video_call,60,2,4,0
18772,2018,3101,chat,30,2,4,0
18773,3933,1409,chat,12,2,4,0
18774,9240,3079,video_call,30,4,8,1
18775,5803,538,video_call,31,3,6,0
18776,6986,664,chat,45,4,8,1
18777,7578,2601,chat,15,3,6,0
18778,1397,2570,chat,7,4,8,1
18779,7905,4036,video_call,14,5,10,1
18780,6190,1943,video_call,26,5,10,1
18781,5877,2769,video_call,52,4,8,1
18782,6948,4635,video_call,23,4,8,1
18783,5576,4988,chat,37,4,8,1
18784,8161,830,chat,32,1,2,0
18785,9877,670,video_call,56,4,8,1
18786,5360,240,chat,37,3,6,0
18787,1610,4636,video_call,18,5,10,1
18788,9314,4813,chat,15,5,10,1
18789,9880,2801,video_call,39,4,8,1
18790,7934,2095,chat,8,4,8,1
18791,9338,4578,video_call,54,1,2,0
18792,5828,781,chat,43,2,4,0
18793,185,4243,video_call,47,4,8,1
18794,4597,1103,video_call,42,4,8,1
18795,2560,730,chat,41,2,4,0
18796,5573,3956,video_call,27,5,10,1
18797,2638,3569,chat,8,4,8,1
18798,4291,2984,video_call,39,4,8,1
18799,1961,774,video_call,22,3,6,0
18800,6857,4348,chat,21,1,2,0
18801,8428,2585,chat,5,1,2,0
18802,6866,1856,video_call,46,5,10,1
18803,2213,2828,chat,17,3,6,0
18804,4992,2943,chat,45,5,10,1
18805,3775,3729,video_call,28,5,10,1
18806,9212,4800,chat,17,2,4,0
18807,8671,2825,video_call,55,4,8,1
18808,7184,269,chat,35,2,4,0
18809,7715,1080,chat,32,2,4,0
18810,1193,869,video_call,56,5,10,1
18811,4753,1597,video_call,18,1,2,0
18812,9441,1831,chat,15,5,10,1
18813,4513,2717,chat,25,1,2,0
18814,2683,2733,video_call,44,4,8,1
18815,5476,4322,video_call,50,2,4,0
18816,5035,1171,video_call,26,5,10,1
18817,5567,2219,chat,45,5,10,1
18818,4914,1625,chat,25,2,4,0
18819,9460,2910,video_call,14,5,10,1
18820,8780,2438,chat,10,1,2,0
18821,385,2803,video_call,33,1,2,0
18822,5142,3089,chat,34,2,4,0
18823,9278,506,video_call,30,2,4,0
18824,6991,3009,video_call,52,4,8,1
18825,825,179,video_call,19,4,8,1
18826,4716,1782,video_call,11,1,2,0
18827,8415,4977,video_call,35,5,10,1
18828,5597,2344,chat,26,5,10,1
18829,5016,2722,chat,30,2,4,0
18830,6648,320,video_call,46,3,6,0
18831,1045,4822,video_call,59,4,8,1
18832,6314,2814,video_call,29,5,10,1
18833,4124,478,video_call,26,5,10,1
18834,2851,1162,chat,43,4,8,1
18835,2266,4793,video_call,53,1,2,0
18836,4761,3173,video_call,45,1,2,0
18837,3732,2401,video_call,15,3,6,0
18838,4153,2648,chat,22,2,4,0
18839,4853,2887,chat,31,4,8,1
18840,8122,3367,chat,24,5,10,1
18841,2197,3218,video_call,13,5,10,1
18842,9057,2454,chat,19,3,6,0
18843,180,4373,chat,38,2,4,0
18844,8808,3361,video_call,53,4,8,1
18845,2722,169,video_call,10,1,2,0
18846,193,1238,video_call,56,5,10,1
18847,8676,4495,video_call,13,4,8,1
18848,1263,3144,video_call,46,5,10,1
18849,8982,3376,video_call,35,4,8,1
18850,3250,2020,video_call,30,5,10,1
18851,6641,4708,video_call,51,4,8,1
18852,5791,608,chat,19,5,10,1
18853,8882,2527,video_call,29,5,10,1
18854,6187,3830,video_call,45,5,10,1
18855,3259,2510,chat,24,2,4,0
18856,1838,4990,chat,26,2,4,0
18857,1127,57,chat,6,3,6,0
18858,5144,3657,chat,8,5,10,1
18859,1784,842,video_call,45,4,8,1
18860,8520,256,chat,13,5,10,1
18861,8932,883,chat,19,3,6,0
18862,4966,4301,video_call,10,1,2,0
18863,8631,70,video_call,58,4,8,1
18864,565,4997,video_call,33,5,10,1
18865,4388,3027,video_call,45,1,2,0
18866,7906,3567,chat,8,5,10,1
18867,5239,1692,video_call,32,1,2,0
18868,6919,1639,chat,13,5,10,1
18869,1619,4736,chat,36,2,4,0
18870,9789,4352,chat,19,2,4,0
18871,9248,4877,video_call,34,4,8,1
18872,7625,2180,video_call,24,5,10,1
18873,7151,3973,chat,26,5,10,1
18874,2332,4783,video_call,34,3,6,0
18875,8134,4181,video_call,10,2,4,0
18876,2595,4366,chat,15,4,8,1
18877,7123,3620,video_call,26,5,10,1
18878,5426,3188,video_call,12,4,8,1
18879,4520,1660,video_call,47,3,6,0
18880,1030,4360,video_call,53,4,8,1
18881,3468,1783,video_call,59,5,10,1
18882,1336,1547,video_call,31,4,8,1
18883,7132,2443,video_call,56,4,8,1
18884,9466,551,video_call,45,4,8,1
18885,1263,4309,video_call,18,2,4,0
18886,5748,3708,chat,39,2,4,0
18887,135,477,chat,21,1,2,0
18888,5825,1574,video_call,13,5,10,1
18889,3744,1516,chat,33,2,4,0
18890,1907,1811,video_call,21,1,2,0
18891,8698,2754,chat,29,2,4,0
18892,8023,4766,video_call,59,5,10,1
18893,6985,166,chat,6,5,10,1
18894,9251,1926,chat,26,4,8,1
18895,374,1298,chat,37,2,4,0
18896,8628,4359,video_call,20,1,2,0
18897,2259,2798,chat,27,5,10,1
18898,1520,152,video_call,53,1,2,0
18899,8693,3243,chat,44,2,4,0
18900,426,3412,chat,30,5,10,1
18901,7668,1086,chat,37,2,4,0
18902,5230,132,chat,11,5,10,1
18903,5210,4413,video_call,32,5,10,1
18904,6936,4964,video_call,48,5,10,1
18905,365,4028,video_call,47,5,10,1
18906,1682,3115,chat,35,1,2,0
18907,4750,4689,chat,38,5,10,1
18908,393,1189,chat,7,5,10,1
18909,9090,706,video_call,16,4,8,1
18910,2900,1971,video_call,33,1,2,0
18911,6890,4999,chat,32,5,10,1
18912,4788,1193,video_call,33,5,10,1
18913,5276,973,video_call,40,3,6,0
18914,723,1576,video_call,45,1,2,0
18915,7528,1263,video_call,49,4,8,1
18916,1781,934,chat,32,5,10,1
18917,3038,650,video_call,44,2,4,0
18918,8978,4372,video_call,34,1,2,0
18919,7662,3527,video_call,55,3,6,0
18920,1221,2580,video_call,44,5,10,1
18921,8945,3832,video_call,12,2,4,0
18922,7815,4079,chat,20,2,4,0
18923,5406,1716,chat,17,4,8,1
18924,348,3607,video_call,39,4,8,1
18925,3402,2377,chat,41,3,6,0
18926,4260,4720,video_call,23,5,10,1
18927,1299,4064,video_call,60,2,4,0
18928,3693,2098,chat,37,4,8,1
18929,408,1867,video_call,12,5,10,1
18930,6319,1905,chat,11,2,4,0
18931,8964,2021,chat,22,2,4,0
18932,542,4606,video_call,25,3,6,0
18933,2099,3979,chat,45,5,10,1
18934,9369,3716,video_call,27,5,10,1
18935,5827,1551,video_call,19,4,8,1
18936,513,3956,chat,31,4,8,1
18937,4090,515,video_call,23,5,10,1
18938,4926,38,video_call,41,2,4,0
18939,7924,4313,video_call,50,5,10,1
18940,5901,4620,video_call,54,1,2,0
18941,2658,965,chat,33,4,8,1
18942,1051,220,video_call,44,1,2,0
18943,9750,381,video_call,53,3,6,0
18944,7855,4674,chat,11,1,2,0
18945,9537,2670,chat,41,5,10,1
18946,9993,2657,video_call,49,3,6,0
18947,3759,2075,video_call,41,5,10,1
18948,5779,1077,chat,33,2,4,0
18949,7516,2606,video_call,20,3,6,0
18950,4914,4409,chat,29,3,6,0
18951,3514,2839,chat,36,1,2,0
18952,6373,1781,video_call,29,3,6,0
18953,7828,214,video_call,13,3,6,0
18954,5583,1484,chat,41,1,2,0
18955,9785,2000,video_call,38,5,10,1
18956,2287,4679,video_call,32,2,4,0
18957,9634,1571,chat,27,5,10,1
18958,8840,537,video_call,12,5,10,1
18959,9337,4476,video_call,37,4,8,1
18960,7960,2068,video_call,50,5,10,1
18961,7273,3472,video_call,52,5,10,1
18962,5859,3918,video_call,17,4,8,1
18963,3422,2615,chat,33,5,10,1
18964,2098,2266,chat,5,5,10,1
18965,552,88,video_call,49,1,2,0
18966,7873,1133,chat,12,2,4,0
18967,5184,1304,chat,32,4,8,1
18968,7221,4247,chat,13,4,8,1
18969,7328,1933,chat,25,5,10,1
18970,51,2782,chat,22,4,8,1
18971,6592,113,chat,10,5,10,1
18972,5685,627,video_call,17,2,4,0
18973,446,2622,video_call,29,4,8,1
18974,1725,183,video_call,17,4,8,1
18975,6942,2090,video_call,16,3,6,0
18976,7430,3875,chat,34,2,4,0
18977,2032,3216,chat,22,1,2,0
18978,8118,511,video_call,16,2,4,0
18979,9747,3332,video_call,13,2,4,0
18980,4751,3777,video_call,41,2,4,0
18981,8056,1595,chat,5,4,8,1
18982,9991,686,video_call,44,4,8,1
18983,6580,1352,chat,29,5,10,1
18984,9421,2441,video_call,48,5,10,1
18985,9689,4145,chat,18,4,8,1
18986,6266,2985,chat,22,5,10,1
18987,4793,1203,video_call,25,5,10,1
18988,7780,777,chat,11,5,10,1
18989,6337,2593,video_call,26,5,10,1
18990,9023,766,chat,29,5,10,1
18991,4271,1860,chat,21,5,10,1
18992,2315,352,chat,11,1,2,0
18993,4866,4714,video_call,31,4,8,1
18994,3498,2428,chat,5,5,10,1
18995,5857,3771,video_call,59,5,10,1
18996,6650,3462,video_call,58,3,6,0
18997,1360,4336,chat,10,5,10,1
18998,2297,3081,chat,18,3,6,0
18999,3735,1766,video_call,26,5,10,1
19000,5962,2160,chat,44,2,4,0
19001,9055,3766,video_call,59,5,10,1
19002,6820,1390,video_call,55,4,8,1
19003,2091,907,video_call,33,1,2,0
19004,1684,3331,video_call,44,5,10,1
19005,8053,2899,video_call,20,3,6,0
19006,4786,948,video_call,47,5,10,1
19007,1421,1576,chat,24,2,4,0
19008,9849,1435,chat,12,2,4,0
19009,227,1910,video_call,59,4,8,1
19010,9545,1808,video_call,50,1,2,0
19011,292,4309,video_call,39,5,10,1
19012,9786,4030,video_call,32,5,10,1
19013,9281,738,video_call,25,1,2,0
19014,3379,2003,chat,25,1,2,0
19015,6104,1253,chat,37,2,4,0
19016,9526,1061,chat,26,4,8,1
19017,81,3655,video_call,39,2,4,0
19018,1394,536,chat,41,1,2,0
19019,1716,2408,video_call,22,4,8,1
19020,4770,4688,chat,36,4,8,1
19021,4380,2532,video_call,53,5,10,1
19022,8530,2195,video_call,42,5,10,1
19023,9390,4809,video_call,39,4,8,1
19024,153,3167,chat,15,5,10,1
19025,9540,3541,chat,39,2,4,0
19026,2915,1787,video_call,56,3,6,0
19027,221,2926,video_call,57,1,2,0
19028,9629,3633,chat,37,5,10,1
19029,6685,1959,chat,34,4,8,1
19030,7292,2963,video_call,25,4,8,1
19031,4291,340,chat,42,3,6,0
19032,352,2990,chat,28,5,10,1
19033,6974,3590,video_call,19,5,10,1
19034,1438,4538,video_call,35,2,4,0
19035,7064,197,chat,14,5,10,1
19036,5278,2500,video_call,17,5,10,1
19037,1657,2737,chat,22,1,2,0
19038,3938,3300,video_call,49,5,10,1
19039,7611,977,video_call,53,5,10,1
19040,5692,306,video_call,57,5,10,1
19041,9753,2855,chat,43,5,10,1
19042,4854,3470,video_call,33,5,10,1
19043,4125,2039,chat,29,4,8,1
19044,2488,4973,video_call,41,4,8,1
19045,4220,4163,chat,40,2,4,0
19046,5569,2796,chat,34,2,4,0
19047,791,1608,video_call,24,2,4,0
19048,6697,153,video_call,26,2,4,0
19049,6849,1012,chat,44,5,10,1
19050,7771,3224,video_call,55,5,10,1
19051,6061,936,video_call,30,1,2,0
19052,104,2696,chat,30,4,8,1
19053,3074,919,chat,37,2,4,0
19054,3693,4172,chat,9,2,4,0
19055,2744,2290,video_call,10,5,10,1
19056,4709,1329,video_call,53,4,8,1
19057,6336,2128,video_call,37,2,4,0
19058,9137,2930,chat,23,3,6,0
19059,9954,2798,video_call,20,5,10,1
19060,2940,2438,chat,42,1,2,0
19061,1082,609,video_call,22,5,10,1
19062,3497,1110,chat,37,2,4,0
19063,5008,1915,chat,10,1,2,0
19064,6289,3888,chat,25,4,8,1
19065,3901,3887,chat,21,2,4,0
19066,5398,910,video_call,17,5,10,1
19067,6871,15,chat,20,5,10,1
19068,5914,473,video_call,31,4,8,1
19069,9737,2531,chat,36,3,6,0
19070,3840,2939,video_call,29,1,2,0
19071,7374,3676,chat,36,2,4,0
19072,3129,1492,video_call,12,5,10,1
19073,8770,4717,video_call,55,5,10,1
19074,9613,4068,chat,45,4,8,1
19075,653,1026,video_call,23,4,8,1
19076,2301,2215,video_call,59,5,10,1
19077,1815,897,video_call,15,1,2,0
19078,8489,1663,video_call,60,5,10,1
19079,5990,2322,video_call,18,4,8,1
19080,4253,1257,chat,13,4,8,1
19081,6208,3222,video_call,56,5,10,1
19082,5914,2113,video_call,38,5,10,1
19083,9552,389,chat,15,4,8,1
19084,3728,2613,chat,8,5,10,1
19085,9171,1553,chat,16,2,4,0
19086,6075,3840,chat,27,2,4,0
19087,2143,1731,chat,25,2,4,0
19088,2045,4677,video_call,53,2,4,0
19089,4322,1051,video_call,23,5,10,1
19090,8349,3922,video_call,41,2,4,0
19091,2289,4113,video_call,29,1,2,0
19092,3078,272,video_call,40,1,2,0
19093,444,383,video_call,43,3,6,0
19094,7081,3557,video_call,20,2,4,0
19095,4044,2332,video_call,22,4,8,1
19096,7504,2181,chat,31,5,10,1
19097,4562,3070,chat,14,2,4,0
19098,5154,3546,chat,26,1,2,0
19099,9940,428,chat,21,4,8,1
19100,4160,2089,chat,11,4,8,1
19101,5663,1791,chat,32,4,8,1
19102,9162,513,video_call,28,2,4,0
19103,231,4543,chat,11,5,10,1
19104,7539,1180,chat,30,4,8,1
19105,1549,96,chat,11,4,8,1
19106,3404,2341,video_call,32,4,8,1
19107,4147,4630,chat,28,5,10,1
19108,2088,4207,video_call,22,5,10,1
19109,7683,2105,video_call,45,5,10,1
19110,4538,3268,video_call,11,3,6,0
19111,4146,147,video_call,26,4,8,1
19112,8088,2090,video_call,34,1,2,0
19113,9947,2727,chat,15,5,10,1
19114,8308,2132,video_call,52,4,8,1
19115,1475,3290,chat,29,4,8,1
19116,5231,4577,video_call,43,4,8,1
19117,5301,538,chat,33,5,10,1
19118,5986,4034,chat,38,2,4,0
19119,3975,2315,chat,26,3,6,0
19120,8551,1008,video_call,38,5,10,1
19121,2705,4142,video_call,30,2,4,0
19122,5328,746,video_call,23,5,10,1
19123,8908,2079,video_call,39,4,8,1
19124,8297,3062,video_call,11,5,10,1
19125,8922,450,video_call,47,4,8,1
19126,5700,4990,chat,25,3,6,0
19127,7750,308,chat,42,5,10,1
19128,4578,1723,video_call,54,4,8,1
19129,5373,3106,video_call,51,2,4,0
19130,1452,1882,chat,15,5,10,1
19131,9778,2418,video_call,35,2,4,0
19132,4065,3547,chat,28,3,6,0
19133,8332,3373,chat,14,5,10,1
19134,1828,1809,video_call,22,4,8,1
19135,3470,4623,video_call,51,2,4,0
19136,7058,4769,chat,28,5,10,1
19137,3024,901,chat,6,4,8,1
19138,9987,2516,chat,8,1,2,0
19139,6121,4121,video_call,26,4,8,1
19140,867,3449,video_call,40,5,10,1
19141,9467,4919,video_call,56,3,6,0
19142,8768,4605,chat,42,2,4,0
19143,1088,798,video_call,36,5,10,1
19144,1097,1208,chat,36,3,6,0
19145,7504,3856,chat,10,5,10,1
19146,6718,4516,chat,8,1,2,0
19147,3726,2407,chat,42,5,10,1
19148,8295,3730,video_call,49,5,10,1
19149,8668,2488,video_call,14,4,8,1
19150,6491,2837,video_call,45,3,6,0
19151,7368,973,video_call,53,5,10,1
19152,9040,461,chat,6,5,10,1
19153,3041,3579,video_call,34,5,10,1
19154,4761,3359,chat,40,1,2,0
19155,7009,1304,video_call,57,2,4,0
19156,8281,1232,chat,6,1,2,0
19157,9027,2028,video_call,31,5,10,1
19158,784,4703,chat,8,1,2,0
19159,8566,810,video_call,58,3,6,0
19160,6063,3621,video_call,58,4,8,1
19161,7242,2537,video_call,42,4,8,1
19162,9142,4094,video_call,26,2,4,0
19163,9161,4028,video_call,57,2,4,0
19164,3021,4397,chat,6,4,8,1
19165,5377,2411,video_call,32,5,10,1
19166,5499,1126,video_call,23,1,2,0
19167,1165,2881,video_call,30,4,8,1
19168,7304,2909,video_call,60,5,10,1
19169,4070,4761,video_call,16,1,2,0
19170,7395,1756,video_call,46,5,10,1
19171,4052,4054,chat,23,2,4,0
19172,9397,2699,chat,36,4,8,1
19173,5954,190,video_call,30,5,10,1
19174,8408,3310,chat,36,3,6,0
19175,1794,930,video_call,39,2,4,0
19176,2113,4543,video_call,23,1,2,0
19177,4168,1720,chat,23,4,8,1
19178,7713,796,chat,5,3,6,0
19179,2728,1092,chat,16,4,8,1
19180,7107,4448,chat,11,5,10,1
19181,8618,1967,video_call,21,1,2,0
19182,6985,1008,video_call,29,5,10,1
19183,2415,4005,chat,37,5,10,1
19184,8655,2486,chat,23,2,4,0
19185,336,3778,video_call,35,5,10,1
19186,8212,3609,video_call,45,3,6,0
19187,9016,244,video_call,36,2,4,0
19188,1168,3650,chat,41,2,4,0
19189,918,2987,video_call,15,4,8,1
19190,5020,38,video_call,23,5,10,1
19191,4089,3707,chat,7,4,8,1
19192,2049,1667,video_call,40,3,6,0
19193,1698,4872,chat,25,3,6,0
19194,6544,427,video_call,28,2,4,0
19195,7118,1506,video_call,22,2,4,0
19196,612,3692,video_call,38,3,6,0
19197,466,4619,video_call,10,3,6,0
19198,9801,2214,video_call,29,4,8,1
19199,53,2112,video_call,12,1,2,0
19200,1746,1516,chat,20,2,4,0
19201,2347,709,video_call,13,1,2,0
19202,3171,1962,chat,10,1,2,0
19203,5449,4620,chat,23,2,4,0
19204,6385,262,video_call,15,5,10,1
19205,2924,4914,chat,20,5,10,1
19206,441,346,chat,36,1,2,0
19207,8454,2694,chat,40,5,10,1
19208,7491,3858,video_call,23,3,6,0
19209,3649,941,chat,13,5,10,1
19210,3321,4065,chat,24,2,4,0
19211,3375,3709,video_call,54,2,4,0
19212,398,549,video_call,54,4,8,1
19213,1799,2066,video_call,59,4,8,1
19214,5108,2044,chat,14,5,10,1
19215,7342,688,video_call,40,2,4,0
19216,848,277,chat,39,2,4,0
19217,6970,123,chat,36,2,4,0
19218,8371,505,video_call,51,4,8,1
19219,7408,1737,video_call,49,4,8,1
19220,2978,1278,chat,6,5,10,1
19221,4533,3605,video_call,44,4,8,1
19222,8376,1144,video_call,23,1,2,0
19223,8851,1083,chat,41,4,8,1
19224,6734,61,video_call,31,3,6,0
19225,7197,3535,chat,22,2,4,0
19226,7153,2534,chat,7,4,8,1
19227,4425,4017,chat,41,2,4,0
19228,6688,1543,chat,12,2,4,0
19229,830,228,chat,35,3,6,0
19230,6378,858,video_call,44,4,8,1
19231,2153,4558,video_call,60,4,8,1
19232,1488,3354,video_call,50,5,10,1
19233,4318,520,video_call,21,2,4,0
19234,2453,1000,video_call,59,2,4,0
19235,8853,24,video_call,16,2,4,0
19236,4355,560,chat,42,4,8,1
19237,2343,4963,video_call,15,5,10,1
19238,9614,2570,video_call,12,5,10,1
19239,5389,3626,video_call,30,4,8,1
19240,9343,4007,chat,37,5,10,1
19241,6524,580,video_call,39,3,6,0
19242,8269,2332,chat,6,1,2,0
19243,1657,3544,video_call,50,4,8,1
19244,6899,2597,video_call,56,5,10,1
19245,1111,4625,video_call,22,3,6,0
19246,1195,2302,chat,15,5,10,1
19247,9214,1118,video_call,36,4,8,1
19248,8898,3102,chat,35,2,4,0
19249,869,1571,video_call,45,5,10,1
19250,9578,1696,chat,17,5,10,1
19251,4937,838,chat,18,1,2,0
19252,704,2629,chat,41,2,4,0
19253,3014,392,video_call,31,1,2,0
19254,2943,884,video_call,33,5,10,1
19255,1194,2061,video_call,56,4,8,1
19256,7200,1389,chat,29,5,10,1
19257,3457,3345,chat,26,5,10,1
19258,8083,3250,video_call,14,5,10,1
19259,1612,3638,chat,8,4,8,1
19260,5407,2935,video_call,29,1,2,0
19261,1762,2932,video_call,44,5,10,1
19262,4035,3462,video_call,26,2,4,0
19263,6235,1440,chat,34,2,4,0
19264,7483,4273,chat,24,2,4,0
19265,6198,2336,video_call,18,5,10,1
19266,8462,211,video_call,42,5,10,1
19267,6926,1315,chat,16,2,4,0
19268,699,3881,video_call,41,3,6,0
19269,8398,1254,chat,17,5,10,1
19270,5163,4179,chat,31,2,4,0
19271,6397,1900,chat,18,3,6,0
19272,9883,3781,video_call,54,4,8,1
19273,1796,86,chat,27,1,2,0
19274,2308,2973,chat,41,5,10,1
19275,602,143,chat,10,2,4,0
19276,5914,3888,chat,19,5,10,1
19277,661,1387,video_call,21,3,6,0
19278,7365,3799,chat,20,4,8,1
19279,3952,4773,video_call,60,5,10,1
19280,1711,895,video_call,54,5,10,1
19281,8578,450,chat,26,5,10,1
19282,442,3898,video_call,10,4,8,1
19283,444,602,chat,22,5,10,1
19284,1123,2147,video_call,59,5,10,1
19285,3154,1222,video_call,42,4,8,1
19286,9745,1923,video_call,48,2,4,0
19287,610,3623,video_call,46,5,10,1
19288,1753,2783,video_call,52,5,10,1
19289,2293,1193,chat,18,5,10,1
19290,7658,3206,video_call,47,3,6,0
19291,2069,4891,chat,14,1,2,0
19292,6571,3653,chat,33,4,8,1
19293,5095,4934,video_call,21,1,2,0
19294,693,733,video_call,51,5,10,1
19295,3836,3814,chat,40,2,4,0
19296,7807,4889,video_call,24,1,2,0
19297,4257,1732,chat,43,4,8,1
19298,622,431,chat,19,1,2,0
19299,845,4077,video_call,17,4,8,1
19300,4798,4936,video_call,59,2,4,0
19301,5486,4185,chat,7,5,10,1
19302,5759,693,chat,23,1,2,0
19303,6899,4015,chat,14,4,8,1
19304,6324,604,chat,36,4,8,1
19305,2945,267,video_call,29,5,10,1
19306,2691,3156,chat,21,5,10,1
19307,9914,4062,chat,40,3,6,0
19308,941,1272,chat,45,4,8,1
19309,1200,2074,chat,27,3,6,0
19310,4752,4286,chat,29,1,2,0
19311,3912,2881,chat,45,5,10,1
19312,6129,4747,video_call,57,3,6,0
19313,7090,3569,video_call,23,5,10,1
19314,3281,3289,chat,21,2,4,0
19315,12,2222,video_call,16,5,10,1
19316,7532,2255,video_call,46,1,2,0
19317,8111,1456,chat,30,3,6,0
19318,191,762,chat,29,2,4,0
19319,161,4479,video_call,20,2,4,0
19320,7431,989,chat,14,1,2,0
19321,4271,978,video_call,42,3,6,0
19322,7209,1332,chat,32,5,10,1
19323,8655,1744,chat,19,5,10,1
19324,9125,4248,video_call,37,4,8,1
19325,8268,201,chat,13,3,6,0
19326,5449,3768,video_call,42,5,10,1
19327,4538,447,video_call,19,5,10,1
19328,9742,4954,video_call,31,3,6,0
19329,5387,1004,video_call,15,5,10,1
19330,590,147,chat,28,5,10,1
19331,4446,4158,chat,28,5,10,1
19332,8781,4908,video_call,29,5,10,1
19333,2987,648,video_call,31,4,8,1
19334,1855,3658,video_call,55,4,8,1
19335,2322,2804,video_call,25,3,6,0
19336,8519,145,video_call,40,5,10,1
19337,3944,4052,chat,41,5,10,1
19338,6615,3394,chat,5,2,4,0
19339,6717,430,chat,36,5,10,1
19340,2716,1829,video_call,20,2,4,0
19341,7733,1353,chat,40,1,2,0
19342,3270,240,chat,25,2,4,0
19343,1165,1768,chat,34,1,2,0
19344,9320,3063,video_call,54,2,4,0
19345,702,4232,video_call,15,4,8,1
19346,121,4054,video_call,29,1,2,0
19347,3943,3004,video_call,11,4,8,1
19348,455,2512,video_call,23,2,4,0
19349,7189,3442,chat,17,1,2,0
19350,7095,2434,chat,42,5,10,1
19351,8462,3074,video_call,38,2,4,0
19352,2350,311,video_call,13,5,10,1
19353,7865,3053,video_call,31,4,8,1
19354,4124,155,chat,14,3,6,0
19355,429,2719,video_call,39,5,10,1
19356,6044,1934,video_call,36,1,2,0
19357,510,2694,chat,22,5,10,1
19358,4348,2711,video_call,32,4,8,1
19359,873,2234,video_call,32,4,8,1
19360,9144,3668,video_call,51,3,6,0
19361,5432,4537,chat,43,2,4,0
19362,3829,3582,video_call,35,2,4,0
19363,7883,2492,chat,43,2,4,0
19364,5264,1476,chat,21,4,8,1
19365,6197,514,video_call,11,2,4,0
19366,2013,3372,video_call,38,3,6,0
19367,4984,3636,chat,44,5,10,1
19368,998,4103,video_call,56,5,10,1
19369,7091,1276,chat,18,4,8,1
19370,1616,2269,video_call,51,3,6,0
19371,6297,3654,video_call,57,2,4,0
19372,7114,1083,chat,13,5,10,1
19373,4515,2372,video_call,58,5,10,1
19374,5065,3940,chat,31,3,6,0
19375,1269,1741,video_call,56,3,6,0
19376,966,4258,video_call,14,5,10,1
19377,1836,2368,chat,21,5,10,1
19378,8305,4198,video_call,53,3,6,0
19379,9927,2925,video_call,56,2,4,0
19380,1667,1102,chat,39,3,6,0
19381,1584,3618,video_call,25,5,10,1
19382,6023,3915,chat,43,3,6,0
19383,4526,2630,video_call,26,5,10,1
19384,5930,2210,chat,8,4,8,1
19385,6963,3166,video_call,17,5,10,1
19386,150,2202,chat,32,5,10,1
19387,4024,128,chat,20,3,6,0
19388,6641,3877,video_call,43,4,8,1
19389,7707,4537,video_call,13,4,8,1
19390,8516,4128,chat,10,4,8,1
19391,5903,3127,chat,5,2,4,0
19392,1330,1860,chat,22,4,8,1
19393,1700,2887,chat,14,5,10,1
19394,3504,209,chat,14,4,8,1
19395,3295,4988,chat,42,5,10,1
19396,7509,4365,video_call,48,1,2,0
19397,7648,1562,video_call,15,4,8,1
19398,4311,147,video_call,15,5,10,1
19399,793,3472,chat,33,2,4,0
19400,1715,154,video_call,44,2,4,0
19401,6711,3342,chat,23,5,10,1
19402,4339,1477,chat,40,4,8,1
19403,7703,4379,video_call,45,5,10,1
19404,4050,2517,chat,39,4,8,1
19405,5121,2595,video_call,51,2,4,0
19406,5647,3349,video_call,29,3,6,0
19407,7838,4860,chat,7,5,10,1
19408,787,2152,chat,37,2,4,0
19409,988,1955,video_call,38,2,4,0
19410,8952,4693,chat,22,5,10,1
19411,946,237,chat,43,2,4,0
19412,2554,4231,video_call,47,4,8,1
19413,8667,2017,video_call,16,2,4,0
19414,7017,3313,chat,40,4,8,1
19415,3396,1628,chat,44,5,10,1
19416,7135,3220,chat,36,1,2,0
19417,9873,1394,chat,39,5,10,1
19418,9545,722,video_call,48,5,10,1
19419,36,725,chat,29,1,2,0
19420,9661,3208,video_call,22,4,8,1
19421,4061,3738,chat,24,4,8,1
19422,502,4580,chat,37,2,4,0
19423,6949,495,video_call,50,4,8,1
19424,3996,2345,video_call,28,1,2,0
19425,4338,3519,video_call,15,1,2,0
19426,2892,3849,chat,34,4,8,1
19427,868,936,chat,45,3,6,0
19428,5377,4567,video_call,54,5,10,1
19429,6310,3518,video_call,46,5,10,1
19430,9659,3531,chat,7,1,2,0
19431,2567,4773,chat,37,5,10,1
19432,5040,264,video_call,37,4,8,1
19433,3293,822,video_call,47,2,4,0
19434,3727,2369,chat,38,5,10,1
19435,3055,3680,chat,6,3,6,0
19436,6357,4151,chat,29,5,10,1
19437,798,1693,chat,33,1,2,0
19438,1518,3548,chat,14,4,8,1
19439,8101,3356,video_call,18,1,2,0
19440,8146,2296,chat,7,1,2,0
19441,3277,1605,video_call,46,4,8,1
19442,4008,3954,chat,29,5,10,1
19443,3048,4036,video_call,24,5,10,1
19444,9875,3894,chat,31,1,2,0
19445,785,379,chat,41,5,10,1
19446,2338,2182,chat,9,1,2,0
19447,8489,1019,chat,43,2,4,0
19448,4331,3138,chat,11,3,6,0
19449,6958,2838,video_call,37,2,4,0
19450,7786,2798,chat,43,5,10,1
19451,3811,1000,chat,26,4,8,1
19452,3463,3272,video_call,24,5,10,1
19453,5338,4771,video_call,50,4,8,1
19454,5537,3867,video_call,26,5,10,1
19455,5289,2842,video_call,49,2,4,0
19456,518,205,video_call,51,5,10,1
19457,4522,1574,chat,16,4,8,1
19458,9935,1608,chat,11,5,10,1
19459,5143,1256,chat,44,2,4,0
19460,3253,4674,video_call,10,3,6,0
19461,4651,3334,video_call,40,5,10,1
19462,6969,3186,chat,20,1,2,0
19463,3263,4590,video_call,38,3,6,0
19464,306,936,video_call,34,5,10,1
19465,246,1590,chat,33,4,8,1
19466,1920,4123,video_call,19,5,10,1
19467,2992,4929,video_call,45,2,4,0
19468,5477,3154,chat,41,4,8,1
19469,1763,3643,video_call,55,5,10,1
19470,7000,6,chat,16,2,4,0
19471,2523,1103,video_call,11,5,10,1
19472,7792,2701,video_call,14,4,8,1
19473,684,260,chat,45,5,10,1
19474,6569,1879,video_call,39,2,4,0
19475,8975,512,chat,32,4,8,1
19476,6670,3498,video_call,19,3,6,0
19477,5801,3624,chat,44,3,6,0
19478,6410,3584,chat,33,2,4,0
19479,989,3230,video_call,32,4,8,1
19480,7047,2105,chat,39,5,10,1
19481,9426,3324,chat,43,1,2,0
19482,5164,512,video_call,46,5,10,1
19483,2335,155,video_call,17,5,10,1
19484,2361,3106,video_call,53,1,2,0
19485,7476,4033,video_call,48,3,6,0
19486,6369,717,chat,37,2,4,0
19487,2984,4188,chat,32,2,4,0
19488,8310,563,video_call,37,2,4,0
19489,5987,2363,chat,27,1,2,0
19490,7964,2747,chat,33,2,4,0
19491,5582,2786,video_call,22,5,10,1
19492,1347,896,video_call,28,5,10,1
19493,3127,3907,video_call,51,1,2,0
19494,2992,2962,chat,11,5,10,1
19495,4362,2429,video_call,60,5,10,1
19496,8050,146,chat,35,4,8,1
19497,5820,3333,video_call,60,4,8,1
19498,5360,4649,chat,23,1,2,0
19499,2987,950,chat,11,2,4,0
19500,5842,18,chat,22,4,8,1
19501,2110,2671,chat,17,5,10,1
19502,4811,2423,chat,39,4,8,1
19503,4458,77,chat,9,4,8,1
19504,2993,2041,video_call,50,2,4,0
19505,7050,678,video_call,38,4,8,1
19506,8552,1758,video_call,52,3,6,0
19507,316,3949,chat,39,2,4,0
19508,1919,382,video_call,21,1,2,0
19509,3043,313,chat,32,5,10,1
19510,2065,870,video_call,47,5,10,1
19511,7284,4857,video_call,12,4,8,1
19512,8460,4344,video_call,16,4,8,1
19513,7472,2413,video_call,41,3,6,0
19514,3631,807,chat,5,5,10,1
19515,8187,909,video_call,31,5,10,1
19516,6479,2499,chat,42,4,8,1
19517,4965,1129,video_call,52,3,6,0
19518,8440,2068,video_call,47,5,10,1
19519,2961,1090,video_call,24,2,4,0
19520,6205,2098,video_call,16,5,10,1
19521,5106,2678,video_call,33,5,10,1
19522,9187,402,video_call,13,1,2,0
19523,6282,2225,chat,22,1,2,0
19524,3802,4149,chat,8,4,8,1
19525,8404,536,chat,42,5,10,1
19526,4985,2113,chat,35,4,8,1
19527,5987,3817,chat,17,3,6,0
19528,1463,2324,chat,11,4,8,1
19529,3374,1305,video_call,17,1,2,0
19530,5087,2148,chat,6,5,10,1
19531,9841,2775,chat,36,5,10,1
19532,8820,885,chat,38,3,6,0
19533,7924,490,chat,41,5,10,1
19534,8938,1054,chat,17,3,6,0
19535,4693,2863,chat,19,3,6,0
19536,9576,1280,video_call,18,4,8,1
19537,9255,673,chat,22,5,10,1
19538,2806,3422,chat,13,3,6,0
19539,9017,2165,chat,17,4,8,1
19540,8841,4042,video_call,31,1,2,0
19541,3926,1354,chat,29,2,4,0
19542,1796,4736,video_call,45,5,10,1
19543,390,4261,chat,34,2,4,0
19544,9101,1504,video_call,32,5,10,1
19545,6008,449,video_call,50,4,8,1
19546,5167,359,video_call,35,2,4,0
19547,7534,2313,video_call,37,5,10,1
19548,1182,3618,video_call,50,5,10,1
19549,6107,4523,chat,29,4,8,1
19550,8020,3442,chat,7,2,4,0
19551,4171,1803,video_call,14,5,10,1
19552,8144,4668,video_call,28,5,10,1
19553,1554,3838,video_call,15,3,6,0
19554,4131,3596,video_call,13,5,10,1
19555,3452,744,video_call,42,5,10,1
19556,2454,817,video_call,58,5,10,1
19557,8669,4376,chat,8,5,10,1
19558,1901,1081,video_call,20,1,2,0
19559,5442,3982,video_call,36,5,10,1
19560,33,2233,video_call,53,5,10,1
19561,4,4298,video_call,22,3,6,0
19562,4294,2431,video_call,32,2,4,0
19563,1439,3833,video_call,23,1,2,0
19564,1836,1251,video_call,43,4,8,1
19565,4468,2931,chat,19,2,4,0
19566,4993,1279,video_call,19,5,10,1
19567,705,3432,video_call,35,4,8,1
19568,9972,1496,video_call,41,3,6,0
19569,1239,1169,video_call,24,2,4,0
19570,5478,4748,chat,35,5,10,1
19571,3046,3081,video_call,40,1,2,0
19572,6915,2328,video_call,37,3,6,0
19573,4519,4359,chat,18,5,10,1
19574,8372,1890,chat,22,5,10,1
19575,1319,1241,chat,23,4,8,1
19576,6562,3738,chat,6,1,2,0
19577,3393,5,video_call,26,5,10,1
19578,8205,4086,video_call,43,1,2,0
19579,8775,1563,chat,38,2,4,0
19580,9912,640,video_call,27,5,10,1
19581,1119,3596,chat,41,4,8,1
19582,505,2725,video_call,14,3,6,0
19583,2536,4695,video_call,48,4,8,1
19584,4982,3822,chat,6,5,10,1
19585,4419,2931,video_call,60,2,4,0
19586,5992,306,chat,25,2,4,0
19587,1693,162,chat,12,4,8,1
19588,9808,4591,video_call,29,3,6,0
19589,7893,302,chat,5,3,6,0
19590,4665,3547,chat,12,3,6,0
19591,4385,1681,video_call,26,1,2,0
19592,8740,3728,chat,27,1,2,0
19593,8990,4807,video_call,33,5,10,1
19594,1061,2692,chat,6,5,10,1
19595,3725,4000,video_call,48,5,10,1
19596,5754,84,chat,32,3,6,0
19597,4953,3422,chat,24,2,4,0
19598,1432,3510,video_call,31,4,8,1
19599,9848,2912,chat,18,2,4,0
19600,7085,4634,chat,25,3,6,0
19601,1446,4684,chat,34,4,8,1
19602,5056,944,chat,12,3,6,0
19603,4274,3698,chat,31,2,4,0
19604,6022,2740,chat,19,1,2,0
19605,8244,3022,video_call,45,2,4,0
19606,6119,4139,video_call,47,2,4,0
19607,171,2577,chat,12,4,8,1
19608,2774,623,video_call,57,2,4,0
19609,7387,4099,video_call,39,3,6,0
19610,7481,4641,video_call,46,2,4,0
19611,5209,4115,video_call,15,2,4,0
19612,4210,4326,video_call,35,4,8,1
19613,1901,4529,video_call,47,5,10,1
19614,1177,1221,chat,31,5,10,1
19615,2176,2087,video_call,52,1,2,0
19616,2694,3652,chat,23,2,4,0
19617,5269,4308,chat,41,1,2,0
19618,3895,2319,video_call,32,5,10,1
19619,8377,4095,video_call,11,4,8,1
19620,9842,4302,video_call,18,1,2,0
19621,3626,778,chat,39,5,10,1
19622,6199,1718,video_call,11,5,10,1
19623,641,4456,video_call,45,5,10,1
19624,6738,1375,chat,5,2,4,0
19625,117,723,video_call,32,3,6,0
19626,1091,3329,chat,34,5,10,1
19627,2941,2501,video_call,41,1,2,0
19628,2709,2265,video_call,56,3,6,0
19629,2105,2990,video_call,55,5,10,1
19630,3935,3821,chat,20,1,2,0
19631,6692,3902,video_call,18,1,2,0
19632,2876,2760,video_call,21,4,8,1
19633,8805,2339,video_call,52,4,8,1
19634,648,3276,video_call,24,4,8,1
19635,6996,3807,chat,45,3,6,0
19636,5080,2893,video_call,51,1,2,0
19637,758,1259,chat,24,2,4,0
19638,5737,4081,video_call,18,3,6,0
19639,4049,209,chat,17,5,10,1
19640,1291,103,video_call,30,5,10,1
19641,1791,4939,chat,14,5,10,1
19642,6682,2080,chat,40,2,4,0
19643,7800,877,video_call,14,3,6,0
19644,7176,4666,chat,15,5,10,1
19645,6472,4546,video_call,22,4,8,1
19646,7866,3324,chat,42,2,4,0
19647,3938,1162,chat,34,4,8,1
19648,2981,2381,chat,25,5,10,1
19649,5756,1782,chat,16,5,10,1
19650,6063,4445,chat,22,1,2,0
19651,3262,498,video_call,35,5,10,1
19652,8890,2490,chat,40,4,8,1
19653,3687,1821,chat,33,3,6,0
19654,6632,1584,chat,44,2,4,0
19655,8881,2755,video_call,48,5,10,1
19656,9748,1111,chat,28,3,6,0
19657,4440,2894,video_call,42,1,2,0
19658,9366,995,chat,22,2,4,0
19659,2506,4920,video_call,11,4,8,1
19660,500,2926,chat,27,2,4,0
19661,9255,1854,chat,13,5,10,1
19662,5649,1578,video_call,41,2,4,0
19663,5107,2889,video_call,46,5,10,1
19664,5248,2142,video_call,28,5,10,1
19665,7679,1137,chat,43,2,4,0
19666,1445,1024,chat,30,4,8,1
19667,9471,3094,video_call,54,2,4,0
19668,4702,418,chat,21,5,10,1
19669,4782,972,video_call,27,4,8,1
19670,5570,2218,video_call,20,3,6,0
19671,6682,2784,video_call,58,4,8,1
19672,483,2181,chat,31,5,10,1
19673,7037,150,video_call,22,4,8,1
19674,4100,1271,video_call,59,3,6,0
19675,6294,3367,chat,14,5,10,1
19676,6435,4702,video_call,49,4,8,1
19677,2785,2155,chat,7,5,10,1
19678,7993,142,video_call,59,5,10,1
19679,7283,4987,video_call,54,5,10,1
19680,706,4868,video_call,39,4,8,1
19681,5730,3460,chat,7,1,2,0
19682,9395,2813,chat,11,2,4,0
19683,4088,2802,chat,43,1,2,0
19684,8633,4194,chat,37,5,10,1
19685,545,2372,video_call,39,4,8,1
19686,6634,4063,video_call,33,1,2,0
19687,7834,4666,video_call,14,1,2,0
19688,4721,4408,video_call,56,3,6,0
19689,1968,3754,video_call,25,5,10,1
19690,5239,3275,video_call,15,2,4,0
19691,6303,2122,chat,28,4,8,1
19692,6392,1772,video_call,25,5,10,1
19693,3959,1335,video_call,11,5,10,1
19694,8068,3021,chat,21,5,10,1
19695,2061,1384,video_call,11,5,10,1
19696,6432,4843,chat,25,2,4,0
19697,8125,101,chat,24,5,10,1
19698,9973,449,chat,22,1,2,0
19699,1550,597,video_call,46,5,10,1
19700,1252,3192,chat,15,4,8,1
19701,6535,2812,video_call,28,3,6,0
19702,6640,2108,video_call,45,2,4,0
19703,8897,623,video_call,30,4,8,1
19704,999,4597,video_call,56,5,10,1
19705,7881,4934,video_call,38,2,4,0
19706,6883,585,chat,44,4,8,1
19707,1972,849,video_call,26,2,4,0
19708,9530,2523,chat,30,5,10,1
19709,6508,4309,video_call,24,5,10,1
19710,9270,3565,chat,40,5,10,1
19711,682,266,video_call,50,4,8,1
19712,4330,928,video_call,57,5,10,1
19713,181,4016,video_call,50,4,8,1
19714,2963,2200,chat,20,1,2,0
19715,8056,3991,chat,23,2,4,0
19716,5739,2492,video_call,18,2,4,0
19717,2135,1733,video_call,44,4,8,1
19718,539,2577,chat,32,1,2,0
19719,9395,278,video_call,30,5,10,1
19720,5916,3515,video_call,30,3,6,0
19721,4303,4083,video_call,45,5,10,1
19722,7150,392,video_call,21,5,10,1
19723,9353,55,chat,22,5,10,1
19724,8822,4456,chat,34,2,4,0
19725,4383,4138,chat,27,4,8,1
19726,731,3165,chat,27,5,10,1
19727,892,1464,chat,10,2,4,0
19728,2498,1774,chat,43,2,4,0
19729,1872,2280,chat,21,5,10,1
19730,407,2682,video_call,41,2,4,0
19731,7812,2631,chat,40,5,10,1
19732,6208,2131,chat,32,4,8,1
19733,1398,4781,video_call,26,5,10,1
19734,2565,2417,video_call,37,4,8,1
19735,6173,4088,chat,9,4,8,1
19736,4466,1055,chat,36,3,6,0
19737,5961,4602,video_call,43,2,4,0
19738,9996,2573,chat,17,3,6,0
19739,4549,2692,chat,16,5,10,1
19740,7517,1555,video_call,55,3,6,0
19741,3011,1795,chat,27,4,8,1
19742,4439,1054,chat,31,5,10,1
19743,3238,2893,video_call,35,5,10,1
19744,9605,3481,video_call,49,2,4,0
19745,9220,4428,video_call,55,3,6,0
19746,8837,201,chat,17,4,8,1
19747,1324,2503,chat,44,4,8,1
19748,5684,501,chat,44,4,8,1
19749,3011,3176,video_call,32,5,10,1
19750,2209,1947,chat,21,5,10,1
19751,4937,4302,video_call,39,1,2,0
19752,4480,1886,chat,13,4,8,1
19753,7140,831,video_call,53,1,2,0
19754,563,2324,video_call,32,4,8,1
19755,4195,2705,video_call,57,3,6,0
19756,9314,896,video_call,59,5,10,1
19757,2442,4360,video_call,44,5,10,1
19758,689,2214,video_call,51,5,10,1
19759,7847,2966,video_call,37,4,8,1
19760,9467,1492,chat,45,5,10,1
19761,8255,2634,chat,15,1,2,0
19762,2200,2743,chat,36,5,10,1
19763,2903,1750,chat,8,5,10,1
19764,3353,912,video_call,48,4,8,1
19765,9495,2538,chat,31,4,8,1
19766,207,1701,chat,17,3,6,0
19767,2998,3646,chat,12,1,2,0
19768,6420,4200,video_call,14,3,6,0
19769,8388,2650,chat,19,1,2,0
19770,5207,2051,video_call,55,4,8,1
19771,5077,2967,video_call,19,1,2,0
19772,3242,2986,chat,44,1,2,0
19773,4396,3651,video_call,56,5,10,1
19774,1462,2280,video_call,58,4,8,1
19775,4191,3862,video_call,55,5,10,1
19776,8023,2319,video_call,24,3,6,0
19777,1909,2770,video_call,22,2,4,0
19778,7437,1203,video_call,40,2,4,0
19779,3027,4538,chat,32,2,4,0
19780,925,459,chat,9,5,10,1
19781,1338,4693,video_call,46,2,4,0
19782,7848,864,video_call,57,3,6,0
19783,5958,3457,video_call,44,3,6,0
19784,1463,4156,video_call,12,4,8,1
19785,7540,1772,chat,31,5,10,1
19786,4262,4082,video_call,19,5,10,1
19787,5853,4912,chat,29,2,4,0
19788,541,162,chat,7,5,10,1
19789,7517,4593,video_call,13,2,4,0
19790,683,1169,chat,22,2,4,0
19791,8498,1933,video_call,53,5,10,1
19792,712,2662,chat,41,5,10,1
19793,6940,3396,video_call,17,1,2,0
19794,7021,4006,chat,14,3,6,0
19795,9211,3147,video_call,10,4,8,1
19796,8929,2131,video_call,43,3,6,0
19797,2064,2891,video_call,19,1,2,0
19798,3235,1178,video_call,38,2,4,0
19799,3786,1321,chat,33,4,8,1
19800,2182,1062,chat,37,4,8,1
19801,6432,2114,video_call,51,5,10,1
19802,7610,1618,chat,12,5,10,1
19803,196,4807,chat,8,5,10,1
19804,7984,3037,video_call,36,4,8,1
19805,8603,4040,video_call,49,1,2,0
19806,4961,3660,chat,41,5,10,1
19807,8341,3083,video_call,49,3,6,0
19808,9242,92,chat,19,1,2,0
19809,6068,3370,chat,37,1,2,0
19810,273,2513,video_call,52,5,10,1
19811,9488,4081,video_call,26,1,2,0
19812,7382,2156,chat,20,4,8,1
19813,8964,1725,chat,9,5,10,1
19814,3266,4661,video_call,20,2,4,0
19815,6037,2813,chat,13,1,2,0
19816,8236,680,video_call,21,4,8,1
19817,2881,4484,video_call,43,1,2,0
19818,4986,2694,chat,19,5,10,1
19819,6192,2560,video_call,31,5,10,1
19820,5304,2494,chat,43,4,8,1
19821,3892,3093,chat,29,3,6,0
19822,6798,3995,chat,31,2,4,0
19823,7762,2713,chat,35,2,4,0
19824,8805,3781,video_call,48,5,10,1
19825,5549,581,video_call,51,5,10,1
19826,13,343,chat,15,5,10,1
19827,5588,4761,chat,30,5,10,1
19828,7349,1618,chat,15,5,10,1
19829,8918,2364,video_call,39,5,10,1
19830,3521,764,chat,11,2,4,0
19831,198,3890,video_call,50,4,8,1
19832,23,814,chat,9,3,6,0
19833,1450,1952,video_call,48,1,2,0
19834,647,2046,video_call,38,3,6,0
19835,2120,2646,video_call,52,4,8,1
19836,9638,1071,video_call,10,1,2,0
19837,1444,4188,chat,30,1,2,0
19838,7970,415,video_call,25,1,2,0
19839,1581,3478,video_call,44,5,10,1
19840,8847,2279,video_call,41,2,4,0
19841,7086,3027,video_call,10,2,4,0
19842,7493,261,chat,45,5,10,1
19843,7098,1798,chat,12,4,8,1
19844,3050,2984,chat,30,4,8,1
19845,4296,2215,video_call,49,5,10,1
19846,7360,1518,video_call,21,5,10,1
19847,8868,2522,video_call,16,1,2,0
19848,118,487,chat,23,4,8,1
19849,9691,101,chat,25,5,10,1
19850,9461,3745,video_call,26,4,8,1
19851,7358,1850,chat,34,3,6,0
19852,3353,760,video_call,17,1,2,0
19853,1504,3987,chat,8,5,10,1
19854,293,2112,video_call,31,2,4,0
19855,3888,4575,chat,20,4,8,1
19856,7695,1418,video_call,10,3,6,0
19857,129,4103,video_call,31,4,8,1
19858,1065,1923,chat,11,1,2,0
19859,8886,85,video_call,39,3,6,0
19860,6492,4906,video_call,29,4,8,1
19861,975,2463,chat,27,2,4,0
19862,8170,1775,video_call,54,1,2,0
19863,3421,61,video_call,53,1,2,0
19864,1862,2728,chat,11,4,8,1
19865,2871,1990,chat,25,2,4,0
19866,8840,860,video_call,45,4,8,1
19867,498,3674,video_call,27,2,4,0
19868,890,1188,video_call,59,4,8,1
19869,2360,396,chat,33,1,2,0
19870,4024,3018,chat,24,4,8,1
19871,123,3073,video_call,14,5,10,1
19872,6477,3592,chat,25,5,10,1
19873,8378,4854,video_call,45,2,4,0
19874,170,1357,video_call,20,1,2,0
19875,981,2690,chat,18,4,8,1
19876,1786,3420,chat,35,1,2,0
19877,8286,4925,video_call,53,2,4,0
19878,2638,2162,video_call,42,5,10,1
19879,275,2067,video_call,39,2,4,0
19880,8796,270,chat,9,3,6,0
19881,8246,2132,video_call,13,4,8,1
19882,5761,2704,video_call,27,5,10,1
19883,3948,1331,chat,5,5,10,1
19884,9254,4325,chat,6,1,2,0
19885,9352,2565,video_call,50,3,6,0
19886,6373,455,chat,38,3,6,0
19887,2883,4109,video_call,18,5,10,1
19888,1425,1124,video_call,26,4,8,1
19889,1398,1481,video_call,59,2,4,0
19890,4303,653,chat,23,1,2,0
19891,2250,488,video_call,53,5,10,1
19892,2925,2334,video_call,39,5,10,1
19893,3382,4172,chat,7,3,6,0
19894,7999,1661,chat,5,2,4,0
19895,9261,2122,chat,12,5,10,1
19896,1448,2521,video_call,13,5,10,1
19897,4853,1123,chat,35,5,10,1
19898,8140,2931,video_call,58,1,2,0
19899,7362,3477,chat,7,3,6,0
19900,7622,1300,video_call,30,2,4,0
19901,4158,3649,video_call,59,3,6,0
19902,2671,1956,video_call,42,5,10,1
19903,4598,3963,chat,8,3,6,0
19904,2168,1530,chat,14,5,10,1
19905,8500,4351,video_call,23,4,8,1
19906,9442,905,video_call,40,5,10,1
19907,4095,1717,chat,27,3,6,0
19908,9472,4988,chat,31,5,10,1
19909,8286,828,chat,37,1,2,0
19910,2256,3017,chat,7,3,6,0
19911,6985,3199,video_call,18,4,8,1
19912,981,4414,chat,42,4,8,1
19913,9913,1370,video_call,40,4,8,1
19914,2535,2685,video_call,37,1,2,0
19915,2650,206,video_call,15,4,8,1
19916,9236,4560,video_call,13,5,10,1
19917,2479,4416,chat,34,3,6,0
19918,9599,2874,video_call,38,5,10,1
19919,6399,3692,chat,16,5,10,1
19920,9794,3718,video_call,57,5,10,1
19921,8375,3885,video_call,50,4,8,1
19922,7737,4579,chat,29,3,6,0
19923,5714,1474,chat,28,1,2,0
19924,1393,4933,video_call,45,1,2,0
19925,2253,3701,video_call,43,5,10,1
19926,7127,4800,chat,18,2,4,0
19927,3774,4148,video_call,25,5,10,1
19928,5175,2558,video_call,17,4,8,1
19929,9769,4111,chat,12,5,10,1
19930,624,4809,chat,36,4,8,1
19931,3350,104,video_call,20,4,8,1
19932,8843,2850,chat,5,3,6,0
19933,8193,2947,chat,44,3,6,0
19934,1342,2515,chat,9,5,10,1
19935,5833,4506,chat,31,5,10,1
19936,5380,587,video_call,35,5,10,1
19937,6622,837,chat,27,5,10,1
19938,367,4566,video_call,20,4,8,1
19939,2471,1081,video_call,43,4,8,1
19940,4959,2570,video_call,36,4,8,1
19941,4018,315,video_call,37,2,4,0
19942,5683,532,video_call,45,5,10,1
19943,2803,3820,chat,32,5,10,1
19944,7914,4391,chat,38,4,8,1
19945,4124,4700,video_call,24,5,10,1
19946,3193,1307,chat,5,1,2,0
19947,1568,4712,chat,37,5,10,1
19948,2538,1345,video_call,23,5,10,1
19949,6507,3471,video_call,52,4,8,1
19950,959,223,video_call,37,4,8,1
19951,4724,281,video_call,58,5,10,1
19952,290,768,video_call,40,5,10,1
19953,8476,1995,video_call,58,5,10,1
19954,1114,437,chat,28,5,10,1
19955,7032,3229,chat,9,4,8,1
19956,1613,2635,chat,29,5,10,1
19957,6795,4594,chat,21,2,4,0
19958,165,4526,chat,20,1,2,0
19959,1976,2483,video_call,23,4,8,1
19960,5618,4776,video_call,45,2,4,0
19961,4602,3009,video_call,13,1,2,0
19962,588,3618,video_call,27,4,8,1
19963,3923,3277,video_call,47,3,6,0
19964,8643,1734,video_call,25,5,10,1
19965,3383,954,video_call,28,1,2,0
19966,4571,4643,chat,5,1,2,0
19967,4337,2969,video_call,51,3,6,0
19968,5639,4054,video_call,51,4,8,1
19969,5798,1922,chat,45,4,8,1
19970,5621,3110,video_call,24,2,4,0
19971,5496,4822,video_call,37,1,2,0
19972,7767,2739,chat,25,2,4,0
19973,3425,2325,video_call,29,5,10,1
19974,3657,494,video_call,30,5,10,1
19975,2130,4743,chat,37,2,4,0
19976,7850,3339,video_call,56,4,8,1
19977,9270,970,video_call,44,1,2,0
19978,5444,4322,video_call,29,4,8,1
19979,5827,2881,video_call,22,5,10,1
19980,3103,976,video_call,28,5,10,1
19981,3484,4587,video_call,30,2,4,0
19982,2915,720,video_call,48,5,10,1
19983,9788,2449,chat,23,5,10,1
19984,1776,996,video_call,36,2,4,0
19985,7696,3141,video_call,51,1,2,0
19986,5877,859,video_call,32,4,8,1
19987,1647,3213,chat,40,5,10,1
19988,7805,4602,video_call,49,2,4,0
19989,6954,28,video_call,31,4,8,1
19990,9819,1973,video_call,53,4,8,1
19991,4768,451,chat,28,4,8,1
19992,4120,1019,video_call,18,5,10,1
19993,3993,3796,video_call,29,4,8,1
19994,4374,3818,video_call,10,2,4,0
19995,3242,882,chat,15,5,10,1
19996,1663,1130,video_call,37,2,4,0
19997,9979,648,video_call,43,2,4,0
19998,8089,3876,chat,9,5,10,1
19999,7216,2608,video_call,35,5,10,1
20000,2949,3634,video_call,43,4,8,1
