interaction_id,user_id,mentor_id,interaction_type,session_duration_minutes,rating_given_by_user,helpfulness_score,match_success
1,642,498,video_call,6,5,10,1
2,1673,53,chat,56,1,2,0
3,275,700,chat,20,4,8,1
4,1167,612,chat,16,1,2,0
5,846,138,chat,24,2,4,0
6,1797,93,video_call,17,5,10,1
7,1538,14,chat,10,4,8,1
8,327,628,chat,52,1,2,0
9,802,53,video_call,22,5,10,1
10,892,776,video_call,41,5,10,1
11,1554,627,chat,41,2,4,0
12,124,486,chat,50,2,4,0
13,1168,400,chat,29,1,2,0
14,37,582,chat,26,3,6,0
15,757,389,video_call,46,1,2,0
16,1928,463,video_call,34,5,10,1
17,731,654,chat,19,4,8,1
18,880,137,chat,15,3,6,0
19,826,701,video_call,47,4,8,1
20,1307,127,video_call,43,3,6,0
21,1291,795,chat,30,4,8,1
22,1167,741,video_call,28,5,10,1
23,964,729,chat,23,3,6,0
24,621,764,video_call,26,4,8,1
25,826,630,video_call,29,5,10,1
26,1141,55,chat,39,5,10,1
27,1527,528,video_call,12,1,2,0
28,517,722,video_call,47,4,8,1
29,570,102,video_call,10,5,10,1
30,258,169,video_call,24,4,8,1
31,475,7,chat,11,3,6,0
32,477,446,video_call,38,2,4,0
33,1832,365,video_call,41,5,10,1
34,1451,550,chat,37,4,8,1
35,1807,18,chat,41,1,2,0
36,1382,163,chat,11,2,4,0
37,936,578,video_call,57,1,2,0
38,235,15,chat,31,3,6,0
39,1517,581,video_call,36,5,10,1
40,1407,355,chat,10,2,4,0
41,1089,356,chat,37,3,6,0
42,1950,637,chat,53,4,8,1
43,241,115,chat,15,5,10,1
44,759,499,video_call,55,1,2,0
45,157,167,video_call,35,3,6,0
46,1051,635,video_call,20,2,4,0
47,1099,82,video_call,20,5,10,1
48,1757,300,video_call,31,5,10,1
49,865,392,chat,11,2,4,0
50,1361,465,chat,26,5,10,1
51,711,189,video_call,39,5,10,1
52,1398,76,chat,41,1,2,0
53,1975,270,video_call,52,3,6,0
54,1484,513,chat,27,4,8,1
55,83,602,chat,48,2,4,0
56,908,485,chat,42,5,10,1
57,772,508,video_call,17,5,10,1
58,950,778,chat,55,3,6,0
59,1873,177,video_call,45,4,8,1
60,318,679,video_call,15,1,2,0
61,646,730,chat,52,3,6,0
62,360,728,chat,44,2,4,0
63,1010,617,chat,44,2,4,0
64,780,316,video_call,39,4,8,1
65,261,620,video_call,9,1,2,0
66,688,42,chat,41,3,6,0
67,1008,112,video_call,16,3,6,0
68,331,506,video_call,10,2,4,0
69,1517,660,chat,26,2,4,0
70,368,345,chat,10,5,10,1
71,1089,182,video_call,50,3,6,0
72,671,154,video_call,50,3,6,0
73,1331,496,video_call,8,3,6,0
74,672,527,chat,26,2,4,0
75,1077,663,chat,55,4,8,1
76,316,437,chat,24,3,6,0
77,599,304,video_call,40,1,2,0
78,1037,785,chat,9,1,2,0
79,1886,501,video_call,28,2,4,0
80,1675,504,chat,27,4,8,1
81,200,555,chat,25,3,6,0
82,649,452,video_call,36,1,2,0
83,1872,520,chat,59,3,6,0
84,313,747,chat,47,1,2,0
85,1524,665,video_call,38,3,6,0
86,1940,75,video_call,9,1,2,0
87,1370,157,video_call,48,3,6,0
88,1497,251,chat,10,3,6,0
89,1340,655,chat,23,3,6,0
90,1447,519,chat,35,2,4,0
91,1013,536,video_call,32,2,4,0
92,1120,597,chat,13,4,8,1
93,1148,331,video_call,29,2,4,0
94,1601,449,video_call,56,3,6,0
95,344,524,chat,16,5,10,1
96,1565,22,chat,17,1,2,0
97,1154,211,chat,39,4,8,1
98,790,645,chat,30,3,6,0
99,1644,681,video_call,15,2,4,0
100,196,409,chat,53,5,10,1
101,1154,121,chat,39,2,4,0
102,1887,293,chat,5,1,2,0
103,54,255,video_call,46,1,2,0
104,942,775,chat,16,5,10,1
105,1306,467,chat,33,4,8,1
106,1191,400,video_call,27,4,8,1
107,786,677,video_call,50,3,6,0
108,218,233,chat,42,3,6,0
109,815,222,video_call,37,5,10,1
110,1171,259,chat,55,3,6,0
111,1067,665,video_call,23,2,4,0
112,1312,545,video_call,39,2,4,0
113,1695,182,video_call,9,1,2,0
114,1977,484,video_call,52,1,2,0
115,1618,789,chat,13,4,8,1
116,1096,123,chat,59,2,4,0
117,394,640,video_call,18,3,6,0
118,560,338,chat,44,1,2,0
119,1902,157,chat,36,1,2,0
120,1201,703,chat,50,4,8,1
121,631,780,chat,56,1,2,0
122,1937,664,chat,5,5,10,1
123,1345,353,video_call,42,4,8,1
124,1798,689,chat,32,4,8,1
125,1732,155,video_call,43,3,6,0
126,1269,391,chat,52,2,4,0
127,90,429,video_call,22,5,10,1
128,907,219,video_call,16,1,2,0
129,541,96,chat,53,1,2,0
130,1964,365,video_call,37,5,10,1
131,964,337,video_call,9,4,8,1
132,1285,517,video_call,20,5,10,1
133,1605,442,video_call,29,1,2,0
134,851,294,chat,59,3,6,0
135,1483,76,video_call,54,3,6,0
136,1938,54,video_call,8,5,10,1
137,960,48,video_call,40,4,8,1
138,1543,109,chat,33,1,2,0
139,1906,135,chat,18,1,2,0
140,704,490,chat,45,3,6,0
141,475,672,video_call,45,4,8,1
142,997,655,video_call,11,5,10,1
143,1892,414,video_call,38,5,10,1
144,318,687,chat,49,2,4,0
145,1236,316,chat,59,3,6,0
146,1433,562,chat,42,5,10,1
147,106,128,chat,42,4,8,1
148,1566,378,video_call,39,3,6,0
149,501,662,chat,18,2,4,0
150,419,427,chat,12,1,2,0
151,1220,332,video_call,27,1,2,0
152,827,59,chat,25,5,10,1
153,492,64,video_call,38,1,2,0
154,715,227,chat,49,3,6,0
155,1463,65,video_call,37,3,6,0
156,863,640,video_call,52,2,4,0
157,126,508,chat,51,5,10,1
158,1289,151,video_call,56,2,4,0
159,88,30,video_call,16,3,6,0
160,404,241,video_call,47,5,10,1
161,820,483,chat,16,2,4,0
162,1417,219,chat,41,5,10,1
163,1551,472,video_call,21,3,6,0
164,863,688,video_call,16,1,2,0
165,1616,390,video_call,54,1,2,0
166,1881,115,video_call,23,5,10,1
167,38,317,video_call,23,3,6,0
168,414,227,video_call,22,4,8,1
169,745,529,video_call,39,3,6,0
170,159,203,chat,58,2,4,0
171,1549,68,chat,14,1,2,0
172,1694,121,chat,54,4,8,1
173,500,26,video_call,48,3,6,0
174,118,232,chat,45,1,2,0
175,1877,595,chat,49,5,10,1
176,1765,113,chat,8,3,6,0
177,779,404,chat,28,4,8,1
178,1093,29,video_call,26,2,4,0
179,858,165,chat,43,4,8,1
180,1999,77,chat,46,4,8,1
181,876,489,chat,48,5,10,1
182,1620,412,chat,9,3,6,0
183,390,473,video_call,20,2,4,0
184,354,239,video_call,44,2,4,0
185,344,346,video_call,12,3,6,0
186,181,167,chat,14,4,8,1
187,1673,723,chat,9,4,8,1
188,1546,336,video_call,10,4,8,1
189,1813,86,chat,35,2,4,0
190,1382,554,chat,13,4,8,1
191,1089,188,chat,8,2,4,0
192,148,564,chat,57,3,6,0
193,716,151,chat,48,4,8,1
194,559,293,video_call,15,2,4,0
195,1657,671,video_call,23,4,8,1
196,1003,495,chat,14,3,6,0
197,1491,365,chat,12,2,4,0
198,714,690,chat,36,2,4,0
199,187,180,video_call,25,3,6,0
200,640,735,chat,40,3,6,0
201,742,258,chat,55,1,2,0
202,103,301,video_call,20,2,4,0
203,1279,449,video_call,39,2,4,0
204,1420,192,video_call,42,1,2,0
205,343,356,chat,56,1,2,0
206,940,746,video_call,15,5,10,1
207,1258,616,chat,14,4,8,1
208,539,382,chat,25,3,6,0
209,65,621,chat,35,2,4,0
210,261,388,video_call,5,3,6,0
211,563,417,video_call,55,2,4,0
212,787,574,video_call,53,2,4,0
213,1608,258,chat,38,3,6,0
214,1280,6,video_call,52,1,2,0
215,417,152,chat,49,4,8,1
216,1344,181,chat,12,5,10,1
217,110,520,chat,21,2,4,0
218,1468,130,chat,60,1,2,0
219,1184,126,chat,38,5,10,1
220,1865,738,chat,58,4,8,1
221,153,573,video_call,46,1,2,0
222,1925,650,chat,60,4,8,1
223,1652,779,video_call,49,5,10,1
224,390,683,chat,50,1,2,0
225,687,562,video_call,25,5,10,1
226,1600,120,video_call,54,5,10,1
227,1139,588,chat,57,1,2,0
228,901,573,chat,19,1,2,0
229,855,296,video_call,12,4,8,1
230,112,442,chat,17,1,2,0
231,475,469,chat,28,4,8,1
232,1276,225,chat,44,5,10,1
233,1438,795,video_call,12,4,8,1
234,132,175,chat,47,3,6,0
235,1257,569,chat,29,2,4,0
236,1506,528,chat,40,2,4,0
237,686,37,chat,20,5,10,1
238,1994,319,chat,60,2,4,0
239,983,435,video_call,13,4,8,1
240,695,308,chat,39,5,10,1
241,1282,430,video_call,53,4,8,1
242,113,519,video_call,24,4,8,1
243,717,415,video_call,57,4,8,1
244,1447,674,chat,60,1,2,0
245,972,264,video_call,49,2,4,0
246,1670,545,video_call,18,3,6,0
247,1643,117,chat,51,2,4,0
248,892,400,chat,57,5,10,1
249,458,225,video_call,27,5,10,1
250,1425,14,video_call,48,4,8,1
251,741,739,video_call,47,5,10,1
252,1383,634,video_call,31,3,6,0
253,898,578,chat,14,1,2,0
254,277,637,video_call,11,4,8,1
255,791,99,chat,14,5,10,1
256,528,696,video_call,12,3,6,0
257,928,679,video_call,28,4,8,1
258,820,343,chat,19,3,6,0
259,1328,392,video_call,46,1,2,0
260,360,416,video_call,34,5,10,1
261,1057,506,video_call,6,3,6,0
262,611,583,video_call,39,5,10,1
263,1936,317,chat,6,3,6,0
264,1024,250,video_call,10,2,4,0
265,86,338,chat,30,3,6,0
266,1752,786,video_call,40,2,4,0
267,491,273,chat,30,3,6,0
268,1534,534,chat,40,5,10,1
269,1735,141,chat,40,2,4,0
270,861,434,video_call,41,1,2,0
271,583,311,video_call,12,5,10,1
272,1142,190,video_call,47,3,6,0
273,1201,330,video_call,59,2,4,0
274,1570,710,video_call,53,4,8,1
275,394,505,chat,50,2,4,0
276,1557,558,chat,58,4,8,1
277,477,267,chat,56,1,2,0
278,1477,215,video_call,33,5,10,1
279,850,796,chat,7,3,6,0
280,1133,624,chat,16,5,10,1
281,711,248,video_call,49,3,6,0
282,1920,157,chat,26,3,6,0
283,926,682,video_call,37,5,10,1
284,1155,435,chat,15,2,4,0
285,1189,17,chat,41,1,2,0
286,101,16,video_call,12,1,2,0
287,1068,47,chat,30,2,4,0
288,764,306,chat,21,5,10,1
289,366,369,video_call,26,4,8,1
290,1728,711,chat,10,3,6,0
291,919,456,video_call,23,1,2,0
292,820,677,chat,18,4,8,1
293,1689,180,video_call,31,1,2,0
294,1538,413,video_call,20,3,6,0
295,1886,578,chat,19,3,6,0
296,1381,728,chat,35,2,4,0
297,1099,777,chat,25,4,8,1
298,1619,338,chat,60,2,4,0
299,1573,365,chat,5,4,8,1
300,117,291,video_call,25,2,4,0
301,755,294,video_call,39,2,4,0
302,756,717,video_call,30,2,4,0
303,1399,200,chat,50,3,6,0
304,242,528,chat,46,2,4,0
305,1134,594,chat,29,2,4,0
306,329,599,video_call,20,2,4,0
307,360,677,video_call,59,1,2,0
308,1364,251,chat,43,2,4,0
309,1759,392,chat,37,5,10,1
310,1620,783,chat,6,2,4,0
311,1356,777,chat,27,3,6,0
312,431,448,chat,32,4,8,1
313,244,273,chat,60,5,10,1
314,1547,597,chat,10,1,2,0
315,851,134,video_call,10,4,8,1
316,1981,654,chat,16,1,2,0
317,62,609,video_call,53,2,4,0
318,1516,56,video_call,48,1,2,0
319,1476,657,video_call,12,2,4,0
320,1358,317,video_call,14,5,10,1
321,338,582,chat,24,3,6,0
322,545,473,video_call,50,5,10,1
323,1174,799,video_call,47,5,10,1
324,1769,711,chat,40,3,6,0
325,1349,521,video_call,54,2,4,0
326,316,492,video_call,38,4,8,1
327,596,374,video_call,47,4,8,1
328,1154,61,video_call,44,5,10,1
329,135,531,video_call,35,1,2,0
330,1893,21,chat,52,4,8,1
331,787,598,video_call,25,5,10,1
332,699,546,video_call,41,5,10,1
333,30,600,video_call,18,2,4,0
334,1859,391,video_call,9,1,2,0
335,1262,107,chat,29,3,6,0
336,1651,258,video_call,43,5,10,1
337,1360,508,chat,7,4,8,1
338,387,352,chat,39,2,4,0
339,866,636,video_call,17,5,10,1
340,1221,94,chat,23,2,4,0
341,397,167,video_call,17,5,10,1
342,1355,279,video_call,18,5,10,1
343,1995,700,video_call,58,4,8,1
344,1611,218,video_call,42,2,4,0
345,1816,370,chat,55,4,8,1
346,101,1,video_call,13,3,6,0
347,291,319,video_call,32,2,4,0
348,1915,519,video_call,22,4,8,1
349,974,792,chat,20,5,10,1
350,221,515,chat,28,4,8,1
351,1401,566,chat,58,3,6,0
352,1729,119,video_call,22,1,2,0
353,959,291,chat,39,4,8,1
354,1106,272,video_call,53,2,4,0
355,14,289,video_call,38,2,4,0
356,965,360,chat,52,3,6,0
357,854,74,chat,13,2,4,0
358,1103,793,video_call,25,5,10,1
359,1962,667,chat,59,5,10,1
360,578,348,video_call,19,4,8,1
361,37,211,video_call,28,3,6,0
362,1780,698,video_call,27,3,6,0
363,897,105,chat,52,1,2,0
364,363,553,video_call,48,3,6,0
365,1730,707,video_call,28,3,6,0
366,1017,587,video_call,6,4,8,1
367,82,496,chat,12,3,6,0
368,240,557,chat,32,1,2,0
369,565,7,chat,31,4,8,1
370,1392,515,video_call,33,2,4,0
371,688,361,video_call,18,1,2,0
372,1859,190,chat,31,5,10,1
373,317,793,video_call,17,2,4,0
374,1186,150,chat,37,3,6,0
375,1497,284,chat,54,1,2,0
376,1328,477,video_call,50,4,8,1
377,1325,753,video_call,28,1,2,0
378,587,423,video_call,6,2,4,0
379,328,157,chat,38,4,8,1
380,29,797,video_call,50,1,2,0
381,269,480,chat,55,3,6,0
382,352,168,chat,7,4,8,1
383,597,678,video_call,24,4,8,1
384,1488,765,chat,13,2,4,0
385,1566,499,video_call,52,5,10,1
386,410,507,chat,35,4,8,1
387,318,653,video_call,57,3,6,0
388,26,489,chat,55,2,4,0
389,646,761,chat,18,4,8,1
390,834,657,chat,34,4,8,1
391,115,338,video_call,42,4,8,1
392,431,472,chat,5,2,4,0
393,1311,634,chat,36,5,10,1
394,959,383,chat,39,2,4,0
395,834,503,video_call,11,4,8,1
396,1519,483,video_call,54,3,6,0
397,1277,726,video_call,10,4,8,1
398,652,306,chat,40,1,2,0
399,337,782,chat,25,1,2,0
400,1486,30,video_call,15,1,2,0
401,1539,429,video_call,40,3,6,0
402,189,187,chat,25,1,2,0
403,321,40,chat,49,1,2,0
404,1369,780,chat,33,2,4,0
405,1723,538,chat,59,1,2,0
406,891,86,video_call,37,4,8,1
407,897,693,chat,17,4,8,1
408,1846,102,video_call,43,4,8,1
409,1399,204,video_call,36,4,8,1
410,877,53,video_call,30,4,8,1
411,1222,706,video_call,9,4,8,1
412,684,726,chat,44,3,6,0
413,13,587,video_call,10,5,10,1
414,500,320,video_call,54,5,10,1
415,1493,189,video_call,52,2,4,0
416,1784,111,chat,48,3,6,0
417,348,543,video_call,45,2,4,0
418,864,423,chat,48,1,2,0
419,1224,183,chat,15,5,10,1
420,1985,800,chat,56,4,8,1
421,1497,194,video_call,31,3,6,0
422,122,170,video_call,33,3,6,0
423,1794,309,video_call,15,2,4,0
424,284,454,video_call,53,4,8,1
425,736,57,chat,38,4,8,1
426,1303,479,video_call,60,5,10,1
427,1122,442,video_call,37,5,10,1
428,258,480,video_call,48,3,6,0
429,1299,772,chat,60,3,6,0
430,246,626,video_call,41,5,10,1
431,1022,249,video_call,36,3,6,0
432,1486,323,video_call,6,3,6,0
433,160,531,chat,56,1,2,0
434,1191,498,chat,35,1,2,0
435,581,482,video_call,33,3,6,0
436,4,386,chat,15,5,10,1
437,396,752,chat,52,5,10,1
438,365,412,video_call,22,5,10,1
439,493,605,chat,36,1,2,0
440,578,797,chat,59,1,2,0
441,1743,394,chat,33,1,2,0
442,715,74,video_call,32,1,2,0
443,642,279,chat,45,1,2,0
444,65,456,video_call,12,5,10,1
445,286,233,chat,12,3,6,0
446,1986,304,chat,46,2,4,0
447,10,290,chat,32,3,6,0
448,323,397,video_call,49,1,2,0
449,855,36,video_call,52,1,2,0
450,1147,18,video_call,35,4,8,1
451,372,689,chat,36,2,4,0
452,499,660,chat,51,2,4,0
453,240,643,chat,47,1,2,0
454,956,635,chat,60,4,8,1
455,1123,107,chat,8,5,10,1
456,1390,366,chat,13,2,4,0
457,796,200,video_call,59,2,4,0
458,1908,309,chat,58,3,6,0
459,912,151,chat,53,2,4,0
460,1773,26,video_call,10,5,10,1
461,1925,734,video_call,5,2,4,0
462,143,156,chat,49,5,10,1
463,1203,316,video_call,28,3,6,0
464,79,44,chat,8,1,2,0
465,1879,219,chat,14,4,8,1
466,439,71,video_call,48,4,8,1
467,177,15,video_call,28,5,10,1
468,318,500,chat,16,5,10,1
469,792,550,video_call,59,2,4,0
470,759,398,video_call,14,1,2,0
471,1734,722,video_call,31,5,10,1
472,185,184,chat,21,1,2,0
473,817,367,chat,60,4,8,1
474,79,465,video_call,29,1,2,0
475,71,591,chat,16,4,8,1
476,1947,143,chat,21,5,10,1
477,708,538,video_call,49,2,4,0
478,887,256,video_call,39,4,8,1
479,675,187,chat,49,5,10,1
480,84,232,chat,50,2,4,0
481,736,95,chat,46,1,2,0
482,1534,471,video_call,6,2,4,0
483,1064,383,video_call,45,1,2,0
484,948,164,chat,56,3,6,0
485,1374,386,video_call,32,1,2,0
486,334,423,chat,44,5,10,1
487,9,661,video_call,26,2,4,0
488,380,622,chat,11,2,4,0
489,500,170,video_call,15,3,6,0
490,330,641,chat,8,3,6,0
491,1200,227,chat,12,3,6,0
492,1249,129,chat,54,3,6,0
493,711,39,video_call,52,1,2,0
494,1871,654,video_call,31,2,4,0
495,1331,94,video_call,32,3,6,0
496,1271,573,chat,15,2,4,0
497,1855,208,video_call,12,1,2,0
498,1941,62,video_call,11,3,6,0
499,1435,209,chat,9,1,2,0
500,1544,530,video_call,46,3,6,0
501,1068,775,video_call,13,5,10,1
502,593,548,chat,54,1,2,0
503,900,496,chat,15,4,8,1
504,534,298,video_call,36,5,10,1
505,568,159,chat,26,2,4,0
506,501,143,video_call,8,2,4,0
507,1672,380,video_call,44,5,10,1
508,872,638,chat,19,5,10,1
509,93,28,chat,11,4,8,1
510,74,227,chat,15,2,4,0
511,1570,490,video_call,42,5,10,1
512,1806,263,chat,31,3,6,0
513,959,135,video_call,49,2,4,0
514,467,260,video_call,51,1,2,0
515,949,63,video_call,43,5,10,1
516,443,743,chat,23,3,6,0
517,64,303,video_call,43,4,8,1
518,1644,265,video_call,50,5,10,1
519,809,658,video_call,13,1,2,0
520,124,349,chat,7,5,10,1
521,1293,794,chat,7,4,8,1
522,926,519,video_call,37,5,10,1
523,815,391,chat,12,4,8,1
524,916,554,video_call,46,1,2,0
525,778,37,video_call,8,2,4,0
526,384,88,video_call,12,3,6,0
527,550,663,chat,58,4,8,1
528,899,537,video_call,36,1,2,0
529,1410,757,video_call,15,2,4,0
530,683,639,chat,42,1,2,0
531,429,445,video_call,9,2,4,0
532,1978,149,chat,49,1,2,0
533,767,712,video_call,30,1,2,0
534,124,524,chat,54,1,2,0
535,714,780,chat,13,5,10,1
536,1176,242,video_call,45,1,2,0
537,832,142,chat,54,3,6,0
538,111,145,chat,43,1,2,0
539,779,612,chat,59,5,10,1
540,1142,785,chat,9,5,10,1
541,738,256,video_call,55,5,10,1
542,1581,697,chat,53,5,10,1
543,1394,2,video_call,22,2,4,0
544,1268,269,chat,32,5,10,1
545,824,435,video_call,49,4,8,1
546,1801,302,chat,5,4,8,1
547,848,413,chat,40,1,2,0
548,1620,684,chat,16,5,10,1
549,1842,473,chat,30,4,8,1
550,809,557,video_call,51,4,8,1
551,982,564,chat,42,3,6,0
552,1344,629,chat,16,5,10,1
553,1143,658,video_call,17,3,6,0
554,624,293,chat,13,3,6,0
555,438,798,video_call,11,4,8,1
556,1077,336,chat,22,4,8,1
557,1642,337,chat,59,2,4,0
558,1193,82,video_call,47,2,4,0
559,438,168,chat,13,3,6,0
560,242,322,video_call,58,5,10,1
561,1456,762,video_call,21,5,10,1
562,303,541,video_call,27,5,10,1
563,1980,285,chat,56,3,6,0
564,1615,309,chat,7,5,10,1
565,1771,461,video_call,46,3,6,0
566,1068,540,video_call,55,1,2,0
567,643,64,chat,54,5,10,1
568,1280,7,video_call,9,3,6,0
569,1134,590,chat,10,2,4,0
570,1374,212,chat,14,4,8,1
571,1192,137,chat,57,4,8,1
572,1208,261,chat,32,5,10,1
573,394,482,chat,32,4,8,1
574,390,541,chat,41,5,10,1
575,194,178,chat,5,4,8,1
576,145,421,chat,36,5,10,1
577,741,601,chat,39,1,2,0
578,1389,740,video_call,12,1,2,0
579,478,406,video_call,34,1,2,0
580,1292,226,video_call,48,2,4,0
581,925,585,video_call,57,4,8,1
582,1268,271,chat,39,1,2,0
583,210,348,chat,40,2,4,0
584,753,222,video_call,23,1,2,0
585,1308,597,video_call,16,2,4,0
586,1226,479,chat,26,4,8,1
587,1135,740,chat,34,2,4,0
588,885,500,chat,40,4,8,1
589,498,615,chat,53,2,4,0
590,1456,695,chat,31,3,6,0
591,99,763,chat,40,3,6,0
592,70,471,chat,53,2,4,0
593,145,91,video_call,10,3,6,0
594,367,238,chat,13,4,8,1
595,199,226,video_call,34,4,8,1
596,525,284,chat,53,4,8,1
597,1314,452,chat,10,3,6,0
598,89,216,chat,28,3,6,0
599,1436,64,video_call,5,3,6,0
600,887,26,chat,14,2,4,0
601,567,379,video_call,51,5,10,1
602,462,524,chat,26,2,4,0
603,596,216,chat,16,4,8,1
604,1127,150,chat,18,1,2,0
605,1494,581,chat,48,4,8,1
606,241,61,chat,28,3,6,0
607,979,193,video_call,31,2,4,0
608,1645,180,video_call,23,2,4,0
609,866,583,video_call,15,4,8,1
610,305,540,video_call,5,1,2,0
611,1570,475,video_call,28,1,2,0
612,1710,616,video_call,33,5,10,1
613,179,787,video_call,37,4,8,1
614,1584,124,video_call,7,3,6,0
615,480,333,video_call,8,1,2,0
616,543,584,chat,52,3,6,0
617,566,645,chat,40,1,2,0
618,1134,595,video_call,60,5,10,1
619,1016,598,video_call,30,1,2,0
620,314,474,video_call,60,4,8,1
621,402,160,video_call,11,4,8,1
622,997,605,chat,35,3,6,0
623,1414,179,video_call,29,2,4,0
624,478,237,chat,42,3,6,0
625,881,147,chat,26,4,8,1
626,1294,786,chat,60,5,10,1
627,369,257,chat,45,1,2,0
628,804,203,video_call,9,4,8,1
629,1523,454,video_call,22,3,6,0
630,368,613,video_call,13,2,4,0
631,1515,400,video_call,28,1,2,0
632,387,791,chat,51,4,8,1
633,1072,483,chat,43,4,8,1
634,765,623,video_call,58,1,2,0
635,1987,180,video_call,40,2,4,0
636,325,469,video_call,14,4,8,1
637,1353,267,chat,54,1,2,0
638,604,291,chat,14,4,8,1
639,449,446,chat,50,2,4,0
640,499,316,video_call,7,2,4,0
641,426,694,video_call,26,1,2,0
642,1434,102,chat,22,4,8,1
643,1802,531,chat,38,2,4,0
644,605,231,video_call,49,3,6,0
645,323,177,video_call,52,2,4,0
646,205,531,video_call,19,1,2,0
647,1601,701,chat,44,5,10,1
648,1493,262,video_call,36,1,2,0
649,1401,375,chat,15,5,10,1
650,1007,272,video_call,14,5,10,1
651,656,632,video_call,55,3,6,0
652,926,514,chat,38,3,6,0
653,1999,738,video_call,28,2,4,0
654,1357,90,video_call,38,4,8,1
655,1498,736,chat,55,3,6,0
656,1202,327,chat,31,3,6,0
657,1947,55,chat,19,4,8,1
658,1120,779,chat,15,4,8,1
659,1577,144,video_call,29,4,8,1
660,299,724,chat,43,4,8,1
661,1586,597,chat,44,5,10,1
662,1845,195,chat,28,3,6,0
663,1721,375,video_call,54,2,4,0
664,144,150,chat,45,1,2,0
665,1095,558,video_call,31,1,2,0
666,539,130,video_call,23,2,4,0
667,247,773,video_call,28,5,10,1
668,800,275,chat,22,5,10,1
669,1507,170,video_call,37,1,2,0
670,1062,626,video_call,38,4,8,1
671,788,601,video_call,26,1,2,0
672,772,761,video_call,20,5,10,1
673,1161,665,chat,48,3,6,0
674,1674,449,chat,29,3,6,0
675,524,130,video_call,24,5,10,1
676,76,104,chat,6,2,4,0
677,390,168,video_call,58,4,8,1
678,1009,429,video_call,41,2,4,0
679,163,411,video_call,38,5,10,1
680,414,254,video_call,22,3,6,0
681,1552,453,video_call,39,4,8,1
682,306,394,chat,30,4,8,1
683,1854,181,chat,58,5,10,1
684,1981,603,video_call,15,3,6,0
685,848,191,video_call,41,4,8,1
686,1568,10,video_call,58,3,6,0
687,388,240,video_call,13,3,6,0
688,132,91,chat,26,3,6,0
689,472,548,video_call,7,1,2,0
690,65,710,chat,50,3,6,0
691,1073,1,video_call,35,2,4,0
692,1557,785,chat,16,2,4,0
693,661,713,chat,58,4,8,1
694,951,444,chat,32,4,8,1
695,698,720,video_call,38,3,6,0
696,297,776,video_call,34,5,10,1
697,512,396,chat,27,2,4,0
698,63,77,chat,7,5,10,1
699,1390,456,video_call,13,5,10,1
700,1282,242,video_call,17,1,2,0
701,492,134,chat,55,3,6,0
702,1879,138,chat,37,1,2,0
703,1437,691,chat,32,4,8,1
704,1636,606,video_call,52,5,10,1
705,1667,34,video_call,31,5,10,1
706,1079,770,video_call,36,4,8,1
707,850,684,chat,45,4,8,1
708,1070,347,chat,51,3,6,0
709,1692,115,video_call,27,2,4,0
710,1005,319,chat,58,5,10,1
711,1507,293,chat,56,2,4,0
712,1690,195,video_call,26,2,4,0
713,1414,517,video_call,46,2,4,0
714,736,21,chat,21,2,4,0
715,1943,314,chat,45,1,2,0
716,401,112,video_call,50,2,4,0
717,1586,184,chat,40,5,10,1
718,37,159,chat,13,2,4,0
719,632,702,chat,17,1,2,0
720,1394,253,video_call,41,5,10,1
721,1874,371,video_call,6,4,8,1
722,1992,523,video_call,51,4,8,1
723,1950,1,chat,19,2,4,0
724,849,380,chat,26,4,8,1
725,1276,787,chat,27,5,10,1
726,1737,36,chat,37,5,10,1
727,732,348,chat,43,1,2,0
728,379,208,video_call,40,3,6,0
729,1959,486,video_call,49,2,4,0
730,166,779,video_call,22,3,6,0
731,1493,154,chat,35,3,6,0
732,200,607,video_call,15,4,8,1
733,1396,622,video_call,10,5,10,1
734,420,779,chat,20,3,6,0
735,1404,760,video_call,30,3,6,0
736,150,12,chat,5,3,6,0
737,438,513,video_call,36,5,10,1
738,831,680,video_call,6,4,8,1
739,1958,494,chat,30,3,6,0
740,1778,778,video_call,40,1,2,0
741,685,95,video_call,51,4,8,1
742,981,626,video_call,46,4,8,1
743,1761,781,video_call,36,3,6,0
744,177,181,chat,6,5,10,1
745,1029,304,video_call,33,5,10,1
746,1974,115,chat,33,5,10,1
747,386,553,video_call,29,2,4,0
748,1603,634,chat,31,5,10,1
749,619,666,video_call,16,3,6,0
750,346,66,chat,6,1,2,0
751,1124,42,chat,26,4,8,1
752,1986,338,video_call,47,5,10,1
753,1634,314,video_call,15,5,10,1
754,247,111,chat,42,2,4,0
755,1142,8,video_call,35,5,10,1
756,729,716,video_call,47,1,2,0
757,1341,376,chat,23,1,2,0
758,555,362,chat,56,4,8,1
759,110,488,video_call,54,5,10,1
760,855,760,video_call,17,1,2,0
761,275,63,video_call,14,5,10,1
762,136,701,chat,24,3,6,0
763,1696,557,video_call,22,3,6,0
764,1310,461,chat,19,4,8,1
765,1412,480,video_call,20,4,8,1
766,1741,509,video_call,35,2,4,0
767,769,298,video_call,53,4,8,1
768,1254,660,video_call,38,5,10,1
769,1099,9,chat,34,1,2,0
770,1852,80,video_call,32,1,2,0
771,568,191,video_call,33,4,8,1
772,1376,29,chat,24,3,6,0
773,581,141,chat,36,3,6,0
774,1557,77,video_call,35,1,2,0
775,956,644,chat,5,4,8,1
776,1176,494,chat,10,4,8,1
777,224,734,video_call,9,4,8,1
778,1425,107,chat,15,4,8,1
779,1430,651,video_call,7,3,6,0
780,1681,560,chat,34,5,10,1
781,795,498,video_call,29,1,2,0
782,1378,705,video_call,14,1,2,0
783,76,393,chat,53,3,6,0
784,32,787,video_call,42,1,2,0
785,243,681,chat,29,1,2,0
786,1059,146,chat,34,4,8,1
787,1817,549,chat,59,5,10,1
788,746,360,video_call,60,1,2,0
789,973,594,video_call,43,2,4,0
790,358,464,video_call,54,3,6,0
791,305,459,chat,32,2,4,0
792,1299,324,chat,8,2,4,0
793,1241,520,video_call,21,3,6,0
794,1857,771,video_call,9,3,6,0
795,149,133,video_call,55,1,2,0
796,1949,134,chat,43,5,10,1
797,545,408,chat,27,2,4,0
798,1848,445,chat,55,5,10,1
799,1662,396,video_call,14,4,8,1
800,1253,560,video_call,7,3,6,0
801,281,558,video_call,40,4,8,1
802,604,663,chat,56,2,4,0
803,1043,451,chat,8,1,2,0
804,1687,476,video_call,29,2,4,0
805,815,638,video_call,40,3,6,0
806,1116,451,chat,17,5,10,1
807,1534,109,video_call,49,2,4,0
808,704,173,chat,45,3,6,0
809,1292,349,chat,11,4,8,1
810,1723,204,chat,20,4,8,1
811,344,271,video_call,37,5,10,1
812,932,45,video_call,48,3,6,0
813,528,497,chat,54,1,2,0
814,1634,493,chat,37,1,2,0
815,1329,727,chat,9,5,10,1
816,998,493,video_call,52,5,10,1
817,571,56,video_call,51,1,2,0
818,1108,752,video_call,58,4,8,1
819,1795,243,chat,26,2,4,0
820,1593,721,video_call,58,4,8,1
821,1150,164,video_call,23,1,2,0
822,160,728,chat,49,5,10,1
823,1015,181,chat,53,4,8,1
824,494,42,video_call,9,4,8,1
825,965,600,chat,30,3,6,0
826,1488,440,video_call,40,2,4,0
827,639,259,video_call,47,4,8,1
828,868,602,chat,35,2,4,0
829,746,344,chat,39,5,10,1
830,1396,181,video_call,37,2,4,0
831,103,448,chat,57,2,4,0
832,1727,310,video_call,57,1,2,0
833,1970,124,chat,26,4,8,1
834,1874,476,chat,50,5,10,1
835,116,119,video_call,45,5,10,1
836,1999,556,chat,46,1,2,0
837,1380,208,chat,10,2,4,0
838,900,500,video_call,12,1,2,0
839,86,501,chat,19,4,8,1
840,1810,440,video_call,8,4,8,1
841,1808,221,video_call,30,1,2,0
842,1649,626,chat,21,3,6,0
843,877,538,video_call,36,5,10,1
844,621,14,chat,15,3,6,0
845,452,172,chat,22,1,2,0
846,1564,675,video_call,46,2,4,0
847,948,707,chat,60,2,4,0
848,1246,792,video_call,53,2,4,0
849,566,698,video_call,24,1,2,0
850,853,41,chat,26,2,4,0
851,265,128,chat,15,3,6,0
852,1221,256,video_call,43,1,2,0
853,1551,126,chat,54,2,4,0
854,1917,777,chat,28,3,6,0
855,375,551,video_call,30,2,4,0
856,394,229,chat,9,5,10,1
857,1993,725,video_call,31,4,8,1
858,1685,318,video_call,40,3,6,0
859,735,561,video_call,30,4,8,1
860,224,614,chat,43,2,4,0
861,1497,665,video_call,24,1,2,0
862,1059,452,video_call,21,2,4,0
863,212,138,video_call,48,4,8,1
864,241,153,chat,52,1,2,0
865,649,731,video_call,52,3,6,0
866,1712,678,chat,5,4,8,1
867,1863,787,chat,57,5,10,1
868,1454,6,video_call,31,5,10,1
869,1515,774,chat,35,2,4,0
870,1213,376,video_call,58,3,6,0
871,1845,622,video_call,57,1,2,0
872,548,447,video_call,43,3,6,0
873,325,372,chat,29,2,4,0
874,413,265,video_call,56,2,4,0
875,1016,315,video_call,44,4,8,1
876,1066,738,chat,54,2,4,0
877,456,387,video_call,8,4,8,1
878,662,547,video_call,52,3,6,0
879,999,328,chat,14,2,4,0
880,831,365,chat,10,1,2,0
881,1704,41,video_call,40,4,8,1
882,326,300,video_call,23,1,2,0
883,639,265,video_call,30,1,2,0
884,906,672,chat,13,5,10,1
885,855,566,chat,26,2,4,0
886,1962,284,chat,12,3,6,0
887,1110,444,chat,5,4,8,1
888,214,82,video_call,23,1,2,0
889,1114,764,video_call,51,4,8,1
890,1663,24,video_call,36,3,6,0
891,1624,72,video_call,38,3,6,0
892,591,343,video_call,14,5,10,1
893,1797,496,video_call,59,1,2,0
894,1476,497,chat,28,2,4,0
895,1700,455,chat,48,2,4,0
896,1610,582,video_call,37,3,6,0
897,706,449,chat,28,5,10,1
898,424,578,chat,11,2,4,0
899,412,690,chat,31,2,4,0
900,1019,438,chat,39,2,4,0
901,127,542,chat,13,1,2,0
902,128,717,chat,32,1,2,0
903,1275,2,chat,11,1,2,0
904,1269,345,video_call,57,1,2,0
905,1638,81,chat,24,3,6,0
906,19,643,video_call,5,5,10,1
907,424,666,video_call,51,5,10,1
908,1663,50,video_call,6,4,8,1
909,733,360,chat,39,5,10,1
910,1662,563,chat,27,1,2,0
911,1503,464,video_call,57,4,8,1
912,1901,482,video_call,54,3,6,0
913,1332,44,chat,32,4,8,1
914,1470,682,chat,35,3,6,0
915,1571,7,video_call,54,1,2,0
916,1654,329,video_call,56,3,6,0
917,1488,71,video_call,5,3,6,0
918,318,658,chat,7,3,6,0
919,1817,51,video_call,59,1,2,0
920,240,574,video_call,39,1,2,0
921,1002,563,chat,27,5,10,1
922,1545,96,video_call,34,5,10,1
923,1034,230,chat,16,5,10,1
924,143,607,chat,43,5,10,1
925,386,399,chat,21,4,8,1
926,1642,591,video_call,55,4,8,1
927,65,777,video_call,18,4,8,1
928,314,757,chat,7,5,10,1
929,1459,160,chat,9,5,10,1
930,546,480,video_call,19,3,6,0
931,1282,33,chat,47,5,10,1
932,518,742,video_call,44,3,6,0
933,1794,340,chat,48,1,2,0
934,486,768,video_call,22,4,8,1
935,1394,594,video_call,36,1,2,0
936,395,712,chat,45,4,8,1
937,142,75,chat,15,3,6,0
938,1393,90,video_call,38,1,2,0
939,670,744,video_call,53,5,10,1
940,1148,439,video_call,55,4,8,1
941,1816,291,video_call,9,4,8,1
942,186,652,chat,28,1,2,0
943,501,326,video_call,7,3,6,0
944,1222,529,video_call,40,3,6,0
945,1983,588,chat,28,2,4,0
946,110,53,chat,10,3,6,0
947,628,335,chat,57,1,2,0
948,422,274,video_call,52,2,4,0
949,1929,151,video_call,6,4,8,1
950,1589,639,video_call,40,5,10,1
951,1462,771,chat,7,1,2,0
952,725,108,video_call,13,1,2,0
953,1237,755,video_call,43,1,2,0
954,1322,667,chat,29,4,8,1
955,751,749,video_call,32,4,8,1
956,1611,313,chat,40,1,2,0
957,98,421,video_call,30,3,6,0
958,767,456,video_call,27,1,2,0
959,1297,177,chat,42,5,10,1
960,777,406,video_call,45,4,8,1
961,156,419,video_call,52,5,10,1
962,621,680,chat,47,1,2,0
963,1884,377,chat,15,3,6,0
964,1772,93,video_call,57,5,10,1
965,683,97,chat,26,1,2,0
966,1043,84,video_call,5,1,2,0
967,17,677,chat,36,3,6,0
968,890,422,chat,7,5,10,1
969,328,339,video_call,21,2,4,0
970,281,730,chat,28,1,2,0
971,1629,272,video_call,30,4,8,1
972,1284,475,chat,32,1,2,0
973,153,705,video_call,50,1,2,0
974,1733,74,video_call,5,1,2,0
975,668,145,video_call,15,1,2,0
976,1434,773,video_call,14,1,2,0
977,1761,559,chat,24,5,10,1
978,991,365,video_call,54,3,6,0
979,1289,252,chat,14,3,6,0
980,1299,123,video_call,55,3,6,0
981,1684,231,chat,10,5,10,1
982,1232,609,chat,18,2,4,0
983,12,533,chat,11,3,6,0
984,555,352,video_call,48,3,6,0
985,1402,217,video_call,37,2,4,0
986,1881,239,chat,17,2,4,0
987,1805,269,video_call,12,3,6,0
988,350,40,chat,25,2,4,0
989,954,310,video_call,20,3,6,0
990,1146,700,chat,45,2,4,0
991,1642,454,video_call,12,2,4,0
992,545,106,video_call,39,1,2,0
993,1359,244,video_call,13,5,10,1
994,774,494,video_call,34,3,6,0
995,1709,501,video_call,52,3,6,0
996,720,634,chat,24,1,2,0
997,885,409,video_call,24,2,4,0
998,1982,435,chat,40,1,2,0
999,1050,615,chat,24,4,8,1
1000,1592,250,chat,56,3,6,0
1001,1054,276,video_call,49,5,10,1
1002,796,132,video_call,35,3,6,0
1003,587,545,video_call,40,3,6,0
1004,1845,599,chat,22,2,4,0
1005,1004,34,chat,53,1,2,0
1006,464,368,chat,24,4,8,1
1007,1973,172,video_call,29,1,2,0
1008,661,648,video_call,27,1,2,0
1009,1670,724,video_call,32,4,8,1
1010,1122,767,video_call,15,3,6,0
1011,1479,100,video_call,27,4,8,1
1012,1567,59,chat,18,5,10,1
1013,95,518,video_call,33,1,2,0
1014,303,611,chat,52,5,10,1
1015,591,546,chat,48,1,2,0
1016,1142,162,chat,14,3,6,0
1017,1562,239,chat,59,2,4,0
1018,1610,35,chat,38,1,2,0
1019,1893,122,chat,29,2,4,0
1020,1542,566,chat,17,4,8,1
1021,968,359,video_call,49,3,6,0
1022,1795,739,chat,59,4,8,1
1023,472,347,video_call,12,4,8,1
1024,280,378,chat,43,3,6,0
1025,1550,792,chat,38,2,4,0
1026,1107,358,chat,55,2,4,0
1027,1114,397,chat,30,2,4,0
1028,1019,143,chat,35,2,4,0
1029,745,72,video_call,44,4,8,1
1030,1985,113,chat,23,1,2,0
1031,1039,137,video_call,10,5,10,1
1032,1392,209,video_call,56,4,8,1
1033,124,617,chat,47,2,4,0
1034,1363,3,video_call,49,2,4,0
1035,445,775,chat,25,3,6,0
1036,607,685,video_call,7,1,2,0
1037,1348,123,video_call,21,4,8,1
1038,1767,726,video_call,49,4,8,1
1039,362,291,chat,46,2,4,0
1040,1110,634,chat,28,1,2,0
1041,1033,275,video_call,7,5,10,1
1042,670,690,chat,26,3,6,0
1043,1705,346,chat,24,5,10,1
1044,23,265,chat,7,1,2,0
1045,1924,332,chat,25,2,4,0
1046,33,406,chat,19,3,6,0
1047,1931,719,chat,54,3,6,0
1048,1385,320,chat,5,1,2,0
1049,566,352,video_call,40,4,8,1
1050,597,146,chat,27,5,10,1
1051,314,134,chat,20,4,8,1
1052,1125,157,chat,51,4,8,1
1053,1201,753,video_call,41,1,2,0
1054,235,652,video_call,24,2,4,0
1055,324,196,video_call,37,1,2,0
1056,1466,170,chat,45,2,4,0
1057,1323,744,chat,28,1,2,0
1058,896,119,video_call,21,1,2,0
1059,937,443,video_call,28,1,2,0
1060,1538,112,chat,6,4,8,1
1061,806,514,video_call,5,4,8,1
1062,262,200,chat,52,1,2,0
1063,1178,677,chat,7,3,6,0
1064,1351,374,video_call,40,1,2,0
1065,102,457,chat,54,4,8,1
1066,1300,292,video_call,18,2,4,0
1067,328,605,video_call,47,2,4,0
1068,758,669,video_call,18,3,6,0
1069,144,770,video_call,44,2,4,0
1070,930,794,video_call,6,5,10,1
1071,899,354,video_call,48,2,4,0
1072,1142,394,video_call,23,2,4,0
1073,1464,585,video_call,17,1,2,0
1074,478,629,video_call,54,3,6,0
1075,351,146,chat,8,3,6,0
1076,709,313,video_call,16,3,6,0
1077,1474,531,video_call,57,5,10,1
1078,1401,689,chat,34,5,10,1
1079,880,405,chat,40,4,8,1
1080,900,384,video_call,32,3,6,0
1081,977,542,chat,14,2,4,0
1082,1864,368,chat,6,2,4,0
1083,710,602,video_call,12,3,6,0
1084,1893,800,video_call,34,1,2,0
1085,1531,361,chat,25,5,10,1
1086,1021,729,video_call,43,4,8,1
1087,938,74,chat,49,5,10,1
1088,826,462,video_call,8,1,2,0
1089,552,45,chat,56,2,4,0
1090,1083,695,chat,19,2,4,0
1091,928,763,video_call,5,2,4,0
1092,1368,550,video_call,47,3,6,0
1093,1247,529,chat,38,3,6,0
1094,1651,683,video_call,58,2,4,0
1095,379,786,chat,44,3,6,0
1096,749,478,chat,7,1,2,0
1097,1171,787,chat,54,1,2,0
1098,935,122,video_call,31,4,8,1
1099,656,737,video_call,5,1,2,0
1100,169,554,chat,9,5,10,1
1101,891,441,video_call,14,5,10,1
1102,1491,116,chat,45,5,10,1
1103,1404,749,chat,25,4,8,1
1104,1475,504,chat,25,2,4,0
1105,443,1,chat,36,1,2,0
1106,1898,157,video_call,11,3,6,0
1107,170,221,chat,22,1,2,0
1108,442,430,chat,57,5,10,1
1109,600,66,chat,13,2,4,0
1110,512,455,chat,45,1,2,0
1111,411,585,chat,22,3,6,0
1112,995,214,video_call,30,5,10,1
1113,1935,761,chat,49,5,10,1
1114,1818,512,chat,14,4,8,1
1115,1553,382,video_call,55,4,8,1
1116,993,757,video_call,22,2,4,0
1117,351,486,chat,60,2,4,0
1118,251,542,chat,59,2,4,0
1119,1116,517,chat,38,3,6,0
1120,337,259,video_call,21,5,10,1
1121,1548,4,video_call,35,4,8,1
1122,1151,13,video_call,55,1,2,0
1123,1068,631,video_call,26,2,4,0
1124,1060,742,chat,41,1,2,0
1125,184,167,chat,39,1,2,0
1126,1868,381,video_call,58,4,8,1
1127,865,569,chat,10,3,6,0
1128,192,545,chat,34,1,2,0
1129,886,297,video_call,38,2,4,0
1130,1358,779,chat,38,3,6,0
1131,751,684,chat,13,4,8,1
1132,408,85,video_call,37,4,8,1
1133,412,415,video_call,11,2,4,0
1134,852,308,chat,20,3,6,0
1135,442,215,video_call,42,2,4,0
1136,1994,561,video_call,52,4,8,1
1137,94,57,video_call,47,5,10,1
1138,156,44,video_call,7,1,2,0
1139,555,116,video_call,46,1,2,0
1140,150,288,chat,24,3,6,0
1141,1237,769,video_call,10,3,6,0
1142,512,686,video_call,43,2,4,0
1143,940,708,chat,30,2,4,0
1144,1401,195,video_call,23,2,4,0
1145,1895,202,chat,31,4,8,1
1146,535,602,chat,14,5,10,1
1147,1554,174,video_call,35,3,6,0
1148,899,771,video_call,10,4,8,1
1149,71,398,video_call,18,5,10,1
1150,1530,773,video_call,23,3,6,0
1151,23,271,video_call,46,4,8,1
1152,656,452,video_call,34,4,8,1
1153,1619,506,chat,11,4,8,1
1154,425,171,chat,55,5,10,1
1155,41,154,chat,39,2,4,0
1156,1460,250,chat,12,2,4,0
1157,1474,223,video_call,27,1,2,0
1158,394,620,chat,44,3,6,0
1159,1377,220,video_call,11,5,10,1
1160,1829,423,chat,30,4,8,1
1161,1367,136,video_call,9,2,4,0
1162,136,77,video_call,42,4,8,1
1163,1649,498,chat,8,5,10,1
1164,1653,169,video_call,24,3,6,0
1165,1846,445,video_call,18,1,2,0
1166,1774,93,chat,46,5,10,1
1167,1416,510,chat,56,2,4,0
1168,61,51,chat,51,4,8,1
1169,1368,580,chat,6,1,2,0
1170,1032,24,video_call,15,5,10,1
1171,859,167,video_call,34,5,10,1
1172,830,147,chat,13,1,2,0
1173,13,589,video_call,41,5,10,1
1174,1813,371,chat,33,3,6,0
1175,510,585,chat,11,5,10,1
1176,1001,486,chat,11,5,10,1
1177,948,159,video_call,41,1,2,0
1178,734,250,chat,47,5,10,1
1179,1875,169,chat,37,5,10,1
1180,320,542,video_call,23,1,2,0
1181,761,38,video_call,41,4,8,1
1182,445,380,chat,46,3,6,0
1183,933,192,video_call,59,5,10,1
1184,74,151,chat,46,5,10,1
1185,398,117,chat,13,1,2,0
1186,199,673,video_call,17,1,2,0
1187,1930,13,chat,30,4,8,1
1188,484,555,chat,25,5,10,1
1189,1070,400,chat,19,4,8,1
1190,1381,602,chat,54,1,2,0
1191,1718,247,chat,38,2,4,0
1192,659,568,chat,38,2,4,0
1193,156,381,video_call,60,3,6,0
1194,1455,641,chat,11,2,4,0
1195,915,7,chat,26,4,8,1
1196,527,790,video_call,26,5,10,1
1197,1492,684,chat,48,5,10,1
1198,1410,539,chat,18,5,10,1
1199,973,325,chat,45,4,8,1
1200,985,617,chat,19,3,6,0
1201,872,17,video_call,54,4,8,1
1202,668,228,video_call,51,5,10,1
1203,160,754,video_call,25,1,2,0
1204,454,613,chat,40,2,4,0
1205,1084,14,video_call,49,1,2,0
1206,1841,50,chat,47,1,2,0
1207,83,273,video_call,27,5,10,1
1208,1285,463,chat,8,3,6,0
1209,520,728,video_call,16,1,2,0
1210,720,661,chat,34,1,2,0
1211,1777,710,video_call,59,2,4,0
1212,283,794,video_call,13,5,10,1
1213,1089,588,video_call,44,1,2,0
1214,270,519,video_call,30,2,4,0
1215,671,57,chat,58,2,4,0
1216,295,566,video_call,45,1,2,0
1217,1017,526,chat,37,1,2,0
1218,1059,760,video_call,43,4,8,1
1219,493,491,video_call,12,4,8,1
1220,915,709,video_call,26,5,10,1
1221,1986,704,chat,14,5,10,1
1222,753,190,video_call,47,4,8,1
1223,1621,692,chat,15,2,4,0
1224,587,582,chat,42,1,2,0
1225,383,338,video_call,55,3,6,0
1226,1946,397,chat,51,5,10,1
1227,362,369,chat,35,4,8,1
1228,1650,219,video_call,28,4,8,1
1229,339,655,video_call,24,4,8,1
1230,1522,389,chat,20,1,2,0
1231,1268,345,chat,29,5,10,1
1232,1889,622,video_call,45,3,6,0
1233,1272,392,video_call,32,5,10,1
1234,972,550,video_call,11,1,2,0
1235,420,615,video_call,24,2,4,0
1236,657,738,chat,41,5,10,1
1237,1114,79,video_call,13,1,2,0
1238,1630,92,chat,30,3,6,0
1239,743,560,video_call,37,1,2,0
1240,642,224,video_call,32,2,4,0
1241,721,684,video_call,48,4,8,1
1242,584,676,chat,17,5,10,1
1243,1733,698,chat,23,5,10,1
1244,1996,712,chat,37,4,8,1
1245,1562,651,chat,28,3,6,0
1246,1776,683,video_call,32,1,2,0
1247,1656,391,chat,20,3,6,0
1248,1871,622,chat,21,5,10,1
1249,479,133,video_call,42,2,4,0
1250,1068,246,chat,55,1,2,0
1251,1425,548,chat,12,4,8,1
1252,1330,594,video_call,35,5,10,1
1253,1575,406,chat,11,1,2,0
1254,1720,198,chat,55,4,8,1
1255,51,375,chat,27,2,4,0
1256,1295,734,video_call,32,4,8,1
1257,1372,82,chat,13,4,8,1
1258,903,42,chat,57,3,6,0
1259,322,132,chat,36,4,8,1
1260,1425,789,chat,5,2,4,0
1261,1937,388,video_call,50,4,8,1
1262,1156,113,chat,5,4,8,1
1263,1483,238,chat,47,5,10,1
1264,882,551,chat,59,5,10,1
1265,1100,263,chat,19,5,10,1
1266,1877,621,video_call,40,2,4,0
1267,191,316,video_call,15,5,10,1
1268,1057,223,video_call,10,3,6,0
1269,1636,766,video_call,19,2,4,0
1270,810,302,video_call,17,4,8,1
1271,1843,307,video_call,7,4,8,1
1272,740,409,chat,58,5,10,1
1273,21,759,video_call,25,3,6,0
1274,1286,775,video_call,53,4,8,1
1275,870,540,chat,45,1,2,0
1276,1606,764,chat,6,1,2,0
1277,1779,457,video_call,58,1,2,0
1278,727,633,video_call,54,2,4,0
1279,637,543,chat,52,1,2,0
1280,316,737,chat,20,2,4,0
1281,716,376,video_call,49,5,10,1
1282,147,407,video_call,51,2,4,0
1283,871,311,video_call,43,2,4,0
1284,1496,469,video_call,45,4,8,1
1285,1524,654,video_call,24,1,2,0
1286,631,209,chat,12,3,6,0
1287,1681,242,video_call,52,2,4,0
1288,896,750,chat,29,2,4,0
1289,1583,699,video_call,53,4,8,1
1290,1707,92,video_call,22,2,4,0
1291,870,210,video_call,9,2,4,0
1292,142,25,video_call,47,1,2,0
1293,1282,44,chat,36,5,10,1
1294,383,224,chat,28,4,8,1
1295,1610,374,video_call,33,1,2,0
1296,419,757,chat,32,3,6,0
1297,1611,308,chat,5,5,10,1
1298,1041,777,chat,51,3,6,0
1299,949,112,video_call,36,1,2,0
1300,1520,692,video_call,25,1,2,0
1301,593,379,video_call,36,3,6,0
1302,1990,354,chat,25,4,8,1
1303,1831,555,chat,51,3,6,0
1304,775,77,video_call,41,1,2,0
1305,501,589,video_call,5,1,2,0
1306,260,34,video_call,18,1,2,0
1307,1914,79,video_call,15,2,4,0
1308,694,545,video_call,24,5,10,1
1309,737,53,video_call,56,4,8,1
1310,705,210,video_call,41,2,4,0
1311,1027,161,video_call,24,4,8,1
1312,1217,52,chat,19,1,2,0
1313,1090,500,video_call,25,4,8,1
1314,17,765,chat,17,1,2,0
1315,1259,517,video_call,44,5,10,1
1316,1720,718,video_call,21,2,4,0
1317,1486,244,video_call,30,5,10,1
1318,318,314,video_call,35,1,2,0
1319,702,698,chat,14,4,8,1
1320,1171,792,chat,33,4,8,1
1321,317,694,video_call,8,1,2,0
1322,1624,109,video_call,50,2,4,0
1323,1702,767,chat,52,3,6,0
1324,370,767,video_call,43,3,6,0
1325,1158,327,video_call,28,1,2,0
1326,598,258,video_call,33,1,2,0
1327,95,348,video_call,30,5,10,1
1328,1429,439,chat,23,3,6,0
1329,1663,529,chat,38,4,8,1
1330,1454,59,chat,7,1,2,0
1331,633,242,chat,45,1,2,0
1332,536,750,chat,60,2,4,0
1333,1271,531,chat,27,1,2,0
1334,1607,308,chat,43,5,10,1
1335,375,372,video_call,11,5,10,1
1336,1969,431,video_call,34,5,10,1
1337,1669,211,chat,19,1,2,0
1338,1806,395,video_call,12,5,10,1
1339,1210,643,chat,35,4,8,1
1340,1419,213,chat,22,5,10,1
1341,560,465,video_call,15,5,10,1
1342,477,279,video_call,39,3,6,0
1343,1183,212,chat,25,1,2,0
1344,916,133,video_call,37,5,10,1
1345,141,655,chat,9,3,6,0
1346,739,403,video_call,46,2,4,0
1347,930,622,chat,25,2,4,0
1348,290,125,video_call,57,5,10,1
1349,740,436,video_call,34,4,8,1
1350,1924,47,video_call,6,1,2,0
1351,993,669,chat,21,5,10,1
1352,1424,513,video_call,51,1,2,0
1353,430,159,video_call,41,3,6,0
1354,847,641,video_call,6,4,8,1
1355,1917,175,chat,33,3,6,0
1356,1541,514,chat,16,1,2,0
1357,525,148,chat,56,5,10,1
1358,805,346,video_call,34,4,8,1
1359,1533,506,chat,17,2,4,0
1360,804,551,video_call,22,2,4,0
1361,1575,155,chat,27,2,4,0
1362,1571,289,chat,33,5,10,1
1363,867,457,chat,43,3,6,0
1364,427,102,video_call,24,1,2,0
1365,615,207,chat,10,4,8,1
1366,533,122,video_call,5,4,8,1
1367,1071,381,video_call,26,5,10,1
1368,163,288,chat,22,4,8,1
1369,485,178,video_call,54,1,2,0
1370,1883,640,video_call,53,1,2,0
1371,1452,404,video_call,26,5,10,1
1372,1794,440,chat,50,4,8,1
1373,849,519,chat,43,5,10,1
1374,1840,239,chat,27,1,2,0
1375,1458,388,video_call,39,5,10,1
1376,1904,685,video_call,46,5,10,1
1377,553,291,video_call,57,4,8,1
1378,620,146,chat,55,4,8,1
1379,291,404,video_call,56,4,8,1
1380,1408,394,video_call,55,2,4,0
1381,1897,13,video_call,49,5,10,1
1382,695,97,chat,60,3,6,0
1383,328,329,chat,31,5,10,1
1384,523,648,video_call,20,2,4,0
1385,259,597,video_call,42,2,4,0
1386,977,66,chat,7,2,4,0
1387,614,599,video_call,11,2,4,0
1388,763,494,chat,6,2,4,0
1389,943,404,chat,20,2,4,0
1390,1079,541,chat,42,2,4,0
1391,868,667,chat,47,3,6,0
1392,1600,788,chat,17,5,10,1
1393,636,228,chat,34,1,2,0
1394,1802,693,video_call,44,5,10,1
1395,939,764,video_call,41,5,10,1
1396,1774,538,chat,35,1,2,0
1397,409,222,video_call,15,2,4,0
1398,1843,300,chat,26,4,8,1
1399,670,503,video_call,47,4,8,1
1400,1964,308,video_call,16,3,6,0
1401,1746,481,chat,49,2,4,0
1402,1820,354,video_call,16,4,8,1
1403,230,113,video_call,49,2,4,0
1404,1403,150,video_call,52,4,8,1
1405,936,451,video_call,29,1,2,0
1406,927,58,video_call,38,1,2,0
1407,1249,195,chat,5,2,4,0
1408,754,123,video_call,44,1,2,0
1409,1729,603,chat,19,1,2,0
1410,375,405,chat,44,2,4,0
1411,406,574,chat,18,3,6,0
1412,1839,666,video_call,27,3,6,0
1413,129,319,video_call,55,4,8,1
1414,1225,776,video_call,41,3,6,0
1415,988,72,video_call,45,2,4,0
1416,1808,687,chat,44,2,4,0
1417,1596,356,chat,15,1,2,0
1418,1231,34,video_call,13,2,4,0
1419,435,499,chat,46,4,8,1
1420,599,120,video_call,11,1,2,0
1421,1205,760,chat,10,3,6,0
1422,1158,525,chat,32,5,10,1
1423,1933,582,chat,53,5,10,1
1424,1786,359,video_call,55,1,2,0
1425,33,221,video_call,19,1,2,0
1426,446,778,video_call,14,4,8,1
1427,152,55,chat,46,3,6,0
1428,1923,448,video_call,60,3,6,0
1429,1652,575,chat,34,3,6,0
1430,1548,563,video_call,39,2,4,0
1431,1059,57,video_call,41,2,4,0
1432,1783,69,chat,59,5,10,1
1433,1154,408,chat,45,5,10,1
1434,243,316,chat,37,5,10,1
1435,1293,699,video_call,53,2,4,0
1436,788,56,video_call,58,1,2,0
1437,1826,760,chat,10,3,6,0
1438,222,704,chat,15,3,6,0
1439,830,514,video_call,49,2,4,0
1440,299,77,chat,58,1,2,0
1441,1042,249,chat,59,5,10,1
1442,159,282,video_call,34,1,2,0
1443,1693,191,video_call,21,4,8,1
1444,1825,66,chat,7,2,4,0
1445,1072,455,chat,57,2,4,0
1446,395,390,chat,59,3,6,0
1447,1094,90,video_call,8,4,8,1
1448,1101,592,video_call,34,1,2,0
1449,1950,400,video_call,38,3,6,0
1450,986,313,chat,19,5,10,1
1451,1922,723,video_call,43,1,2,0
1452,1164,278,chat,26,2,4,0
1453,1442,432,video_call,60,3,6,0
1454,1455,573,video_call,23,1,2,0
1455,820,677,chat,41,5,10,1
1456,1392,128,chat,50,1,2,0
1457,1201,781,chat,52,1,2,0
1458,1594,146,video_call,16,2,4,0
1459,143,344,video_call,17,2,4,0
1460,1518,570,video_call,8,4,8,1
1461,378,662,chat,28,2,4,0
1462,968,183,chat,35,5,10,1
1463,725,423,chat,11,3,6,0
1464,347,233,chat,22,3,6,0
1465,364,247,chat,30,1,2,0
1466,1330,412,chat,47,4,8,1
1467,1440,549,video_call,17,5,10,1
1468,1515,204,chat,51,3,6,0
1469,575,765,chat,38,3,6,0
1470,254,771,chat,32,2,4,0
1471,1579,621,video_call,19,4,8,1
1472,1172,522,chat,5,5,10,1
1473,736,522,chat,14,4,8,1
1474,205,146,video_call,27,3,6,0
1475,1516,692,video_call,5,4,8,1
1476,374,704,video_call,37,3,6,0
1477,1392,486,video_call,17,1,2,0
1478,1298,715,chat,53,2,4,0
1479,617,623,video_call,40,1,2,0
1480,1972,372,chat,55,1,2,0
1481,1073,50,video_call,22,3,6,0
1482,809,542,video_call,59,5,10,1
1483,354,170,video_call,45,2,4,0
1484,198,677,chat,9,1,2,0
1485,480,166,video_call,20,2,4,0
1486,211,712,video_call,43,5,10,1
1487,1187,206,video_call,44,5,10,1
1488,931,468,video_call,17,3,6,0
1489,643,484,video_call,57,3,6,0
1490,338,269,video_call,35,4,8,1
1491,1312,782,video_call,30,1,2,0
1492,796,467,chat,47,3,6,0
1493,652,542,video_call,12,4,8,1
1494,1873,716,chat,8,2,4,0
1495,991,745,video_call,51,1,2,0
1496,531,44,video_call,54,3,6,0
1497,610,597,chat,10,2,4,0
1498,1017,520,chat,46,4,8,1
1499,421,618,video_call,40,4,8,1
1500,1999,748,chat,6,4,8,1
1501,814,704,video_call,44,5,10,1
1502,460,720,video_call,38,3,6,0
1503,1219,745,chat,21,4,8,1
1504,1638,528,chat,23,3,6,0
1505,1500,165,chat,8,5,10,1
1506,1107,321,video_call,28,5,10,1
1507,1757,407,chat,37,4,8,1
1508,574,52,chat,34,2,4,0
1509,1082,570,chat,16,2,4,0
1510,852,11,chat,47,5,10,1
1511,1491,23,video_call,25,3,6,0
1512,778,789,chat,17,5,10,1
1513,331,654,chat,12,5,10,1
1514,1321,246,chat,59,4,8,1
1515,1137,223,video_call,59,1,2,0
1516,1973,125,chat,10,2,4,0
1517,277,310,video_call,37,2,4,0
1518,1390,170,video_call,44,2,4,0
1519,1390,24,chat,29,4,8,1
1520,922,180,video_call,46,1,2,0
1521,1608,730,chat,38,3,6,0
1522,1308,508,video_call,43,2,4,0
1523,1167,620,video_call,47,2,4,0
1524,640,502,video_call,9,3,6,0
1525,1942,634,chat,5,5,10,1
1526,1524,711,chat,11,4,8,1
1527,1149,353,chat,55,2,4,0
1528,268,402,chat,50,1,2,0
1529,1578,190,chat,32,1,2,0
1530,255,108,video_call,40,4,8,1
1531,1080,610,chat,37,4,8,1
1532,1345,727,video_call,28,5,10,1
1533,1838,244,chat,32,2,4,0
1534,202,324,chat,11,1,2,0
1535,1175,441,chat,26,3,6,0
1536,1447,410,video_call,35,1,2,0
1537,1926,465,video_call,19,5,10,1
1538,816,524,chat,47,2,4,0
1539,1995,341,chat,24,2,4,0
1540,818,179,chat,28,2,4,0
1541,800,48,video_call,22,4,8,1
1542,721,361,chat,60,4,8,1
1543,723,364,chat,14,4,8,1
1544,1431,239,chat,22,5,10,1
1545,575,770,chat,56,1,2,0
1546,1029,599,chat,24,2,4,0
1547,1438,155,chat,18,5,10,1
1548,12,163,video_call,39,3,6,0
1549,1472,413,video_call,22,3,6,0
1550,713,56,video_call,33,2,4,0
1551,401,641,video_call,35,5,10,1
1552,384,670,chat,11,4,8,1
1553,922,300,chat,10,4,8,1
1554,1558,605,video_call,57,5,10,1
1555,1064,737,video_call,35,3,6,0
1556,696,680,chat,7,4,8,1
1557,1359,581,video_call,37,4,8,1
1558,1523,521,chat,38,5,10,1
1559,940,281,video_call,16,4,8,1
1560,69,287,video_call,38,3,6,0
1561,1231,77,video_call,51,5,10,1
1562,1632,246,chat,40,4,8,1
1563,1520,619,chat,7,2,4,0
1564,31,796,video_call,8,2,4,0
1565,1850,156,video_call,32,5,10,1
1566,1590,346,chat,28,3,6,0
1567,1858,274,chat,11,2,4,0
1568,362,360,video_call,45,5,10,1
1569,1485,563,chat,25,1,2,0
1570,19,623,chat,50,2,4,0
1571,1153,147,chat,55,5,10,1
1572,1754,777,video_call,30,3,6,0
1573,516,748,chat,30,1,2,0
1574,474,281,chat,39,5,10,1
1575,1940,796,video_call,23,5,10,1
1576,1983,116,chat,32,3,6,0
1577,1994,593,video_call,37,5,10,1
1578,1240,154,chat,37,3,6,0
1579,30,46,video_call,17,2,4,0
1580,293,429,chat,16,1,2,0
1581,301,116,chat,9,3,6,0
1582,1256,755,video_call,29,4,8,1
1583,801,544,chat,6,2,4,0
1584,1885,202,chat,27,5,10,1
1585,759,727,chat,24,2,4,0
1586,919,613,video_call,54,1,2,0
1587,1332,424,video_call,59,4,8,1
1588,1960,30,video_call,45,1,2,0
1589,128,588,chat,34,4,8,1
1590,338,577,video_call,24,5,10,1
1591,1360,401,chat,25,5,10,1
1592,1753,271,chat,48,5,10,1
1593,263,732,chat,6,2,4,0
1594,1104,259,chat,18,5,10,1
1595,1623,70,video_call,12,1,2,0
1596,1336,784,chat,25,4,8,1
1597,1327,545,chat,13,2,4,0
1598,1879,253,video_call,12,1,2,0
1599,359,741,chat,27,5,10,1
1600,1985,67,video_call,44,3,6,0
1601,127,646,video_call,8,3,6,0
1602,291,590,chat,25,2,4,0
1603,380,380,chat,39,3,6,0
1604,345,187,chat,44,4,8,1
1605,543,112,chat,6,5,10,1
1606,1043,247,chat,7,2,4,0
1607,582,166,video_call,50,1,2,0
1608,1224,232,chat,46,2,4,0
1609,877,104,chat,17,5,10,1
1610,81,388,video_call,49,3,6,0
1611,624,750,chat,43,5,10,1
1612,1222,160,video_call,32,5,10,1
1613,1008,773,chat,22,4,8,1
1614,549,780,chat,59,3,6,0
1615,1016,36,video_call,25,5,10,1
1616,39,550,chat,20,5,10,1
1617,1013,192,chat,50,3,6,0
1618,1548,119,chat,50,1,2,0
1619,1214,203,chat,42,5,10,1
1620,1344,533,chat,48,5,10,1
1621,750,218,chat,40,2,4,0
1622,1980,398,chat,14,5,10,1
1623,1280,160,video_call,28,4,8,1
1624,1517,184,video_call,35,5,10,1
1625,333,711,video_call,48,1,2,0
1626,357,477,chat,46,4,8,1
1627,1467,418,video_call,30,3,6,0
1628,693,788,video_call,10,2,4,0
1629,976,209,chat,55,3,6,0
1630,1058,638,chat,45,2,4,0
1631,324,568,chat,5,2,4,0
1632,166,189,video_call,21,2,4,0
1633,44,105,chat,37,1,2,0
1634,1731,695,chat,46,5,10,1
1635,1354,539,chat,45,1,2,0
1636,855,347,chat,34,3,6,0
1637,646,244,chat,6,3,6,0
1638,1159,41,chat,58,4,8,1
1639,218,43,video_call,14,1,2,0
1640,1290,460,chat,28,2,4,0
1641,383,1,chat,53,4,8,1
1642,1346,585,chat,50,2,4,0
1643,778,416,chat,12,2,4,0
1644,1311,184,chat,5,2,4,0
1645,1021,102,video_call,7,1,2,0
1646,446,770,chat,20,5,10,1
1647,627,741,chat,54,4,8,1
1648,1174,747,chat,14,2,4,0
1649,159,62,chat,54,5,10,1
1650,535,323,chat,53,2,4,0
1651,1131,358,video_call,49,3,6,0
1652,143,680,video_call,14,4,8,1
1653,11,223,video_call,11,3,6,0
1654,1562,552,chat,57,3,6,0
1655,198,684,video_call,7,5,10,1
1656,1959,116,video_call,27,3,6,0
1657,637,132,chat,16,5,10,1
1658,833,275,chat,30,2,4,0
1659,951,203,video_call,45,1,2,0
1660,1178,412,video_call,16,3,6,0
1661,1151,47,video_call,15,1,2,0
1662,745,685,video_call,10,3,6,0
1663,741,183,video_call,37,2,4,0
1664,680,182,video_call,31,2,4,0
1665,203,404,video_call,44,2,4,0
1666,966,744,video_call,9,1,2,0
1667,642,33,video_call,51,2,4,0
1668,261,130,chat,11,2,4,0
1669,1836,549,video_call,56,5,10,1
1670,206,80,video_call,21,5,10,1
1671,976,265,chat,27,5,10,1
1672,1415,659,video_call,39,1,2,0
1673,1643,368,chat,45,1,2,0
1674,1893,617,video_call,51,1,2,0
1675,287,770,chat,10,4,8,1
1676,1800,290,chat,40,1,2,0
1677,1514,672,video_call,27,4,8,1
1678,1686,156,video_call,16,5,10,1
1679,1926,149,chat,54,3,6,0
1680,1478,682,chat,5,1,2,0
1681,1215,603,chat,60,5,10,1
1682,795,34,chat,43,3,6,0
1683,1678,29,chat,8,4,8,1
1684,128,746,chat,13,2,4,0
1685,829,180,video_call,9,3,6,0
1686,97,138,video_call,18,5,10,1
1687,480,738,video_call,41,5,10,1
1688,895,607,video_call,60,2,4,0
1689,789,799,chat,57,2,4,0
1690,1614,719,video_call,9,1,2,0
1691,593,329,chat,14,4,8,1
1692,966,515,chat,59,3,6,0
1693,1342,572,chat,14,5,10,1
1694,1650,661,chat,57,2,4,0
1695,1736,106,video_call,39,1,2,0
1696,696,276,chat,46,4,8,1
1697,148,800,chat,55,1,2,0
1698,42,370,chat,60,5,10,1
1699,1309,460,chat,14,3,6,0
1700,756,12,chat,14,2,4,0
1701,599,86,chat,56,1,2,0
1702,1200,129,chat,36,4,8,1
1703,1278,195,chat,60,4,8,1
1704,940,176,chat,29,1,2,0
1705,96,484,video_call,19,5,10,1
1706,301,301,video_call,14,1,2,0
1707,1430,259,chat,11,3,6,0
1708,235,491,chat,38,1,2,0
1709,348,541,video_call,32,2,4,0
1710,1460,508,video_call,50,3,6,0
1711,128,722,chat,36,3,6,0
1712,1333,46,video_call,5,2,4,0
1713,1894,672,chat,59,1,2,0
1714,927,324,chat,49,1,2,0
1715,439,516,chat,55,2,4,0
1716,892,474,video_call,19,1,2,0
1717,118,232,chat,22,5,10,1
1718,1882,632,chat,24,2,4,0
1719,364,337,chat,19,3,6,0
1720,785,332,video_call,29,5,10,1
1721,1735,391,video_call,37,5,10,1
1722,448,63,video_call,59,2,4,0
1723,1277,743,chat,44,5,10,1
1724,1980,453,video_call,51,3,6,0
1725,867,368,chat,34,2,4,0
1726,1993,130,video_call,5,2,4,0
1727,1082,595,chat,33,5,10,1
1728,1984,397,video_call,14,4,8,1
1729,1978,539,video_call,36,1,2,0
1730,1567,58,video_call,18,5,10,1
1731,1854,316,video_call,21,2,4,0
1732,1930,223,chat,45,2,4,0
1733,6,751,video_call,49,3,6,0
1734,172,711,video_call,54,1,2,0
1735,138,727,chat,13,3,6,0
1736,1106,256,video_call,49,4,8,1
1737,355,201,chat,10,5,10,1
1738,299,305,chat,57,2,4,0
1739,889,73,chat,40,3,6,0
1740,1028,405,chat,60,1,2,0
1741,798,163,chat,50,2,4,0
1742,1526,703,video_call,32,2,4,0
1743,596,372,chat,24,4,8,1
1744,271,99,chat,9,1,2,0
1745,908,144,chat,23,5,10,1
1746,832,243,video_call,27,5,10,1
1747,1684,243,chat,5,3,6,0
1748,352,11,chat,12,2,4,0
1749,1515,798,video_call,12,4,8,1
1750,535,304,video_call,31,1,2,0
1751,695,366,video_call,59,5,10,1
1752,1520,59,chat,24,4,8,1
1753,457,721,chat,57,1,2,0
1754,1719,366,video_call,42,4,8,1
1755,803,513,video_call,45,4,8,1
1756,1821,302,chat,33,5,10,1
1757,48,656,chat,37,4,8,1
1758,1808,502,chat,41,4,8,1
1759,1516,505,chat,18,2,4,0
1760,618,177,chat,52,3,6,0
1761,996,630,video_call,21,5,10,1
1762,935,78,chat,43,1,2,0
1763,1060,10,video_call,38,4,8,1
1764,915,721,chat,5,5,10,1
1765,1566,389,video_call,44,2,4,0
1766,1591,537,video_call,31,4,8,1
1767,1645,232,video_call,52,5,10,1
1768,1619,133,video_call,10,4,8,1
1769,1231,114,video_call,18,2,4,0
1770,1604,688,video_call,13,5,10,1
1771,293,562,chat,30,5,10,1
1772,618,566,chat,59,4,8,1
1773,1451,157,video_call,22,5,10,1
1774,1634,106,video_call,36,2,4,0
1775,951,501,chat,28,3,6,0
1776,1597,613,chat,22,1,2,0
1777,1319,57,video_call,10,5,10,1
1778,1591,366,video_call,11,4,8,1
1779,715,305,video_call,6,1,2,0
1780,1069,526,chat,30,3,6,0
1781,1356,98,chat,28,1,2,0
1782,507,322,chat,37,2,4,0
1783,939,308,chat,23,4,8,1
1784,1497,716,video_call,44,1,2,0
1785,458,485,video_call,25,1,2,0
1786,847,51,chat,10,3,6,0
1787,173,470,video_call,52,2,4,0
1788,1618,267,video_call,53,2,4,0
1789,352,490,video_call,18,2,4,0
1790,991,215,video_call,25,1,2,0
1791,636,464,chat,15,5,10,1
1792,1621,798,video_call,25,4,8,1
1793,134,179,chat,14,2,4,0
1794,426,617,video_call,37,2,4,0
1795,1783,648,chat,7,5,10,1
1796,1967,255,video_call,49,1,2,0
1797,1674,317,chat,23,5,10,1
1798,780,476,chat,17,3,6,0
1799,1205,128,video_call,23,2,4,0
1800,1643,710,video_call,48,1,2,0
1801,168,521,chat,43,3,6,0
1802,1138,751,video_call,20,3,6,0
1803,1391,563,chat,19,4,8,1
1804,1959,7,video_call,27,2,4,0
1805,201,498,video_call,45,2,4,0
1806,699,306,video_call,37,4,8,1
1807,545,422,chat,54,1,2,0
1808,84,130,chat,32,4,8,1
1809,1539,435,video_call,38,3,6,0
1810,760,27,video_call,26,5,10,1
1811,1370,680,video_call,19,2,4,0
1812,1648,41,chat,27,4,8,1
1813,117,352,chat,50,4,8,1
1814,754,345,chat,6,4,8,1
1815,1322,301,video_call,50,4,8,1
1816,1679,759,video_call,38,2,4,0
1817,690,793,video_call,11,3,6,0
1818,857,491,video_call,5,5,10,1
1819,1470,799,chat,32,4,8,1
1820,1623,67,chat,58,3,6,0
1821,266,439,video_call,22,5,10,1
1822,433,324,video_call,27,1,2,0
1823,891,463,video_call,14,3,6,0
1824,336,637,chat,43,2,4,0
1825,680,60,video_call,51,1,2,0
1826,1632,612,video_call,6,5,10,1
1827,1929,22,video_call,12,2,4,0
1828,974,37,chat,19,4,8,1
1829,889,732,video_call,33,1,2,0
1830,585,36,video_call,46,2,4,0
1831,123,686,video_call,51,3,6,0
1832,77,83,chat,12,5,10,1
1833,1601,169,video_call,36,5,10,1
1834,1666,612,chat,28,4,8,1
1835,429,627,video_call,19,1,2,0
1836,1513,197,video_call,39,2,4,0
1837,1749,499,chat,49,5,10,1
1838,1363,657,chat,30,3,6,0
1839,730,495,video_call,26,3,6,0
1840,1138,403,chat,48,5,10,1
1841,38,581,video_call,46,3,6,0
1842,1842,629,chat,21,3,6,0
1843,622,148,video_call,31,4,8,1
1844,846,524,video_call,55,1,2,0
1845,437,254,chat,10,5,10,1
1846,740,715,video_call,31,5,10,1
1847,208,514,chat,36,4,8,1
1848,1405,740,video_call,34,2,4,0
1849,790,589,video_call,47,2,4,0
1850,1258,38,video_call,24,5,10,1
1851,736,176,video_call,8,4,8,1
1852,1933,169,chat,35,1,2,0
1853,634,667,chat,56,5,10,1
1854,838,658,video_call,52,4,8,1
1855,934,521,video_call,38,1,2,0
1856,83,103,chat,29,3,6,0
1857,452,363,video_call,8,1,2,0
1858,1051,709,chat,28,5,10,1
1859,52,643,video_call,20,2,4,0
1860,268,720,video_call,48,3,6,0
1861,737,359,chat,47,5,10,1
1862,535,717,chat,30,5,10,1
1863,505,579,video_call,11,4,8,1
1864,1033,297,chat,56,2,4,0
1865,1308,166,video_call,24,2,4,0
1866,1838,616,chat,19,1,2,0
1867,1321,100,video_call,19,3,6,0
1868,1520,213,video_call,39,5,10,1
1869,1020,157,video_call,14,4,8,1
1870,1328,638,chat,50,4,8,1
1871,1937,512,chat,9,5,10,1
1872,1138,54,video_call,20,2,4,0
1873,661,134,chat,30,4,8,1
1874,1730,795,video_call,32,2,4,0
1875,785,399,chat,35,1,2,0
1876,1300,792,chat,39,3,6,0
1877,808,10,video_call,8,1,2,0
1878,1866,137,video_call,59,4,8,1
1879,352,393,chat,10,4,8,1
1880,909,463,video_call,45,1,2,0
1881,1021,510,chat,26,3,6,0
1882,625,434,chat,51,3,6,0
1883,881,278,chat,5,3,6,0
1884,1143,216,chat,28,4,8,1
1885,1122,244,chat,37,4,8,1
1886,634,275,chat,41,4,8,1
1887,1037,137,chat,39,3,6,0
1888,1896,330,video_call,31,1,2,0
1889,1865,32,video_call,46,5,10,1
1890,340,205,video_call,30,5,10,1
1891,762,514,chat,47,4,8,1
1892,604,751,video_call,48,5,10,1
1893,660,633,video_call,56,2,4,0
1894,1381,649,chat,20,2,4,0
1895,472,522,chat,27,3,6,0
1896,241,738,video_call,12,1,2,0
1897,1554,331,video_call,53,3,6,0
1898,518,629,video_call,21,4,8,1
1899,668,22,video_call,7,4,8,1
1900,1669,520,video_call,14,4,8,1
1901,1087,729,chat,23,4,8,1
1902,779,653,video_call,28,2,4,0
1903,683,720,video_call,50,4,8,1
1904,801,483,video_call,25,2,4,0
1905,263,236,chat,9,4,8,1
1906,1975,523,video_call,51,4,8,1
1907,238,548,video_call,55,4,8,1
1908,111,749,video_call,15,4,8,1
1909,127,90,video_call,36,4,8,1
1910,1620,96,chat,44,1,2,0
1911,1421,180,chat,53,2,4,0
1912,460,347,chat,7,2,4,0
1913,1283,555,video_call,40,1,2,0
1914,808,496,video_call,9,5,10,1
1915,1,268,video_call,48,4,8,1
1916,764,494,video_call,60,5,10,1
1917,325,792,video_call,60,4,8,1
1918,661,701,video_call,31,4,8,1
1919,363,499,chat,52,3,6,0
1920,1287,559,chat,26,4,8,1
1921,1742,329,chat,57,2,4,0
1922,171,139,chat,45,3,6,0
1923,1212,514,video_call,46,2,4,0
1924,1310,784,video_call,44,4,8,1
1925,63,302,video_call,15,2,4,0
1926,1796,475,video_call,23,2,4,0
1927,1184,792,video_call,42,3,6,0
1928,1345,727,chat,16,2,4,0
1929,1103,476,video_call,59,1,2,0
1930,1309,593,video_call,11,5,10,1
1931,976,263,chat,8,2,4,0
1932,699,53,chat,19,5,10,1
1933,1711,780,video_call,47,4,8,1
1934,1984,624,chat,47,5,10,1
1935,276,573,video_call,49,1,2,0
1936,1380,686,video_call,53,2,4,0
1937,996,757,chat,47,5,10,1
1938,275,212,video_call,33,3,6,0
1939,1888,554,video_call,37,4,8,1
1940,1904,753,chat,34,3,6,0
1941,1948,221,video_call,20,3,6,0
1942,815,788,chat,45,2,4,0
1943,1815,441,chat,20,1,2,0
1944,1869,339,video_call,41,3,6,0
1945,1404,152,chat,57,1,2,0
1946,1298,726,video_call,33,3,6,0
1947,1917,658,video_call,59,2,4,0
1948,1444,219,video_call,20,3,6,0
1949,566,291,video_call,22,3,6,0
1950,1616,705,chat,19,1,2,0
1951,512,155,chat,20,5,10,1
1952,1482,357,video_call,41,1,2,0
1953,1543,444,chat,40,1,2,0
1954,1167,684,chat,26,1,2,0
1955,1255,604,video_call,33,4,8,1
1956,746,560,video_call,54,4,8,1
1957,1010,736,chat,34,4,8,1
1958,1184,690,video_call,33,1,2,0
1959,68,785,chat,40,2,4,0
1960,176,327,chat,41,4,8,1
1961,1034,527,chat,19,5,10,1
1962,932,345,chat,59,3,6,0
1963,1215,222,video_call,16,5,10,1
1964,518,226,chat,6,3,6,0
1965,546,605,video_call,57,2,4,0
1966,1723,750,video_call,30,5,10,1
1967,822,798,video_call,20,2,4,0
1968,923,250,video_call,48,1,2,0
1969,926,12,video_call,21,1,2,0
1970,1994,269,video_call,30,5,10,1
1971,250,15,chat,10,3,6,0
1972,1228,238,video_call,51,4,8,1
1973,1104,314,video_call,17,1,2,0
1974,1650,318,video_call,33,3,6,0
1975,811,67,chat,8,1,2,0
1976,1712,786,chat,9,4,8,1
1977,1596,344,chat,47,3,6,0
1978,546,241,chat,57,2,4,0
1979,1427,162,chat,10,2,4,0
1980,361,640,video_call,49,1,2,0
1981,413,508,video_call,19,5,10,1
1982,270,181,video_call,24,4,8,1
1983,1077,355,video_call,50,2,4,0
1984,859,112,video_call,43,1,2,0
1985,1609,126,chat,19,2,4,0
1986,305,531,chat,25,3,6,0
1987,1086,30,chat,59,5,10,1
1988,449,369,video_call,42,5,10,1
1989,736,269,chat,28,3,6,0
1990,1599,252,video_call,51,3,6,0
1991,1581,374,video_call,21,5,10,1
1992,909,406,chat,26,4,8,1
1993,1679,403,video_call,10,1,2,0
1994,1879,228,video_call,28,2,4,0
1995,550,72,chat,13,4,8,1
1996,1580,636,chat,14,1,2,0
1997,975,54,video_call,49,5,10,1
1998,1853,454,chat,35,2,4,0
1999,1615,152,video_call,18,3,6,0
2000,109,622,chat,26,3,6,0
2001,1085,144,video_call,7,1,2,0
2002,1193,720,chat,51,3,6,0
2003,1812,376,chat,35,2,4,0
2004,1579,708,video_call,38,4,8,1
2005,245,261,chat,56,5,10,1
2006,129,518,chat,54,4,8,1
2007,1155,2,video_call,21,1,2,0
2008,1899,214,chat,53,3,6,0
2009,1390,626,chat,58,5,10,1
2010,544,49,chat,47,5,10,1
2011,1367,754,video_call,10,4,8,1
2012,569,82,chat,9,4,8,1
2013,1479,658,video_call,21,3,6,0
2014,878,727,chat,53,5,10,1
2015,428,3,chat,31,3,6,0
2016,1041,43,chat,52,5,10,1
2017,1783,375,chat,43,1,2,0
2018,1579,5,video_call,10,4,8,1
2019,201,289,chat,6,4,8,1
2020,861,618,video_call,37,4,8,1
2021,1433,601,chat,37,4,8,1
2022,1000,548,chat,38,1,2,0
2023,551,726,chat,18,3,6,0
2024,1540,71,video_call,6,3,6,0
2025,1763,362,chat,59,5,10,1
2026,149,563,chat,42,3,6,0
2027,1363,67,chat,12,1,2,0
2028,1130,38,chat,40,2,4,0
2029,1559,111,video_call,19,1,2,0
2030,7,243,chat,48,2,4,0
2031,1748,336,chat,20,3,6,0
2032,897,651,video_call,8,5,10,1
2033,1188,426,video_call,10,2,4,0
2034,803,159,chat,8,3,6,0
2035,1030,726,chat,32,4,8,1
2036,1179,248,video_call,9,4,8,1
2037,1300,167,video_call,30,1,2,0
2038,340,86,video_call,54,1,2,0
2039,1166,175,chat,33,2,4,0
2040,738,28,chat,5,3,6,0
2041,931,14,chat,10,5,10,1
2042,187,701,video_call,54,2,4,0
2043,1705,71,video_call,58,5,10,1
2044,309,396,video_call,57,4,8,1
2045,535,340,chat,38,3,6,0
2046,1712,115,video_call,16,4,8,1
2047,653,451,chat,57,3,6,0
2048,451,739,video_call,24,5,10,1
2049,1571,274,chat,41,5,10,1
2050,1439,395,chat,35,1,2,0
2051,298,671,video_call,55,4,8,1
2052,1450,601,chat,21,1,2,0
2053,165,575,chat,56,3,6,0
2054,853,704,chat,56,4,8,1
2055,1669,310,chat,18,5,10,1
2056,1327,390,video_call,33,5,10,1
2057,1489,611,video_call,20,5,10,1
2058,1368,748,chat,59,1,2,0
2059,396,713,chat,20,3,6,0
2060,1824,610,video_call,46,3,6,0
2061,1749,523,video_call,45,2,4,0
2062,1732,659,chat,44,4,8,1
2063,242,458,video_call,59,4,8,1
2064,1945,215,chat,45,2,4,0
2065,749,407,chat,33,2,4,0
2066,1524,70,chat,18,2,4,0
2067,121,100,video_call,54,4,8,1
2068,698,51,chat,14,2,4,0
2069,546,258,video_call,6,5,10,1
2070,94,696,chat,52,4,8,1
2071,237,302,chat,32,4,8,1
2072,628,167,chat,14,3,6,0
2073,866,69,video_call,48,4,8,1
2074,1560,635,video_call,25,4,8,1
2075,1941,657,video_call,35,1,2,0
2076,1135,225,chat,8,2,4,0
2077,1717,268,chat,31,2,4,0
2078,149,459,chat,30,3,6,0
2079,1348,105,chat,18,5,10,1
2080,617,290,video_call,37,5,10,1
2081,1686,452,chat,29,1,2,0
2082,694,401,chat,33,1,2,0
2083,868,733,chat,43,3,6,0
2084,810,616,chat,31,4,8,1
2085,1661,430,video_call,14,5,10,1
2086,1636,253,chat,49,5,10,1
2087,1910,475,chat,60,3,6,0
2088,226,271,video_call,45,5,10,1
2089,1602,568,video_call,11,3,6,0
2090,942,324,video_call,40,1,2,0
2091,265,50,chat,6,2,4,0
2092,972,604,video_call,25,5,10,1
2093,698,571,video_call,45,1,2,0
2094,1654,298,video_call,52,4,8,1
2095,328,531,video_call,26,3,6,0
2096,754,667,chat,20,3,6,0
2097,1420,479,video_call,42,4,8,1
2098,807,443,chat,13,2,4,0
2099,138,761,chat,11,2,4,0
2100,311,714,chat,36,4,8,1
2101,1529,138,chat,14,3,6,0
2102,327,599,video_call,23,5,10,1
2103,1630,224,video_call,52,3,6,0
2104,1398,752,chat,37,1,2,0
2105,738,105,chat,43,1,2,0
2106,519,169,chat,8,5,10,1
2107,602,732,chat,36,5,10,1
2108,325,414,video_call,56,2,4,0
2109,1626,548,video_call,50,4,8,1
2110,1259,765,video_call,41,3,6,0
2111,1793,453,video_call,49,3,6,0
2112,1069,539,chat,40,4,8,1
2113,1859,695,chat,34,5,10,1
2114,371,655,chat,60,2,4,0
2115,1553,634,video_call,45,4,8,1
2116,1405,354,video_call,43,5,10,1
2117,930,99,chat,60,2,4,0
2118,1126,504,video_call,51,1,2,0
2119,1166,414,chat,27,3,6,0
2120,15,621,chat,35,4,8,1
2121,778,547,chat,13,2,4,0
2122,1157,597,chat,8,1,2,0
2123,1323,703,video_call,48,4,8,1
2124,539,441,chat,60,3,6,0
2125,1010,344,chat,58,4,8,1
2126,545,213,video_call,9,3,6,0
2127,1845,187,video_call,37,4,8,1
2128,607,610,chat,50,1,2,0
2129,1737,293,chat,52,1,2,0
2130,892,421,chat,24,1,2,0
2131,678,724,chat,9,5,10,1
2132,1776,37,chat,59,4,8,1
2133,109,576,video_call,21,2,4,0
2134,1120,405,chat,7,2,4,0
2135,639,427,chat,41,3,6,0
2136,1816,411,chat,36,2,4,0
2137,1904,715,chat,16,5,10,1
2138,670,533,video_call,36,2,4,0
2139,122,485,video_call,57,1,2,0
2140,575,503,chat,41,3,6,0
2141,1812,686,chat,52,5,10,1
2142,1491,299,chat,17,2,4,0
2143,2000,687,chat,45,1,2,0
2144,1723,326,chat,6,4,8,1
2145,518,606,chat,50,4,8,1
2146,645,742,video_call,31,4,8,1
2147,126,4,video_call,38,2,4,0
2148,1333,241,video_call,27,4,8,1
2149,1721,378,video_call,43,3,6,0
2150,1516,637,chat,28,5,10,1
2151,882,220,chat,48,2,4,0
2152,392,211,video_call,43,2,4,0
2153,820,175,video_call,16,3,6,0
2154,1654,527,video_call,52,5,10,1
2155,705,154,video_call,17,2,4,0
2156,84,800,video_call,40,5,10,1
2157,260,386,chat,34,2,4,0
2158,1332,703,chat,39,4,8,1
2159,1927,405,video_call,9,4,8,1
2160,168,370,video_call,54,2,4,0
2161,265,588,chat,13,5,10,1
2162,1759,490,chat,45,1,2,0
2163,89,629,video_call,7,5,10,1
2164,1692,356,chat,25,1,2,0
2165,1007,182,chat,19,4,8,1
2166,1498,555,video_call,56,1,2,0
2167,1126,666,chat,40,2,4,0
2168,283,624,chat,18,4,8,1
2169,1253,139,chat,21,4,8,1
2170,1420,102,chat,49,1,2,0
2171,786,237,chat,48,2,4,0
2172,1433,155,video_call,47,1,2,0
2173,737,38,chat,50,3,6,0
2174,88,674,chat,33,1,2,0
2175,1873,8,video_call,9,4,8,1
2176,678,562,chat,37,1,2,0
2177,634,688,video_call,43,3,6,0
2178,1898,247,video_call,48,1,2,0
2179,484,218,video_call,38,1,2,0
2180,1846,589,chat,7,1,2,0
2181,1656,17,chat,17,1,2,0
2182,1773,552,video_call,24,3,6,0
2183,70,359,chat,11,1,2,0
2184,605,270,chat,30,1,2,0
2185,955,664,chat,14,2,4,0
2186,1704,167,chat,21,5,10,1
2187,578,125,chat,23,2,4,0
2188,1277,123,video_call,56,3,6,0
2189,687,175,video_call,24,2,4,0
2190,840,35,chat,8,4,8,1
2191,1644,141,video_call,21,5,10,1
2192,956,449,video_call,54,3,6,0
2193,1362,149,video_call,15,1,2,0
2194,1568,307,chat,38,2,4,0
2195,306,383,video_call,15,3,6,0
2196,1254,435,chat,59,3,6,0
2197,774,227,chat,46,2,4,0
2198,388,451,video_call,60,3,6,0
2199,1249,77,video_call,29,2,4,0
2200,186,187,video_call,11,5,10,1
2201,1281,603,video_call,13,2,4,0
2202,1678,60,chat,43,4,8,1
2203,1111,270,chat,43,2,4,0
2204,1377,698,chat,25,1,2,0
2205,1378,5,video_call,52,4,8,1
2206,362,546,chat,8,1,2,0
2207,714,157,video_call,28,5,10,1
2208,595,615,chat,21,4,8,1
2209,922,491,video_call,27,3,6,0
2210,341,765,video_call,22,4,8,1
2211,1470,117,chat,35,5,10,1
2212,1953,100,chat,44,4,8,1
2213,30,17,chat,36,2,4,0
2214,1695,643,video_call,25,3,6,0
2215,715,469,chat,13,3,6,0
2216,679,534,video_call,17,5,10,1
2217,986,746,chat,15,2,4,0
2218,1330,493,video_call,56,2,4,0
2219,675,794,chat,47,2,4,0
2220,1292,537,chat,13,5,10,1
2221,940,693,video_call,41,3,6,0
2222,1297,518,chat,9,5,10,1
2223,1385,512,video_call,10,1,2,0
2224,1239,112,chat,38,4,8,1
2225,807,422,video_call,36,5,10,1
2226,1068,732,chat,16,1,2,0
2227,1206,385,video_call,6,4,8,1
2228,1210,581,chat,32,3,6,0
2229,1158,65,chat,53,4,8,1
2230,1383,364,video_call,59,1,2,0
2231,1858,74,video_call,20,2,4,0
2232,1004,396,chat,24,1,2,0
2233,306,31,video_call,51,3,6,0
2234,734,586,chat,11,4,8,1
2235,1324,138,chat,46,2,4,0
2236,1826,462,chat,21,4,8,1
2237,615,199,video_call,59,1,2,0
2238,1462,472,chat,15,2,4,0
2239,1721,28,video_call,22,1,2,0
2240,780,431,video_call,5,3,6,0
2241,1577,586,chat,5,1,2,0
2242,1764,251,chat,37,5,10,1
2243,8,120,video_call,39,2,4,0
2244,266,524,chat,40,5,10,1
2245,1921,6,chat,10,4,8,1
2246,1892,462,video_call,8,1,2,0
2247,1305,799,video_call,34,1,2,0
2248,1943,59,chat,41,5,10,1
2249,124,706,chat,57,4,8,1
2250,1251,670,chat,25,5,10,1
2251,1817,767,video_call,55,3,6,0
2252,185,646,chat,8,3,6,0
2253,566,800,video_call,12,4,8,1
2254,1310,504,video_call,42,3,6,0
2255,1994,255,video_call,20,2,4,0
2256,1184,450,video_call,37,4,8,1
2257,1673,650,video_call,24,2,4,0
2258,752,304,chat,52,3,6,0
2259,1757,224,video_call,19,2,4,0
2260,263,258,video_call,53,5,10,1
2261,1020,662,video_call,15,4,8,1
2262,1337,554,video_call,57,4,8,1
2263,1811,223,chat,22,2,4,0
2264,1867,338,chat,18,5,10,1
2265,656,475,video_call,59,1,2,0
2266,967,748,chat,44,1,2,0
2267,1998,768,video_call,44,2,4,0
2268,784,588,video_call,58,5,10,1
2269,1762,646,video_call,60,3,6,0
2270,1476,745,chat,35,2,4,0
2271,766,753,chat,39,4,8,1
2272,1139,487,chat,47,4,8,1
2273,1049,739,chat,45,2,4,0
2274,977,399,chat,15,2,4,0
2275,1841,49,chat,41,4,8,1
2276,821,242,video_call,27,4,8,1
2277,363,274,chat,15,3,6,0
2278,862,470,chat,15,3,6,0
2279,1276,199,chat,57,4,8,1
2280,520,620,video_call,28,3,6,0
2281,1313,409,chat,20,4,8,1
2282,399,746,chat,45,5,10,1
2283,1593,251,chat,34,4,8,1
2284,1942,392,chat,51,2,4,0
2285,1988,144,chat,6,5,10,1
2286,256,617,video_call,5,4,8,1
2287,162,233,video_call,8,2,4,0
2288,790,636,chat,47,3,6,0
2289,782,673,chat,37,1,2,0
2290,1178,554,video_call,48,1,2,0
2291,1219,181,chat,47,1,2,0
2292,1681,190,chat,59,1,2,0
2293,880,757,chat,40,1,2,0
2294,1159,478,chat,10,1,2,0
2295,354,285,video_call,34,2,4,0
2296,170,607,video_call,18,3,6,0
2297,1852,268,video_call,60,4,8,1
2298,459,651,video_call,16,5,10,1
2299,991,574,video_call,49,4,8,1
2300,1754,449,chat,34,4,8,1
2301,772,434,chat,54,1,2,0
2302,4,617,video_call,28,2,4,0
2303,1143,301,video_call,9,3,6,0
2304,362,750,chat,38,3,6,0
2305,201,298,chat,59,1,2,0
2306,1740,464,video_call,28,2,4,0
2307,1537,324,video_call,60,3,6,0
2308,980,742,video_call,50,3,6,0
2309,35,185,chat,10,1,2,0
2310,1831,459,video_call,55,4,8,1
2311,807,651,chat,47,1,2,0
2312,1152,30,chat,25,2,4,0
2313,1202,465,video_call,57,4,8,1
2314,1916,701,chat,16,1,2,0
2315,1645,717,video_call,29,5,10,1
2316,545,1,video_call,51,4,8,1
2317,210,306,video_call,5,4,8,1
2318,1790,240,video_call,52,5,10,1
2319,735,172,chat,17,2,4,0
2320,522,586,chat,36,1,2,0
2321,24,623,video_call,53,3,6,0
2322,919,93,video_call,52,5,10,1
2323,96,5,video_call,13,5,10,1
2324,1077,14,video_call,37,3,6,0
2325,628,286,video_call,10,3,6,0
2326,781,452,chat,47,2,4,0
2327,1264,78,chat,20,1,2,0
2328,20,124,chat,28,4,8,1
2329,1445,413,chat,29,4,8,1
2330,994,746,video_call,59,5,10,1
2331,1726,517,chat,12,1,2,0
2332,1496,377,video_call,43,2,4,0
2333,553,765,chat,46,3,6,0
2334,1533,616,video_call,22,3,6,0
2335,330,353,chat,22,3,6,0
2336,1322,726,chat,45,4,8,1
2337,1309,431,video_call,15,5,10,1
2338,1742,548,chat,51,1,2,0
2339,381,138,chat,40,4,8,1
2340,1587,212,chat,55,4,8,1
2341,1183,322,video_call,14,1,2,0
2342,372,182,video_call,54,2,4,0
2343,966,202,chat,59,3,6,0
2344,1951,525,video_call,60,5,10,1
2345,1466,413,chat,16,1,2,0
2346,571,418,video_call,22,4,8,1
2347,1883,198,chat,15,5,10,1
2348,365,206,chat,30,4,8,1
2349,521,343,chat,43,2,4,0
2350,258,381,video_call,20,5,10,1
2351,709,482,video_call,19,1,2,0
2352,74,54,chat,36,1,2,0
2353,1309,710,video_call,13,3,6,0
2354,610,396,video_call,10,1,2,0
2355,565,334,chat,22,3,6,0
2356,1791,786,video_call,25,5,10,1
2357,1770,415,chat,16,1,2,0
2358,705,356,chat,52,3,6,0
2359,1714,661,video_call,7,3,6,0
2360,852,608,video_call,15,5,10,1
2361,133,794,video_call,37,4,8,1
2362,1723,478,video_call,45,4,8,1
2363,616,15,chat,6,1,2,0
2364,1625,412,chat,56,3,6,0
2365,317,34,chat,7,4,8,1
2366,1353,39,video_call,32,4,8,1
2367,1301,99,chat,5,5,10,1
2368,1881,327,chat,56,2,4,0
2369,560,379,chat,15,2,4,0
2370,1518,266,chat,60,4,8,1
2371,1434,137,chat,17,4,8,1
2372,1762,441,video_call,44,2,4,0
2373,1423,661,chat,22,4,8,1
2374,360,252,chat,28,4,8,1
2375,1767,30,video_call,5,2,4,0
2376,153,271,video_call,18,5,10,1
2377,424,484,chat,31,3,6,0
2378,1659,197,video_call,26,5,10,1
2379,1430,165,chat,59,2,4,0
2380,1370,37,video_call,44,1,2,0
2381,221,564,video_call,51,2,4,0
2382,376,50,video_call,14,3,6,0
2383,1007,568,video_call,27,5,10,1
2384,75,709,video_call,54,2,4,0
2385,1096,282,video_call,42,4,8,1
2386,1108,326,chat,15,3,6,0
2387,1496,458,chat,14,2,4,0
2388,633,270,video_call,36,4,8,1
2389,476,269,chat,18,1,2,0
2390,1774,101,video_call,51,1,2,0
2391,873,50,chat,36,2,4,0
2392,1514,153,chat,58,3,6,0
2393,18,533,video_call,35,1,2,0
2394,1265,736,video_call,51,5,10,1
2395,1275,208,chat,23,2,4,0
2396,1646,53,video_call,15,5,10,1
2397,87,779,chat,19,2,4,0
2398,158,792,chat,34,1,2,0
2399,1792,529,chat,51,1,2,0
2400,431,423,chat,23,1,2,0
2401,315,270,chat,16,2,4,0
2402,1854,236,video_call,44,3,6,0
2403,1039,408,chat,42,4,8,1
2404,1942,615,chat,34,3,6,0
2405,1189,757,chat,57,2,4,0
2406,1024,423,video_call,8,3,6,0
2407,682,62,video_call,53,1,2,0
2408,1949,25,video_call,17,2,4,0
2409,1040,552,chat,43,2,4,0
2410,807,244,video_call,29,3,6,0
2411,409,368,chat,25,5,10,1
2412,727,586,video_call,10,4,8,1
2413,1094,243,chat,25,4,8,1
2414,262,561,video_call,28,2,4,0
2415,1577,280,chat,43,1,2,0
2416,971,697,video_call,6,4,8,1
2417,1379,156,video_call,54,2,4,0
2418,719,385,chat,32,4,8,1
2419,1434,474,video_call,28,1,2,0
2420,743,79,chat,34,5,10,1
2421,814,145,chat,28,5,10,1
2422,1165,160,chat,29,1,2,0
2423,1929,151,chat,42,4,8,1
2424,607,198,chat,22,5,10,1
2425,1691,584,chat,49,5,10,1
2426,151,661,video_call,26,4,8,1
2427,1047,753,chat,12,2,4,0
2428,1282,445,chat,22,4,8,1
2429,1912,103,video_call,27,5,10,1
2430,1382,532,video_call,24,3,6,0
2431,581,436,video_call,57,5,10,1
2432,1715,188,chat,39,4,8,1
2433,1395,598,video_call,19,5,10,1
2434,209,355,video_call,43,2,4,0
2435,306,337,chat,54,3,6,0
2436,1137,436,chat,21,4,8,1
2437,1356,432,video_call,40,5,10,1
2438,216,313,video_call,23,3,6,0
2439,230,756,chat,47,2,4,0
2440,326,791,chat,35,4,8,1
2441,1947,585,video_call,15,2,4,0
2442,1692,279,video_call,5,3,6,0
2443,351,299,chat,22,3,6,0
2444,1844,421,video_call,51,1,2,0
2445,953,52,chat,31,5,10,1
2446,43,158,chat,41,2,4,0
2447,1953,208,chat,28,1,2,0
2448,822,413,chat,43,1,2,0
2449,745,755,video_call,18,5,10,1
2450,585,574,video_call,30,2,4,0
2451,1044,750,video_call,60,2,4,0
2452,1412,682,video_call,59,3,6,0
2453,829,707,chat,51,5,10,1
2454,110,689,chat,52,4,8,1
2455,1522,770,chat,31,3,6,0
2456,991,26,video_call,9,4,8,1
2457,1280,422,chat,49,2,4,0
2458,487,99,chat,14,2,4,0
2459,1114,622,chat,12,4,8,1
2460,764,518,chat,46,4,8,1
2461,1054,645,video_call,33,2,4,0
2462,976,585,video_call,35,5,10,1
2463,1093,711,video_call,34,5,10,1
2464,1477,790,chat,18,3,6,0
2465,265,565,chat,42,2,4,0
2466,745,763,video_call,26,4,8,1
2467,79,149,video_call,22,3,6,0
2468,736,280,video_call,5,1,2,0
2469,963,736,chat,60,4,8,1
2470,855,509,chat,56,3,6,0
2471,233,448,video_call,55,3,6,0
2472,949,187,video_call,29,1,2,0
2473,1184,50,video_call,19,3,6,0
2474,1005,583,video_call,14,4,8,1
2475,1302,181,video_call,47,4,8,1
2476,1900,492,video_call,13,3,6,0
2477,1489,654,video_call,10,2,4,0
2478,1483,469,chat,46,5,10,1
2479,655,706,video_call,36,3,6,0
2480,544,240,chat,37,3,6,0
2481,1952,255,chat,31,1,2,0
2482,1306,44,chat,23,2,4,0
2483,737,200,video_call,18,5,10,1
2484,1218,644,video_call,34,1,2,0
2485,1531,264,chat,39,3,6,0
2486,690,657,video_call,38,2,4,0
2487,50,109,video_call,37,4,8,1
2488,142,137,video_call,32,4,8,1
2489,1327,257,video_call,56,5,10,1
2490,807,628,chat,54,1,2,0
2491,280,163,chat,45,3,6,0
2492,934,517,chat,26,1,2,0
2493,1899,312,chat,23,4,8,1
2494,1885,591,video_call,59,4,8,1
2495,390,484,video_call,21,2,4,0
2496,1528,442,chat,26,1,2,0
2497,1239,519,video_call,12,1,2,0
2498,1511,280,video_call,18,3,6,0
2499,1705,743,chat,25,4,8,1
2500,950,453,video_call,50,3,6,0
2501,1773,455,chat,58,5,10,1
2502,445,585,chat,23,4,8,1
2503,515,377,chat,7,4,8,1
2504,1881,621,video_call,31,2,4,0
2505,693,233,video_call,5,3,6,0
2506,1185,13,video_call,44,5,10,1
2507,1716,537,video_call,52,4,8,1
2508,1280,433,chat,23,1,2,0
2509,1207,270,chat,38,5,10,1
2510,891,56,video_call,25,4,8,1
2511,110,141,video_call,40,5,10,1
2512,1316,271,video_call,6,3,6,0
2513,1136,758,chat,9,1,2,0
2514,1383,398,video_call,30,5,10,1
2515,1955,199,video_call,57,3,6,0
2516,1488,692,chat,38,2,4,0
2517,1890,328,video_call,32,2,4,0
2518,1265,662,chat,23,1,2,0
2519,1771,198,video_call,25,1,2,0
2520,682,77,chat,11,3,6,0
2521,1964,41,video_call,55,2,4,0
2522,1064,323,chat,22,4,8,1
2523,706,513,video_call,9,4,8,1
2524,175,506,video_call,36,5,10,1
2525,1001,147,video_call,14,5,10,1
2526,754,52,chat,12,3,6,0
2527,1765,269,video_call,35,3,6,0
2528,1688,135,chat,23,4,8,1
2529,1177,140,video_call,18,4,8,1
2530,288,477,video_call,48,2,4,0
2531,298,114,chat,50,2,4,0
2532,283,652,chat,11,5,10,1
2533,1948,41,chat,50,1,2,0
2534,956,765,video_call,15,2,4,0
2535,1615,578,video_call,42,4,8,1
2536,606,545,video_call,49,3,6,0
2537,813,558,video_call,8,4,8,1
2538,443,73,chat,44,3,6,0
2539,818,386,chat,26,2,4,0
2540,744,244,video_call,24,3,6,0
2541,759,572,video_call,9,1,2,0
2542,778,604,video_call,58,2,4,0
2543,84,269,video_call,40,5,10,1
2544,574,10,chat,19,3,6,0
2545,691,198,video_call,24,2,4,0
2546,1313,37,video_call,45,2,4,0
2547,1619,627,video_call,41,5,10,1
2548,438,572,chat,58,2,4,0
2549,1592,148,video_call,37,4,8,1
2550,71,32,chat,51,3,6,0
2551,542,35,video_call,43,1,2,0
2552,788,145,chat,26,5,10,1
2553,208,572,chat,50,2,4,0
2554,1315,92,video_call,19,4,8,1
2555,663,676,video_call,57,2,4,0
2556,437,316,video_call,44,3,6,0
2557,296,116,chat,44,1,2,0
2558,88,103,video_call,48,5,10,1
2559,802,63,chat,29,2,4,0
2560,622,34,video_call,47,3,6,0
2561,565,458,video_call,40,3,6,0
2562,1836,370,chat,26,2,4,0
2563,1598,461,chat,24,2,4,0
2564,879,100,video_call,35,2,4,0
2565,528,160,chat,29,2,4,0
2566,1618,704,video_call,8,5,10,1
2567,652,297,video_call,20,4,8,1
2568,1173,386,video_call,13,2,4,0
2569,913,553,chat,33,2,4,0
2570,1114,284,video_call,27,1,2,0
2571,1624,686,video_call,37,3,6,0
2572,1444,408,video_call,5,5,10,1
2573,1250,269,video_call,54,3,6,0
2574,1689,696,video_call,53,4,8,1
2575,972,224,chat,52,2,4,0
2576,1760,297,chat,44,3,6,0
2577,1481,535,video_call,29,3,6,0
2578,870,173,video_call,12,3,6,0
2579,275,789,chat,47,3,6,0
2580,1655,180,chat,11,3,6,0
2581,1908,276,chat,57,1,2,0
2582,278,697,chat,44,1,2,0
2583,1614,526,video_call,54,3,6,0
2584,739,606,video_call,49,2,4,0
2585,1671,74,chat,52,2,4,0
2586,1668,508,chat,22,3,6,0
2587,1032,766,chat,24,1,2,0
2588,1387,770,video_call,33,5,10,1
2589,888,498,video_call,42,2,4,0
2590,446,345,video_call,29,5,10,1
2591,1120,733,video_call,48,4,8,1
2592,744,516,chat,15,5,10,1
2593,1741,260,video_call,13,2,4,0
2594,1192,385,chat,6,1,2,0
2595,68,269,video_call,50,4,8,1
2596,1488,202,video_call,53,3,6,0
2597,1477,9,video_call,7,1,2,0
2598,63,320,chat,9,4,8,1
2599,588,742,video_call,7,1,2,0
2600,230,362,video_call,43,4,8,1
2601,1178,163,chat,41,2,4,0
2602,590,271,chat,41,5,10,1
2603,461,720,video_call,22,2,4,0
2604,1979,305,chat,41,2,4,0
2605,1168,616,chat,17,1,2,0
2606,1393,397,chat,25,1,2,0
2607,1102,290,video_call,46,2,4,0
2608,1774,786,chat,29,4,8,1
2609,733,140,video_call,37,5,10,1
2610,202,701,video_call,44,5,10,1
2611,301,291,video_call,44,1,2,0
2612,435,145,chat,42,4,8,1
2613,1843,585,chat,18,1,2,0
2614,431,177,chat,9,1,2,0
2615,1189,774,video_call,36,2,4,0
2616,692,352,video_call,34,3,6,0
2617,445,323,chat,43,4,8,1
2618,522,99,video_call,60,1,2,0
2619,429,719,video_call,39,5,10,1
2620,204,219,chat,51,1,2,0
2621,164,471,video_call,53,3,6,0
2622,1099,199,video_call,49,5,10,1
2623,931,528,chat,8,3,6,0
2624,1862,228,video_call,31,4,8,1
2625,664,390,video_call,28,1,2,0
2626,1811,502,chat,56,3,6,0
2627,1444,133,chat,49,1,2,0
2628,354,110,chat,47,2,4,0
2629,1330,26,video_call,48,2,4,0
2630,1849,70,chat,23,4,8,1
2631,1754,800,chat,53,2,4,0
2632,4,567,chat,12,4,8,1
2633,1031,420,chat,19,5,10,1
2634,1493,440,video_call,41,2,4,0
2635,1655,713,chat,53,4,8,1
2636,354,217,chat,57,2,4,0
2637,924,437,video_call,22,5,10,1
2638,1374,359,chat,8,1,2,0
2639,1972,147,video_call,51,4,8,1
2640,1308,278,chat,38,2,4,0
2641,262,507,video_call,36,5,10,1
2642,912,718,chat,7,4,8,1
2643,762,419,video_call,51,1,2,0
2644,1741,662,video_call,36,2,4,0
2645,42,428,chat,37,2,4,0
2646,1838,267,video_call,32,1,2,0
2647,1027,66,video_call,6,5,10,1
2648,741,166,video_call,5,3,6,0
2649,351,456,video_call,44,5,10,1
2650,1039,608,chat,50,2,4,0
2651,635,279,chat,48,1,2,0
2652,376,396,chat,38,3,6,0
2653,1692,668,chat,10,3,6,0
2654,1081,429,chat,9,3,6,0
2655,807,412,video_call,38,3,6,0
2656,1957,79,chat,54,5,10,1
2657,1427,539,chat,14,3,6,0
2658,1615,792,video_call,46,3,6,0
2659,768,442,chat,43,3,6,0
2660,1494,170,video_call,23,5,10,1
2661,290,541,video_call,32,5,10,1
2662,1899,288,chat,50,4,8,1
2663,10,734,chat,5,2,4,0
2664,1655,765,chat,30,1,2,0
2665,1114,167,video_call,8,3,6,0
2666,1069,306,chat,48,1,2,0
2667,87,679,chat,41,4,8,1
2668,1035,603,chat,9,2,4,0
2669,1602,593,chat,49,3,6,0
2670,383,596,chat,7,2,4,0
2671,414,365,chat,25,5,10,1
2672,1897,368,chat,49,5,10,1
2673,1784,642,video_call,31,5,10,1
2674,363,530,video_call,25,2,4,0
2675,1865,566,chat,42,4,8,1
2676,843,660,video_call,14,1,2,0
2677,1499,436,video_call,58,4,8,1
2678,1884,135,video_call,14,5,10,1
2679,1897,187,video_call,20,3,6,0
2680,1947,24,chat,33,3,6,0
2681,650,756,video_call,36,5,10,1
2682,1199,759,chat,52,3,6,0
2683,1490,579,chat,44,1,2,0
2684,1260,134,chat,22,4,8,1
2685,86,254,chat,52,3,6,0
2686,532,455,chat,35,2,4,0
2687,51,398,chat,47,1,2,0
2688,136,350,chat,19,3,6,0
2689,533,797,video_call,9,2,4,0
2690,596,11,chat,9,5,10,1
2691,1972,679,chat,40,1,2,0
2692,1757,143,video_call,59,5,10,1
2693,1934,305,chat,30,3,6,0
2694,510,180,video_call,60,2,4,0
2695,1160,641,video_call,55,2,4,0
2696,1747,445,video_call,56,4,8,1
2697,302,164,video_call,46,3,6,0
2698,1727,619,chat,34,1,2,0
2699,526,284,video_call,11,3,6,0
2700,854,723,chat,12,3,6,0
2701,273,141,video_call,49,1,2,0
2702,976,234,video_call,50,2,4,0
2703,53,92,chat,14,1,2,0
2704,977,537,video_call,60,5,10,1
2705,718,646,chat,60,5,10,1
2706,1098,60,video_call,55,2,4,0
2707,1070,140,video_call,34,1,2,0
2708,165,130,chat,11,2,4,0
2709,1897,277,video_call,48,1,2,0
2710,841,202,chat,8,3,6,0
2711,873,30,chat,28,3,6,0
2712,742,471,video_call,43,1,2,0
2713,1854,219,video_call,25,1,2,0
2714,977,481,chat,27,1,2,0
2715,257,123,chat,48,5,10,1
2716,1868,762,chat,24,4,8,1
2717,159,528,video_call,37,1,2,0
2718,1476,762,video_call,36,1,2,0
2719,1461,548,chat,35,2,4,0
2720,586,518,video_call,10,5,10,1
2721,411,37,chat,16,3,6,0
2722,449,367,chat,19,3,6,0
2723,1466,584,chat,50,4,8,1
2724,1857,240,chat,41,3,6,0
2725,880,795,video_call,5,3,6,0
2726,1164,785,chat,10,1,2,0
2727,1134,667,chat,60,2,4,0
2728,694,500,chat,58,4,8,1
2729,634,467,chat,42,1,2,0
2730,713,720,chat,12,4,8,1
2731,1115,47,chat,9,5,10,1
2732,1440,419,video_call,19,4,8,1
2733,1560,576,video_call,59,1,2,0
2734,1804,270,video_call,9,3,6,0
2735,200,255,video_call,42,4,8,1
2736,1789,686,chat,57,2,4,0
2737,453,31,video_call,35,1,2,0
2738,210,778,chat,27,2,4,0
2739,739,456,chat,43,2,4,0
2740,1111,154,chat,27,2,4,0
2741,1014,504,chat,44,5,10,1
2742,197,768,chat,8,2,4,0
2743,1017,569,video_call,49,2,4,0
2744,1967,8,video_call,24,1,2,0
2745,1494,70,video_call,9,5,10,1
2746,250,537,chat,27,5,10,1
2747,403,223,chat,14,5,10,1
2748,566,664,chat,10,4,8,1
2749,1162,764,video_call,20,3,6,0
2750,1482,477,video_call,42,4,8,1
2751,1993,789,video_call,32,3,6,0
2752,559,243,video_call,53,4,8,1
2753,1658,274,video_call,46,5,10,1
2754,849,254,chat,42,2,4,0
2755,842,156,chat,10,3,6,0
2756,657,201,chat,28,1,2,0
2757,43,790,video_call,35,4,8,1
2758,590,630,video_call,7,1,2,0
2759,1920,276,video_call,24,3,6,0
2760,742,1,video_call,47,2,4,0
2761,1099,745,chat,12,4,8,1
2762,1063,655,chat,20,3,6,0
2763,413,123,chat,34,3,6,0
2764,1977,531,chat,51,3,6,0
2765,1860,470,video_call,51,2,4,0
2766,916,746,video_call,9,5,10,1
2767,167,177,video_call,44,2,4,0
2768,1892,796,video_call,33,4,8,1
2769,595,220,chat,17,1,2,0
2770,1748,351,video_call,27,2,4,0
2771,1204,257,chat,48,3,6,0
2772,705,272,chat,55,3,6,0
2773,783,791,video_call,31,1,2,0
2774,434,550,chat,16,4,8,1
2775,1310,719,chat,44,5,10,1
2776,1596,534,chat,28,3,6,0
2777,865,283,chat,20,1,2,0
2778,1724,510,chat,60,1,2,0
2779,915,255,video_call,18,1,2,0
2780,883,231,chat,37,5,10,1
2781,1518,572,chat,20,3,6,0
2782,930,638,video_call,34,3,6,0
2783,675,46,video_call,45,2,4,0
2784,5,213,video_call,46,4,8,1
2785,615,676,chat,18,4,8,1
2786,1586,365,chat,48,2,4,0
2787,1699,369,video_call,58,4,8,1
2788,1023,603,video_call,18,5,10,1
2789,961,537,video_call,32,5,10,1
2790,642,505,video_call,22,2,4,0
2791,53,471,chat,55,2,4,0
2792,30,226,video_call,17,2,4,0
2793,607,613,chat,14,1,2,0
2794,305,682,chat,37,3,6,0
2795,1806,380,chat,15,2,4,0
2796,1953,80,video_call,30,1,2,0
2797,351,599,chat,25,3,6,0
2798,1229,256,chat,12,5,10,1
2799,192,59,video_call,37,1,2,0
2800,1813,200,video_call,52,5,10,1
2801,531,449,video_call,19,4,8,1
2802,844,164,video_call,41,3,6,0
2803,1441,663,video_call,23,3,6,0
2804,1467,509,chat,49,4,8,1
2805,1750,770,video_call,34,2,4,0
2806,950,409,video_call,48,1,2,0
2807,474,669,chat,51,2,4,0
2808,1278,66,video_call,37,4,8,1
2809,1284,448,video_call,37,2,4,0
2810,385,772,video_call,18,5,10,1
2811,1232,325,video_call,32,1,2,0
2812,1348,466,video_call,45,1,2,0
2813,1079,374,chat,7,2,4,0
2814,356,89,chat,37,5,10,1
2815,788,325,chat,16,3,6,0
2816,424,693,chat,43,4,8,1
2817,1613,480,video_call,8,2,4,0
2818,370,764,chat,5,3,6,0
2819,1183,479,video_call,10,4,8,1
2820,472,386,video_call,35,5,10,1
2821,266,185,chat,5,5,10,1
2822,941,404,chat,26,4,8,1
2823,1585,692,chat,60,2,4,0
2824,1423,398,video_call,47,3,6,0
2825,790,575,video_call,46,2,4,0
2826,1052,295,video_call,14,3,6,0
2827,382,374,chat,49,3,6,0
2828,1935,42,chat,44,3,6,0
2829,1999,693,chat,26,5,10,1
2830,1483,261,chat,54,1,2,0
2831,1212,684,chat,58,3,6,0
2832,985,547,video_call,14,1,2,0
2833,1270,243,video_call,47,1,2,0
2834,31,299,chat,33,5,10,1
2835,890,489,video_call,17,2,4,0
2836,1674,556,chat,34,4,8,1
2837,1739,16,video_call,43,1,2,0
2838,1315,515,chat,34,3,6,0
2839,1214,110,video_call,22,4,8,1
2840,179,327,chat,31,5,10,1
2841,1432,301,chat,40,4,8,1
2842,150,176,chat,37,2,4,0
2843,978,509,chat,36,4,8,1
2844,1698,508,chat,35,3,6,0
2845,1094,692,chat,54,2,4,0
2846,950,598,video_call,16,4,8,1
2847,728,605,video_call,60,5,10,1
2848,1333,320,chat,54,5,10,1
2849,1267,715,video_call,37,2,4,0
2850,711,336,video_call,54,1,2,0
2851,1117,47,chat,32,2,4,0
2852,1309,134,chat,59,3,6,0
2853,88,165,video_call,31,1,2,0
2854,1376,588,chat,50,5,10,1
2855,36,711,chat,41,4,8,1
2856,1722,122,video_call,53,5,10,1
2857,961,162,video_call,23,4,8,1
2858,1390,699,video_call,53,3,6,0
2859,1603,283,video_call,46,4,8,1
2860,332,752,chat,13,4,8,1
2861,1258,367,video_call,30,4,8,1
2862,1980,787,video_call,16,3,6,0
2863,168,372,chat,42,1,2,0
2864,606,703,chat,47,4,8,1
2865,669,272,video_call,52,4,8,1
2866,1619,263,video_call,14,3,6,0
2867,595,231,video_call,30,4,8,1
2868,798,496,video_call,22,1,2,0
2869,209,766,video_call,18,5,10,1
2870,442,429,chat,30,3,6,0
2871,822,349,chat,24,5,10,1
2872,2000,18,video_call,54,1,2,0
2873,365,587,chat,14,2,4,0
2874,1387,383,video_call,54,4,8,1
2875,594,646,chat,54,3,6,0
2876,1489,619,chat,8,5,10,1
2877,1852,235,video_call,27,1,2,0
2878,924,287,chat,51,1,2,0
2879,1381,155,chat,57,2,4,0
2880,700,535,chat,27,3,6,0
2881,643,719,chat,57,5,10,1
2882,982,100,chat,22,4,8,1
2883,1667,642,chat,41,4,8,1
2884,1756,632,chat,26,4,8,1
2885,783,155,video_call,43,1,2,0
2886,491,566,video_call,5,2,4,0
2887,672,110,video_call,58,2,4,0
2888,868,502,video_call,59,4,8,1
2889,645,284,video_call,45,5,10,1
2890,396,617,chat,38,5,10,1
2891,4,547,video_call,32,3,6,0
2892,648,147,video_call,5,4,8,1
2893,795,290,video_call,25,3,6,0
2894,438,320,video_call,6,2,4,0
2895,1817,605,chat,57,4,8,1
2896,206,88,video_call,41,2,4,0
2897,779,387,video_call,23,3,6,0
2898,988,203,video_call,13,1,2,0
2899,1428,695,chat,6,4,8,1
2900,1055,195,chat,58,5,10,1
2901,510,480,chat,15,4,8,1
2902,561,790,video_call,6,3,6,0
2903,1403,131,video_call,54,1,2,0
2904,600,413,video_call,36,1,2,0
2905,299,715,chat,53,1,2,0
2906,1287,799,chat,27,3,6,0
2907,626,318,video_call,17,4,8,1
2908,771,150,chat,27,4,8,1
2909,1785,542,video_call,35,1,2,0
2910,1474,770,chat,54,5,10,1
2911,973,348,video_call,22,1,2,0
2912,905,628,video_call,8,2,4,0
2913,1243,539,chat,35,4,8,1
2914,1525,525,chat,16,4,8,1
2915,1929,485,video_call,48,2,4,0
2916,1628,739,video_call,60,1,2,0
2917,286,564,chat,21,5,10,1
2918,1439,612,video_call,40,3,6,0
2919,434,426,video_call,36,4,8,1
2920,489,448,chat,51,4,8,1
2921,1693,776,video_call,37,5,10,1
2922,665,175,chat,26,3,6,0
2923,1215,190,video_call,41,1,2,0
2924,1587,499,chat,18,3,6,0
2925,1741,111,chat,53,2,4,0
2926,198,464,chat,17,5,10,1
2927,1257,522,video_call,17,3,6,0
2928,17,349,chat,9,3,6,0
2929,1912,539,chat,32,3,6,0
2930,1214,481,chat,42,5,10,1
2931,432,512,video_call,26,4,8,1
2932,1774,686,video_call,8,1,2,0
2933,1670,573,chat,11,2,4,0
2934,1652,80,video_call,60,5,10,1
2935,790,352,video_call,40,3,6,0
2936,931,526,chat,48,5,10,1
2937,212,276,chat,18,4,8,1
2938,1773,363,video_call,10,4,8,1
2939,676,571,chat,12,4,8,1
2940,1612,489,chat,30,5,10,1
2941,111,764,video_call,6,2,4,0
2942,1695,401,chat,18,3,6,0
2943,996,468,chat,12,1,2,0
2944,1213,248,video_call,8,2,4,0
2945,1018,365,video_call,29,1,2,0
2946,1718,105,chat,41,1,2,0
2947,1741,529,chat,11,5,10,1
2948,1069,646,chat,48,5,10,1
2949,756,44,video_call,22,2,4,0
2950,1793,558,video_call,58,2,4,0
2951,316,552,video_call,49,2,4,0
2952,941,589,video_call,48,2,4,0
2953,665,217,chat,37,1,2,0
2954,308,131,video_call,19,3,6,0
2955,1461,615,chat,10,1,2,0
2956,808,456,chat,36,1,2,0
2957,367,334,video_call,24,3,6,0
2958,576,492,chat,38,2,4,0
2959,1094,423,chat,20,1,2,0
2960,546,765,video_call,14,4,8,1
2961,1032,730,video_call,21,4,8,1
2962,881,537,video_call,13,2,4,0
2963,591,737,video_call,21,1,2,0
2964,1328,189,video_call,54,3,6,0
2965,1725,372,video_call,13,5,10,1
2966,469,611,chat,51,3,6,0
2967,1916,227,chat,19,1,2,0
2968,50,425,chat,54,4,8,1
2969,1815,611,chat,53,1,2,0
2970,1372,685,chat,49,4,8,1
2971,570,181,chat,16,1,2,0
2972,1594,72,video_call,55,5,10,1
2973,1849,311,video_call,59,2,4,0
2974,1045,536,video_call,59,3,6,0
2975,1261,644,video_call,51,3,6,0
2976,222,523,video_call,58,5,10,1
2977,1094,576,video_call,40,3,6,0
2978,870,208,chat,16,4,8,1
2979,1396,6,chat,13,1,2,0
2980,1036,631,chat,36,3,6,0
2981,1053,95,video_call,11,4,8,1
2982,896,758,chat,52,5,10,1
2983,204,735,video_call,25,4,8,1
2984,1936,90,chat,51,2,4,0
2985,1389,561,chat,6,5,10,1
2986,613,541,chat,48,2,4,0
2987,1017,453,chat,14,1,2,0
2988,412,137,video_call,9,4,8,1
2989,647,688,chat,32,4,8,1
2990,1781,645,chat,48,3,6,0
2991,1732,124,video_call,44,3,6,0
2992,84,18,chat,32,3,6,0
2993,726,113,chat,26,1,2,0
2994,1169,344,chat,11,3,6,0
2995,256,744,chat,32,4,8,1
2996,1635,649,video_call,35,4,8,1
2997,1005,476,chat,43,1,2,0
2998,377,740,video_call,47,1,2,0
2999,126,82,chat,19,2,4,0
3000,258,717,chat,22,3,6,0
3001,1595,19,video_call,14,1,2,0
3002,205,698,chat,9,1,2,0
3003,1898,511,chat,55,3,6,0
3004,8,179,video_call,27,2,4,0
3005,573,211,video_call,7,2,4,0
3006,1122,384,video_call,45,2,4,0
3007,1983,105,chat,11,1,2,0
3008,1364,183,chat,6,1,2,0
3009,1663,277,chat,24,3,6,0
3010,864,102,video_call,26,4,8,1
3011,640,526,video_call,36,3,6,0
3012,1318,445,chat,48,5,10,1
3013,1555,128,chat,10,1,2,0
3014,245,220,chat,57,3,6,0
3015,1423,192,chat,21,2,4,0
3016,1810,183,chat,53,1,2,0
3017,134,327,video_call,34,4,8,1
3018,1898,145,chat,43,3,6,0
3019,589,392,video_call,38,1,2,0
3020,1644,27,chat,46,5,10,1
3021,858,773,chat,58,2,4,0
3022,1725,34,chat,36,4,8,1
3023,1372,115,video_call,31,5,10,1
3024,1655,520,chat,58,5,10,1
3025,355,487,video_call,57,5,10,1
3026,1058,723,video_call,31,1,2,0
3027,1552,393,video_call,17,5,10,1
3028,42,532,chat,54,3,6,0
3029,1839,530,chat,45,3,6,0
3030,556,225,chat,13,5,10,1
3031,1417,549,chat,5,1,2,0
3032,105,676,video_call,34,2,4,0
3033,1508,192,video_call,48,3,6,0
3034,797,776,chat,30,4,8,1
3035,100,156,video_call,20,1,2,0
3036,1874,672,chat,52,3,6,0
3037,1389,334,chat,28,3,6,0
3038,388,3,video_call,26,3,6,0
3039,1426,588,video_call,16,3,6,0
3040,1977,233,chat,20,1,2,0
3041,1216,243,chat,57,4,8,1
3042,1343,420,chat,25,1,2,0
3043,403,159,chat,55,2,4,0
3044,566,540,chat,33,1,2,0
3045,517,96,chat,6,4,8,1
3046,945,53,video_call,24,2,4,0
3047,993,302,video_call,46,4,8,1
3048,890,111,video_call,15,2,4,0
3049,1704,469,video_call,22,2,4,0
3050,1565,66,chat,36,2,4,0
3051,72,96,chat,23,2,4,0
3052,1007,211,video_call,58,3,6,0
3053,759,351,chat,58,2,4,0
3054,348,473,video_call,15,2,4,0
3055,1876,792,chat,54,3,6,0
3056,1268,348,video_call,47,3,6,0
3057,620,19,video_call,54,1,2,0
3058,1244,692,chat,7,3,6,0
3059,1140,717,chat,14,5,10,1
3060,13,772,chat,18,5,10,1
3061,1035,132,chat,57,3,6,0
3062,485,235,chat,46,3,6,0
3063,55,14,video_call,22,3,6,0
3064,1435,700,chat,25,3,6,0
3065,413,288,video_call,38,2,4,0
3066,165,415,video_call,57,3,6,0
3067,1411,729,video_call,14,1,2,0
3068,910,181,chat,40,2,4,0
3069,1126,665,video_call,37,5,10,1
3070,153,293,chat,43,4,8,1
3071,546,744,chat,45,1,2,0
3072,166,55,chat,5,1,2,0
3073,372,555,video_call,28,2,4,0
3074,1537,702,chat,22,4,8,1
3075,262,663,video_call,9,2,4,0
3076,1105,132,video_call,51,1,2,0
3077,1616,547,chat,57,4,8,1
3078,512,234,chat,34,3,6,0
3079,477,190,video_call,15,1,2,0
3080,1891,33,video_call,43,4,8,1
3081,447,294,video_call,17,2,4,0
3082,857,694,chat,11,5,10,1
3083,443,490,chat,55,4,8,1
3084,1305,116,video_call,30,3,6,0
3085,903,397,video_call,31,1,2,0
3086,71,250,video_call,37,2,4,0
3087,1954,633,video_call,55,3,6,0
3088,1830,636,video_call,13,5,10,1
3089,453,488,video_call,39,5,10,1
3090,1089,514,chat,25,3,6,0
3091,649,356,video_call,21,4,8,1
3092,1731,7,chat,36,4,8,1
3093,1931,741,chat,44,2,4,0
3094,52,424,video_call,13,2,4,0
3095,568,33,video_call,31,3,6,0
3096,1355,108,video_call,38,3,6,0
3097,1018,447,video_call,32,1,2,0
3098,894,106,chat,12,3,6,0
3099,1294,61,video_call,54,4,8,1
3100,877,152,chat,38,3,6,0
3101,54,615,chat,46,4,8,1
3102,771,257,chat,40,5,10,1
3103,3,714,video_call,10,4,8,1
3104,644,309,video_call,56,2,4,0
3105,678,641,video_call,28,5,10,1
3106,26,659,video_call,36,2,4,0
3107,59,376,chat,22,5,10,1
3108,765,617,chat,24,4,8,1
3109,248,418,chat,57,4,8,1
3110,365,155,chat,24,1,2,0
3111,1579,34,video_call,57,4,8,1
3112,667,158,chat,58,1,2,0
3113,830,73,video_call,42,1,2,0
3114,1610,748,video_call,43,1,2,0
3115,1057,591,video_call,15,1,2,0
3116,1335,789,chat,32,1,2,0
3117,561,304,video_call,44,4,8,1
3118,188,148,video_call,45,2,4,0
3119,897,776,video_call,37,2,4,0
3120,626,734,chat,40,3,6,0
3121,895,319,video_call,10,5,10,1
3122,723,71,video_call,39,4,8,1
3123,1665,759,chat,51,1,2,0
3124,513,393,video_call,32,3,6,0
3125,526,318,video_call,8,4,8,1
3126,1841,402,video_call,47,2,4,0
3127,1571,702,chat,51,3,6,0
3128,283,651,chat,39,1,2,0
3129,122,620,chat,39,4,8,1
3130,766,381,video_call,7,1,2,0
3131,1517,205,chat,9,1,2,0
3132,1363,149,video_call,47,4,8,1
3133,1527,470,chat,56,1,2,0
3134,1967,196,video_call,35,5,10,1
3135,8,524,video_call,22,2,4,0
3136,1752,532,video_call,20,1,2,0
3137,365,204,video_call,49,2,4,0
3138,1195,785,chat,6,3,6,0
3139,315,540,video_call,50,4,8,1
3140,1278,796,chat,26,2,4,0
3141,482,340,video_call,55,1,2,0
3142,1953,141,video_call,44,4,8,1
3143,1785,466,video_call,51,2,4,0
3144,1139,526,video_call,17,3,6,0
3145,1663,384,video_call,57,4,8,1
3146,57,673,video_call,47,3,6,0
3147,1913,99,chat,59,5,10,1
3148,1000,274,chat,35,2,4,0
3149,1971,547,chat,12,2,4,0
3150,1130,393,video_call,33,1,2,0
3151,941,72,chat,27,3,6,0
3152,1367,345,video_call,26,2,4,0
3153,1125,426,video_call,55,5,10,1
3154,1924,436,chat,20,2,4,0
3155,1276,303,video_call,52,5,10,1
3156,1634,56,chat,58,4,8,1
3157,448,266,chat,56,5,10,1
3158,157,614,chat,55,3,6,0
3159,444,620,chat,50,2,4,0
3160,319,609,video_call,36,5,10,1
3161,670,97,chat,38,4,8,1
3162,1109,411,chat,13,3,6,0
3163,1183,369,chat,59,3,6,0
3164,1267,463,video_call,46,1,2,0
3165,1118,397,video_call,32,5,10,1
3166,624,79,chat,20,1,2,0
3167,270,300,chat,36,4,8,1
3168,1735,87,video_call,59,5,10,1
3169,1512,224,chat,18,3,6,0
3170,1607,366,video_call,23,4,8,1
3171,200,52,video_call,59,1,2,0
3172,892,261,chat,11,5,10,1
3173,271,336,video_call,24,1,2,0
3174,1922,268,video_call,26,2,4,0
3175,1985,750,chat,58,2,4,0
3176,1361,120,video_call,16,5,10,1
3177,557,520,video_call,36,4,8,1
3178,1976,737,video_call,55,3,6,0
3179,601,383,chat,35,3,6,0
3180,185,446,video_call,54,3,6,0
3181,1242,139,video_call,8,1,2,0
3182,786,485,video_call,21,5,10,1
3183,212,207,video_call,29,3,6,0
3184,1766,297,video_call,27,3,6,0
3185,1588,269,video_call,59,5,10,1
3186,599,118,chat,33,1,2,0
3187,1656,367,chat,36,3,6,0
3188,501,514,video_call,25,5,10,1
3189,1231,79,video_call,13,4,8,1
3190,1270,72,chat,24,2,4,0
3191,23,112,chat,53,5,10,1
3192,1098,124,video_call,49,1,2,0
3193,1102,232,video_call,24,2,4,0
3194,1148,72,video_call,58,5,10,1
3195,1139,505,chat,27,4,8,1
3196,1110,211,chat,59,1,2,0
3197,1948,377,chat,14,3,6,0
3198,840,371,chat,32,1,2,0
3199,930,775,chat,36,5,10,1
3200,115,441,video_call,14,3,6,0
3201,585,32,video_call,55,2,4,0
3202,1646,46,video_call,51,5,10,1
3203,1105,611,chat,29,1,2,0
3204,693,295,chat,50,4,8,1
3205,1946,138,video_call,14,3,6,0
3206,1241,10,chat,24,5,10,1
3207,667,154,video_call,25,3,6,0
3208,1589,57,video_call,38,5,10,1
3209,766,748,video_call,25,1,2,0
3210,938,479,chat,5,5,10,1
3211,617,430,chat,40,5,10,1
3212,1190,438,chat,33,1,2,0
3213,49,551,video_call,5,2,4,0
3214,1824,412,video_call,38,2,4,0
3215,39,301,chat,19,4,8,1
3216,478,379,video_call,38,1,2,0
3217,277,417,chat,7,3,6,0
3218,74,723,video_call,10,3,6,0
3219,1389,61,chat,27,4,8,1
3220,481,471,video_call,44,5,10,1
3221,297,468,video_call,39,1,2,0
3222,379,746,chat,19,5,10,1
3223,94,594,video_call,32,2,4,0
3224,731,363,video_call,36,5,10,1
3225,1440,526,chat,49,5,10,1
3226,880,623,video_call,39,3,6,0
3227,484,591,chat,30,1,2,0
3228,776,384,chat,26,2,4,0
3229,925,747,video_call,57,4,8,1
3230,611,158,chat,57,4,8,1
3231,68,634,chat,39,1,2,0
3232,1394,648,video_call,57,4,8,1
3233,528,501,video_call,47,2,4,0
3234,530,563,video_call,30,5,10,1
3235,1955,451,chat,45,1,2,0
3236,842,144,video_call,54,4,8,1
3237,1480,554,chat,16,3,6,0
3238,1867,316,chat,5,4,8,1
3239,1827,368,chat,39,5,10,1
3240,40,602,video_call,32,3,6,0
3241,1184,63,chat,15,3,6,0
3242,448,695,chat,39,3,6,0
3243,1628,68,chat,5,2,4,0
3244,1836,113,chat,50,5,10,1
3245,591,788,chat,54,5,10,1
3246,1724,92,video_call,16,5,10,1
3247,152,641,chat,59,3,6,0
3248,1791,443,video_call,5,2,4,0
3249,1103,46,chat,15,1,2,0
3250,1638,700,video_call,57,3,6,0
3251,1725,400,chat,8,4,8,1
3252,1053,412,video_call,8,2,4,0
3253,827,674,chat,14,3,6,0
3254,1609,719,video_call,10,2,4,0
3255,1933,464,video_call,31,4,8,1
3256,1028,379,video_call,30,4,8,1
3257,144,30,chat,41,4,8,1
3258,979,268,video_call,52,3,6,0
3259,825,364,video_call,25,2,4,0
3260,1469,95,chat,26,3,6,0
3261,1804,111,video_call,20,3,6,0
3262,1429,775,chat,29,3,6,0
3263,237,724,chat,7,3,6,0
3264,414,523,video_call,49,5,10,1
3265,1534,320,video_call,54,3,6,0
3266,930,530,chat,28,1,2,0
3267,1393,344,chat,31,4,8,1
3268,676,606,video_call,45,1,2,0
3269,1219,726,chat,10,4,8,1
3270,1811,404,video_call,29,5,10,1
3271,692,80,chat,53,1,2,0
3272,1899,389,video_call,51,4,8,1
3273,1804,322,video_call,7,3,6,0
3274,850,697,chat,52,3,6,0
3275,940,254,video_call,40,5,10,1
3276,1537,634,video_call,25,3,6,0
3277,1795,437,video_call,60,2,4,0
3278,27,657,chat,53,3,6,0
3279,1291,79,video_call,7,3,6,0
3280,1288,629,chat,42,4,8,1
3281,1776,133,chat,53,5,10,1
3282,1117,373,video_call,15,5,10,1
3283,11,111,chat,40,1,2,0
3284,1809,336,video_call,49,5,10,1
3285,63,45,video_call,45,4,8,1
3286,142,366,chat,23,2,4,0
3287,1949,425,chat,5,4,8,1
3288,690,224,video_call,26,5,10,1
3289,1637,494,video_call,17,5,10,1
3290,1809,281,video_call,34,4,8,1
3291,1554,602,video_call,16,4,8,1
3292,1721,221,chat,47,1,2,0
3293,658,147,video_call,29,3,6,0
3294,1623,500,chat,45,5,10,1
3295,1177,402,chat,38,5,10,1
3296,337,512,chat,50,2,4,0
3297,33,94,video_call,14,4,8,1
3298,168,199,video_call,6,1,2,0
3299,1338,213,video_call,25,5,10,1
3300,1863,72,video_call,22,2,4,0
3301,775,721,video_call,52,2,4,0
3302,743,491,video_call,50,3,6,0
3303,1512,116,video_call,60,5,10,1
3304,934,101,chat,29,4,8,1
3305,814,107,video_call,14,1,2,0
3306,1467,127,chat,30,1,2,0
3307,1169,399,video_call,38,2,4,0
3308,661,427,chat,34,2,4,0
3309,725,420,chat,27,4,8,1
3310,199,3,chat,6,3,6,0
3311,1080,54,video_call,9,3,6,0
3312,1249,781,chat,35,4,8,1
3313,766,398,chat,20,4,8,1
3314,2,781,chat,47,4,8,1
3315,1732,113,video_call,39,3,6,0
3316,144,217,video_call,12,1,2,0
3317,1657,218,chat,18,2,4,0
3318,182,553,video_call,38,4,8,1
3319,571,156,chat,30,5,10,1
3320,580,290,chat,35,1,2,0
3321,937,509,video_call,8,3,6,0
3322,1867,685,chat,16,4,8,1
3323,1557,414,chat,51,1,2,0
3324,366,529,chat,14,2,4,0
3325,112,418,chat,51,5,10,1
3326,157,297,chat,52,4,8,1
3327,304,24,video_call,40,2,4,0
3328,367,287,video_call,16,2,4,0
3329,1279,398,chat,54,2,4,0
3330,1564,172,video_call,26,2,4,0
3331,269,298,chat,7,4,8,1
3332,1424,403,video_call,21,2,4,0
3333,1011,658,chat,25,1,2,0
3334,1174,162,video_call,35,5,10,1
3335,176,113,chat,39,3,6,0
3336,62,322,video_call,7,5,10,1
3337,1698,596,video_call,40,3,6,0
3338,368,110,chat,24,2,4,0
3339,1041,672,video_call,44,1,2,0
3340,297,298,chat,6,5,10,1
3341,209,607,chat,33,3,6,0
3342,158,180,chat,51,2,4,0
3343,973,749,chat,16,2,4,0
3344,1653,252,chat,41,5,10,1
3345,1144,568,chat,24,1,2,0
3346,368,785,chat,27,5,10,1
3347,203,221,chat,33,4,8,1
3348,1886,323,chat,43,3,6,0
3349,774,257,chat,5,5,10,1
3350,1872,75,video_call,8,2,4,0
3351,207,430,chat,15,4,8,1
3352,552,652,video_call,8,5,10,1
3353,741,710,video_call,17,4,8,1
3354,1905,622,video_call,41,5,10,1
3355,127,111,video_call,8,5,10,1
3356,1411,293,video_call,22,4,8,1
3357,129,644,chat,13,4,8,1
3358,1380,211,chat,24,5,10,1
3359,849,551,video_call,13,1,2,0
3360,1206,772,chat,60,2,4,0
3361,1789,571,chat,28,4,8,1
3362,659,693,video_call,28,5,10,1
3363,1923,760,chat,46,1,2,0
3364,16,613,chat,53,4,8,1
3365,1550,506,video_call,13,4,8,1
3366,559,726,chat,16,4,8,1
3367,909,207,chat,57,3,6,0
3368,1892,566,chat,49,3,6,0
3369,1706,739,chat,6,5,10,1
3370,152,454,chat,55,1,2,0
3371,1394,110,chat,47,1,2,0
3372,968,221,video_call,38,3,6,0
3373,1647,460,chat,40,5,10,1
3374,1538,374,chat,48,5,10,1
3375,1588,8,video_call,13,1,2,0
3376,1958,185,video_call,27,3,6,0
3377,989,25,video_call,34,4,8,1
3378,1940,591,video_call,15,1,2,0
3379,249,403,chat,59,5,10,1
3380,547,442,video_call,44,1,2,0
3381,1895,251,chat,50,2,4,0
3382,1150,331,video_call,32,1,2,0
3383,1089,619,chat,42,5,10,1
3384,989,513,chat,53,1,2,0
3385,1871,92,chat,58,5,10,1
3386,1473,535,video_call,17,2,4,0
3387,75,753,chat,43,1,2,0
3388,1353,562,chat,25,4,8,1
3389,1678,346,video_call,41,1,2,0
3390,1851,577,video_call,56,3,6,0
3391,1551,231,chat,35,3,6,0
3392,794,65,chat,26,4,8,1
3393,466,604,chat,12,1,2,0
3394,741,468,video_call,20,3,6,0
3395,7,343,chat,46,4,8,1
3396,701,253,chat,16,5,10,1
3397,280,638,video_call,37,3,6,0
3398,985,787,video_call,13,2,4,0
3399,376,501,video_call,34,5,10,1
3400,1850,307,chat,14,1,2,0
3401,65,637,video_call,55,2,4,0
3402,1025,557,video_call,55,4,8,1
3403,1374,134,video_call,40,3,6,0
3404,1034,198,chat,38,4,8,1
3405,573,493,chat,6,5,10,1
3406,1727,408,video_call,13,3,6,0
3407,1959,405,video_call,28,4,8,1
3408,1384,557,chat,40,1,2,0
3409,1069,187,chat,22,4,8,1
3410,1724,579,video_call,32,1,2,0
3411,1922,193,video_call,57,4,8,1
3412,159,657,video_call,37,5,10,1
3413,938,667,chat,51,2,4,0
3414,1450,472,chat,27,2,4,0
3415,1602,720,chat,31,3,6,0
3416,436,622,video_call,44,1,2,0
3417,728,614,chat,39,1,2,0
3418,1278,453,chat,13,2,4,0
3419,1260,218,video_call,18,5,10,1
3420,606,697,chat,35,3,6,0
3421,1471,375,chat,53,4,8,1
3422,1206,635,video_call,43,1,2,0
3423,441,318,video_call,8,4,8,1
3424,1174,178,chat,52,3,6,0
3425,1816,74,video_call,50,1,2,0
3426,1302,783,chat,32,5,10,1
3427,1308,289,video_call,27,4,8,1
3428,1886,455,chat,26,1,2,0
3429,1609,333,video_call,18,1,2,0
3430,297,29,video_call,50,5,10,1
3431,791,218,video_call,56,2,4,0
3432,1851,84,chat,41,4,8,1
3433,1808,708,video_call,58,2,4,0
3434,324,174,video_call,55,4,8,1
3435,375,619,video_call,48,3,6,0
3436,1363,226,video_call,47,1,2,0
3437,22,274,chat,9,4,8,1
3438,558,255,video_call,52,3,6,0
3439,63,427,chat,11,3,6,0
3440,1775,64,chat,43,3,6,0
3441,684,788,video_call,7,5,10,1
3442,1161,308,chat,44,2,4,0
3443,25,133,video_call,24,3,6,0
3444,1823,99,chat,8,5,10,1
3445,152,762,chat,45,3,6,0
3446,1598,189,video_call,19,3,6,0
3447,1557,616,chat,54,4,8,1
3448,1422,101,chat,43,3,6,0
3449,549,42,chat,16,5,10,1
3450,1324,389,chat,10,5,10,1
3451,1326,567,chat,51,3,6,0
3452,1415,217,video_call,49,2,4,0
3453,1969,157,video_call,52,3,6,0
3454,234,266,video_call,59,4,8,1
3455,561,610,video_call,51,5,10,1
3456,875,712,chat,60,2,4,0
3457,63,435,video_call,12,1,2,0
3458,706,116,video_call,20,4,8,1
3459,632,533,video_call,6,2,4,0
3460,1958,278,chat,34,1,2,0
3461,1513,271,video_call,30,4,8,1
3462,797,352,chat,39,1,2,0
3463,724,789,chat,47,2,4,0
3464,1748,176,video_call,40,2,4,0
3465,1164,701,chat,31,4,8,1
3466,68,296,video_call,26,3,6,0
3467,4,741,video_call,43,4,8,1
3468,639,597,chat,28,4,8,1
3469,107,571,video_call,21,5,10,1
3470,1184,58,video_call,28,2,4,0
3471,268,779,video_call,19,1,2,0
3472,166,212,chat,48,3,6,0
3473,283,617,chat,51,3,6,0
3474,661,677,chat,18,5,10,1
3475,532,672,chat,14,2,4,0
3476,1246,301,video_call,26,3,6,0
3477,1889,532,chat,42,1,2,0
3478,183,130,chat,23,4,8,1
3479,721,610,chat,44,4,8,1
3480,13,494,chat,15,3,6,0
3481,1538,313,video_call,58,5,10,1
3482,602,599,video_call,18,4,8,1
3483,136,481,video_call,28,3,6,0
3484,763,277,video_call,22,5,10,1
3485,756,791,video_call,38,5,10,1
3486,1970,174,chat,25,1,2,0
3487,1141,275,video_call,29,1,2,0
3488,1444,242,chat,59,4,8,1
3489,1485,333,video_call,49,2,4,0
3490,1468,584,chat,40,3,6,0
3491,218,99,chat,50,1,2,0
3492,1797,114,chat,5,2,4,0
3493,353,226,video_call,23,5,10,1
3494,1308,476,chat,8,2,4,0
3495,452,779,video_call,43,1,2,0
3496,1798,472,video_call,34,1,2,0
3497,352,552,chat,59,5,10,1
3498,1667,551,video_call,35,2,4,0
3499,551,65,chat,57,3,6,0
3500,1662,86,video_call,47,2,4,0
3501,285,653,chat,25,3,6,0
3502,47,536,video_call,38,5,10,1
3503,1462,756,video_call,52,5,10,1
3504,1408,198,video_call,43,3,6,0
3505,1593,254,chat,10,1,2,0
3506,711,436,chat,17,2,4,0
3507,1736,273,video_call,59,3,6,0
3508,1030,699,chat,58,4,8,1
3509,1628,468,video_call,30,2,4,0
3510,599,528,chat,28,4,8,1
3511,257,705,video_call,24,2,4,0
3512,1407,749,video_call,27,3,6,0
3513,1199,507,video_call,45,4,8,1
3514,1826,720,video_call,38,5,10,1
3515,1940,551,chat,29,2,4,0
3516,409,765,video_call,42,4,8,1
3517,1610,200,chat,56,4,8,1
3518,1847,291,video_call,10,5,10,1
3519,1761,643,video_call,40,2,4,0
3520,1314,692,chat,26,5,10,1
3521,528,476,video_call,45,3,6,0
3522,1319,327,chat,15,4,8,1
3523,152,621,chat,47,1,2,0
3524,477,684,chat,53,2,4,0
3525,638,671,chat,49,3,6,0
3526,1732,95,video_call,60,1,2,0
3527,1943,12,chat,39,4,8,1
3528,1044,665,video_call,16,5,10,1
3529,925,469,chat,40,5,10,1
3530,1339,248,video_call,55,5,10,1
3531,1936,189,chat,50,4,8,1
3532,1565,346,video_call,45,5,10,1
3533,228,77,video_call,54,3,6,0
3534,866,58,video_call,43,4,8,1
3535,233,101,video_call,39,2,4,0
3536,1886,184,chat,48,4,8,1
3537,221,138,chat,49,5,10,1
3538,138,684,chat,25,3,6,0
3539,242,678,chat,53,4,8,1
3540,1947,517,video_call,42,3,6,0
3541,518,398,video_call,58,5,10,1
3542,1275,326,chat,10,5,10,1
3543,491,538,video_call,9,3,6,0
3544,103,647,chat,50,1,2,0
3545,1870,59,chat,39,4,8,1
3546,862,165,chat,18,5,10,1
3547,35,125,chat,35,3,6,0
3548,1271,542,chat,37,3,6,0
3549,314,198,video_call,31,2,4,0
3550,1210,471,video_call,31,2,4,0
3551,1061,31,chat,58,2,4,0
3552,1187,775,chat,12,2,4,0
3553,1918,121,chat,37,5,10,1
3554,755,401,chat,17,4,8,1
3555,475,394,video_call,21,2,4,0
3556,1216,108,video_call,51,4,8,1
3557,919,467,video_call,15,3,6,0
3558,1184,628,video_call,31,4,8,1
3559,1230,791,video_call,39,5,10,1
3560,1743,641,video_call,48,4,8,1
3561,140,445,chat,10,2,4,0
3562,1212,688,chat,29,2,4,0
3563,547,398,chat,15,5,10,1
3564,1440,326,chat,41,4,8,1
3565,966,386,chat,33,5,10,1
3566,89,44,video_call,46,2,4,0
3567,3,261,video_call,31,2,4,0
3568,1508,112,video_call,31,1,2,0
3569,977,568,video_call,45,5,10,1
3570,67,419,video_call,32,1,2,0
3571,1008,492,video_call,32,4,8,1
3572,1562,244,video_call,35,3,6,0
3573,1510,582,chat,25,4,8,1
3574,1074,312,video_call,48,2,4,0
3575,1606,709,video_call,9,3,6,0
3576,654,739,chat,10,1,2,0
3577,1983,626,video_call,58,1,2,0
3578,1753,717,video_call,27,5,10,1
3579,19,195,chat,30,3,6,0
3580,611,384,chat,56,3,6,0
3581,1411,99,chat,43,2,4,0
3582,622,431,chat,49,3,6,0
3583,1867,543,video_call,14,1,2,0
3584,324,459,video_call,41,1,2,0
3585,1574,483,video_call,6,1,2,0
3586,514,426,video_call,50,4,8,1
3587,1053,30,chat,19,1,2,0
3588,1120,700,video_call,37,4,8,1
3589,1437,606,video_call,33,4,8,1
3590,1466,783,video_call,21,3,6,0
3591,1287,682,video_call,19,5,10,1
3592,787,46,chat,25,2,4,0
3593,1044,109,video_call,52,1,2,0
3594,576,781,chat,23,3,6,0
3595,1537,118,video_call,60,5,10,1
3596,1466,218,video_call,41,1,2,0
3597,1180,570,video_call,52,5,10,1
3598,482,445,chat,28,2,4,0
3599,1069,251,chat,18,5,10,1
3600,822,29,chat,7,5,10,1
3601,1217,330,video_call,44,2,4,0
3602,1774,88,video_call,35,4,8,1
3603,1311,12,video_call,39,4,8,1
3604,1875,526,chat,25,2,4,0
3605,505,604,video_call,50,3,6,0
3606,878,540,chat,28,4,8,1
3607,1974,440,chat,54,1,2,0
3608,817,75,video_call,32,4,8,1
3609,261,1,video_call,19,4,8,1
3610,707,660,chat,60,4,8,1
3611,524,37,chat,40,4,8,1
3612,524,349,video_call,7,3,6,0
3613,1189,267,video_call,14,5,10,1
3614,558,332,video_call,36,4,8,1
3615,1392,38,chat,49,1,2,0
3616,1855,199,chat,11,4,8,1
3617,874,524,video_call,54,2,4,0
3618,1648,613,video_call,39,5,10,1
3619,360,260,chat,19,2,4,0
3620,1915,221,video_call,12,1,2,0
3621,1036,84,chat,58,1,2,0
3622,156,78,chat,40,2,4,0
3623,1580,70,video_call,47,3,6,0
3624,1273,66,video_call,33,1,2,0
3625,714,428,chat,9,2,4,0
3626,349,71,video_call,55,1,2,0
3627,1476,371,video_call,33,4,8,1
3628,1369,601,video_call,45,4,8,1
3629,1044,72,chat,18,2,4,0
3630,986,354,chat,25,1,2,0
3631,985,192,chat,32,5,10,1
3632,706,787,video_call,39,5,10,1
3633,1265,375,chat,44,4,8,1
3634,1616,485,video_call,15,4,8,1
3635,460,660,chat,14,2,4,0
3636,1952,633,video_call,24,2,4,0
3637,534,588,video_call,60,4,8,1
3638,795,322,video_call,10,2,4,0
3639,1187,267,video_call,43,4,8,1
3640,1763,508,chat,9,3,6,0
3641,547,276,video_call,53,3,6,0
3642,500,639,chat,45,5,10,1
3643,518,613,chat,37,2,4,0
3644,681,76,video_call,34,4,8,1
3645,1154,578,video_call,59,4,8,1
3646,414,160,chat,6,1,2,0
3647,1482,726,video_call,6,3,6,0
3648,997,280,video_call,10,1,2,0
3649,829,734,chat,42,5,10,1
3650,1557,481,video_call,22,5,10,1
3651,1130,676,chat,59,1,2,0
3652,1051,598,chat,48,2,4,0
3653,1531,770,video_call,9,5,10,1
3654,1990,197,video_call,22,3,6,0
3655,1664,786,chat,15,1,2,0
3656,1593,431,video_call,21,1,2,0
3657,1365,772,chat,29,2,4,0
3658,1726,123,chat,40,5,10,1
3659,1594,123,video_call,6,2,4,0
3660,266,2,video_call,46,5,10,1
3661,1212,793,video_call,41,5,10,1
3662,1565,319,video_call,33,2,4,0
3663,1522,230,chat,35,4,8,1
3664,731,633,chat,27,1,2,0
3665,1732,211,chat,32,3,6,0
3666,1143,411,video_call,53,5,10,1
3667,1235,538,chat,55,5,10,1
3668,201,549,video_call,49,4,8,1
3669,793,385,chat,12,1,2,0
3670,932,598,chat,5,1,2,0
3671,821,398,chat,34,5,10,1
3672,1662,684,chat,35,1,2,0
3673,1475,503,video_call,55,1,2,0
3674,1400,377,video_call,43,3,6,0
3675,1557,329,video_call,7,1,2,0
3676,1051,740,chat,16,2,4,0
3677,659,363,chat,50,1,2,0
3678,1341,365,chat,45,3,6,0
3679,268,414,chat,22,3,6,0
3680,438,504,chat,54,1,2,0
3681,824,207,chat,43,4,8,1
3682,72,466,chat,42,2,4,0
3683,1758,207,video_call,22,3,6,0
3684,1363,702,chat,15,4,8,1
3685,587,164,chat,15,4,8,1
3686,1023,438,chat,36,4,8,1
3687,368,73,chat,35,4,8,1
3688,224,322,video_call,16,5,10,1
3689,1232,657,video_call,16,3,6,0
3690,790,745,chat,22,2,4,0
3691,1696,248,chat,40,2,4,0
3692,1194,364,video_call,48,2,4,0
3693,1067,570,chat,5,4,8,1
3694,1966,227,video_call,50,1,2,0
3695,336,134,chat,37,5,10,1
3696,1211,742,chat,40,4,8,1
3697,1562,700,chat,12,2,4,0
3698,1352,511,video_call,49,5,10,1
3699,1151,433,chat,49,1,2,0
3700,1658,443,chat,47,4,8,1
3701,1935,228,video_call,45,3,6,0
3702,595,627,chat,13,4,8,1
3703,944,104,video_call,44,1,2,0
3704,620,319,video_call,28,3,6,0
3705,578,263,video_call,21,2,4,0
3706,364,703,chat,30,5,10,1
3707,1899,374,chat,39,1,2,0
3708,549,127,chat,28,1,2,0
3709,1324,749,video_call,49,3,6,0
3710,1917,422,video_call,10,4,8,1
3711,590,152,video_call,43,4,8,1
3712,1245,625,video_call,55,1,2,0
3713,1752,129,video_call,20,3,6,0
3714,644,711,video_call,13,1,2,0
3715,1634,661,chat,45,2,4,0
3716,1321,378,video_call,48,5,10,1
3717,1217,144,chat,49,1,2,0
3718,1987,670,video_call,14,5,10,1
3719,733,515,chat,56,2,4,0
3720,1009,486,video_call,52,3,6,0
3721,694,718,chat,14,4,8,1
3722,1014,212,chat,39,5,10,1
3723,382,569,chat,53,4,8,1
3724,1341,625,video_call,57,1,2,0
3725,1100,7,video_call,12,1,2,0
3726,796,434,video_call,12,5,10,1
3727,254,54,video_call,48,2,4,0
3728,1125,624,chat,22,1,2,0
3729,1634,11,video_call,38,4,8,1
3730,1076,130,chat,8,5,10,1
3731,1439,261,video_call,8,3,6,0
3732,1169,621,video_call,6,3,6,0
3733,1997,589,chat,10,4,8,1
3734,38,155,video_call,42,2,4,0
3735,1913,624,video_call,22,2,4,0
3736,1786,492,chat,57,5,10,1
3737,1131,403,chat,34,1,2,0
3738,975,453,chat,59,2,4,0
3739,573,34,video_call,20,3,6,0
3740,1122,126,chat,12,5,10,1
3741,139,742,video_call,32,5,10,1
3742,793,357,video_call,42,3,6,0
3743,963,85,chat,55,2,4,0
3744,1408,432,video_call,19,5,10,1
3745,1481,182,chat,54,3,6,0
3746,1593,207,chat,40,3,6,0
3747,1942,383,video_call,45,1,2,0
3748,788,562,chat,14,4,8,1
3749,1955,21,video_call,22,1,2,0
3750,1317,82,video_call,19,2,4,0
3751,1022,144,chat,17,2,4,0
3752,1092,578,video_call,54,1,2,0
3753,1828,408,video_call,16,4,8,1
3754,1968,134,video_call,32,5,10,1
3755,1607,693,chat,5,3,6,0
3756,180,632,chat,24,2,4,0
3757,1888,3,chat,29,3,6,0
3758,1190,685,video_call,17,2,4,0
3759,23,93,video_call,44,2,4,0
3760,1025,687,chat,56,3,6,0
3761,1219,391,chat,35,3,6,0
3762,205,184,chat,37,1,2,0
3763,895,403,chat,37,2,4,0
3764,1969,637,video_call,38,3,6,0
3765,697,643,chat,45,1,2,0
3766,745,153,chat,23,5,10,1
3767,902,211,chat,56,2,4,0
3768,1181,570,chat,51,3,6,0
3769,1092,141,video_call,21,5,10,1
3770,1377,322,video_call,34,5,10,1
3771,1865,242,chat,32,5,10,1
3772,1790,310,chat,14,3,6,0
3773,851,257,chat,26,5,10,1
3774,1711,591,video_call,45,5,10,1
3775,92,248,chat,50,1,2,0
3776,463,546,video_call,51,5,10,1
3777,1862,439,chat,56,3,6,0
3778,1820,398,chat,37,5,10,1
3779,785,674,video_call,54,3,6,0
3780,1192,607,video_call,33,4,8,1
3781,1720,240,video_call,16,4,8,1
3782,829,57,video_call,10,2,4,0
3783,1887,285,chat,23,3,6,0
3784,462,141,video_call,8,1,2,0
3785,1640,395,chat,25,4,8,1
3786,1423,391,chat,60,5,10,1
3787,839,294,video_call,26,4,8,1
3788,325,177,video_call,24,5,10,1
3789,921,6,video_call,8,1,2,0
3790,1081,184,video_call,18,3,6,0
3791,3,175,video_call,11,4,8,1
3792,1458,509,chat,53,5,10,1
3793,422,290,video_call,38,5,10,1
3794,515,109,video_call,48,2,4,0
3795,1537,187,video_call,28,5,10,1
3796,1414,457,video_call,23,3,6,0
3797,1065,401,chat,31,2,4,0
3798,97,733,video_call,24,3,6,0
3799,375,359,chat,9,2,4,0
3800,71,31,chat,39,3,6,0
3801,1064,751,chat,13,4,8,1
3802,1838,418,video_call,13,4,8,1
3803,1393,438,video_call,14,2,4,0
3804,949,693,video_call,21,5,10,1
3805,1695,45,video_call,53,4,8,1
3806,161,660,chat,44,2,4,0
3807,257,530,chat,15,1,2,0
3808,953,239,video_call,40,2,4,0
3809,1062,76,video_call,29,2,4,0
3810,30,530,video_call,19,3,6,0
3811,732,560,chat,8,3,6,0
3812,726,650,video_call,34,3,6,0
3813,1129,798,chat,19,4,8,1
3814,522,742,chat,58,4,8,1
3815,97,247,video_call,36,3,6,0
3816,1603,114,chat,40,1,2,0
3817,731,612,chat,6,1,2,0
3818,536,253,video_call,40,4,8,1
3819,1496,107,chat,56,5,10,1
3820,1153,628,chat,58,2,4,0
3821,859,622,chat,31,3,6,0
3822,1640,86,video_call,43,1,2,0
3823,1800,217,video_call,59,2,4,0
3824,1467,795,chat,8,1,2,0
3825,444,546,video_call,31,2,4,0
3826,6,432,chat,36,1,2,0
3827,307,359,video_call,59,4,8,1
3828,952,369,video_call,18,2,4,0
3829,1869,53,chat,34,5,10,1
3830,253,734,chat,50,4,8,1
3831,70,105,video_call,40,4,8,1
3832,337,416,chat,50,3,6,0
3833,1222,600,chat,58,5,10,1
3834,303,261,video_call,6,2,4,0
3835,172,323,chat,42,1,2,0
3836,1481,375,chat,27,1,2,0
3837,1432,252,chat,45,3,6,0
3838,434,201,chat,47,2,4,0
3839,1599,70,chat,27,3,6,0
3840,1469,50,video_call,56,1,2,0
3841,1162,179,chat,17,5,10,1
3842,1836,683,chat,10,1,2,0
3843,41,203,video_call,25,4,8,1
3844,1096,797,video_call,44,3,6,0
3845,1481,462,chat,52,2,4,0
3846,1442,433,video_call,34,5,10,1
3847,431,590,video_call,7,5,10,1
3848,704,219,video_call,57,5,10,1
3849,1671,369,video_call,21,1,2,0
3850,1757,6,chat,41,2,4,0
3851,758,689,chat,57,2,4,0
3852,1389,512,chat,8,5,10,1
3853,1410,132,chat,5,4,8,1
3854,1369,695,video_call,53,3,6,0
3855,204,153,video_call,40,3,6,0
3856,1991,152,video_call,60,1,2,0
3857,1372,623,video_call,29,4,8,1
3858,1208,590,video_call,44,3,6,0
3859,436,1,chat,5,2,4,0
3860,295,631,video_call,36,5,10,1
3861,1782,23,chat,33,1,2,0
3862,120,627,chat,47,1,2,0
3863,1697,578,chat,46,3,6,0
3864,1031,167,chat,17,5,10,1
3865,1718,82,chat,48,4,8,1
3866,1627,586,chat,23,4,8,1
3867,1306,385,chat,38,2,4,0
3868,857,315,chat,6,3,6,0
3869,1134,358,video_call,60,4,8,1
3870,139,225,video_call,52,5,10,1
3871,344,192,chat,40,1,2,0
3872,1961,243,video_call,15,3,6,0
3873,1364,211,video_call,10,1,2,0
3874,852,351,video_call,32,4,8,1
3875,527,489,chat,14,5,10,1
3876,692,64,chat,45,2,4,0
3877,361,83,chat,37,4,8,1
3878,1861,108,video_call,11,4,8,1
3879,1633,694,chat,37,2,4,0
3880,620,417,chat,18,4,8,1
3881,1520,715,chat,20,1,2,0
3882,971,443,chat,45,5,10,1
3883,490,376,chat,31,1,2,0
3884,1980,786,video_call,48,4,8,1
3885,1404,323,video_call,35,4,8,1
3886,1260,246,chat,40,1,2,0
3887,1326,239,chat,48,3,6,0
3888,1821,225,video_call,15,2,4,0
3889,708,366,chat,16,1,2,0
3890,363,31,video_call,51,4,8,1
3891,52,109,chat,43,4,8,1
3892,361,133,chat,29,2,4,0
3893,1444,527,video_call,46,5,10,1
3894,1566,692,video_call,40,1,2,0
3895,1636,166,video_call,48,1,2,0
3896,1011,646,chat,12,1,2,0
3897,1441,299,chat,53,1,2,0
3898,494,667,chat,33,1,2,0
3899,994,639,video_call,37,5,10,1
3900,963,673,video_call,31,4,8,1
3901,1431,392,video_call,17,2,4,0
3902,590,265,video_call,23,1,2,0
3903,827,80,chat,54,5,10,1
3904,609,43,chat,5,3,6,0
3905,1502,384,chat,48,1,2,0
3906,250,209,video_call,29,3,6,0
3907,644,798,video_call,50,3,6,0
3908,1500,738,video_call,14,2,4,0
3909,1857,780,video_call,23,3,6,0
3910,1880,772,chat,15,3,6,0
3911,1625,726,chat,28,2,4,0
3912,694,203,video_call,44,1,2,0
3913,865,575,video_call,55,4,8,1
3914,1161,173,chat,20,3,6,0
3915,1008,286,video_call,33,3,6,0
3916,578,740,video_call,19,3,6,0
3917,792,601,chat,46,1,2,0
3918,56,169,chat,52,2,4,0
3919,652,140,chat,49,1,2,0
3920,378,126,video_call,15,5,10,1
3921,304,327,video_call,6,4,8,1
3922,1143,51,chat,22,4,8,1
3923,320,137,chat,60,5,10,1
3924,614,51,video_call,21,4,8,1
3925,1728,80,video_call,15,1,2,0
3926,1674,361,chat,44,3,6,0
3927,1352,610,chat,36,5,10,1
3928,1525,726,video_call,30,5,10,1
3929,235,406,chat,39,3,6,0
3930,645,643,video_call,60,5,10,1
3931,1969,227,chat,36,2,4,0
3932,1644,522,video_call,18,3,6,0
3933,289,707,video_call,44,2,4,0
3934,1275,543,chat,36,2,4,0
3935,1151,444,chat,54,4,8,1
3936,273,128,video_call,17,4,8,1
3937,1322,202,chat,5,3,6,0
3938,1982,601,chat,38,4,8,1
3939,985,48,video_call,36,4,8,1
3940,1168,525,video_call,9,5,10,1
3941,824,448,video_call,19,2,4,0
3942,571,693,chat,53,1,2,0
3943,148,123,chat,53,3,6,0
3944,1794,737,video_call,31,5,10,1
3945,1318,28,chat,47,2,4,0
3946,1889,767,video_call,40,2,4,0
3947,1311,538,video_call,57,3,6,0
3948,1898,22,chat,11,2,4,0
3949,38,637,chat,18,3,6,0
3950,461,795,chat,11,3,6,0
3951,1781,433,video_call,7,3,6,0
3952,1779,290,chat,36,3,6,0
3953,233,350,video_call,50,3,6,0
3954,565,744,video_call,20,5,10,1
3955,822,731,video_call,42,3,6,0
3956,1397,371,video_call,17,4,8,1
3957,317,466,video_call,27,1,2,0
3958,840,448,video_call,58,4,8,1
3959,1350,721,chat,12,5,10,1
3960,1393,712,chat,21,2,4,0
3961,53,723,video_call,47,3,6,0
3962,794,389,video_call,55,1,2,0
3963,386,722,chat,21,5,10,1
3964,201,557,chat,14,5,10,1
3965,1393,152,video_call,53,5,10,1
3966,1845,394,chat,12,2,4,0
3967,336,37,video_call,52,1,2,0
3968,1643,645,chat,10,3,6,0
3969,1311,649,video_call,33,3,6,0
3970,1861,597,chat,40,3,6,0
3971,1596,283,chat,9,1,2,0
3972,19,718,chat,18,4,8,1
3973,1875,358,video_call,44,1,2,0
3974,1541,310,chat,30,5,10,1
3975,1365,301,chat,55,1,2,0
3976,467,496,video_call,30,2,4,0
3977,1030,334,chat,59,1,2,0
3978,932,26,chat,9,4,8,1
3979,1290,711,chat,30,2,4,0
3980,198,790,chat,33,5,10,1
3981,865,392,video_call,9,2,4,0
3982,869,358,video_call,42,4,8,1
3983,1635,663,video_call,55,1,2,0
3984,1219,593,chat,27,3,6,0
3985,1682,13,video_call,22,3,6,0
3986,93,649,video_call,26,3,6,0
3987,496,70,chat,46,3,6,0
3988,1414,302,video_call,36,3,6,0
3989,349,259,chat,56,4,8,1
3990,1401,700,video_call,51,3,6,0
3991,1903,568,video_call,51,5,10,1
3992,975,419,video_call,5,1,2,0
3993,1256,173,video_call,58,4,8,1
3994,708,442,chat,27,4,8,1
3995,133,410,video_call,15,4,8,1
3996,1216,637,video_call,21,4,8,1
3997,1018,332,video_call,19,4,8,1
3998,1863,184,chat,31,4,8,1
3999,1529,598,video_call,38,3,6,0
4000,716,427,video_call,15,3,6,0
4001,201,318,video_call,10,1,2,0
4002,1926,512,chat,37,4,8,1
4003,460,799,chat,51,4,8,1
4004,867,128,video_call,42,4,8,1
4005,1231,512,chat,58,2,4,0
4006,734,213,video_call,20,1,2,0
4007,1090,532,chat,51,1,2,0
4008,1322,492,chat,6,3,6,0
4009,543,15,video_call,20,2,4,0
4010,1886,628,video_call,47,2,4,0
4011,1766,550,video_call,56,1,2,0
4012,1854,290,chat,55,2,4,0
4013,1471,784,chat,22,4,8,1
4014,763,739,video_call,30,5,10,1
4015,934,467,chat,13,2,4,0
4016,206,447,video_call,7,3,6,0
4017,507,720,chat,34,5,10,1
4018,860,476,chat,26,2,4,0
4019,1722,573,chat,10,3,6,0
4020,1621,750,chat,31,1,2,0
4021,760,100,chat,34,2,4,0
4022,1105,143,video_call,18,2,4,0
4023,71,317,chat,48,3,6,0
4024,811,238,video_call,29,2,4,0
4025,559,71,chat,43,2,4,0
4026,1786,153,video_call,55,5,10,1
4027,1138,462,chat,23,2,4,0
4028,1151,780,video_call,38,1,2,0
4029,142,16,video_call,27,5,10,1
4030,39,631,chat,30,2,4,0
4031,991,316,video_call,41,1,2,0
4032,111,535,chat,54,1,2,0
4033,969,286,chat,37,1,2,0
4034,1365,248,video_call,12,3,6,0
4035,1842,612,chat,33,5,10,1
4036,716,134,video_call,39,2,4,0
4037,1393,693,chat,12,4,8,1
4038,460,20,chat,52,1,2,0
4039,422,580,video_call,13,2,4,0
4040,1307,798,chat,53,3,6,0
4041,1433,598,chat,41,5,10,1
4042,1562,439,chat,12,1,2,0
4043,970,572,chat,38,5,10,1
4044,174,628,video_call,32,2,4,0
4045,169,564,video_call,27,4,8,1
4046,258,266,video_call,6,1,2,0
4047,13,194,video_call,59,1,2,0
4048,1095,37,video_call,29,3,6,0
4049,242,443,video_call,43,4,8,1
4050,881,80,chat,18,2,4,0
4051,870,723,chat,43,2,4,0
4052,817,242,video_call,37,1,2,0
4053,943,578,video_call,50,1,2,0
4054,1852,230,chat,51,4,8,1
4055,357,12,video_call,29,1,2,0
4056,1210,199,chat,34,2,4,0
4057,1986,705,video_call,23,3,6,0
4058,1533,416,chat,53,5,10,1
4059,1038,510,chat,51,4,8,1
4060,454,272,chat,17,1,2,0
4061,770,638,chat,41,2,4,0
4062,711,513,video_call,8,1,2,0
4063,1781,371,chat,31,1,2,0
4064,66,781,video_call,46,4,8,1
4065,1507,139,video_call,42,4,8,1
4066,1057,101,chat,34,4,8,1
4067,479,195,chat,21,3,6,0
4068,1629,527,chat,60,3,6,0
4069,1903,208,video_call,7,3,6,0
4070,212,537,video_call,25,2,4,0
4071,1627,30,chat,6,5,10,1
4072,303,508,chat,26,3,6,0
4073,924,318,chat,28,3,6,0
4074,1554,633,chat,56,4,8,1
4075,1973,58,video_call,26,3,6,0
4076,557,414,chat,30,2,4,0
4077,602,279,video_call,9,1,2,0
4078,1118,375,chat,19,1,2,0
4079,1904,639,chat,9,4,8,1
4080,158,287,chat,41,3,6,0
4081,993,401,video_call,58,3,6,0
4082,1156,257,chat,53,4,8,1
4083,362,791,video_call,40,2,4,0
4084,146,42,chat,57,1,2,0
4085,1475,500,video_call,39,1,2,0
4086,1261,513,video_call,58,1,2,0
4087,785,604,chat,54,4,8,1
4088,1938,648,video_call,59,4,8,1
4089,1933,691,video_call,56,5,10,1
4090,1913,763,video_call,19,1,2,0
4091,1586,443,video_call,46,4,8,1
4092,1255,17,video_call,28,3,6,0
4093,1818,764,video_call,21,4,8,1
4094,1359,102,video_call,59,4,8,1
4095,568,722,video_call,49,5,10,1
4096,1346,233,chat,25,4,8,1
4097,343,727,chat,25,5,10,1
4098,462,640,video_call,41,4,8,1
4099,1141,427,chat,16,2,4,0
4100,15,195,video_call,25,2,4,0
4101,621,767,chat,45,2,4,0
4102,1593,495,video_call,42,3,6,0
4103,423,158,chat,49,1,2,0
4104,1801,452,chat,25,5,10,1
4105,1375,363,chat,16,1,2,0
4106,1335,358,chat,7,1,2,0
4107,755,346,video_call,36,2,4,0
4108,1659,357,chat,56,4,8,1
4109,1438,689,chat,6,1,2,0
4110,1368,656,chat,53,3,6,0
4111,398,575,video_call,33,3,6,0
4112,1608,129,video_call,6,1,2,0
4113,1805,306,chat,60,3,6,0
4114,1488,302,video_call,44,1,2,0
4115,584,682,video_call,16,2,4,0
4116,163,334,video_call,27,3,6,0
4117,1114,93,video_call,36,4,8,1
4118,1495,423,video_call,37,1,2,0
4119,510,179,chat,22,5,10,1
4120,1805,653,video_call,48,5,10,1
4121,1232,67,video_call,7,3,6,0
4122,761,298,chat,58,1,2,0
4123,806,109,chat,37,3,6,0
4124,1855,209,chat,52,2,4,0
4125,1191,623,video_call,53,1,2,0
4126,640,81,video_call,27,5,10,1
4127,828,459,chat,26,2,4,0
4128,1450,372,video_call,38,2,4,0
4129,694,456,chat,7,4,8,1
4130,1670,286,video_call,15,2,4,0
4131,961,234,chat,41,2,4,0
4132,433,637,chat,39,3,6,0
4133,1140,226,chat,60,5,10,1
4134,1956,201,chat,9,1,2,0
4135,1760,178,chat,58,2,4,0
4136,187,639,chat,33,2,4,0
4137,1694,536,video_call,55,3,6,0
4138,1599,706,chat,10,5,10,1
4139,955,171,video_call,15,3,6,0
4140,33,512,video_call,39,2,4,0
4141,1719,366,chat,39,1,2,0
4142,1399,59,chat,19,4,8,1
4143,617,560,video_call,17,1,2,0
4144,221,150,chat,35,2,4,0
4145,424,82,chat,35,1,2,0
4146,1464,628,video_call,20,3,6,0
4147,1862,674,video_call,16,5,10,1
4148,338,615,chat,50,2,4,0
4149,1224,736,video_call,52,3,6,0
4150,1697,699,chat,38,3,6,0
4151,1449,682,video_call,20,1,2,0
4152,222,279,video_call,33,1,2,0
4153,817,194,video_call,35,4,8,1
4154,754,201,video_call,29,5,10,1
4155,634,360,chat,49,2,4,0
4156,889,488,chat,18,2,4,0
4157,1210,602,video_call,54,4,8,1
4158,930,460,video_call,47,4,8,1
4159,750,601,video_call,53,4,8,1
4160,1478,218,chat,10,5,10,1
4161,1042,688,video_call,51,3,6,0
4162,194,346,video_call,9,5,10,1
4163,215,784,chat,47,1,2,0
4164,713,625,chat,56,3,6,0
4165,1733,637,chat,26,3,6,0
4166,864,793,chat,35,3,6,0
4167,969,8,video_call,8,1,2,0
4168,1775,351,video_call,54,2,4,0
4169,1408,749,chat,46,1,2,0
4170,1166,795,video_call,27,4,8,1
4171,18,179,video_call,5,4,8,1
4172,458,723,chat,47,3,6,0
4173,658,143,video_call,58,1,2,0
4174,1353,714,video_call,25,3,6,0
4175,150,414,video_call,21,3,6,0
4176,356,513,video_call,49,2,4,0
4177,324,482,chat,55,3,6,0
4178,580,74,video_call,43,5,10,1
4179,1306,532,chat,53,1,2,0
4180,1605,537,video_call,24,1,2,0
4181,770,203,chat,24,1,2,0
4182,1624,119,chat,34,5,10,1
4183,1735,744,video_call,44,4,8,1
4184,1878,265,video_call,6,3,6,0
4185,565,775,video_call,49,1,2,0
4186,647,96,chat,43,2,4,0
4187,1012,15,video_call,52,5,10,1
4188,216,718,video_call,54,1,2,0
4189,144,196,chat,41,3,6,0
4190,281,698,chat,16,1,2,0
4191,22,430,video_call,7,5,10,1
4192,1065,144,chat,50,1,2,0
4193,178,378,chat,26,2,4,0
4194,717,190,chat,33,1,2,0
4195,625,460,chat,38,5,10,1
4196,137,389,chat,44,1,2,0
4197,451,385,chat,54,4,8,1
4198,243,527,chat,8,5,10,1
4199,1820,598,video_call,32,4,8,1
4200,553,274,chat,31,3,6,0
4201,507,494,video_call,40,4,8,1
4202,354,536,video_call,7,5,10,1
4203,1325,714,chat,16,1,2,0
4204,1334,180,chat,42,1,2,0
4205,1822,538,chat,37,3,6,0
4206,688,309,chat,56,5,10,1
4207,1282,101,video_call,44,4,8,1
4208,1436,437,chat,48,2,4,0
4209,1614,509,video_call,47,2,4,0
4210,1410,349,video_call,18,3,6,0
4211,14,667,chat,18,3,6,0
4212,1204,387,video_call,46,4,8,1
4213,752,775,video_call,30,5,10,1
4214,54,592,chat,34,4,8,1
4215,645,669,chat,14,2,4,0
4216,475,426,chat,23,5,10,1
4217,1609,438,video_call,33,2,4,0
4218,997,520,video_call,23,1,2,0
4219,163,325,video_call,27,1,2,0
4220,673,311,video_call,40,3,6,0
4221,1122,631,video_call,33,5,10,1
4222,450,540,chat,15,4,8,1
4223,889,312,chat,42,3,6,0
4224,482,226,video_call,22,2,4,0
4225,809,40,chat,42,2,4,0
4226,1918,572,video_call,42,2,4,0
4227,1438,170,video_call,20,4,8,1
4228,687,686,video_call,17,3,6,0
4229,1202,287,chat,57,2,4,0
4230,1107,425,video_call,26,3,6,0
4231,772,333,video_call,58,4,8,1
4232,664,252,video_call,55,1,2,0
4233,910,209,video_call,58,4,8,1
4234,570,260,video_call,27,2,4,0
4235,34,607,chat,26,3,6,0
4236,844,357,chat,26,3,6,0
4237,977,746,chat,29,1,2,0
4238,580,783,video_call,33,1,2,0
4239,1212,459,video_call,60,3,6,0
4240,923,358,video_call,39,4,8,1
4241,728,218,video_call,27,2,4,0
4242,1714,143,video_call,24,3,6,0
4243,1963,11,chat,20,3,6,0
4244,277,510,chat,23,5,10,1
4245,352,517,video_call,25,4,8,1
4246,262,237,video_call,39,3,6,0
4247,1829,420,chat,11,1,2,0
4248,709,716,chat,42,5,10,1
4249,1672,595,chat,6,5,10,1
4250,145,674,video_call,15,3,6,0
4251,1837,300,video_call,45,2,4,0
4252,21,682,video_call,52,5,10,1
4253,403,157,video_call,46,2,4,0
4254,1190,573,video_call,53,3,6,0
4255,826,514,chat,9,4,8,1
4256,1425,356,chat,52,4,8,1
4257,612,717,video_call,55,4,8,1
4258,523,240,video_call,10,5,10,1
4259,252,221,video_call,6,4,8,1
4260,1594,253,chat,32,1,2,0
4261,1566,766,video_call,24,4,8,1
4262,1842,164,chat,15,2,4,0
4263,1852,779,video_call,16,5,10,1
4264,840,363,video_call,20,2,4,0
4265,282,32,chat,40,4,8,1
4266,1888,373,chat,37,3,6,0
4267,1626,699,chat,17,2,4,0
4268,1974,694,video_call,42,3,6,0
4269,171,491,video_call,40,3,6,0
4270,578,224,chat,35,1,2,0
4271,389,346,chat,7,5,10,1
4272,746,394,video_call,9,2,4,0
4273,510,692,chat,42,2,4,0
4274,523,713,video_call,44,3,6,0
4275,1206,328,chat,21,4,8,1
4276,109,309,video_call,13,1,2,0
4277,1574,309,chat,31,4,8,1
4278,1822,568,video_call,59,1,2,0
4279,1609,332,chat,36,1,2,0
4280,486,339,video_call,23,4,8,1
4281,1466,13,chat,17,3,6,0
4282,966,428,chat,55,1,2,0
4283,582,296,chat,37,5,10,1
4284,490,203,video_call,59,4,8,1
4285,457,775,video_call,60,2,4,0
4286,1074,11,video_call,10,1,2,0
4287,333,162,chat,32,4,8,1
4288,804,560,chat,36,2,4,0
4289,439,792,video_call,49,1,2,0
4290,1851,428,chat,54,4,8,1
4291,1374,651,chat,38,5,10,1
4292,1440,745,chat,10,4,8,1
4293,149,694,video_call,53,1,2,0
4294,1410,132,chat,31,5,10,1
4295,1248,782,chat,40,4,8,1
4296,1250,588,video_call,57,3,6,0
4297,297,683,video_call,41,2,4,0
4298,1971,733,chat,58,1,2,0
4299,51,465,video_call,6,3,6,0
4300,1947,504,video_call,50,3,6,0
4301,1906,493,chat,33,4,8,1
4302,1754,288,video_call,22,3,6,0
4303,1460,263,chat,55,4,8,1
4304,498,682,video_call,33,2,4,0
4305,1844,675,video_call,25,4,8,1
4306,465,579,chat,50,1,2,0
4307,40,164,video_call,51,2,4,0
4308,1703,103,chat,46,3,6,0
4309,1470,158,chat,52,3,6,0
4310,322,602,video_call,9,2,4,0
4311,1985,434,video_call,23,5,10,1
4312,1916,569,chat,26,5,10,1
4313,1137,186,video_call,31,4,8,1
4314,323,87,video_call,36,2,4,0
4315,1395,348,video_call,21,1,2,0
4316,591,160,video_call,24,3,6,0
4317,1542,692,video_call,28,4,8,1
4318,738,192,video_call,9,2,4,0
4319,972,148,chat,19,3,6,0
4320,832,728,chat,12,1,2,0
4321,144,430,chat,34,5,10,1
4322,803,468,chat,40,1,2,0
4323,1806,119,video_call,55,4,8,1
4324,1516,669,video_call,17,4,8,1
4325,1909,426,chat,49,4,8,1
4326,1863,562,video_call,23,3,6,0
4327,1786,93,video_call,19,2,4,0
4328,1938,271,chat,44,1,2,0
4329,1205,282,video_call,47,4,8,1
4330,869,104,chat,23,5,10,1
4331,730,261,chat,30,2,4,0
4332,1898,76,video_call,47,1,2,0
4333,1793,767,video_call,55,1,2,0
4334,613,694,video_call,46,1,2,0
4335,128,327,chat,41,3,6,0
4336,620,390,chat,43,4,8,1
4337,1284,352,video_call,7,5,10,1
4338,1788,478,video_call,10,5,10,1
4339,459,92,chat,7,2,4,0
4340,1978,301,video_call,7,4,8,1
4341,453,396,video_call,46,1,2,0
4342,590,540,chat,23,3,6,0
4343,1549,653,chat,56,5,10,1
4344,1435,609,chat,37,5,10,1
4345,1246,692,chat,5,4,8,1
4346,1074,28,chat,46,1,2,0
4347,452,274,video_call,49,1,2,0
4348,822,479,video_call,53,5,10,1
4349,356,417,chat,25,2,4,0
4350,482,518,chat,33,2,4,0
4351,1887,713,chat,59,2,4,0
4352,634,16,video_call,48,3,6,0
4353,1541,389,chat,34,4,8,1
4354,1590,593,video_call,49,5,10,1
4355,1004,403,video_call,12,5,10,1
4356,1853,210,video_call,41,2,4,0
4357,1880,261,video_call,22,2,4,0
4358,806,275,chat,44,2,4,0
4359,1893,627,video_call,5,1,2,0
4360,748,632,video_call,54,2,4,0
4361,1218,653,chat,30,3,6,0
4362,290,204,video_call,59,5,10,1
4363,1648,331,video_call,60,3,6,0
4364,707,674,chat,40,2,4,0
4365,1699,144,video_call,57,5,10,1
4366,1224,310,video_call,11,4,8,1
4367,1652,242,video_call,44,1,2,0
4368,1180,689,chat,59,5,10,1
4369,1341,165,chat,49,2,4,0
4370,1597,145,chat,51,2,4,0
4371,120,385,video_call,43,1,2,0
4372,1728,153,video_call,48,5,10,1
4373,524,479,video_call,19,2,4,0
4374,1216,662,chat,49,3,6,0
4375,373,307,video_call,36,3,6,0
4376,208,134,chat,31,1,2,0
4377,453,59,video_call,56,5,10,1
4378,707,48,chat,47,5,10,1
4379,1982,516,video_call,38,1,2,0
4380,1663,667,chat,35,1,2,0
4381,93,262,chat,7,2,4,0
4382,65,111,chat,44,4,8,1
4383,1615,375,chat,29,2,4,0
4384,1432,675,chat,20,5,10,1
4385,142,704,video_call,23,4,8,1
4386,1425,290,chat,56,4,8,1
4387,486,717,chat,48,4,8,1
4388,1906,521,video_call,47,1,2,0
4389,1949,494,video_call,30,3,6,0
4390,733,41,video_call,33,1,2,0
4391,958,702,chat,56,5,10,1
4392,1610,27,video_call,18,3,6,0
4393,1636,349,chat,19,5,10,1
4394,1475,25,video_call,5,2,4,0
4395,1003,593,video_call,5,4,8,1
4396,1043,229,chat,54,4,8,1
4397,735,109,chat,6,2,4,0
4398,1011,33,video_call,18,2,4,0
4399,151,668,video_call,11,3,6,0
4400,974,326,video_call,29,1,2,0
4401,388,632,chat,24,2,4,0
4402,143,744,video_call,43,3,6,0
4403,256,202,video_call,20,1,2,0
4404,353,738,chat,32,3,6,0
4405,1759,724,chat,22,2,4,0
4406,1154,557,video_call,35,3,6,0
4407,707,777,chat,42,1,2,0
4408,1603,412,video_call,5,2,4,0
4409,635,637,video_call,14,3,6,0
4410,1247,94,video_call,44,5,10,1
4411,432,738,chat,48,2,4,0
4412,1122,784,video_call,15,5,10,1
4413,856,83,chat,7,4,8,1
4414,1299,277,video_call,33,1,2,0
4415,25,340,video_call,7,4,8,1
4416,1735,406,chat,24,4,8,1
4417,581,402,video_call,59,2,4,0
4418,1075,54,video_call,25,4,8,1
4419,1245,416,chat,47,3,6,0
4420,39,359,chat,27,4,8,1
4421,253,422,chat,44,4,8,1
4422,1319,790,video_call,55,3,6,0
4423,1569,562,video_call,28,5,10,1
4424,1390,732,chat,60,5,10,1
4425,678,193,video_call,49,2,4,0
4426,210,727,video_call,56,1,2,0
4427,982,89,video_call,21,4,8,1
4428,323,69,chat,34,1,2,0
4429,1251,75,video_call,56,1,2,0
4430,1556,645,chat,20,2,4,0
4431,78,279,chat,35,1,2,0
4432,178,116,video_call,28,2,4,0
4433,1747,489,chat,20,2,4,0
4434,64,396,chat,27,3,6,0
4435,1032,543,chat,40,4,8,1
4436,1165,503,chat,47,3,6,0
4437,475,18,video_call,37,1,2,0
4438,251,607,video_call,56,2,4,0
4439,249,221,chat,59,1,2,0
4440,1175,46,video_call,7,4,8,1
4441,1795,369,video_call,40,1,2,0
4442,1708,180,chat,13,5,10,1
4443,649,358,chat,49,5,10,1
4444,245,345,chat,19,5,10,1
4445,609,96,video_call,30,1,2,0
4446,237,39,video_call,20,2,4,0
4447,1428,163,video_call,60,1,2,0
4448,1072,106,video_call,18,4,8,1
4449,1181,42,video_call,15,2,4,0
4450,840,414,video_call,47,4,8,1
4451,1834,716,video_call,51,2,4,0
4452,1070,762,video_call,40,3,6,0
4453,1104,338,video_call,16,4,8,1
4454,1371,440,video_call,54,3,6,0
4455,838,33,video_call,46,5,10,1
4456,1247,341,video_call,7,5,10,1
4457,1281,630,video_call,41,3,6,0
4458,95,773,video_call,56,1,2,0
4459,991,760,video_call,23,5,10,1
4460,1297,377,video_call,5,5,10,1
4461,658,4,video_call,28,1,2,0
4462,298,565,chat,27,1,2,0
4463,541,530,chat,40,4,8,1
4464,1525,373,video_call,5,3,6,0
4465,924,452,chat,58,1,2,0
4466,1764,669,chat,47,2,4,0
4467,1969,751,chat,60,5,10,1
4468,961,604,video_call,41,1,2,0
4469,1298,36,chat,52,2,4,0
4470,1977,85,chat,50,5,10,1
4471,952,413,chat,35,5,10,1
4472,369,478,video_call,53,4,8,1
4473,754,198,video_call,10,3,6,0
4474,947,11,chat,51,4,8,1
4475,1207,49,video_call,10,3,6,0
4476,207,79,video_call,60,5,10,1
4477,635,23,chat,55,3,6,0
4478,1218,793,chat,24,2,4,0
4479,926,529,video_call,26,2,4,0
4480,1913,721,video_call,18,3,6,0
4481,1454,107,chat,12,1,2,0
4482,1275,146,video_call,38,1,2,0
4483,461,117,chat,20,1,2,0
4484,1225,386,chat,33,1,2,0
4485,1492,250,video_call,35,4,8,1
4486,1111,169,video_call,15,1,2,0
4487,818,523,video_call,31,3,6,0
4488,666,546,chat,26,1,2,0
4489,785,579,chat,17,4,8,1
4490,1939,388,video_call,42,4,8,1
4491,1974,340,video_call,42,1,2,0
4492,1978,338,video_call,40,5,10,1
4493,116,223,video_call,47,4,8,1
4494,1896,141,video_call,9,1,2,0
4495,1011,610,video_call,32,5,10,1
4496,565,695,video_call,34,3,6,0
4497,1983,545,chat,18,3,6,0
4498,1907,635,video_call,56,5,10,1
4499,1415,297,chat,43,3,6,0
4500,1038,706,video_call,26,1,2,0
4501,1957,759,video_call,38,2,4,0
4502,647,344,video_call,50,4,8,1
4503,1586,536,chat,47,2,4,0
4504,1591,713,chat,11,1,2,0
4505,398,554,video_call,17,2,4,0
4506,279,152,chat,31,1,2,0
4507,450,170,chat,8,1,2,0
4508,1554,533,video_call,29,4,8,1
4509,1424,648,chat,35,3,6,0
4510,1084,59,video_call,34,5,10,1
4511,806,579,video_call,45,3,6,0
4512,1664,772,chat,27,2,4,0
4513,535,691,video_call,18,5,10,1
4514,811,799,video_call,22,3,6,0
4515,1030,79,chat,6,2,4,0
4516,1463,211,chat,7,1,2,0
4517,401,627,chat,34,3,6,0
4518,1434,470,chat,54,1,2,0
4519,1145,793,chat,47,5,10,1
4520,495,527,chat,41,1,2,0
4521,1805,231,chat,33,1,2,0
4522,1688,527,video_call,47,2,4,0
4523,299,93,chat,48,5,10,1
4524,1864,366,video_call,14,3,6,0
4525,1074,111,video_call,8,3,6,0
4526,802,251,chat,33,1,2,0
4527,1927,734,video_call,18,3,6,0
4528,719,147,video_call,13,1,2,0
4529,1550,491,chat,49,4,8,1
4530,330,747,chat,29,2,4,0
4531,1707,525,video_call,58,1,2,0
4532,1203,694,video_call,41,2,4,0
4533,1860,528,video_call,26,2,4,0
4534,501,146,chat,27,4,8,1
4535,1088,779,chat,52,3,6,0
4536,1599,31,chat,17,4,8,1
4537,1189,357,video_call,31,4,8,1
4538,163,531,chat,41,3,6,0
4539,353,221,chat,14,2,4,0
4540,1339,717,video_call,44,4,8,1
4541,1950,161,video_call,5,2,4,0
4542,617,765,video_call,21,2,4,0
4543,293,741,video_call,12,5,10,1
4544,633,776,video_call,37,5,10,1
4545,960,690,video_call,6,5,10,1
4546,498,722,chat,34,1,2,0
4547,647,66,video_call,40,2,4,0
4548,914,62,video_call,30,2,4,0
4549,121,165,video_call,12,5,10,1
4550,368,362,video_call,44,4,8,1
4551,1885,76,video_call,12,3,6,0
4552,1714,103,chat,50,1,2,0
4553,1932,87,chat,39,1,2,0
4554,1370,688,video_call,43,4,8,1
4555,491,339,chat,42,5,10,1
4556,448,451,chat,55,3,6,0
4557,662,197,video_call,40,4,8,1
4558,212,177,chat,45,5,10,1
4559,1841,764,video_call,6,4,8,1
4560,604,585,video_call,13,4,8,1
4561,1322,637,chat,29,1,2,0
4562,1927,580,chat,54,4,8,1
4563,904,213,video_call,16,3,6,0
4564,1073,69,video_call,42,5,10,1
4565,92,186,chat,21,2,4,0
4566,617,767,chat,42,5,10,1
4567,459,346,video_call,7,5,10,1
4568,980,254,chat,19,3,6,0
4569,451,459,chat,16,4,8,1
4570,1775,778,chat,58,5,10,1
4571,1183,738,chat,37,5,10,1
4572,671,307,chat,48,4,8,1
4573,827,75,chat,41,5,10,1
4574,1812,793,chat,32,4,8,1
4575,524,159,chat,22,1,2,0
4576,515,506,video_call,54,2,4,0
4577,1989,110,chat,59,5,10,1
4578,404,78,chat,19,3,6,0
4579,1808,633,video_call,43,4,8,1
4580,1185,516,chat,60,5,10,1
4581,1153,488,video_call,58,2,4,0
4582,767,406,chat,41,2,4,0
4583,1238,407,video_call,8,2,4,0
4584,1835,127,video_call,34,2,4,0
4585,1468,67,chat,49,4,8,1
4586,1664,343,video_call,39,4,8,1
4587,1539,487,video_call,27,4,8,1
4588,643,619,video_call,41,5,10,1
4589,1933,453,chat,11,5,10,1
4590,1925,25,chat,38,3,6,0
4591,9,699,chat,17,2,4,0
4592,1590,282,chat,33,2,4,0
4593,776,525,video_call,37,4,8,1
4594,1942,161,video_call,50,5,10,1
4595,698,709,chat,15,1,2,0
4596,1442,702,chat,54,4,8,1
4597,913,19,chat,23,2,4,0
4598,549,741,chat,10,2,4,0
4599,899,472,video_call,45,3,6,0
4600,1646,665,video_call,5,2,4,0
4601,1129,459,video_call,57,3,6,0
4602,785,612,video_call,36,3,6,0
4603,721,87,video_call,53,3,6,0
4604,343,244,video_call,29,3,6,0
4605,280,109,video_call,52,4,8,1
4606,759,579,video_call,41,2,4,0
4607,624,385,video_call,5,3,6,0
4608,57,208,chat,30,2,4,0
4609,960,503,chat,60,2,4,0
4610,1875,467,chat,44,2,4,0
4611,1190,509,video_call,34,5,10,1
4612,726,21,video_call,18,3,6,0
4613,1544,390,chat,40,1,2,0
4614,16,592,video_call,12,5,10,1
4615,227,666,video_call,33,2,4,0
4616,1022,227,video_call,11,5,10,1
4617,1679,369,video_call,17,2,4,0
4618,261,406,chat,46,2,4,0
4619,627,563,chat,50,3,6,0
4620,752,193,video_call,27,5,10,1
4621,229,680,chat,46,3,6,0
4622,416,496,chat,50,4,8,1
4623,1632,567,chat,31,5,10,1
4624,1471,577,chat,51,1,2,0
4625,1364,434,video_call,35,3,6,0
4626,963,116,video_call,12,4,8,1
4627,1946,716,video_call,9,1,2,0
4628,1290,70,video_call,37,1,2,0
4629,44,393,chat,36,5,10,1
4630,548,363,chat,37,5,10,1
4631,1344,358,video_call,42,2,4,0
4632,884,601,chat,40,4,8,1
4633,1644,131,video_call,53,5,10,1
4634,472,95,video_call,52,4,8,1
4635,1685,502,chat,17,1,2,0
4636,1028,644,video_call,53,3,6,0
4637,430,565,video_call,6,2,4,0
4638,973,275,chat,44,3,6,0
4639,1512,567,video_call,49,1,2,0
4640,1402,299,chat,50,3,6,0
4641,775,632,chat,5,3,6,0
4642,1656,164,chat,34,3,6,0
4643,1802,293,chat,10,1,2,0
4644,995,183,chat,8,5,10,1
4645,1486,360,chat,38,4,8,1
4646,1070,683,chat,33,4,8,1
4647,1095,610,video_call,40,1,2,0
4648,753,140,video_call,27,3,6,0
4649,559,120,chat,47,1,2,0
4650,681,365,video_call,23,2,4,0
4651,342,334,chat,56,3,6,0
4652,264,249,video_call,51,5,10,1
4653,1590,327,video_call,16,1,2,0
4654,1517,770,video_call,11,4,8,1
4655,1539,4,video_call,19,2,4,0
4656,724,143,video_call,32,3,6,0
4657,1512,114,video_call,55,2,4,0
4658,1082,617,video_call,24,5,10,1
4659,1538,236,video_call,32,3,6,0
4660,1105,105,chat,33,5,10,1
4661,1777,249,chat,56,4,8,1
4662,897,746,chat,28,5,10,1
4663,1420,41,video_call,31,2,4,0
4664,1071,737,chat,34,4,8,1
4665,292,373,chat,40,1,2,0
4666,1179,342,video_call,48,4,8,1
4667,1240,404,video_call,12,5,10,1
4668,1517,388,video_call,12,1,2,0
4669,1938,431,video_call,46,2,4,0
4670,965,96,chat,44,4,8,1
4671,1653,331,chat,46,3,6,0
4672,767,699,video_call,18,5,10,1
4673,245,366,video_call,18,1,2,0
4674,54,533,chat,22,4,8,1
4675,630,745,chat,43,1,2,0
4676,1039,519,video_call,25,5,10,1
4677,1367,322,chat,32,5,10,1
4678,51,12,chat,23,1,2,0
4679,372,425,chat,33,1,2,0
4680,338,491,video_call,55,5,10,1
4681,635,719,chat,55,2,4,0
4682,1908,688,chat,46,4,8,1
4683,203,757,chat,28,5,10,1
4684,1877,158,video_call,31,2,4,0
4685,111,127,video_call,52,5,10,1
4686,218,256,video_call,37,5,10,1
4687,4,246,chat,55,3,6,0
4688,1914,383,chat,23,3,6,0
4689,1260,271,video_call,38,4,8,1
4690,1002,106,video_call,28,1,2,0
4691,387,269,video_call,11,4,8,1
4692,294,693,chat,30,1,2,0
4693,669,682,video_call,15,4,8,1
4694,1341,671,video_call,56,1,2,0
4695,1668,502,video_call,12,5,10,1
4696,570,122,video_call,22,4,8,1
4697,416,488,video_call,37,4,8,1
4698,1570,694,chat,9,3,6,0
4699,135,39,video_call,40,1,2,0
4700,659,541,video_call,35,5,10,1
4701,812,265,chat,52,3,6,0
4702,1710,283,video_call,48,1,2,0
4703,505,762,video_call,44,4,8,1
4704,742,593,video_call,46,3,6,0
4705,1021,61,video_call,40,2,4,0
4706,889,716,video_call,57,3,6,0
4707,338,108,video_call,26,3,6,0
4708,1961,475,chat,47,2,4,0
4709,1442,203,chat,44,2,4,0
4710,1512,9,chat,54,1,2,0
4711,1147,552,chat,54,2,4,0
4712,145,570,video_call,12,2,4,0
4713,1164,689,video_call,17,2,4,0
4714,1388,357,chat,45,2,4,0
4715,928,11,chat,41,3,6,0
4716,238,112,video_call,20,2,4,0
4717,1250,315,video_call,5,5,10,1
4718,1480,695,video_call,52,4,8,1
4719,1449,737,video_call,31,5,10,1
4720,770,331,video_call,49,1,2,0
4721,170,547,video_call,57,1,2,0
4722,844,598,chat,55,1,2,0
4723,1816,378,chat,15,3,6,0
4724,1759,138,video_call,47,3,6,0
4725,1621,366,video_call,30,5,10,1
4726,51,699,video_call,11,4,8,1
4727,1555,209,chat,21,4,8,1
4728,906,738,video_call,8,2,4,0
4729,264,553,chat,60,3,6,0
4730,818,176,chat,51,1,2,0
4731,1822,551,video_call,40,2,4,0
4732,812,738,chat,19,1,2,0
4733,464,319,video_call,34,2,4,0
4734,1532,331,chat,7,1,2,0
4735,1372,326,chat,43,1,2,0
4736,1056,645,chat,19,1,2,0
4737,880,185,chat,26,5,10,1
4738,694,453,video_call,5,3,6,0
4739,1402,55,chat,35,2,4,0
4740,1744,27,video_call,49,1,2,0
4741,834,366,chat,9,5,10,1
4742,1635,579,video_call,27,4,8,1
4743,1336,183,chat,26,2,4,0
4744,1265,246,video_call,50,4,8,1
4745,1128,589,chat,19,1,2,0
4746,124,553,video_call,20,2,4,0
4747,631,234,video_call,16,2,4,0
4748,1138,396,chat,46,4,8,1
4749,1313,8,chat,56,1,2,0
4750,1883,623,video_call,55,2,4,0
4751,974,731,video_call,27,5,10,1
4752,921,375,video_call,23,1,2,0
4753,1904,675,chat,6,1,2,0
4754,57,377,chat,18,2,4,0
4755,589,530,video_call,7,1,2,0
4756,1321,464,chat,34,3,6,0
4757,1217,640,video_call,29,4,8,1
4758,1411,661,video_call,8,2,4,0
4759,970,436,video_call,37,3,6,0
4760,186,541,chat,27,2,4,0
4761,1417,600,chat,34,1,2,0
4762,1789,401,video_call,33,1,2,0
4763,1740,551,chat,33,3,6,0
4764,1514,471,video_call,16,2,4,0
4765,646,442,video_call,60,5,10,1
4766,1606,15,chat,22,2,4,0
4767,691,503,chat,11,1,2,0
4768,1399,721,video_call,15,1,2,0
4769,704,192,video_call,18,4,8,1
4770,1155,772,video_call,42,2,4,0
4771,503,58,video_call,22,4,8,1
4772,1996,447,video_call,7,5,10,1
4773,440,710,chat,24,2,4,0
4774,990,426,video_call,42,5,10,1
4775,1496,308,chat,47,1,2,0
4776,782,462,video_call,27,2,4,0
4777,1055,526,chat,7,5,10,1
4778,266,282,chat,60,5,10,1
4779,431,606,video_call,44,2,4,0
4780,930,599,video_call,5,5,10,1
4781,734,444,chat,45,4,8,1
4782,755,535,chat,14,5,10,1
4783,875,232,video_call,9,2,4,0
4784,1075,691,chat,28,1,2,0
4785,914,473,video_call,34,1,2,0
4786,1988,215,chat,20,5,10,1
4787,1423,413,chat,44,2,4,0
4788,1683,721,chat,40,4,8,1
4789,1916,748,chat,50,5,10,1
4790,1156,564,video_call,39,5,10,1
4791,256,173,video_call,47,2,4,0
4792,632,663,chat,34,5,10,1
4793,1403,135,chat,10,4,8,1
4794,589,163,video_call,20,4,8,1
4795,1984,247,video_call,20,2,4,0
4796,245,380,chat,31,1,2,0
4797,1521,457,chat,33,5,10,1
4798,1667,76,chat,40,3,6,0
4799,1526,184,video_call,60,1,2,0
4800,1905,500,video_call,30,1,2,0
4801,1312,737,video_call,60,3,6,0
4802,159,159,chat,53,5,10,1
4803,44,625,video_call,55,5,10,1
4804,1483,116,chat,41,2,4,0
4805,549,398,chat,47,2,4,0
4806,1592,649,video_call,21,3,6,0
4807,600,53,chat,28,2,4,0
4808,1085,535,video_call,26,3,6,0
4809,1439,43,video_call,10,2,4,0
4810,161,15,video_call,46,2,4,0
4811,768,12,video_call,27,3,6,0
4812,1935,711,chat,43,1,2,0
4813,1547,778,chat,25,2,4,0
4814,1083,356,video_call,14,3,6,0
4815,335,452,chat,11,1,2,0
4816,1172,261,chat,46,3,6,0
4817,388,185,video_call,19,3,6,0
4818,437,649,video_call,22,2,4,0
4819,900,388,video_call,37,4,8,1
4820,1282,667,video_call,50,4,8,1
4821,838,177,chat,18,4,8,1
4822,721,605,video_call,47,2,4,0
4823,877,680,chat,36,2,4,0
4824,1083,114,chat,19,1,2,0
4825,69,612,chat,35,2,4,0
4826,1436,646,chat,38,3,6,0
4827,1395,77,chat,19,3,6,0
4828,1827,186,video_call,36,5,10,1
4829,1609,445,video_call,52,5,10,1
4830,939,555,chat,53,1,2,0
4831,1920,748,chat,33,5,10,1
4832,501,368,video_call,12,4,8,1
4833,328,378,chat,34,3,6,0
4834,1578,115,video_call,34,3,6,0
4835,347,286,chat,60,2,4,0
4836,1311,409,video_call,49,2,4,0
4837,761,201,chat,16,5,10,1
4838,1841,308,chat,44,5,10,1
4839,1376,402,video_call,46,3,6,0
4840,1210,380,chat,9,2,4,0
4841,87,544,chat,39,3,6,0
4842,695,84,video_call,32,1,2,0
4843,279,661,chat,36,4,8,1
4844,1722,562,chat,51,2,4,0
4845,11,472,video_call,8,4,8,1
4846,938,588,video_call,10,1,2,0
4847,411,88,chat,16,2,4,0
4848,1251,261,video_call,42,4,8,1
4849,1039,272,chat,17,2,4,0
4850,1432,364,video_call,42,5,10,1
4851,1530,772,video_call,56,3,6,0
4852,915,780,video_call,20,1,2,0
4853,1205,448,video_call,7,3,6,0
4854,41,429,video_call,23,4,8,1
4855,1950,122,chat,20,5,10,1
4856,1130,413,video_call,59,4,8,1
4857,1471,646,chat,16,5,10,1
4858,1564,242,chat,43,3,6,0
4859,66,75,chat,39,5,10,1
4860,812,185,chat,28,2,4,0
4861,341,417,chat,44,5,10,1
4862,1950,59,chat,7,1,2,0
4863,950,197,chat,57,5,10,1
4864,715,235,video_call,13,4,8,1
4865,599,134,chat,28,1,2,0
4866,1301,432,video_call,49,1,2,0
4867,1203,191,chat,20,3,6,0
4868,1600,19,chat,34,1,2,0
4869,1252,727,chat,29,2,4,0
4870,78,89,video_call,32,4,8,1
4871,498,587,video_call,16,2,4,0
4872,780,768,video_call,6,1,2,0
4873,1176,321,chat,47,3,6,0
4874,15,450,video_call,30,4,8,1
4875,347,45,video_call,5,5,10,1
4876,213,637,chat,56,3,6,0
4877,1387,116,video_call,40,1,2,0
4878,1332,544,video_call,30,4,8,1
4879,77,787,chat,59,4,8,1
4880,1646,68,chat,39,4,8,1
4881,1960,97,chat,15,1,2,0
4882,192,282,video_call,16,1,2,0
4883,10,311,video_call,16,3,6,0
4884,1423,664,video_call,6,4,8,1
4885,79,66,chat,26,1,2,0
4886,1045,144,chat,25,2,4,0
4887,751,615,chat,23,2,4,0
4888,301,252,chat,27,1,2,0
4889,314,749,chat,30,5,10,1
4890,182,675,video_call,46,4,8,1
4891,246,761,video_call,39,1,2,0
4892,384,463,chat,8,4,8,1
4893,361,156,chat,13,5,10,1
4894,1202,604,chat,57,4,8,1
4895,780,198,chat,27,1,2,0
4896,356,682,chat,12,4,8,1
4897,1589,387,chat,5,1,2,0
4898,361,424,video_call,12,1,2,0
4899,1584,678,video_call,53,5,10,1
4900,851,280,chat,58,5,10,1
4901,1594,422,chat,29,2,4,0
4902,1151,625,chat,37,2,4,0
4903,1840,323,video_call,48,1,2,0
4904,983,102,video_call,22,5,10,1
4905,79,385,video_call,60,2,4,0
4906,4,782,video_call,40,2,4,0
4907,1085,113,chat,45,2,4,0
4908,1488,762,chat,12,2,4,0
4909,798,28,video_call,57,4,8,1
4910,968,792,video_call,9,2,4,0
4911,261,111,video_call,8,1,2,0
4912,217,176,chat,49,4,8,1
4913,1296,360,chat,57,1,2,0
4914,1720,663,video_call,5,3,6,0
4915,450,770,video_call,21,3,6,0
4916,615,585,video_call,35,2,4,0
4917,1248,680,video_call,37,1,2,0
4918,1625,694,chat,35,2,4,0
4919,1679,736,chat,38,2,4,0
4920,1706,198,chat,28,5,10,1
4921,631,240,chat,47,4,8,1
4922,1583,781,video_call,19,2,4,0
4923,171,355,video_call,31,3,6,0
4924,194,415,chat,45,4,8,1
4925,460,480,video_call,50,1,2,0
4926,1822,175,video_call,5,1,2,0
4927,1867,166,video_call,7,5,10,1
4928,1376,779,chat,57,3,6,0
4929,116,728,video_call,22,2,4,0
4930,1110,174,chat,24,3,6,0
4931,1485,336,video_call,23,3,6,0
4932,343,473,chat,39,5,10,1
4933,1158,100,chat,57,4,8,1
4934,1034,160,video_call,52,2,4,0
4935,1827,48,chat,34,4,8,1
4936,670,799,chat,48,4,8,1
4937,1941,23,video_call,46,4,8,1
4938,1550,454,chat,58,2,4,0
4939,1425,620,chat,13,3,6,0
4940,742,518,video_call,49,1,2,0
4941,737,639,video_call,41,1,2,0
4942,1619,5,video_call,35,3,6,0
4943,664,587,video_call,50,2,4,0
4944,409,57,video_call,28,5,10,1
4945,1054,496,chat,45,3,6,0
4946,1575,580,video_call,28,5,10,1
4947,1808,25,video_call,44,1,2,0
4948,276,298,video_call,28,5,10,1
4949,1335,443,video_call,37,1,2,0
4950,551,754,chat,7,5,10,1
4951,1908,451,video_call,28,1,2,0
4952,678,705,video_call,23,1,2,0
4953,1517,703,video_call,60,5,10,1
4954,688,145,chat,33,1,2,0
4955,746,452,video_call,36,5,10,1
4956,1727,301,chat,20,4,8,1
4957,988,95,video_call,16,5,10,1
4958,329,235,chat,20,2,4,0
4959,338,108,chat,10,4,8,1
4960,840,443,chat,23,4,8,1
4961,467,613,video_call,47,1,2,0
4962,13,73,video_call,33,1,2,0
4963,1815,629,chat,11,5,10,1
4964,1164,744,chat,31,3,6,0
4965,350,77,chat,24,5,10,1
4966,1181,256,video_call,49,5,10,1
4967,428,414,video_call,56,5,10,1
4968,1375,792,chat,5,4,8,1
4969,512,415,video_call,48,2,4,0
4970,1560,62,chat,19,4,8,1
4971,1939,311,chat,18,3,6,0
4972,1974,605,video_call,41,5,10,1
4973,140,517,video_call,50,3,6,0
4974,1657,710,chat,37,3,6,0
4975,414,424,chat,60,3,6,0
4976,662,454,video_call,12,3,6,0
4977,1363,403,chat,31,5,10,1
4978,1513,124,video_call,50,3,6,0
4979,128,597,video_call,9,3,6,0
4980,487,178,chat,33,4,8,1
4981,1692,166,chat,30,4,8,1
4982,1353,717,chat,41,3,6,0
4983,1392,530,video_call,21,2,4,0
4984,1878,396,video_call,28,4,8,1
4985,1750,695,chat,47,3,6,0
4986,1915,443,video_call,47,5,10,1
4987,1492,741,chat,37,2,4,0
4988,1889,286,chat,6,5,10,1
4989,72,58,chat,40,1,2,0
4990,841,262,video_call,31,3,6,0
4991,1479,93,chat,55,4,8,1
4992,762,25,video_call,41,3,6,0
4993,1205,73,chat,40,3,6,0
4994,1339,543,video_call,34,2,4,0
4995,1439,159,chat,57,3,6,0
4996,994,748,video_call,59,3,6,0
4997,746,774,chat,60,3,6,0
4998,1091,658,chat,41,5,10,1
4999,846,519,chat,35,5,10,1
5000,1699,468,video_call,39,1,2,0
5001,466,192,video_call,10,1,2,0
5002,1443,467,video_call,49,5,10,1
5003,744,399,chat,22,2,4,0
5004,1999,384,video_call,43,4,8,1
5005,37,201,video_call,45,3,6,0
5006,1523,408,chat,53,5,10,1
5007,1977,155,video_call,17,1,2,0
5008,83,493,video_call,21,4,8,1
5009,1802,191,video_call,34,2,4,0
5010,1476,55,video_call,49,4,8,1
5011,1121,741,chat,24,4,8,1
5012,1183,635,video_call,46,2,4,0
5013,593,289,video_call,28,4,8,1
5014,1014,565,video_call,48,5,10,1
5015,61,139,chat,29,2,4,0
5016,1930,742,chat,24,2,4,0
5017,1542,147,video_call,28,5,10,1
5018,1277,258,chat,53,4,8,1
5019,1463,108,video_call,14,1,2,0
5020,999,134,chat,33,1,2,0
5021,609,46,video_call,57,1,2,0
5022,189,737,chat,17,4,8,1
5023,277,446,video_call,42,2,4,0
5024,513,246,chat,44,2,4,0
5025,910,250,chat,33,5,10,1
5026,1234,492,video_call,58,4,8,1
5027,1122,317,chat,5,5,10,1
5028,425,740,chat,11,5,10,1
5029,1824,528,chat,14,1,2,0
5030,1386,182,chat,16,1,2,0
5031,69,259,chat,24,5,10,1
5032,1827,235,chat,25,5,10,1
5033,724,51,video_call,58,4,8,1
5034,1017,498,video_call,50,2,4,0
5035,1070,520,chat,52,3,6,0
5036,1390,641,video_call,59,2,4,0
5037,698,581,video_call,19,5,10,1
5038,1711,648,chat,42,5,10,1
5039,328,485,chat,33,5,10,1
5040,1470,572,chat,10,5,10,1
5041,763,129,video_call,9,2,4,0
5042,1643,519,video_call,55,1,2,0
5043,641,96,video_call,31,1,2,0
5044,1558,305,chat,41,1,2,0
5045,445,701,chat,33,3,6,0
5046,1205,116,chat,17,2,4,0
5047,1132,484,video_call,58,2,4,0
5048,1958,309,chat,16,5,10,1
5049,662,34,chat,16,3,6,0
5050,218,523,video_call,36,2,4,0
5051,1270,488,video_call,43,3,6,0
5052,867,333,video_call,43,4,8,1
5053,1235,311,video_call,15,5,10,1
5054,1018,39,chat,8,3,6,0
5055,1782,661,chat,20,4,8,1
5056,1644,261,chat,5,5,10,1
5057,1394,198,video_call,36,4,8,1
5058,1927,348,chat,25,3,6,0
5059,1827,402,chat,32,1,2,0
5060,753,704,video_call,47,4,8,1
5061,889,208,chat,42,3,6,0
5062,752,788,chat,12,2,4,0
5063,168,104,chat,58,2,4,0
5064,1346,232,video_call,39,2,4,0
5065,235,781,chat,18,1,2,0
5066,1045,466,video_call,31,1,2,0
5067,1828,583,video_call,15,1,2,0
5068,746,113,video_call,43,5,10,1
5069,1394,47,video_call,8,5,10,1
5070,549,707,chat,37,3,6,0
5071,1780,788,video_call,29,1,2,0
5072,622,220,video_call,43,5,10,1
5073,699,183,chat,6,2,4,0
5074,1155,797,chat,9,5,10,1
5075,1455,566,video_call,20,3,6,0
5076,755,660,chat,20,4,8,1
5077,12,486,video_call,15,1,2,0
5078,480,396,video_call,54,2,4,0
5079,862,267,video_call,52,4,8,1
5080,1135,530,chat,35,3,6,0
5081,1241,10,video_call,49,5,10,1
5082,1325,65,chat,49,1,2,0
5083,462,736,chat,19,4,8,1
5084,1951,687,chat,12,5,10,1
5085,1072,616,chat,54,3,6,0
5086,1716,412,chat,39,4,8,1
5087,1433,72,video_call,28,1,2,0
5088,722,337,chat,7,1,2,0
5089,579,4,chat,45,2,4,0
5090,345,87,chat,18,5,10,1
5091,213,774,chat,18,2,4,0
5092,1956,516,video_call,53,4,8,1
5093,353,178,video_call,12,2,4,0
5094,879,487,video_call,29,3,6,0
5095,1630,447,video_call,53,3,6,0
5096,1090,284,video_call,28,5,10,1
5097,125,698,video_call,48,1,2,0
5098,1063,502,video_call,37,3,6,0
5099,1155,432,video_call,6,3,6,0
5100,1108,514,chat,42,5,10,1
5101,1424,657,chat,5,4,8,1
5102,1313,446,chat,41,2,4,0
5103,1568,319,chat,44,5,10,1
5104,813,326,chat,16,3,6,0
5105,6,642,video_call,53,3,6,0
5106,1599,528,video_call,43,3,6,0
5107,1505,313,video_call,55,4,8,1
5108,1109,511,video_call,6,3,6,0
5109,827,52,video_call,46,5,10,1
5110,1670,588,chat,42,1,2,0
5111,147,704,chat,10,5,10,1
5112,1805,441,video_call,32,1,2,0
5113,1834,225,chat,6,1,2,0
5114,950,669,chat,48,1,2,0
5115,983,476,video_call,10,1,2,0
5116,1278,479,video_call,8,4,8,1
5117,1556,388,video_call,42,2,4,0
5118,218,698,video_call,45,5,10,1
5119,390,306,video_call,42,4,8,1
5120,255,144,video_call,8,2,4,0
5121,1101,708,video_call,55,1,2,0
5122,1815,39,chat,21,1,2,0
5123,783,342,chat,10,5,10,1
5124,915,194,chat,40,4,8,1
5125,524,381,chat,36,3,6,0
5126,523,465,chat,10,4,8,1
5127,1841,325,video_call,30,4,8,1
5128,1632,674,video_call,49,2,4,0
5129,888,18,video_call,43,3,6,0
5130,1284,234,video_call,20,3,6,0
5131,914,569,chat,34,1,2,0
5132,1266,389,video_call,6,2,4,0
5133,532,577,video_call,55,5,10,1
5134,524,264,chat,35,1,2,0
5135,589,222,chat,48,3,6,0
5136,41,260,chat,33,2,4,0
5137,1134,178,chat,33,1,2,0
5138,531,181,chat,54,2,4,0
5139,893,292,video_call,12,3,6,0
5140,1328,138,video_call,38,2,4,0
5141,1280,720,chat,58,2,4,0
5142,52,315,chat,22,5,10,1
5143,1252,625,chat,55,2,4,0
5144,1535,724,chat,6,1,2,0
5145,789,283,chat,14,4,8,1
5146,415,54,video_call,31,3,6,0
5147,458,707,video_call,12,2,4,0
5148,974,782,video_call,18,1,2,0
5149,98,420,video_call,13,2,4,0
5150,980,670,chat,19,4,8,1
5151,402,479,video_call,37,1,2,0
5152,1357,769,chat,60,2,4,0
5153,1192,752,video_call,43,2,4,0
5154,371,506,video_call,36,2,4,0
5155,1892,588,chat,25,3,6,0
5156,670,708,chat,56,1,2,0
5157,974,233,chat,37,5,10,1
5158,998,768,video_call,30,5,10,1
5159,304,735,video_call,36,1,2,0
5160,1338,321,video_call,45,1,2,0
5161,1639,363,video_call,29,5,10,1
5162,1069,302,chat,28,5,10,1
5163,735,40,chat,22,5,10,1
5164,504,431,video_call,59,2,4,0
5165,563,291,video_call,21,2,4,0
5166,69,587,video_call,13,4,8,1
5167,371,391,video_call,50,3,6,0
5168,1706,325,video_call,14,1,2,0
5169,755,89,video_call,44,3,6,0
5170,153,425,video_call,31,4,8,1
5171,659,693,video_call,49,5,10,1
5172,1783,724,chat,59,5,10,1
5173,1478,677,video_call,16,3,6,0
5174,990,60,chat,46,2,4,0
5175,1500,174,video_call,15,1,2,0
5176,578,585,video_call,59,4,8,1
5177,766,277,video_call,16,4,8,1
5178,908,479,video_call,40,2,4,0
5179,408,225,video_call,52,1,2,0
5180,916,540,chat,26,3,6,0
5181,322,222,video_call,7,3,6,0
5182,422,99,video_call,50,5,10,1
5183,1896,460,video_call,16,1,2,0
5184,987,207,chat,45,5,10,1
5185,1888,21,chat,40,4,8,1
5186,1711,428,video_call,26,5,10,1
5187,1983,444,video_call,58,1,2,0
5188,1236,608,video_call,50,5,10,1
5189,1831,635,chat,32,2,4,0
5190,1298,370,video_call,51,5,10,1
5191,1645,424,video_call,21,1,2,0
5192,1795,199,video_call,21,1,2,0
5193,1065,424,chat,39,5,10,1
5194,1676,353,chat,41,1,2,0
5195,542,60,chat,26,4,8,1
5196,1608,364,video_call,41,1,2,0
5197,792,365,video_call,49,5,10,1
5198,912,604,video_call,33,4,8,1
5199,792,654,video_call,26,1,2,0
5200,120,184,chat,48,1,2,0
5201,1879,18,video_call,60,5,10,1
5202,1325,279,chat,41,1,2,0
5203,118,604,video_call,15,4,8,1
5204,243,775,chat,56,2,4,0
5205,49,454,chat,35,3,6,0
5206,795,790,video_call,5,3,6,0
5207,465,170,chat,17,4,8,1
5208,154,654,video_call,42,1,2,0
5209,590,654,chat,12,4,8,1
5210,695,718,chat,5,1,2,0
5211,624,347,chat,30,3,6,0
5212,1280,725,video_call,55,4,8,1
5213,537,75,chat,50,4,8,1
5214,1874,89,video_call,57,5,10,1
5215,1459,545,chat,48,1,2,0
5216,1385,746,video_call,22,3,6,0
5217,710,648,chat,39,1,2,0
5218,1039,682,video_call,48,1,2,0
5219,463,309,video_call,22,2,4,0
5220,604,479,video_call,15,4,8,1
5221,1127,278,chat,20,4,8,1
5222,616,464,video_call,39,3,6,0
5223,1361,686,chat,51,4,8,1
5224,403,572,chat,55,3,6,0
5225,585,292,video_call,42,3,6,0
5226,1302,85,video_call,15,3,6,0
5227,27,196,video_call,35,1,2,0
5228,674,180,chat,42,1,2,0
5229,1401,175,video_call,31,2,4,0
5230,1158,75,video_call,12,4,8,1
5231,1761,201,video_call,41,1,2,0
5232,1650,14,video_call,24,5,10,1
5233,1739,151,chat,21,1,2,0
5234,717,229,video_call,33,5,10,1
5235,1750,627,video_call,37,1,2,0
5236,591,439,video_call,17,3,6,0
5237,1499,302,video_call,41,4,8,1
5238,302,387,video_call,35,4,8,1
5239,982,463,video_call,11,3,6,0
5240,512,658,chat,34,2,4,0
5241,39,364,chat,23,2,4,0
5242,1521,720,video_call,8,5,10,1
5243,1691,727,video_call,54,3,6,0
5244,526,234,video_call,56,3,6,0
5245,1848,373,video_call,57,5,10,1
5246,781,685,chat,42,1,2,0
5247,573,309,chat,51,2,4,0
5248,1280,613,video_call,46,5,10,1
5249,778,209,video_call,48,2,4,0
5250,1433,341,chat,19,5,10,1
5251,1163,702,video_call,12,4,8,1
5252,1561,292,chat,31,1,2,0
5253,1856,710,video_call,30,3,6,0
5254,865,489,chat,51,2,4,0
5255,1838,780,chat,54,2,4,0
5256,532,405,video_call,53,5,10,1
5257,1622,387,chat,43,1,2,0
5258,619,259,chat,42,3,6,0
5259,1195,239,video_call,35,4,8,1
5260,806,446,video_call,12,5,10,1
5261,1105,599,video_call,54,5,10,1
5262,197,1,chat,46,3,6,0
5263,191,9,chat,43,5,10,1
5264,1761,706,chat,28,5,10,1
5265,1381,319,chat,45,1,2,0
5266,138,240,video_call,53,2,4,0
5267,165,36,chat,49,3,6,0
5268,178,288,chat,60,4,8,1
5269,393,79,video_call,57,4,8,1
5270,380,224,video_call,21,2,4,0
5271,555,542,video_call,40,4,8,1
5272,178,267,chat,7,2,4,0
5273,265,368,video_call,13,1,2,0
5274,676,596,video_call,56,1,2,0
5275,1237,551,video_call,6,2,4,0
5276,515,390,video_call,34,2,4,0
5277,1908,504,video_call,26,4,8,1
5278,438,623,video_call,22,4,8,1
5279,536,381,chat,50,3,6,0
5280,1540,141,chat,13,1,2,0
5281,1836,503,video_call,37,5,10,1
5282,602,151,chat,34,2,4,0
5283,903,399,video_call,60,5,10,1
5284,253,623,video_call,19,3,6,0
5285,1327,752,video_call,23,1,2,0
5286,791,83,chat,39,5,10,1
5287,607,722,video_call,49,1,2,0
5288,528,348,video_call,52,2,4,0
5289,1608,436,chat,41,2,4,0
5290,302,649,chat,19,5,10,1
5291,888,598,video_call,14,2,4,0
5292,1085,198,video_call,53,3,6,0
5293,1021,257,video_call,57,5,10,1
5294,546,112,video_call,21,4,8,1
5295,1614,515,video_call,41,2,4,0
5296,1852,398,video_call,20,2,4,0
5297,946,119,video_call,44,3,6,0
5298,137,695,chat,6,5,10,1
5299,1607,602,video_call,59,1,2,0
5300,1116,645,video_call,28,5,10,1
5301,1739,293,video_call,53,1,2,0
5302,1862,462,video_call,41,3,6,0
5303,247,695,chat,39,2,4,0
5304,610,43,chat,59,4,8,1
5305,662,131,chat,11,5,10,1
5306,768,1,chat,32,1,2,0
5307,169,716,video_call,14,4,8,1
5308,10,555,chat,34,2,4,0
5309,1265,26,video_call,57,5,10,1
5310,314,183,chat,45,2,4,0
5311,434,307,chat,40,2,4,0
5312,1255,184,video_call,41,4,8,1
5313,107,268,chat,24,3,6,0
5314,1792,9,video_call,11,5,10,1
5315,980,420,video_call,19,2,4,0
5316,995,295,chat,54,4,8,1
5317,1261,568,chat,18,1,2,0
5318,1572,699,video_call,43,4,8,1
5319,1995,625,video_call,16,1,2,0
5320,1679,372,chat,45,5,10,1
5321,843,279,chat,7,1,2,0
5322,75,256,chat,20,1,2,0
5323,428,125,chat,14,3,6,0
5324,788,671,chat,22,1,2,0
5325,443,112,video_call,15,1,2,0
5326,1501,146,video_call,29,3,6,0
5327,365,528,video_call,60,3,6,0
5328,1656,530,video_call,13,4,8,1
5329,284,736,video_call,52,3,6,0
5330,372,268,chat,27,5,10,1
5331,1383,618,video_call,31,4,8,1
5332,1628,609,video_call,30,4,8,1
5333,1310,694,video_call,49,4,8,1
5334,852,675,video_call,16,1,2,0
5335,1071,674,chat,49,4,8,1
5336,919,77,chat,6,2,4,0
5337,1245,444,chat,35,4,8,1
5338,929,643,video_call,23,4,8,1
5339,150,250,video_call,23,4,8,1
5340,499,203,chat,19,4,8,1
5341,1420,90,video_call,42,5,10,1
5342,1838,312,chat,27,5,10,1
5343,295,254,chat,42,4,8,1
5344,1517,648,video_call,18,3,6,0
5345,952,679,video_call,47,3,6,0
5346,1023,626,chat,24,2,4,0
5347,966,237,video_call,9,4,8,1
5348,1855,505,chat,54,3,6,0
5349,393,258,chat,18,5,10,1
5350,1207,647,video_call,13,5,10,1
5351,421,689,video_call,27,3,6,0
5352,1706,607,chat,28,4,8,1
5353,663,222,video_call,10,3,6,0
5354,20,407,video_call,24,2,4,0
5355,431,258,chat,52,4,8,1
5356,933,100,chat,41,1,2,0
5357,216,299,chat,37,1,2,0
5358,600,638,chat,48,2,4,0
5359,108,784,chat,37,4,8,1
5360,981,140,chat,23,2,4,0
5361,227,618,chat,27,2,4,0
5362,1060,636,chat,16,5,10,1
5363,1741,713,video_call,35,5,10,1
5364,270,573,video_call,23,4,8,1
5365,561,597,chat,29,1,2,0
5366,1024,469,video_call,24,5,10,1
5367,234,179,video_call,53,2,4,0
5368,5,152,chat,45,4,8,1
5369,709,432,video_call,18,2,4,0
5370,276,452,video_call,17,1,2,0
5371,363,489,video_call,43,2,4,0
5372,172,607,chat,49,1,2,0
5373,1819,653,chat,32,5,10,1
5374,1613,135,chat,52,1,2,0
5375,799,387,chat,56,1,2,0
5376,427,499,video_call,20,1,2,0
5377,553,705,chat,29,3,6,0
5378,499,232,chat,51,2,4,0
5379,525,246,chat,29,1,2,0
5380,119,750,chat,56,2,4,0
5381,906,337,video_call,51,3,6,0
5382,245,726,chat,11,2,4,0
5383,991,404,video_call,36,2,4,0
5384,510,143,video_call,19,5,10,1
5385,593,550,video_call,39,2,4,0
5386,638,748,chat,9,5,10,1
5387,1171,121,video_call,29,4,8,1
5388,1271,632,chat,55,4,8,1
5389,162,11,video_call,50,4,8,1
5390,1566,356,video_call,44,4,8,1
5391,1992,51,chat,29,1,2,0
5392,289,341,chat,22,3,6,0
5393,1788,659,chat,30,1,2,0
5394,881,587,chat,56,4,8,1
5395,1143,216,video_call,51,1,2,0
5396,414,226,video_call,54,2,4,0
5397,705,214,video_call,39,3,6,0
5398,1828,232,chat,32,4,8,1
5399,361,423,chat,37,3,6,0
5400,1885,57,video_call,14,4,8,1
5401,952,408,chat,46,3,6,0
5402,1659,740,chat,23,4,8,1
5403,772,685,chat,30,3,6,0
5404,1333,168,video_call,36,2,4,0
5405,220,262,chat,17,2,4,0
5406,243,481,video_call,37,1,2,0
5407,1774,583,chat,9,2,4,0
5408,946,159,chat,30,4,8,1
5409,519,735,video_call,27,2,4,0
5410,21,100,chat,54,4,8,1
5411,1666,325,chat,40,1,2,0
5412,648,375,chat,51,4,8,1
5413,251,308,video_call,39,4,8,1
5414,1678,747,chat,18,1,2,0
5415,1191,739,video_call,11,1,2,0
5416,71,752,video_call,20,4,8,1
5417,842,280,chat,42,3,6,0
5418,463,381,video_call,29,1,2,0
5419,618,37,chat,22,3,6,0
5420,394,112,chat,59,3,6,0
5421,878,423,chat,56,2,4,0
5422,1974,317,video_call,5,5,10,1
5423,1379,225,chat,59,2,4,0
5424,1765,794,video_call,59,2,4,0
5425,253,288,video_call,27,1,2,0
5426,85,487,video_call,27,2,4,0
5427,1630,314,chat,32,4,8,1
5428,1413,142,chat,24,4,8,1
5429,134,489,video_call,50,3,6,0
5430,1650,229,chat,58,1,2,0
5431,1722,286,chat,14,4,8,1
5432,1457,258,video_call,38,2,4,0
5433,1608,373,video_call,9,2,4,0
5434,698,730,video_call,36,1,2,0
5435,1833,501,video_call,11,1,2,0
5436,1461,243,video_call,17,5,10,1
5437,369,727,video_call,52,2,4,0
5438,1489,155,chat,44,5,10,1
5439,638,161,chat,58,5,10,1
5440,1987,779,video_call,8,1,2,0
5441,406,270,chat,13,2,4,0
5442,1555,562,video_call,47,2,4,0
5443,1682,770,video_call,46,3,6,0
5444,1240,119,chat,50,4,8,1
5445,214,581,chat,10,5,10,1
5446,1881,361,chat,56,5,10,1
5447,1820,151,chat,50,4,8,1
5448,578,281,video_call,29,3,6,0
5449,1877,255,video_call,43,5,10,1
5450,82,231,video_call,57,3,6,0
5451,12,76,video_call,26,5,10,1
5452,423,42,video_call,18,5,10,1
5453,1244,732,chat,35,1,2,0
5454,620,466,video_call,48,2,4,0
5455,558,98,chat,7,4,8,1
5456,1233,18,chat,9,2,4,0
5457,1665,662,chat,28,2,4,0
5458,1515,236,video_call,18,4,8,1
5459,1390,396,chat,60,2,4,0
5460,346,537,video_call,24,4,8,1
5461,1345,298,video_call,41,1,2,0
5462,446,377,video_call,14,2,4,0
5463,1741,718,chat,38,3,6,0
5464,1351,718,chat,51,2,4,0
5465,1668,398,video_call,36,4,8,1
5466,815,90,chat,60,1,2,0
5467,61,136,chat,46,2,4,0
5468,1260,712,video_call,52,2,4,0
5469,428,584,chat,36,2,4,0
5470,1604,658,chat,53,3,6,0
5471,1934,706,video_call,19,2,4,0
5472,739,81,video_call,11,1,2,0
5473,555,162,video_call,23,3,6,0
5474,1971,344,video_call,23,3,6,0
5475,1568,709,video_call,40,1,2,0
5476,10,528,video_call,43,3,6,0
5477,1040,473,chat,8,4,8,1
5478,1204,228,video_call,60,5,10,1
5479,365,186,chat,14,5,10,1
5480,300,68,chat,47,4,8,1
5481,618,219,video_call,6,4,8,1
5482,127,239,chat,53,1,2,0
5483,900,491,chat,37,1,2,0
5484,622,132,chat,28,1,2,0
5485,1135,11,chat,52,2,4,0
5486,1249,91,chat,5,5,10,1
5487,734,231,chat,39,4,8,1
5488,787,774,chat,41,4,8,1
5489,1280,676,chat,8,4,8,1
5490,485,147,video_call,29,5,10,1
5491,1377,554,video_call,35,1,2,0
5492,1707,536,chat,53,4,8,1
5493,1320,686,chat,17,5,10,1
5494,1109,367,video_call,49,3,6,0
5495,1461,240,chat,33,3,6,0
5496,242,329,chat,18,4,8,1
5497,1536,296,video_call,14,2,4,0
5498,636,698,video_call,7,2,4,0
5499,333,20,video_call,9,1,2,0
5500,228,575,video_call,59,5,10,1
5501,907,136,video_call,17,5,10,1
5502,282,432,video_call,46,3,6,0
5503,1442,741,video_call,8,2,4,0
5504,651,771,video_call,57,2,4,0
5505,1808,84,video_call,15,2,4,0
5506,741,406,video_call,44,1,2,0
5507,1368,113,chat,11,2,4,0
5508,161,717,chat,49,5,10,1
5509,640,200,chat,20,2,4,0
5510,438,218,video_call,47,3,6,0
5511,9,337,chat,55,3,6,0
5512,1689,363,video_call,34,5,10,1
5513,894,655,video_call,55,5,10,1
5514,1304,719,video_call,22,5,10,1
5515,953,794,chat,28,2,4,0
5516,428,460,chat,15,1,2,0
5517,314,633,video_call,6,3,6,0
5518,622,142,video_call,12,5,10,1
5519,589,120,chat,7,1,2,0
5520,634,129,chat,25,1,2,0
5521,542,326,chat,32,2,4,0
5522,128,222,video_call,50,5,10,1
5523,422,166,chat,21,5,10,1
5524,344,785,chat,47,4,8,1
5525,1613,488,chat,27,4,8,1
5526,520,336,video_call,6,5,10,1
5527,1130,161,chat,19,4,8,1
5528,625,464,video_call,20,2,4,0
5529,1316,343,chat,11,3,6,0
5530,1834,26,video_call,14,2,4,0
5531,678,367,video_call,43,1,2,0
5532,1359,584,chat,40,1,2,0
5533,291,431,video_call,31,2,4,0
5534,27,790,video_call,49,3,6,0
5535,1965,298,chat,42,1,2,0
5536,1733,179,chat,17,5,10,1
5537,328,31,chat,52,5,10,1
5538,606,216,chat,29,1,2,0
5539,204,200,chat,7,4,8,1
5540,1493,624,chat,13,4,8,1
5541,1939,591,chat,58,4,8,1
5542,1246,403,video_call,27,4,8,1
5543,711,655,chat,27,1,2,0
5544,1607,150,video_call,12,1,2,0
5545,890,18,video_call,50,1,2,0
5546,532,514,video_call,51,2,4,0
5547,1423,648,video_call,53,1,2,0
5548,1749,6,video_call,8,5,10,1
5549,1986,28,video_call,55,4,8,1
5550,1934,254,video_call,37,5,10,1
5551,1207,539,chat,29,3,6,0
5552,948,786,video_call,34,2,4,0
5553,1521,460,video_call,18,4,8,1
5554,731,120,chat,9,5,10,1
5555,1794,395,chat,9,3,6,0
5556,1292,419,chat,32,1,2,0
5557,633,462,chat,14,4,8,1
5558,911,97,chat,40,4,8,1
5559,716,357,chat,38,2,4,0
5560,657,49,video_call,54,1,2,0
5561,1710,603,chat,50,2,4,0
5562,1204,48,video_call,10,3,6,0
5563,79,261,chat,13,1,2,0
5564,1121,35,chat,50,3,6,0
5565,215,765,video_call,44,5,10,1
5566,1747,354,chat,50,1,2,0
5567,1742,520,video_call,29,5,10,1
5568,1147,410,video_call,59,2,4,0
5569,81,470,chat,20,2,4,0
5570,1867,399,video_call,19,5,10,1
5571,1248,336,chat,30,2,4,0
5572,1034,489,video_call,16,4,8,1
5573,857,7,chat,55,1,2,0
5574,12,477,chat,58,2,4,0
5575,1147,624,chat,27,2,4,0
5576,246,236,video_call,13,2,4,0
5577,124,164,chat,59,3,6,0
5578,941,498,video_call,50,1,2,0
5579,1067,793,video_call,49,4,8,1
5580,785,780,chat,7,3,6,0
5581,1168,200,chat,14,1,2,0
5582,1592,365,chat,36,4,8,1
5583,1417,336,video_call,52,4,8,1
5584,1237,599,chat,16,1,2,0
5585,1355,329,video_call,44,3,6,0
5586,1939,82,video_call,23,2,4,0
5587,1735,89,video_call,40,3,6,0
5588,136,118,video_call,7,1,2,0
5589,463,662,video_call,56,5,10,1
5590,534,633,video_call,22,5,10,1
5591,386,140,chat,21,4,8,1
5592,184,632,video_call,36,3,6,0
5593,828,726,chat,58,4,8,1
5594,1387,290,chat,8,3,6,0
5595,1233,499,video_call,43,1,2,0
5596,1419,681,video_call,43,4,8,1
5597,924,623,video_call,27,5,10,1
5598,1221,525,video_call,46,5,10,1
5599,384,191,chat,12,1,2,0
5600,1811,684,chat,29,4,8,1
5601,1400,657,video_call,51,5,10,1
5602,1478,438,video_call,51,3,6,0
5603,1564,589,video_call,22,2,4,0
5604,1882,595,chat,7,3,6,0
5605,156,355,chat,21,5,10,1
5606,813,33,video_call,42,2,4,0
5607,1020,490,video_call,51,1,2,0
5608,476,438,chat,50,4,8,1
5609,468,444,chat,8,2,4,0
5610,151,421,video_call,8,4,8,1
5611,391,789,chat,35,1,2,0
5612,1126,718,chat,46,5,10,1
5613,1493,483,video_call,46,5,10,1
5614,469,41,video_call,28,2,4,0
5615,1116,97,video_call,23,4,8,1
5616,239,614,video_call,12,4,8,1
5617,467,783,chat,57,1,2,0
5618,30,19,video_call,57,2,4,0
5619,26,746,chat,28,5,10,1
5620,29,513,chat,13,1,2,0
5621,356,330,chat,43,3,6,0
5622,784,381,video_call,36,5,10,1
5623,1340,590,chat,10,5,10,1
5624,53,250,video_call,55,5,10,1
5625,444,664,chat,24,5,10,1
5626,1172,285,chat,6,1,2,0
5627,1649,586,video_call,19,5,10,1
5628,298,459,chat,60,5,10,1
5629,1687,772,video_call,23,2,4,0
5630,1572,343,video_call,18,4,8,1
5631,1606,611,video_call,42,4,8,1
5632,1281,694,video_call,24,2,4,0
5633,1828,761,chat,32,2,4,0
5634,74,766,chat,33,5,10,1
5635,1618,549,chat,10,2,4,0
5636,1035,129,video_call,25,1,2,0
5637,1498,585,chat,57,3,6,0
5638,1954,333,video_call,44,2,4,0
5639,1393,28,chat,27,2,4,0
5640,250,233,chat,7,2,4,0
5641,382,555,chat,48,5,10,1
5642,1893,264,video_call,58,5,10,1
5643,466,402,chat,9,5,10,1
5644,662,640,video_call,16,2,4,0
5645,463,649,video_call,52,1,2,0
5646,1165,173,video_call,10,4,8,1
5647,1586,419,chat,25,5,10,1
5648,972,210,chat,24,3,6,0
5649,30,137,chat,10,2,4,0
5650,375,474,chat,49,1,2,0
5651,1871,386,chat,49,1,2,0
5652,1396,208,video_call,54,1,2,0
5653,951,483,video_call,38,5,10,1
5654,1370,258,video_call,49,3,6,0
5655,327,515,video_call,60,4,8,1
5656,908,175,video_call,52,5,10,1
5657,484,176,chat,17,5,10,1
5658,1969,428,video_call,12,3,6,0
5659,34,220,video_call,53,3,6,0
5660,1675,304,video_call,60,1,2,0
5661,1075,481,video_call,6,4,8,1
5662,786,116,video_call,15,5,10,1
5663,1157,736,chat,42,1,2,0
5664,1713,668,video_call,11,5,10,1
5665,1936,792,video_call,56,3,6,0
5666,196,410,video_call,16,4,8,1
5667,1556,155,chat,27,2,4,0
5668,777,766,chat,28,2,4,0
5669,1858,599,video_call,56,3,6,0
5670,1690,779,video_call,20,3,6,0
5671,643,561,chat,28,3,6,0
5672,1468,16,video_call,40,3,6,0
5673,226,191,video_call,46,2,4,0
5674,699,585,video_call,35,2,4,0
5675,713,577,video_call,54,1,2,0
5676,1265,338,video_call,59,3,6,0
5677,1418,251,chat,52,3,6,0
5678,523,782,video_call,34,3,6,0
5679,340,797,video_call,55,1,2,0
5680,1926,112,video_call,34,1,2,0
5681,151,212,video_call,24,3,6,0
5682,921,515,chat,20,5,10,1
5683,1109,288,video_call,16,3,6,0
5684,1506,160,video_call,15,4,8,1
5685,1475,165,video_call,30,4,8,1
5686,1202,732,chat,19,1,2,0
5687,1085,153,video_call,43,2,4,0
5688,1035,103,chat,48,4,8,1
5689,93,6,chat,43,2,4,0
5690,1732,88,video_call,23,3,6,0
5691,232,26,video_call,11,5,10,1
5692,667,211,chat,11,4,8,1
5693,979,127,chat,8,1,2,0
5694,1598,745,chat,15,2,4,0
5695,205,284,chat,51,2,4,0
5696,1968,77,video_call,30,1,2,0
5697,42,585,video_call,10,2,4,0
5698,1982,157,video_call,29,4,8,1
5699,1423,19,video_call,16,4,8,1
5700,745,342,chat,38,5,10,1
5701,961,379,chat,35,4,8,1
5702,1243,293,video_call,57,3,6,0
5703,125,270,video_call,27,5,10,1
5704,1906,298,chat,56,1,2,0
5705,111,674,chat,13,5,10,1
5706,602,130,chat,58,2,4,0
5707,1287,204,chat,31,4,8,1
5708,190,300,chat,59,4,8,1
5709,1486,573,chat,44,5,10,1
5710,1999,637,video_call,60,3,6,0
5711,1632,50,chat,53,2,4,0
5712,380,578,video_call,27,4,8,1
5713,1292,739,chat,60,5,10,1
5714,467,619,video_call,26,1,2,0
5715,661,441,chat,48,4,8,1
5716,360,108,chat,40,3,6,0
5717,1542,188,chat,58,1,2,0
5718,568,450,chat,37,3,6,0
5719,115,239,chat,23,2,4,0
5720,146,236,video_call,54,5,10,1
5721,1813,163,chat,40,2,4,0
5722,632,488,chat,16,4,8,1
5723,785,353,video_call,11,3,6,0
5724,1476,686,chat,14,2,4,0
5725,1695,272,chat,37,3,6,0
5726,1353,320,chat,12,5,10,1
5727,774,566,video_call,44,2,4,0
5728,877,332,video_call,49,2,4,0
5729,46,132,video_call,31,2,4,0
5730,596,212,video_call,27,3,6,0
5731,1150,78,chat,55,1,2,0
5732,1649,18,chat,29,1,2,0
5733,939,167,video_call,37,3,6,0
5734,1010,310,video_call,22,2,4,0
5735,643,638,chat,37,3,6,0
5736,1141,40,video_call,58,4,8,1
5737,1428,756,video_call,39,4,8,1
5738,1154,237,chat,26,3,6,0
5739,989,558,chat,39,1,2,0
5740,1226,163,chat,9,1,2,0
5741,1903,400,chat,7,2,4,0
5742,696,679,chat,33,3,6,0
5743,814,20,video_call,11,5,10,1
5744,1494,343,video_call,18,5,10,1
5745,711,783,video_call,23,4,8,1
5746,1045,9,video_call,24,5,10,1
5747,192,646,video_call,60,2,4,0
5748,1587,52,video_call,26,1,2,0
5749,1408,54,video_call,29,4,8,1
5750,349,52,video_call,27,4,8,1
5751,563,495,chat,49,1,2,0
5752,840,367,chat,19,1,2,0
5753,970,514,video_call,22,5,10,1
5754,1145,341,video_call,51,4,8,1
5755,1176,442,chat,5,3,6,0
5756,1679,687,video_call,20,2,4,0
5757,1405,100,video_call,47,1,2,0
5758,1672,44,chat,54,3,6,0
5759,464,705,video_call,16,4,8,1
5760,143,185,chat,16,1,2,0
5761,1657,432,chat,23,2,4,0
5762,882,788,video_call,55,4,8,1
5763,754,195,chat,20,3,6,0
5764,177,553,chat,44,4,8,1
5765,1628,390,chat,45,5,10,1
5766,1734,696,chat,52,3,6,0
5767,710,95,video_call,9,2,4,0
5768,402,791,video_call,55,3,6,0
5769,1645,686,video_call,51,2,4,0
5770,335,650,chat,38,2,4,0
5771,1421,415,chat,44,2,4,0
5772,805,333,video_call,42,3,6,0
5773,1815,143,video_call,18,4,8,1
5774,1254,150,chat,52,4,8,1
5775,606,662,chat,34,2,4,0
5776,1817,553,video_call,50,1,2,0
5777,338,294,chat,42,5,10,1
5778,1182,164,video_call,24,2,4,0
5779,1962,27,video_call,19,5,10,1
5780,1483,206,video_call,13,4,8,1
5781,1307,191,video_call,6,2,4,0
5782,602,67,chat,17,3,6,0
5783,1714,197,chat,40,5,10,1
5784,334,35,video_call,60,2,4,0
5785,404,458,video_call,42,3,6,0
5786,1936,65,chat,24,4,8,1
5787,827,272,chat,18,3,6,0
5788,844,732,video_call,21,4,8,1
5789,904,763,video_call,56,4,8,1
5790,1476,773,video_call,15,4,8,1
5791,371,218,video_call,20,2,4,0
5792,612,491,chat,56,3,6,0
5793,621,700,video_call,36,5,10,1
5794,1369,658,video_call,47,1,2,0
5795,1695,195,video_call,25,3,6,0
5796,603,782,video_call,36,4,8,1
5797,194,179,video_call,11,5,10,1
5798,933,229,video_call,57,4,8,1
5799,1317,478,video_call,7,5,10,1
5800,372,333,chat,31,2,4,0
5801,1224,626,chat,27,4,8,1
5802,482,541,video_call,30,1,2,0
5803,424,85,chat,16,4,8,1
5804,934,36,chat,24,2,4,0
5805,1055,5,video_call,31,1,2,0
5806,841,471,chat,28,4,8,1
5807,1472,110,chat,60,1,2,0
5808,672,18,video_call,56,3,6,0
5809,1418,271,video_call,42,5,10,1
5810,347,137,video_call,39,3,6,0
5811,886,1,video_call,54,1,2,0
5812,1738,399,video_call,34,4,8,1
5813,305,54,chat,34,2,4,0
5814,1707,595,chat,57,2,4,0
5815,1102,520,video_call,15,1,2,0
5816,1560,331,video_call,37,4,8,1
5817,1515,172,chat,39,5,10,1
5818,1521,487,chat,40,1,2,0
5819,162,605,video_call,32,3,6,0
5820,801,550,video_call,21,4,8,1
5821,1772,580,video_call,59,3,6,0
5822,1334,97,chat,27,1,2,0
5823,1067,666,chat,13,2,4,0
5824,1025,775,video_call,7,3,6,0
5825,916,96,chat,22,2,4,0
5826,63,40,video_call,42,4,8,1
5827,247,756,video_call,21,1,2,0
5828,1775,133,video_call,9,5,10,1
5829,201,327,video_call,46,2,4,0
5830,925,248,chat,20,5,10,1
5831,1994,306,video_call,7,2,4,0
5832,1354,706,chat,14,4,8,1
5833,257,305,chat,15,2,4,0
5834,1717,532,video_call,41,1,2,0
5835,1744,592,chat,17,4,8,1
5836,1565,359,chat,41,2,4,0
5837,301,662,video_call,22,2,4,0
5838,1445,770,video_call,57,2,4,0
5839,1002,190,chat,19,3,6,0
5840,1310,112,chat,44,4,8,1
5841,1012,501,video_call,12,4,8,1
5842,1153,788,video_call,10,3,6,0
5843,895,327,video_call,58,4,8,1
5844,898,562,chat,46,3,6,0
5845,1753,747,video_call,16,3,6,0
5846,508,130,chat,7,5,10,1
5847,1188,175,chat,28,1,2,0
5848,526,391,video_call,34,3,6,0
5849,1848,150,video_call,10,1,2,0
5850,1122,53,video_call,34,3,6,0
5851,1383,9,chat,28,1,2,0
5852,1854,20,chat,9,5,10,1
5853,556,232,chat,43,5,10,1
5854,1153,343,video_call,22,1,2,0
5855,2000,307,chat,42,3,6,0
5856,1693,750,chat,30,2,4,0
5857,295,552,chat,51,4,8,1
5858,207,400,video_call,40,1,2,0
5859,1646,734,chat,24,3,6,0
5860,1897,691,video_call,31,1,2,0
5861,645,438,chat,23,2,4,0
5862,1132,181,video_call,29,2,4,0
5863,670,251,chat,21,5,10,1
5864,1372,692,video_call,17,3,6,0
5865,1347,779,chat,6,3,6,0
5866,309,192,chat,43,5,10,1
5867,1044,142,video_call,11,2,4,0
5868,435,282,video_call,22,1,2,0
5869,1239,493,chat,35,2,4,0
5870,1862,21,chat,36,4,8,1
5871,869,299,video_call,14,1,2,0
5872,126,642,video_call,17,1,2,0
5873,846,87,chat,30,5,10,1
5874,980,798,chat,43,5,10,1
5875,1933,444,video_call,56,4,8,1
5876,1093,639,video_call,19,4,8,1
5877,214,98,video_call,39,5,10,1
5878,1928,244,chat,45,4,8,1
5879,1271,796,video_call,7,3,6,0
5880,96,495,chat,30,4,8,1
5881,144,675,chat,11,1,2,0
5882,1252,502,chat,45,4,8,1
5883,450,782,chat,12,3,6,0
5884,1654,84,video_call,50,4,8,1
5885,1587,754,chat,53,1,2,0
5886,261,382,chat,59,3,6,0
5887,1823,351,chat,36,5,10,1
5888,576,398,video_call,11,2,4,0
5889,40,571,video_call,7,2,4,0
5890,1727,154,video_call,48,2,4,0
5891,1133,116,video_call,56,4,8,1
5892,1405,348,video_call,21,3,6,0
5893,678,771,video_call,53,2,4,0
5894,451,701,video_call,50,2,4,0
5895,50,487,video_call,55,2,4,0
5896,265,131,video_call,12,3,6,0
5897,1239,710,video_call,59,5,10,1
5898,1812,235,video_call,45,3,6,0
5899,454,101,chat,12,3,6,0
5900,605,692,video_call,14,5,10,1
5901,110,584,video_call,15,5,10,1
5902,1504,411,video_call,15,3,6,0
5903,785,104,chat,43,1,2,0
5904,797,728,chat,42,5,10,1
5905,1919,289,video_call,35,1,2,0
5906,434,576,video_call,53,2,4,0
5907,1642,248,video_call,45,5,10,1
5908,1554,304,chat,60,3,6,0
5909,748,658,video_call,5,2,4,0
5910,1511,483,video_call,30,1,2,0
5911,983,299,chat,13,5,10,1
5912,945,405,video_call,26,5,10,1
5913,1466,64,video_call,38,5,10,1
5914,1831,71,video_call,43,4,8,1
5915,1423,191,video_call,8,4,8,1
5916,833,89,chat,43,1,2,0
5917,1793,210,chat,38,4,8,1
5918,763,106,video_call,23,1,2,0
5919,855,219,chat,59,4,8,1
5920,1778,202,chat,33,4,8,1
5921,146,118,chat,25,1,2,0
5922,310,591,chat,51,1,2,0
5923,1445,1,chat,30,1,2,0
5924,974,788,chat,22,1,2,0
5925,528,393,video_call,46,4,8,1
5926,787,387,chat,28,3,6,0
5927,1266,44,video_call,42,3,6,0
5928,793,413,chat,54,1,2,0
5929,1594,502,video_call,56,4,8,1
5930,1012,248,chat,8,5,10,1
5931,1553,8,video_call,25,1,2,0
5932,1194,56,chat,13,5,10,1
5933,1144,789,video_call,24,1,2,0
5934,1774,669,chat,37,4,8,1
5935,970,294,chat,57,5,10,1
5936,337,767,chat,6,4,8,1
5937,1500,406,chat,41,1,2,0
5938,536,119,video_call,50,4,8,1
5939,603,212,video_call,39,3,6,0
5940,1911,650,video_call,36,4,8,1
5941,1317,763,chat,42,3,6,0
5942,407,329,chat,28,2,4,0
5943,1458,244,chat,23,5,10,1
5944,946,615,video_call,41,2,4,0
5945,27,788,chat,25,5,10,1
5946,1823,593,chat,60,3,6,0
5947,1977,508,video_call,58,4,8,1
5948,1408,285,chat,29,4,8,1
5949,1261,348,chat,39,1,2,0
5950,1987,415,chat,20,3,6,0
5951,470,697,video_call,21,3,6,0
5952,1551,490,chat,10,1,2,0
5953,437,83,video_call,51,4,8,1
5954,1808,327,chat,39,4,8,1
5955,912,741,video_call,48,4,8,1
5956,603,268,chat,16,1,2,0
5957,166,265,chat,19,3,6,0
5958,246,132,video_call,53,1,2,0
5959,905,35,chat,8,4,8,1
5960,1891,74,video_call,30,5,10,1
5961,1488,530,chat,32,2,4,0
5962,418,211,chat,51,3,6,0
5963,813,697,video_call,12,2,4,0
5964,114,681,video_call,40,3,6,0
5965,1858,328,video_call,6,5,10,1
5966,677,104,chat,18,1,2,0
5967,983,248,chat,45,5,10,1
5968,1795,46,chat,32,1,2,0
5969,484,33,chat,21,3,6,0
5970,1503,202,video_call,31,1,2,0
5971,355,448,chat,19,1,2,0
5972,1380,40,video_call,18,1,2,0
5973,69,406,video_call,11,2,4,0
5974,1917,4,chat,55,1,2,0
5975,1102,758,video_call,12,1,2,0
5976,1688,583,chat,50,4,8,1
5977,486,279,chat,31,4,8,1
5978,707,718,video_call,56,5,10,1
5979,489,239,video_call,52,2,4,0
5980,1930,40,chat,57,4,8,1
5981,1824,474,video_call,31,4,8,1
5982,510,484,video_call,10,4,8,1
5983,701,714,chat,48,1,2,0
5984,278,265,video_call,54,3,6,0
5985,422,487,chat,47,1,2,0
5986,109,440,video_call,26,1,2,0
5987,1706,326,video_call,51,4,8,1
5988,681,679,video_call,47,5,10,1
5989,143,192,video_call,28,3,6,0
5990,1862,164,video_call,16,4,8,1
5991,1419,470,video_call,51,4,8,1
5992,37,555,video_call,51,2,4,0
5993,1657,682,video_call,46,4,8,1
5994,1985,296,chat,5,1,2,0
5995,944,544,video_call,60,1,2,0
5996,404,404,chat,11,1,2,0
5997,1588,277,chat,14,4,8,1
5998,192,177,chat,45,5,10,1
5999,708,759,video_call,16,4,8,1
6000,1254,764,chat,17,1,2,0
6001,1366,525,video_call,32,1,2,0
6002,865,680,chat,34,4,8,1
6003,91,658,chat,38,2,4,0
6004,663,17,video_call,30,3,6,0
6005,1091,669,chat,9,4,8,1
6006,341,315,video_call,52,2,4,0
6007,736,294,chat,6,2,4,0
6008,950,508,video_call,8,5,10,1
6009,1982,326,video_call,30,4,8,1
6010,224,22,video_call,19,5,10,1
6011,439,233,chat,9,4,8,1
6012,521,520,chat,23,1,2,0
6013,1512,623,video_call,37,4,8,1
6014,308,596,chat,25,4,8,1
6015,1470,368,chat,20,4,8,1
6016,675,127,chat,27,1,2,0
6017,1004,391,video_call,25,1,2,0
6018,953,349,chat,57,4,8,1
6019,162,402,chat,59,3,6,0
6020,838,630,chat,25,2,4,0
6021,511,339,video_call,24,2,4,0
6022,731,187,video_call,52,1,2,0
6023,142,572,chat,5,5,10,1
6024,552,635,chat,51,5,10,1
6025,721,387,video_call,31,2,4,0
6026,1438,110,video_call,14,1,2,0
6027,601,795,chat,52,2,4,0
6028,1159,291,chat,15,3,6,0
6029,1979,11,video_call,15,4,8,1
6030,1761,197,video_call,11,2,4,0
6031,1589,236,chat,38,1,2,0
6032,291,100,chat,25,3,6,0
6033,1718,108,video_call,22,5,10,1
6034,1559,470,chat,30,1,2,0
6035,705,393,video_call,51,1,2,0
6036,1329,104,video_call,25,5,10,1
6037,1456,470,chat,51,4,8,1
6038,1673,675,chat,35,5,10,1
6039,1887,534,video_call,40,1,2,0
6040,364,120,chat,34,4,8,1
6041,389,130,video_call,6,3,6,0
6042,1757,515,video_call,16,2,4,0
6043,557,84,chat,53,4,8,1
6044,1253,93,chat,43,5,10,1
6045,1393,158,chat,13,1,2,0
6046,852,188,chat,37,5,10,1
6047,627,426,video_call,20,3,6,0
6048,195,7,chat,43,4,8,1
6049,156,709,video_call,15,5,10,1
6050,532,500,chat,27,1,2,0
6051,711,629,chat,41,2,4,0
6052,201,651,video_call,43,1,2,0
6053,1717,186,video_call,58,1,2,0
6054,830,559,chat,36,2,4,0
6055,1364,240,video_call,57,1,2,0
6056,1328,188,video_call,25,1,2,0
6057,1143,101,chat,55,3,6,0
6058,1677,738,chat,24,5,10,1
6059,724,73,chat,13,1,2,0
6060,277,165,video_call,18,4,8,1
6061,1191,309,chat,8,4,8,1
6062,522,3,chat,21,1,2,0
6063,556,588,video_call,16,4,8,1
6064,1907,1,chat,52,3,6,0
6065,1362,521,chat,51,5,10,1
6066,1834,22,video_call,13,4,8,1
6067,782,193,video_call,28,4,8,1
6068,1414,627,chat,13,5,10,1
6069,386,268,chat,18,4,8,1
6070,630,239,video_call,30,4,8,1
6071,1560,311,chat,15,2,4,0
6072,170,395,chat,24,4,8,1
6073,1853,768,chat,44,5,10,1
6074,785,726,video_call,32,5,10,1
6075,1296,739,chat,25,5,10,1
6076,66,719,chat,18,3,6,0
6077,454,234,chat,38,1,2,0
6078,711,439,video_call,51,3,6,0
6079,442,110,chat,5,4,8,1
6080,775,670,chat,37,2,4,0
6081,612,630,video_call,35,1,2,0
6082,1260,391,chat,20,3,6,0
6083,888,472,chat,27,5,10,1
6084,1655,437,video_call,38,1,2,0
6085,782,581,chat,12,1,2,0
6086,1377,123,chat,26,4,8,1
6087,1865,471,video_call,52,3,6,0
6088,1720,168,chat,36,1,2,0
6089,266,69,video_call,59,3,6,0
6090,501,230,video_call,45,2,4,0
6091,287,759,chat,24,5,10,1
6092,1223,270,chat,48,4,8,1
6093,131,313,chat,51,2,4,0
6094,1697,733,chat,48,5,10,1
6095,547,171,video_call,13,5,10,1
6096,939,572,chat,26,3,6,0
6097,291,166,chat,37,2,4,0
6098,1893,389,video_call,38,5,10,1
6099,1906,47,video_call,42,5,10,1
6100,651,295,chat,44,3,6,0
6101,990,35,video_call,27,2,4,0
6102,1018,328,video_call,26,1,2,0
6103,438,780,video_call,29,2,4,0
6104,941,193,chat,58,2,4,0
6105,336,616,video_call,38,2,4,0
6106,728,513,chat,58,2,4,0
6107,1422,784,video_call,60,1,2,0
6108,1417,429,chat,11,5,10,1
6109,1861,179,chat,11,2,4,0
6110,645,61,video_call,58,2,4,0
6111,1148,368,video_call,35,5,10,1
6112,1540,111,chat,59,4,8,1
6113,1659,133,chat,40,2,4,0
6114,1880,249,chat,14,1,2,0
6115,1601,94,chat,34,2,4,0
6116,1258,84,video_call,45,5,10,1
6117,868,97,chat,13,5,10,1
6118,1881,282,video_call,60,2,4,0
6119,665,637,chat,42,1,2,0
6120,80,42,video_call,50,4,8,1
6121,1333,407,video_call,19,3,6,0
6122,223,647,chat,17,4,8,1
6123,1628,322,video_call,37,4,8,1
6124,889,271,video_call,57,1,2,0
6125,774,124,chat,13,3,6,0
6126,567,394,video_call,42,1,2,0
6127,1982,87,chat,11,1,2,0
6128,407,750,video_call,20,2,4,0
6129,1371,591,chat,37,4,8,1
6130,509,697,video_call,59,4,8,1
6131,158,256,chat,42,3,6,0
6132,971,81,chat,25,1,2,0
6133,1565,569,video_call,23,5,10,1
6134,1761,402,chat,23,4,8,1
6135,1950,647,chat,20,5,10,1
6136,1033,766,video_call,51,2,4,0
6137,1613,730,video_call,27,3,6,0
6138,515,486,chat,56,4,8,1
6139,718,14,chat,49,2,4,0
6140,287,205,video_call,43,3,6,0
6141,1092,263,video_call,31,5,10,1
6142,303,350,video_call,16,2,4,0
6143,166,217,video_call,30,3,6,0
6144,1330,730,video_call,47,4,8,1
6145,86,132,video_call,58,1,2,0
6146,567,51,video_call,55,3,6,0
6147,203,677,video_call,30,3,6,0
6148,1614,83,video_call,33,1,2,0
6149,1320,261,video_call,54,3,6,0
6150,814,327,video_call,17,3,6,0
6151,908,131,chat,21,5,10,1
6152,132,261,chat,16,1,2,0
6153,459,109,chat,12,4,8,1
6154,1181,191,chat,58,3,6,0
6155,55,749,chat,48,1,2,0
6156,180,370,video_call,9,2,4,0
6157,412,92,chat,41,5,10,1
6158,1640,345,video_call,32,4,8,1
6159,1851,710,chat,41,1,2,0
6160,1085,301,chat,39,1,2,0
6161,341,41,video_call,8,3,6,0
6162,1229,530,chat,20,3,6,0
6163,675,86,video_call,31,5,10,1
6164,406,795,chat,8,2,4,0
6165,628,285,chat,20,1,2,0
6166,1174,161,chat,45,3,6,0
6167,1949,453,video_call,47,4,8,1
6168,1131,173,chat,19,5,10,1
6169,1633,493,video_call,35,2,4,0
6170,96,462,chat,28,5,10,1
6171,651,398,video_call,47,1,2,0
6172,1612,711,video_call,54,2,4,0
6173,582,619,chat,5,2,4,0
6174,395,734,chat,14,4,8,1
6175,1881,28,video_call,56,1,2,0
6176,1163,767,video_call,39,4,8,1
6177,31,275,video_call,18,3,6,0
6178,61,484,chat,12,3,6,0
6179,1412,589,video_call,36,4,8,1
6180,1951,367,video_call,28,4,8,1
6181,1291,454,chat,23,1,2,0
6182,337,437,chat,10,4,8,1
6183,736,304,chat,16,3,6,0
6184,686,86,chat,9,4,8,1
6185,505,540,video_call,28,5,10,1
6186,19,320,chat,43,2,4,0
6187,821,500,video_call,42,5,10,1
6188,1650,771,chat,16,5,10,1
6189,1674,140,chat,16,2,4,0
6190,1098,723,video_call,19,4,8,1
6191,87,422,video_call,52,2,4,0
6192,1559,700,video_call,59,3,6,0
6193,1998,458,video_call,20,4,8,1
6194,909,259,video_call,54,5,10,1
6195,758,642,video_call,50,1,2,0
6196,299,421,chat,39,1,2,0
6197,178,540,chat,59,1,2,0
6198,1067,398,chat,42,4,8,1
6199,1463,28,video_call,46,5,10,1
6200,1093,800,chat,56,4,8,1
6201,285,520,chat,16,5,10,1
6202,1265,3,chat,22,2,4,0
6203,899,699,chat,59,5,10,1
6204,1214,789,chat,56,5,10,1
6205,239,396,chat,24,3,6,0
6206,1402,307,video_call,28,2,4,0
6207,1062,790,video_call,31,4,8,1
6208,335,656,video_call,30,2,4,0
6209,1223,166,chat,49,4,8,1
6210,743,46,chat,39,1,2,0
6211,1320,75,chat,40,4,8,1
6212,980,190,video_call,12,1,2,0
6213,1247,285,chat,49,2,4,0
6214,1292,472,chat,31,5,10,1
6215,714,457,chat,37,4,8,1
6216,666,420,video_call,25,2,4,0
6217,584,645,video_call,40,1,2,0
6218,1797,246,video_call,41,2,4,0
6219,399,691,chat,40,2,4,0
6220,1273,778,video_call,48,3,6,0
6221,307,89,chat,41,5,10,1
6222,1187,47,video_call,35,2,4,0
6223,527,240,chat,8,1,2,0
6224,610,363,video_call,21,3,6,0
6225,1908,71,chat,44,3,6,0
6226,759,8,chat,14,2,4,0
6227,1652,754,video_call,20,4,8,1
6228,421,761,video_call,54,4,8,1
6229,1209,119,video_call,6,5,10,1
6230,1594,737,chat,27,3,6,0
6231,1231,593,video_call,40,5,10,1
6232,1585,155,chat,58,4,8,1
6233,491,610,chat,33,2,4,0
6234,659,35,video_call,42,1,2,0
6235,1595,251,video_call,29,1,2,0
6236,1994,716,video_call,42,5,10,1
6237,1187,227,video_call,48,4,8,1
6238,573,644,chat,30,5,10,1
6239,1599,160,chat,53,3,6,0
6240,1702,567,chat,34,5,10,1
6241,747,26,video_call,48,3,6,0
6242,973,43,chat,58,2,4,0
6243,260,314,chat,29,5,10,1
6244,151,198,chat,7,5,10,1
6245,625,62,chat,57,1,2,0
6246,1513,59,chat,5,2,4,0
6247,1892,158,video_call,31,5,10,1
6248,720,211,chat,8,4,8,1
6249,4,770,video_call,43,3,6,0
6250,668,220,chat,11,2,4,0
6251,1896,719,video_call,50,4,8,1
6252,1498,734,chat,52,1,2,0
6253,485,342,chat,11,4,8,1
6254,1342,546,chat,55,1,2,0
6255,1291,284,video_call,44,3,6,0
6256,1577,360,video_call,16,1,2,0
6257,193,751,chat,27,3,6,0
6258,795,397,chat,24,1,2,0
6259,656,63,chat,26,1,2,0
6260,1398,641,chat,26,1,2,0
6261,304,168,chat,21,5,10,1
6262,882,119,video_call,9,5,10,1
6263,1646,276,video_call,55,4,8,1
6264,1327,683,video_call,10,5,10,1
6265,466,623,video_call,53,3,6,0
6266,675,134,chat,57,5,10,1
6267,592,7,video_call,44,5,10,1
6268,1084,180,chat,8,5,10,1
6269,1368,18,video_call,5,4,8,1
6270,784,730,chat,45,4,8,1
6271,1869,546,video_call,24,1,2,0
6272,429,599,video_call,16,4,8,1
6273,24,650,video_call,52,5,10,1
6274,1357,292,chat,39,2,4,0
6275,656,166,video_call,16,5,10,1
6276,1627,229,chat,41,1,2,0
6277,928,389,video_call,11,4,8,1
6278,437,202,chat,31,4,8,1
6279,1577,614,chat,57,2,4,0
6280,1954,242,video_call,60,4,8,1
6281,179,746,video_call,5,3,6,0
6282,1616,388,chat,54,4,8,1
6283,1330,207,chat,30,5,10,1
6284,1996,409,chat,44,4,8,1
6285,1416,256,chat,34,1,2,0
6286,282,222,video_call,18,4,8,1
6287,652,557,video_call,22,1,2,0
6288,1909,37,video_call,35,2,4,0
6289,1255,188,chat,27,1,2,0
6290,100,761,video_call,59,2,4,0
6291,567,205,video_call,23,5,10,1
6292,1023,707,video_call,29,1,2,0
6293,1997,320,chat,36,1,2,0
6294,440,518,video_call,30,3,6,0
6295,726,604,video_call,49,3,6,0
6296,905,370,video_call,22,1,2,0
6297,51,781,chat,32,4,8,1
6298,375,335,video_call,16,4,8,1
6299,444,176,chat,17,3,6,0
6300,839,508,video_call,60,4,8,1
6301,254,797,video_call,16,4,8,1
6302,700,526,chat,39,3,6,0
6303,855,41,chat,40,2,4,0
6304,93,357,chat,13,5,10,1
6305,1662,701,video_call,53,5,10,1
6306,1562,663,video_call,45,5,10,1
6307,1338,266,chat,54,4,8,1
6308,371,282,chat,35,5,10,1
6309,525,176,chat,22,3,6,0
6310,680,408,chat,21,5,10,1
6311,1150,569,chat,43,4,8,1
6312,1103,672,chat,53,3,6,0
6313,1027,361,video_call,48,4,8,1
6314,1423,43,video_call,49,1,2,0
6315,1407,586,chat,9,1,2,0
6316,1503,309,video_call,37,4,8,1
6317,971,439,video_call,59,1,2,0
6318,329,463,chat,36,1,2,0
6319,336,424,chat,20,4,8,1
6320,1793,82,video_call,17,4,8,1
6321,749,328,video_call,49,3,6,0
6322,158,30,chat,44,3,6,0
6323,1708,143,video_call,12,3,6,0
6324,1776,383,chat,52,4,8,1
6325,1749,235,video_call,31,1,2,0
6326,1028,386,chat,12,4,8,1
6327,327,234,chat,36,1,2,0
6328,381,415,chat,53,1,2,0
6329,810,375,video_call,48,2,4,0
6330,282,737,chat,6,1,2,0
6331,821,613,chat,45,5,10,1
6332,1068,758,chat,35,2,4,0
6333,471,170,video_call,9,4,8,1
6334,127,411,chat,11,2,4,0
6335,1145,6,video_call,32,1,2,0
6336,1404,328,chat,30,5,10,1
6337,1015,589,video_call,46,5,10,1
6338,1388,197,chat,13,5,10,1
6339,1784,717,chat,50,4,8,1
6340,1426,558,chat,18,5,10,1
6341,260,780,chat,25,4,8,1
6342,901,643,video_call,21,5,10,1
6343,486,116,chat,51,5,10,1
6344,1591,326,chat,37,2,4,0
6345,1710,589,chat,6,5,10,1
6346,1923,237,chat,18,4,8,1
6347,732,372,chat,59,4,8,1
6348,812,344,video_call,13,2,4,0
6349,1649,383,chat,21,3,6,0
6350,1022,270,video_call,50,2,4,0
6351,1692,230,chat,19,1,2,0
6352,1719,608,chat,55,1,2,0
6353,243,643,chat,26,4,8,1
6354,1265,58,video_call,36,2,4,0
6355,947,453,chat,14,1,2,0
6356,807,165,chat,20,4,8,1
6357,564,114,chat,19,2,4,0
6358,51,691,chat,40,2,4,0
6359,968,788,video_call,15,4,8,1
6360,424,638,chat,43,4,8,1
6361,223,585,chat,60,4,8,1
6362,515,633,video_call,40,4,8,1
6363,1205,234,chat,42,1,2,0
6364,1431,534,video_call,8,3,6,0
6365,851,686,video_call,41,2,4,0
6366,48,764,chat,11,3,6,0
6367,213,328,video_call,39,4,8,1
6368,574,319,chat,41,1,2,0
6369,1600,439,video_call,11,3,6,0
6370,587,420,video_call,58,4,8,1
6371,208,285,video_call,26,1,2,0
6372,1192,140,chat,30,4,8,1
6373,1247,65,video_call,31,5,10,1
6374,1044,288,chat,60,3,6,0
6375,1499,721,video_call,41,4,8,1
6376,1481,203,video_call,5,1,2,0
6377,6,130,chat,34,1,2,0
6378,1901,368,video_call,44,3,6,0
6379,805,661,video_call,37,4,8,1
6380,832,12,video_call,48,5,10,1
6381,1482,502,video_call,56,4,8,1
6382,734,791,chat,39,3,6,0
6383,104,730,video_call,38,2,4,0
6384,242,60,video_call,52,4,8,1
6385,798,170,chat,27,5,10,1
6386,183,241,video_call,37,3,6,0
6387,1719,659,video_call,53,4,8,1
6388,794,437,chat,35,3,6,0
6389,1279,618,video_call,26,5,10,1
6390,996,108,video_call,22,2,4,0
6391,351,248,chat,51,1,2,0
6392,301,592,video_call,55,3,6,0
6393,97,671,video_call,34,3,6,0
6394,926,785,chat,10,5,10,1
6395,560,607,video_call,20,1,2,0
6396,1183,418,video_call,29,3,6,0
6397,408,183,video_call,22,2,4,0
6398,274,767,chat,22,5,10,1
6399,1085,269,chat,55,5,10,1
6400,1383,548,chat,14,5,10,1
6401,1350,355,chat,19,2,4,0
6402,1218,408,chat,59,1,2,0
6403,599,79,chat,59,5,10,1
6404,548,489,chat,50,3,6,0
6405,383,589,video_call,50,3,6,0
6406,1715,771,video_call,39,5,10,1
6407,1760,490,chat,13,5,10,1
6408,1696,240,video_call,26,3,6,0
6409,848,765,chat,52,2,4,0
6410,1945,580,video_call,55,5,10,1
6411,1682,469,chat,20,4,8,1
6412,1190,404,video_call,49,4,8,1
6413,452,142,chat,33,1,2,0
6414,602,91,video_call,41,1,2,0
6415,640,541,video_call,13,4,8,1
6416,1762,699,video_call,18,4,8,1
6417,1750,571,chat,54,5,10,1
6418,1080,779,video_call,10,4,8,1
6419,1145,335,chat,7,5,10,1
6420,1284,698,video_call,8,1,2,0
6421,947,273,chat,25,3,6,0
6422,1625,766,chat,50,1,2,0
6423,900,708,chat,32,4,8,1
6424,1505,205,video_call,35,2,4,0
6425,1955,601,video_call,59,4,8,1
6426,54,391,chat,55,2,4,0
6427,863,108,video_call,10,3,6,0
6428,330,603,chat,57,1,2,0
6429,624,470,chat,18,3,6,0
6430,1510,162,chat,15,4,8,1
6431,268,590,chat,36,1,2,0
6432,1738,555,chat,51,2,4,0
6433,108,545,video_call,9,1,2,0
6434,321,373,video_call,27,1,2,0
6435,898,794,video_call,17,5,10,1
6436,931,649,chat,51,5,10,1
6437,1640,30,chat,29,3,6,0
6438,435,440,video_call,30,1,2,0
6439,1764,673,video_call,20,4,8,1
6440,243,762,video_call,10,2,4,0
6441,1941,788,chat,25,2,4,0
6442,464,309,video_call,22,1,2,0
6443,1025,291,chat,43,1,2,0
6444,1944,701,video_call,60,4,8,1
6445,1589,309,chat,31,2,4,0
6446,1207,403,chat,29,5,10,1
6447,1633,756,chat,5,4,8,1
6448,123,414,chat,45,2,4,0
6449,654,307,chat,15,5,10,1
6450,207,572,video_call,7,2,4,0
6451,1366,516,chat,9,2,4,0
6452,1100,495,chat,8,3,6,0
6453,1958,162,video_call,59,5,10,1
6454,345,703,video_call,15,4,8,1
6455,559,674,video_call,51,3,6,0
6456,159,43,chat,25,4,8,1
6457,1825,217,chat,21,4,8,1
6458,866,646,video_call,57,1,2,0
6459,990,666,chat,43,3,6,0
6460,1580,731,video_call,26,1,2,0
6461,260,338,video_call,53,2,4,0
6462,1989,420,video_call,58,1,2,0
6463,216,701,video_call,20,4,8,1
6464,1932,166,chat,42,2,4,0
6465,144,275,video_call,10,5,10,1
6466,679,264,chat,18,1,2,0
6467,1881,155,video_call,37,3,6,0
6468,1659,469,video_call,53,2,4,0
6469,1119,734,chat,25,2,4,0
6470,1480,80,chat,54,5,10,1
6471,1661,591,video_call,11,4,8,1
6472,481,791,chat,29,5,10,1
6473,1763,571,chat,32,4,8,1
6474,1765,537,video_call,9,1,2,0
6475,591,662,video_call,52,1,2,0
6476,469,116,video_call,31,5,10,1
6477,4,358,video_call,59,5,10,1
6478,31,194,video_call,22,5,10,1
6479,277,544,video_call,11,5,10,1
6480,1432,131,video_call,7,5,10,1
6481,1574,753,chat,14,2,4,0
6482,1608,690,chat,24,2,4,0
6483,331,566,video_call,54,3,6,0
6484,1797,717,chat,14,1,2,0
6485,1079,684,video_call,14,4,8,1
6486,1011,777,video_call,55,4,8,1
6487,1612,747,video_call,45,2,4,0
6488,1943,447,video_call,46,3,6,0
6489,192,54,video_call,26,1,2,0
6490,1732,349,video_call,37,4,8,1
6491,1695,274,video_call,36,2,4,0
6492,590,262,video_call,6,4,8,1
6493,454,129,video_call,17,5,10,1
6494,1138,136,chat,56,2,4,0
6495,1197,395,chat,36,3,6,0
6496,1291,718,video_call,36,4,8,1
6497,1429,319,chat,7,5,10,1
6498,1420,197,chat,44,5,10,1
6499,1318,771,video_call,50,4,8,1
6500,1281,797,chat,7,1,2,0
6501,594,259,video_call,42,2,4,0
6502,148,709,chat,41,5,10,1
6503,85,717,chat,57,4,8,1
6504,1902,699,chat,59,1,2,0
6505,124,789,video_call,37,4,8,1
6506,1495,141,chat,34,3,6,0
6507,179,446,video_call,54,1,2,0
6508,119,129,video_call,40,2,4,0
6509,356,762,chat,51,2,4,0
6510,1167,522,video_call,20,2,4,0
6511,1299,256,chat,13,4,8,1
6512,1482,770,video_call,24,5,10,1
6513,1368,31,chat,20,5,10,1
6514,1047,220,video_call,10,4,8,1
6515,768,2,video_call,44,4,8,1
6516,841,517,chat,14,4,8,1
6517,121,48,video_call,11,2,4,0
6518,503,114,chat,28,3,6,0
6519,1972,95,video_call,44,1,2,0
6520,1933,200,chat,9,2,4,0
6521,743,311,video_call,49,1,2,0
6522,1270,334,video_call,56,1,2,0
6523,845,396,video_call,20,3,6,0
6524,575,36,chat,36,3,6,0
6525,867,672,video_call,39,3,6,0
6526,1988,744,video_call,24,5,10,1
6527,1429,347,video_call,46,3,6,0
6528,744,191,chat,12,1,2,0
6529,1212,91,chat,47,2,4,0
6530,1117,260,video_call,7,3,6,0
6531,600,267,chat,47,2,4,0
6532,1730,754,chat,27,4,8,1
6533,574,506,video_call,49,2,4,0
6534,1970,708,video_call,48,2,4,0
6535,195,371,chat,28,2,4,0
6536,1485,652,video_call,35,3,6,0
6537,638,327,chat,27,5,10,1
6538,368,741,chat,11,4,8,1
6539,491,470,video_call,23,3,6,0
6540,659,645,video_call,58,3,6,0
6541,250,404,chat,19,4,8,1
6542,646,84,chat,38,4,8,1
6543,149,741,chat,52,2,4,0
6544,1441,663,video_call,13,2,4,0
6545,413,45,video_call,59,3,6,0
6546,1428,529,video_call,45,3,6,0
6547,312,309,video_call,10,4,8,1
6548,1667,607,chat,16,1,2,0
6549,1822,609,chat,55,4,8,1
6550,1436,442,video_call,31,2,4,0
6551,1740,533,video_call,21,3,6,0
6552,303,232,chat,9,4,8,1
6553,515,470,chat,38,2,4,0
6554,346,384,chat,53,4,8,1
6555,1646,190,video_call,28,5,10,1
6556,1953,775,video_call,36,5,10,1
6557,1072,362,video_call,16,5,10,1
6558,1662,403,video_call,19,2,4,0
6559,717,362,chat,58,1,2,0
6560,217,341,chat,52,5,10,1
6561,1807,744,chat,15,3,6,0
6562,426,12,chat,38,5,10,1
6563,557,9,chat,41,3,6,0
6564,1278,405,chat,31,3,6,0
6565,1363,83,chat,13,4,8,1
6566,797,400,video_call,15,3,6,0
6567,1424,190,video_call,8,2,4,0
6568,438,775,video_call,12,5,10,1
6569,495,719,video_call,20,2,4,0
6570,108,622,chat,21,3,6,0
6571,555,675,video_call,7,2,4,0
6572,297,149,video_call,49,4,8,1
6573,1037,174,chat,7,2,4,0
6574,1972,79,chat,53,2,4,0
6575,1380,202,video_call,18,2,4,0
6576,217,285,video_call,11,3,6,0
6577,1166,330,video_call,23,2,4,0
6578,616,706,chat,20,4,8,1
6579,1464,94,chat,39,2,4,0
6580,161,245,chat,55,1,2,0
6581,1673,642,chat,35,1,2,0
6582,1091,684,chat,44,5,10,1
6583,1188,528,video_call,48,1,2,0
6584,175,782,video_call,33,2,4,0
6585,523,182,chat,37,2,4,0
6586,690,720,video_call,29,2,4,0
6587,473,114,video_call,19,3,6,0
6588,33,756,chat,37,3,6,0
6589,1848,361,video_call,27,3,6,0
6590,977,24,chat,60,4,8,1
6591,464,188,video_call,37,1,2,0
6592,387,333,chat,30,1,2,0
6593,996,404,video_call,30,2,4,0
6594,449,218,chat,17,2,4,0
6595,1873,412,chat,55,3,6,0
6596,1172,363,video_call,29,3,6,0
6597,668,329,chat,47,3,6,0
6598,979,402,chat,44,2,4,0
6599,1380,64,video_call,15,4,8,1
6600,1404,112,chat,39,4,8,1
6601,1473,621,video_call,47,1,2,0
6602,321,339,video_call,52,5,10,1
6603,1847,163,video_call,19,4,8,1
6604,927,292,video_call,32,5,10,1
6605,1576,768,video_call,34,5,10,1
6606,1116,342,chat,15,3,6,0
6607,1186,387,video_call,57,3,6,0
6608,274,311,chat,36,3,6,0
6609,965,738,chat,46,4,8,1
6610,1759,624,video_call,17,5,10,1
6611,1107,238,video_call,11,1,2,0
6612,772,288,chat,58,4,8,1
6613,1220,561,chat,56,1,2,0
6614,1963,102,video_call,33,2,4,0
6615,456,18,video_call,59,5,10,1
6616,236,295,chat,9,2,4,0
6617,1185,710,chat,45,2,4,0
6618,888,413,video_call,45,4,8,1
6619,1915,462,chat,49,1,2,0
6620,1613,154,video_call,26,1,2,0
6621,1085,485,video_call,23,5,10,1
6622,789,347,video_call,9,2,4,0
6623,378,294,video_call,36,3,6,0
6624,508,648,video_call,27,1,2,0
6625,549,529,video_call,8,1,2,0
6626,1033,136,chat,28,1,2,0
6627,1296,259,chat,5,2,4,0
6628,75,739,chat,22,2,4,0
6629,1413,692,chat,6,4,8,1
6630,244,65,video_call,48,3,6,0
6631,722,321,video_call,8,3,6,0
6632,333,64,video_call,28,3,6,0
6633,1807,244,chat,34,2,4,0
6634,1216,471,video_call,25,4,8,1
6635,1965,39,chat,27,5,10,1
6636,404,746,video_call,7,1,2,0
6637,1263,521,video_call,30,1,2,0
6638,1229,766,video_call,59,5,10,1
6639,19,258,chat,20,4,8,1
6640,1027,547,video_call,36,3,6,0
6641,465,588,chat,35,5,10,1
6642,1942,52,chat,53,5,10,1
6643,1669,84,video_call,47,4,8,1
6644,442,401,chat,44,2,4,0
6645,1379,14,video_call,56,2,4,0
6646,1177,69,chat,15,4,8,1
6647,713,687,chat,55,1,2,0
6648,609,710,video_call,37,3,6,0
6649,486,603,video_call,28,4,8,1
6650,1363,705,chat,21,2,4,0
6651,127,464,video_call,7,1,2,0
6652,502,448,video_call,43,1,2,0
6653,16,792,chat,11,3,6,0
6654,307,296,chat,39,3,6,0
6655,442,401,chat,27,4,8,1
6656,1772,653,chat,39,4,8,1
6657,616,136,chat,54,1,2,0
6658,378,571,chat,58,1,2,0
6659,1141,413,chat,29,3,6,0
6660,1858,200,chat,55,5,10,1
6661,1048,116,chat,21,1,2,0
6662,1101,272,chat,57,1,2,0
6663,984,513,video_call,6,2,4,0
6664,1252,146,chat,32,1,2,0
6665,365,647,chat,8,1,2,0
6666,1489,619,video_call,19,2,4,0
6667,343,342,chat,8,2,4,0
6668,276,61,chat,24,5,10,1
6669,1852,34,video_call,60,3,6,0
6670,1332,213,chat,29,4,8,1
6671,1164,510,video_call,8,2,4,0
6672,998,536,video_call,53,2,4,0
6673,1376,229,chat,37,4,8,1
6674,141,651,chat,47,1,2,0
6675,149,235,chat,31,4,8,1
6676,1536,790,chat,45,4,8,1
6677,706,368,video_call,54,3,6,0
6678,620,161,video_call,20,5,10,1
6679,35,690,chat,39,1,2,0
6680,241,548,chat,48,4,8,1
6681,7,118,chat,47,2,4,0
6682,341,649,chat,14,1,2,0
6683,107,305,chat,47,2,4,0
6684,895,632,chat,48,3,6,0
6685,84,626,video_call,50,1,2,0
6686,1703,193,chat,20,3,6,0
6687,1984,95,chat,23,1,2,0
6688,634,42,chat,30,1,2,0
6689,1989,751,chat,46,2,4,0
6690,1900,549,chat,53,5,10,1
6691,1654,248,video_call,39,3,6,0
6692,361,14,chat,42,2,4,0
6693,224,619,video_call,21,1,2,0
6694,565,66,video_call,37,1,2,0
6695,1015,474,chat,32,4,8,1
6696,566,670,video_call,54,3,6,0
6697,1663,218,chat,35,5,10,1
6698,1083,673,chat,16,1,2,0
6699,997,85,video_call,34,4,8,1
6700,1781,334,chat,53,2,4,0
6701,421,515,video_call,56,1,2,0
6702,679,495,chat,54,2,4,0
6703,999,237,chat,43,4,8,1
6704,1738,691,video_call,27,3,6,0
6705,728,591,chat,53,1,2,0
6706,1714,248,chat,24,5,10,1
6707,1406,703,video_call,51,5,10,1
6708,81,605,video_call,23,2,4,0
6709,1871,177,chat,35,1,2,0
6710,197,578,chat,27,1,2,0
6711,992,282,chat,20,5,10,1
6712,985,748,chat,25,1,2,0
6713,34,796,video_call,14,3,6,0
6714,517,508,video_call,7,2,4,0
6715,1989,313,chat,25,1,2,0
6716,1652,392,video_call,24,4,8,1
6717,1476,256,chat,40,2,4,0
6718,617,436,video_call,28,3,6,0
6719,1006,249,video_call,16,1,2,0
6720,1630,655,video_call,6,1,2,0
6721,718,28,chat,58,5,10,1
6722,632,729,chat,42,5,10,1
6723,1978,209,video_call,57,5,10,1
6724,584,688,chat,35,1,2,0
6725,1199,495,video_call,57,4,8,1
6726,1977,752,chat,8,2,4,0
6727,973,573,chat,35,4,8,1
6728,1774,176,chat,51,4,8,1
6729,813,429,video_call,15,1,2,0
6730,1436,123,video_call,24,2,4,0
6731,73,330,chat,54,1,2,0
6732,367,229,chat,30,2,4,0
6733,1691,590,video_call,16,3,6,0
6734,838,190,chat,10,1,2,0
6735,867,301,chat,22,3,6,0
6736,1542,610,video_call,45,5,10,1
6737,1650,47,video_call,56,5,10,1
6738,1185,457,chat,26,1,2,0
6739,464,122,video_call,45,2,4,0
6740,787,601,chat,19,1,2,0
6741,151,279,chat,45,5,10,1
6742,428,136,chat,40,4,8,1
6743,1278,647,chat,8,2,4,0
6744,906,418,video_call,11,3,6,0
6745,1198,530,video_call,7,3,6,0
6746,1979,259,video_call,31,3,6,0
6747,596,287,video_call,49,4,8,1
6748,256,341,chat,16,5,10,1
6749,439,555,video_call,8,4,8,1
6750,1752,515,video_call,16,1,2,0
6751,835,407,video_call,20,3,6,0
6752,885,647,chat,8,1,2,0
6753,1498,71,chat,29,5,10,1
6754,1093,212,chat,53,3,6,0
6755,1024,304,chat,55,5,10,1
6756,383,643,video_call,49,3,6,0
6757,683,447,chat,37,2,4,0
6758,1206,166,video_call,9,2,4,0
6759,1583,674,chat,30,1,2,0
6760,1994,315,video_call,39,4,8,1
6761,1390,673,video_call,16,2,4,0
6762,1100,584,video_call,10,2,4,0
6763,346,364,video_call,50,4,8,1
6764,466,57,video_call,28,5,10,1
6765,663,735,video_call,23,1,2,0
6766,1783,26,video_call,21,4,8,1
6767,760,35,chat,30,2,4,0
6768,81,673,chat,34,5,10,1
6769,603,656,chat,29,2,4,0
6770,731,115,chat,60,1,2,0
6771,1049,290,chat,22,2,4,0
6772,370,506,chat,46,1,2,0
6773,392,757,video_call,47,3,6,0
6774,1554,440,video_call,34,2,4,0
6775,1823,174,chat,56,2,4,0
6776,1273,470,video_call,35,1,2,0
6777,587,264,chat,13,3,6,0
6778,1403,195,chat,34,4,8,1
6779,1113,160,video_call,48,2,4,0
6780,1066,519,chat,32,5,10,1
6781,1309,233,video_call,44,2,4,0
6782,242,41,video_call,39,1,2,0
6783,15,641,video_call,17,3,6,0
6784,984,122,chat,17,4,8,1
6785,654,70,chat,18,2,4,0
6786,1458,70,chat,39,3,6,0
6787,1215,447,video_call,7,1,2,0
6788,1522,315,chat,30,4,8,1
6789,696,334,chat,10,1,2,0
6790,1375,377,chat,37,5,10,1
6791,1407,473,chat,43,3,6,0
6792,1027,194,chat,25,1,2,0
6793,551,62,video_call,35,2,4,0
6794,608,697,video_call,53,5,10,1
6795,1184,379,chat,7,2,4,0
6796,42,167,chat,17,2,4,0
6797,447,287,video_call,49,5,10,1
6798,411,204,video_call,5,4,8,1
6799,1735,577,chat,60,4,8,1
6800,949,305,video_call,24,4,8,1
6801,695,74,chat,10,4,8,1
6802,683,755,video_call,22,5,10,1
6803,1099,552,chat,59,3,6,0
6804,1336,324,video_call,12,1,2,0
6805,932,693,chat,18,4,8,1
6806,262,590,chat,54,4,8,1
6807,1719,226,chat,23,2,4,0
6808,846,350,chat,12,1,2,0
6809,1087,275,video_call,11,1,2,0
6810,1220,491,chat,37,4,8,1
6811,1977,145,video_call,54,4,8,1
6812,1695,98,chat,17,3,6,0
6813,325,2,chat,21,4,8,1
6814,1872,737,video_call,17,1,2,0
6815,1994,639,chat,12,3,6,0
6816,825,117,video_call,11,3,6,0
6817,996,570,video_call,56,4,8,1
6818,666,546,video_call,10,1,2,0
6819,729,181,chat,47,2,4,0
6820,39,319,chat,27,1,2,0
6821,187,143,video_call,50,4,8,1
6822,637,546,video_call,10,2,4,0
6823,1294,532,video_call,37,5,10,1
6824,1630,252,video_call,47,1,2,0
6825,797,544,video_call,51,2,4,0
6826,1577,277,chat,22,2,4,0
6827,1512,321,video_call,40,5,10,1
6828,92,62,video_call,35,2,4,0
6829,1822,384,chat,32,2,4,0
6830,90,96,chat,15,4,8,1
6831,895,62,video_call,52,5,10,1
6832,12,740,video_call,8,1,2,0
6833,786,273,chat,18,1,2,0
6834,1532,670,chat,15,3,6,0
6835,126,194,chat,16,5,10,1
6836,1055,495,video_call,6,2,4,0
6837,1978,604,video_call,50,1,2,0
6838,1894,71,chat,57,1,2,0
6839,577,666,video_call,20,3,6,0
6840,1730,226,chat,42,2,4,0
6841,294,563,chat,45,4,8,1
6842,1622,401,chat,22,4,8,1
6843,695,105,chat,38,1,2,0
6844,1876,164,video_call,53,1,2,0
6845,1901,570,video_call,5,3,6,0
6846,1907,248,chat,22,1,2,0
6847,1893,266,video_call,43,5,10,1
6848,432,728,chat,22,1,2,0
6849,409,699,video_call,13,3,6,0
6850,213,517,video_call,43,2,4,0
6851,1344,22,chat,8,3,6,0
6852,794,794,video_call,44,5,10,1
6853,1452,174,video_call,25,1,2,0
6854,246,339,video_call,34,5,10,1
6855,262,661,chat,48,3,6,0
6856,1836,386,chat,17,3,6,0
6857,1539,665,chat,19,1,2,0
6858,861,197,chat,40,4,8,1
6859,1532,318,video_call,38,3,6,0
6860,1163,412,chat,30,2,4,0
6861,1254,709,video_call,46,2,4,0
6862,373,598,chat,30,4,8,1
6863,908,425,chat,45,3,6,0
6864,1627,168,video_call,29,3,6,0
6865,266,317,chat,26,5,10,1
6866,560,502,video_call,20,4,8,1
6867,687,2,video_call,19,4,8,1
6868,1313,706,chat,8,5,10,1
6869,27,121,chat,43,2,4,0
6870,1384,54,video_call,50,2,4,0
6871,412,216,chat,54,4,8,1
6872,846,267,video_call,54,1,2,0
6873,321,716,chat,23,3,6,0
6874,15,232,video_call,55,3,6,0
6875,1855,721,video_call,19,3,6,0
6876,222,538,video_call,35,5,10,1
6877,1500,722,video_call,11,2,4,0
6878,721,374,video_call,28,2,4,0
6879,188,607,chat,27,4,8,1
6880,1236,403,chat,57,1,2,0
6881,517,643,chat,48,2,4,0
6882,867,456,video_call,45,5,10,1
6883,131,635,video_call,8,4,8,1
6884,652,252,chat,14,2,4,0
6885,1527,653,chat,14,3,6,0
6886,1164,242,video_call,18,5,10,1
6887,584,150,chat,32,4,8,1
6888,1442,787,video_call,52,5,10,1
6889,1705,237,video_call,11,2,4,0
6890,309,425,chat,24,1,2,0
6891,1626,439,chat,11,2,4,0
6892,866,20,video_call,35,3,6,0
6893,1286,61,video_call,10,3,6,0
6894,1004,692,chat,17,1,2,0
6895,1053,506,chat,14,2,4,0
6896,1323,31,chat,36,4,8,1
6897,1608,458,video_call,6,5,10,1
6898,69,31,video_call,16,5,10,1
6899,1990,246,video_call,9,2,4,0
6900,47,707,video_call,57,5,10,1
6901,1183,165,chat,9,2,4,0
6902,535,775,chat,56,3,6,0
6903,1826,644,chat,28,4,8,1
6904,1919,593,chat,59,1,2,0
6905,364,663,chat,55,1,2,0
6906,1533,546,video_call,36,4,8,1
6907,1485,73,video_call,45,5,10,1
6908,872,115,chat,42,5,10,1
6909,1401,117,video_call,24,1,2,0
6910,1929,383,chat,32,3,6,0
6911,1710,266,video_call,20,5,10,1
6912,454,547,video_call,57,1,2,0
6913,1730,296,video_call,58,4,8,1
6914,78,583,video_call,52,3,6,0
6915,1097,72,video_call,46,1,2,0
6916,280,242,chat,36,4,8,1
6917,1785,412,chat,17,1,2,0
6918,1082,67,chat,8,5,10,1
6919,1565,597,chat,57,1,2,0
6920,914,581,chat,59,2,4,0
6921,1863,441,chat,49,5,10,1
6922,1816,600,chat,31,4,8,1
6923,1419,198,video_call,55,4,8,1
6924,1207,437,video_call,36,4,8,1
6925,1402,273,chat,45,5,10,1
6926,1480,772,chat,38,3,6,0
6927,1797,101,chat,46,5,10,1
6928,1994,34,video_call,27,3,6,0
6929,900,687,video_call,23,3,6,0
6930,1375,526,chat,46,4,8,1
6931,1152,778,video_call,49,5,10,1
6932,912,611,video_call,10,5,10,1
6933,601,630,chat,16,2,4,0
6934,1854,667,video_call,22,1,2,0
6935,1121,230,video_call,45,4,8,1
6936,495,169,video_call,31,1,2,0
6937,963,445,chat,19,3,6,0
6938,1234,39,chat,12,5,10,1
6939,1916,99,video_call,30,3,6,0
6940,14,349,video_call,50,2,4,0
6941,6,581,video_call,28,4,8,1
6942,670,657,chat,6,2,4,0
6943,1463,736,chat,54,1,2,0
6944,400,105,video_call,35,4,8,1
6945,1576,133,chat,11,3,6,0
6946,360,15,video_call,53,2,4,0
6947,853,16,chat,50,5,10,1
6948,763,103,chat,5,3,6,0
6949,5,31,chat,19,4,8,1
6950,841,18,video_call,23,3,6,0
6951,158,55,chat,13,1,2,0
6952,867,207,chat,5,3,6,0
6953,409,747,video_call,26,2,4,0
6954,372,733,chat,42,1,2,0
6955,402,795,video_call,46,4,8,1
6956,222,698,video_call,35,5,10,1
6957,212,373,chat,13,5,10,1
6958,1324,256,video_call,13,4,8,1
6959,1907,448,chat,15,4,8,1
6960,1666,537,chat,50,2,4,0
6961,1362,164,video_call,7,3,6,0
6962,1732,31,chat,11,3,6,0
6963,107,357,chat,19,4,8,1
6964,992,192,chat,51,1,2,0
6965,1190,96,video_call,50,2,4,0
6966,549,304,chat,17,3,6,0
6967,347,601,video_call,41,2,4,0
6968,1511,215,chat,45,4,8,1
6969,645,730,video_call,12,5,10,1
6970,1403,506,video_call,19,2,4,0
6971,1897,357,chat,35,1,2,0
6972,838,129,video_call,9,2,4,0
6973,1565,315,chat,21,1,2,0
6974,347,115,chat,52,5,10,1
6975,1724,503,chat,50,3,6,0
6976,1580,399,video_call,46,4,8,1
6977,1578,34,video_call,52,1,2,0
6978,1093,705,video_call,59,4,8,1
6979,1070,189,chat,26,4,8,1
6980,1113,623,video_call,44,4,8,1
6981,35,371,chat,25,5,10,1
6982,1171,595,video_call,44,2,4,0
6983,1557,165,video_call,27,3,6,0
6984,1178,451,video_call,57,5,10,1
6985,702,593,chat,48,4,8,1
6986,1534,205,video_call,14,3,6,0
6987,538,263,chat,23,2,4,0
6988,382,160,chat,11,2,4,0
6989,499,292,chat,59,3,6,0
6990,79,172,video_call,39,2,4,0
6991,1648,553,video_call,20,4,8,1
6992,1611,463,video_call,36,4,8,1
6993,1158,764,chat,21,2,4,0
6994,309,661,chat,41,5,10,1
6995,1143,3,chat,26,1,2,0
6996,757,788,video_call,33,3,6,0
6997,1409,34,video_call,14,3,6,0
6998,654,280,video_call,54,5,10,1
6999,1151,256,video_call,29,4,8,1
7000,1591,70,video_call,36,3,6,0
7001,1340,736,chat,40,4,8,1
7002,354,141,video_call,11,2,4,0
7003,750,691,video_call,14,5,10,1
7004,666,613,chat,8,5,10,1
7005,1039,189,video_call,21,3,6,0
7006,1807,397,chat,25,1,2,0
7007,222,668,video_call,21,3,6,0
7008,663,630,chat,18,4,8,1
7009,1570,148,video_call,24,5,10,1
7010,758,508,video_call,8,4,8,1
7011,1458,457,video_call,27,5,10,1
7012,886,616,video_call,52,3,6,0
7013,1825,12,video_call,59,3,6,0
7014,491,167,chat,13,3,6,0
7015,519,181,chat,38,2,4,0
7016,439,359,chat,32,2,4,0
7017,1846,326,chat,25,1,2,0
7018,768,480,chat,56,2,4,0
7019,994,346,chat,35,5,10,1
7020,1722,184,chat,6,4,8,1
7021,449,279,chat,29,2,4,0
7022,1765,292,video_call,22,5,10,1
7023,1135,531,video_call,34,1,2,0
7024,1954,265,video_call,19,1,2,0
7025,801,8,video_call,13,1,2,0
7026,905,126,video_call,32,4,8,1
7027,65,447,chat,20,5,10,1
7028,1883,36,video_call,33,3,6,0
7029,1609,652,chat,29,2,4,0
7030,442,721,video_call,48,4,8,1
7031,800,499,chat,50,4,8,1
7032,1584,257,chat,27,1,2,0
7033,1644,731,video_call,33,2,4,0
7034,1646,265,video_call,9,3,6,0
7035,1091,346,video_call,42,1,2,0
7036,1666,26,chat,39,1,2,0
7037,301,655,chat,25,4,8,1
7038,1947,591,chat,55,4,8,1
7039,527,274,video_call,21,3,6,0
7040,1862,647,video_call,41,3,6,0
7041,1789,457,chat,60,4,8,1
7042,1966,717,video_call,10,1,2,0
7043,355,503,chat,16,3,6,0
7044,1449,725,video_call,24,5,10,1
7045,676,96,video_call,20,5,10,1
7046,900,463,chat,25,5,10,1
7047,252,33,video_call,39,2,4,0
7048,227,713,chat,56,5,10,1
7049,390,306,chat,7,4,8,1
7050,1136,502,chat,32,2,4,0
7051,669,350,video_call,51,2,4,0
7052,1674,710,video_call,21,4,8,1
7053,786,757,chat,45,4,8,1
7054,867,333,video_call,56,4,8,1
7055,82,603,video_call,23,1,2,0
7056,1994,176,chat,12,5,10,1
7057,866,176,video_call,41,2,4,0
7058,561,301,video_call,14,5,10,1
7059,378,537,video_call,22,2,4,0
7060,1192,476,chat,10,4,8,1
7061,659,791,chat,46,3,6,0
7062,1685,566,video_call,51,4,8,1
7063,815,631,video_call,8,4,8,1
7064,1442,527,video_call,21,5,10,1
7065,1883,289,chat,22,5,10,1
7066,332,522,chat,8,4,8,1
7067,407,629,chat,54,2,4,0
7068,179,539,video_call,23,1,2,0
7069,142,457,chat,21,2,4,0
7070,969,169,chat,40,2,4,0
7071,554,217,chat,7,5,10,1
7072,1539,682,chat,11,1,2,0
7073,918,526,chat,6,2,4,0
7074,1233,190,video_call,58,5,10,1
7075,1968,573,video_call,12,3,6,0
7076,180,292,chat,60,4,8,1
7077,1351,393,chat,43,2,4,0
7078,637,259,chat,31,4,8,1
7079,1370,383,chat,7,4,8,1
7080,669,302,video_call,43,1,2,0
7081,740,269,video_call,24,4,8,1
7082,1616,33,chat,7,1,2,0
7083,823,42,video_call,52,2,4,0
7084,1681,20,video_call,39,5,10,1
7085,637,162,video_call,9,1,2,0
7086,318,297,chat,39,5,10,1
7087,1994,681,video_call,11,2,4,0
7088,124,44,video_call,35,2,4,0
7089,96,619,video_call,10,4,8,1
7090,549,4,chat,56,1,2,0
7091,1548,333,chat,25,4,8,1
7092,23,101,chat,15,3,6,0
7093,1502,287,chat,33,2,4,0
7094,1279,653,chat,32,2,4,0
7095,212,100,chat,37,3,6,0
7096,582,126,video_call,15,5,10,1
7097,258,701,video_call,44,2,4,0
7098,694,692,video_call,55,5,10,1
7099,1348,370,video_call,17,1,2,0
7100,7,643,video_call,57,5,10,1
7101,483,652,video_call,25,3,6,0
7102,848,581,video_call,60,2,4,0
7103,1959,106,chat,56,2,4,0
7104,382,415,chat,8,5,10,1
7105,1022,83,video_call,53,2,4,0
7106,566,678,chat,20,2,4,0
7107,997,480,chat,13,3,6,0
7108,757,242,video_call,10,1,2,0
7109,762,337,video_call,37,3,6,0
7110,159,250,chat,14,2,4,0
7111,310,52,video_call,40,3,6,0
7112,1586,725,chat,29,5,10,1
7113,1093,377,chat,20,1,2,0
7114,213,113,video_call,8,3,6,0
7115,685,274,chat,10,1,2,0
7116,1189,658,video_call,15,2,4,0
7117,1752,202,chat,23,4,8,1
7118,1199,283,chat,40,5,10,1
7119,57,21,video_call,9,4,8,1
7120,592,105,video_call,47,5,10,1
7121,1576,89,chat,19,5,10,1
7122,1355,506,chat,57,3,6,0
7123,967,485,chat,53,5,10,1
7124,158,182,chat,38,4,8,1
7125,1379,741,video_call,12,4,8,1
7126,366,534,chat,13,3,6,0
7127,1656,490,chat,29,1,2,0
7128,1494,571,chat,21,3,6,0
7129,1859,752,chat,30,4,8,1
7130,828,177,chat,33,4,8,1
7131,1522,529,video_call,13,3,6,0
7132,399,767,chat,13,5,10,1
7133,1693,518,video_call,16,3,6,0
7134,1022,353,video_call,45,4,8,1
7135,780,698,video_call,42,3,6,0
7136,1386,538,chat,31,2,4,0
7137,1713,178,chat,9,5,10,1
7138,97,583,chat,45,4,8,1
7139,280,19,video_call,10,1,2,0
7140,326,113,video_call,59,4,8,1
7141,1663,267,video_call,5,5,10,1
7142,1780,441,video_call,44,1,2,0
7143,817,309,video_call,36,1,2,0
7144,394,262,video_call,34,2,4,0
7145,484,643,video_call,31,4,8,1
7146,107,325,video_call,44,2,4,0
7147,331,640,chat,13,1,2,0
7148,956,549,video_call,13,3,6,0
7149,1455,30,video_call,38,5,10,1
7150,678,630,video_call,47,4,8,1
7151,1240,8,video_call,17,5,10,1
7152,90,479,video_call,24,4,8,1
7153,1674,580,chat,41,2,4,0
7154,1265,648,chat,42,4,8,1
7155,1826,674,chat,14,2,4,0
7156,1128,172,chat,22,3,6,0
7157,79,608,chat,13,4,8,1
7158,565,743,chat,11,3,6,0
7159,364,116,video_call,39,4,8,1
7160,1072,268,video_call,28,5,10,1
7161,1722,730,video_call,22,3,6,0
7162,953,551,chat,37,4,8,1
7163,1955,728,chat,20,3,6,0
7164,1392,558,video_call,25,1,2,0
7165,1707,452,video_call,31,1,2,0
7166,1476,368,chat,38,5,10,1
7167,305,472,chat,52,2,4,0
7168,694,564,chat,30,4,8,1
7169,504,508,video_call,12,5,10,1
7170,902,128,chat,35,1,2,0
7171,968,559,chat,6,2,4,0
7172,1134,692,chat,10,2,4,0
7173,644,572,chat,42,3,6,0
7174,1300,502,video_call,6,4,8,1
7175,839,72,video_call,20,1,2,0
7176,499,216,video_call,45,5,10,1
7177,1333,442,video_call,19,2,4,0
7178,1106,448,chat,34,2,4,0
7179,661,225,video_call,16,5,10,1
7180,1948,796,chat,49,5,10,1
7181,1414,447,video_call,22,4,8,1
7182,1514,315,chat,35,3,6,0
7183,1162,570,video_call,9,1,2,0
7184,657,317,video_call,18,5,10,1
7185,242,499,chat,11,5,10,1
7186,526,536,video_call,33,4,8,1
7187,27,161,video_call,11,1,2,0
7188,1380,731,chat,8,4,8,1
7189,175,320,video_call,39,2,4,0
7190,1055,696,video_call,15,5,10,1
7191,1789,428,chat,37,3,6,0
7192,1544,179,chat,32,1,2,0
7193,1839,494,chat,31,5,10,1
7194,1504,588,video_call,41,1,2,0
7195,556,671,chat,7,3,6,0
7196,286,70,video_call,14,1,2,0
7197,1034,768,chat,37,5,10,1
7198,101,422,video_call,11,2,4,0
7199,638,274,video_call,57,2,4,0
7200,474,758,chat,54,3,6,0
7201,1117,280,chat,50,3,6,0
7202,185,121,video_call,10,2,4,0
7203,460,176,video_call,56,4,8,1
7204,811,358,video_call,22,5,10,1
7205,687,620,video_call,59,4,8,1
7206,1341,64,chat,50,2,4,0
7207,1321,485,video_call,53,1,2,0
7208,603,247,video_call,29,3,6,0
7209,349,462,video_call,12,3,6,0
7210,943,201,video_call,60,1,2,0
7211,1143,254,chat,12,1,2,0
7212,1216,385,chat,30,2,4,0
7213,1535,684,chat,55,2,4,0
7214,1378,341,chat,58,1,2,0
7215,763,610,video_call,32,5,10,1
7216,1491,545,chat,38,5,10,1
7217,1373,278,video_call,35,1,2,0
7218,198,469,video_call,18,2,4,0
7219,1914,790,chat,51,2,4,0
7220,110,58,video_call,29,1,2,0
7221,928,688,chat,30,2,4,0
7222,781,118,video_call,37,1,2,0
7223,1285,436,video_call,20,2,4,0
7224,781,56,chat,46,3,6,0
7225,1534,405,video_call,56,4,8,1
7226,1109,404,chat,39,2,4,0
7227,907,186,video_call,45,4,8,1
7228,1087,683,chat,28,4,8,1
7229,598,291,chat,51,2,4,0
7230,1725,231,chat,6,4,8,1
7231,1504,718,chat,56,4,8,1
7232,809,503,chat,39,4,8,1
7233,737,389,chat,38,5,10,1
7234,1844,589,chat,33,1,2,0
7235,1533,155,video_call,10,2,4,0
7236,1963,699,chat,24,3,6,0
7237,643,634,video_call,22,5,10,1
7238,1048,304,video_call,11,4,8,1
7239,39,480,video_call,25,4,8,1
7240,931,549,chat,16,1,2,0
7241,955,231,video_call,60,4,8,1
7242,678,771,video_call,13,2,4,0
7243,1499,130,video_call,44,2,4,0
7244,2,94,video_call,49,3,6,0
7245,841,531,chat,41,4,8,1
7246,857,754,video_call,30,4,8,1
7247,1537,553,video_call,45,3,6,0
7248,746,258,video_call,59,2,4,0
7249,168,667,video_call,28,3,6,0
7250,99,110,video_call,14,5,10,1
7251,678,595,video_call,23,5,10,1
7252,1466,451,chat,58,5,10,1
7253,879,704,chat,5,4,8,1
7254,888,638,chat,30,5,10,1
7255,184,426,chat,38,4,8,1
7256,1341,599,chat,30,5,10,1
7257,1132,565,video_call,13,1,2,0
7258,1383,64,video_call,42,5,10,1
7259,1873,272,chat,36,1,2,0
7260,708,755,video_call,57,4,8,1
7261,1823,231,video_call,52,2,4,0
7262,1922,770,video_call,31,2,4,0
7263,60,28,video_call,60,2,4,0
7264,1795,526,video_call,30,4,8,1
7265,26,651,video_call,10,1,2,0
7266,1056,193,chat,8,3,6,0
7267,1918,137,chat,8,1,2,0
7268,875,614,chat,59,4,8,1
7269,950,749,chat,25,2,4,0
7270,1950,320,chat,16,5,10,1
7271,1273,89,chat,28,4,8,1
7272,628,56,video_call,35,2,4,0
7273,1429,342,video_call,5,5,10,1
7274,545,666,video_call,29,2,4,0
7275,1300,16,video_call,36,1,2,0
7276,1819,412,video_call,30,5,10,1
7277,1914,575,video_call,38,4,8,1
7278,284,18,video_call,52,3,6,0
7279,743,578,chat,6,4,8,1
7280,144,363,video_call,33,1,2,0
7281,1141,534,chat,20,3,6,0
7282,1336,493,chat,52,4,8,1
7283,1160,216,video_call,47,4,8,1
7284,77,671,chat,53,1,2,0
7285,1133,693,chat,41,2,4,0
7286,1123,280,chat,47,4,8,1
7287,611,735,video_call,41,3,6,0
7288,768,111,chat,58,3,6,0
7289,1623,533,video_call,6,5,10,1
7290,977,409,video_call,31,2,4,0
7291,69,326,video_call,37,2,4,0
7292,1840,218,video_call,11,4,8,1
7293,171,471,video_call,59,2,4,0
7294,789,264,video_call,41,4,8,1
7295,722,118,chat,14,1,2,0
7296,880,32,video_call,28,5,10,1
7297,715,471,video_call,52,5,10,1
7298,359,637,chat,12,2,4,0
7299,306,576,chat,50,2,4,0
7300,963,22,chat,25,3,6,0
7301,477,385,video_call,55,5,10,1
7302,415,390,chat,11,1,2,0
7303,720,538,chat,7,1,2,0
7304,311,756,chat,33,4,8,1
7305,276,350,chat,47,1,2,0
7306,1761,701,chat,58,1,2,0
7307,1449,36,video_call,49,3,6,0
7308,614,591,video_call,6,1,2,0
7309,870,498,chat,41,5,10,1
7310,462,115,video_call,34,4,8,1
7311,503,74,chat,28,3,6,0
7312,325,203,video_call,9,5,10,1
7313,203,564,chat,46,5,10,1
7314,594,10,video_call,36,5,10,1
7315,343,470,chat,12,3,6,0
7316,1699,214,chat,37,5,10,1
7317,31,6,video_call,19,2,4,0
7318,298,187,video_call,35,3,6,0
7319,1676,661,video_call,11,1,2,0
7320,1055,14,video_call,49,5,10,1
7321,750,598,video_call,13,3,6,0
7322,970,184,chat,29,2,4,0
7323,200,262,chat,52,3,6,0
7324,1869,600,chat,38,4,8,1
7325,1169,484,video_call,49,4,8,1
7326,965,118,chat,56,1,2,0
7327,811,15,video_call,20,4,8,1
7328,395,494,chat,54,3,6,0
7329,1334,442,video_call,54,2,4,0
7330,1278,512,video_call,24,3,6,0
7331,414,483,chat,28,4,8,1
7332,641,591,chat,17,5,10,1
7333,29,441,video_call,55,2,4,0
7334,746,76,chat,31,3,6,0
7335,1362,533,chat,58,3,6,0
7336,372,127,video_call,19,1,2,0
7337,627,561,chat,54,1,2,0
7338,710,630,video_call,14,3,6,0
7339,1539,392,video_call,41,5,10,1
7340,1256,415,chat,53,1,2,0
7341,1333,199,video_call,59,2,4,0
7342,1609,768,chat,33,1,2,0
7343,1974,403,chat,37,3,6,0
7344,1556,337,video_call,58,3,6,0
7345,696,568,video_call,51,2,4,0
7346,186,164,video_call,31,2,4,0
7347,539,737,video_call,31,3,6,0
7348,75,149,chat,39,4,8,1
7349,102,799,chat,59,5,10,1
7350,620,486,video_call,29,1,2,0
7351,1388,362,chat,58,4,8,1
7352,1293,637,video_call,27,1,2,0
7353,20,747,chat,18,3,6,0
7354,960,674,video_call,35,2,4,0
7355,832,391,video_call,23,1,2,0
7356,1219,284,video_call,36,4,8,1
7357,1576,675,video_call,29,4,8,1
7358,55,588,video_call,19,2,4,0
7359,1512,262,video_call,35,3,6,0
7360,209,753,video_call,37,2,4,0
7361,288,549,chat,23,2,4,0
7362,620,68,chat,16,5,10,1
7363,1719,442,chat,22,2,4,0
7364,110,309,video_call,8,1,2,0
7365,477,93,chat,53,3,6,0
7366,1799,41,video_call,28,3,6,0
7367,1909,10,chat,27,1,2,0
7368,1110,516,video_call,57,2,4,0
7369,14,64,video_call,5,3,6,0
7370,200,371,video_call,25,3,6,0
7371,484,93,chat,34,5,10,1
7372,1846,314,video_call,58,2,4,0
7373,520,717,chat,24,3,6,0
7374,187,34,chat,9,3,6,0
7375,1716,494,chat,8,1,2,0
7376,433,309,video_call,31,1,2,0
7377,1226,247,video_call,50,1,2,0
7378,1928,515,chat,56,4,8,1
7379,657,449,video_call,5,2,4,0
7380,942,581,video_call,12,2,4,0
7381,750,421,chat,10,2,4,0
7382,1750,157,video_call,34,1,2,0
7383,1948,20,video_call,6,1,2,0
7384,1483,279,chat,48,3,6,0
7385,1123,371,video_call,19,4,8,1
7386,1605,557,video_call,12,2,4,0
7387,1776,494,chat,17,1,2,0
7388,58,691,video_call,33,3,6,0
7389,1209,495,video_call,20,5,10,1
7390,713,775,chat,50,2,4,0
7391,1845,47,chat,29,2,4,0
7392,135,596,chat,7,2,4,0
7393,60,56,chat,24,2,4,0
7394,846,770,chat,56,5,10,1
7395,443,441,chat,40,4,8,1
7396,1923,491,chat,57,5,10,1
7397,796,585,video_call,22,2,4,0
7398,196,52,chat,31,3,6,0
7399,46,662,video_call,18,4,8,1
7400,405,218,chat,13,1,2,0
7401,239,661,video_call,15,1,2,0
7402,60,253,chat,21,1,2,0
7403,796,130,video_call,12,4,8,1
7404,722,741,video_call,57,2,4,0
7405,92,60,video_call,50,5,10,1
7406,1646,235,chat,10,1,2,0
7407,693,356,video_call,19,3,6,0
7408,1870,159,chat,6,5,10,1
7409,1715,366,video_call,5,4,8,1
7410,1546,501,video_call,14,2,4,0
7411,1433,268,video_call,51,3,6,0
7412,139,30,video_call,45,2,4,0
7413,309,413,video_call,8,3,6,0
7414,1783,328,video_call,13,1,2,0
7415,493,459,video_call,57,1,2,0
7416,1540,603,video_call,40,5,10,1
7417,402,245,video_call,8,1,2,0
7418,882,618,video_call,16,4,8,1
7419,736,384,chat,24,3,6,0
7420,356,498,chat,28,1,2,0
7421,347,730,video_call,56,3,6,0
7422,296,469,video_call,31,5,10,1
7423,1199,273,video_call,59,3,6,0
7424,1717,40,chat,29,5,10,1
7425,712,532,video_call,10,4,8,1
7426,138,591,video_call,38,4,8,1
7427,1378,711,chat,45,3,6,0
7428,550,715,chat,23,5,10,1
7429,1828,174,chat,57,2,4,0
7430,754,440,video_call,6,4,8,1
7431,98,258,video_call,18,1,2,0
7432,1221,52,chat,35,3,6,0
7433,13,313,chat,56,1,2,0
7434,989,738,video_call,21,2,4,0
7435,1558,212,chat,25,2,4,0
7436,1116,81,video_call,52,4,8,1
7437,1538,726,video_call,14,2,4,0
7438,1596,228,chat,18,2,4,0
7439,1251,724,video_call,37,3,6,0
7440,1887,48,video_call,48,5,10,1
7441,463,199,video_call,36,5,10,1
7442,1787,771,chat,22,2,4,0
7443,1388,547,video_call,53,4,8,1
7444,357,246,video_call,6,5,10,1
7445,401,41,chat,9,1,2,0
7446,1726,133,video_call,50,4,8,1
7447,1717,438,video_call,54,5,10,1
7448,535,706,video_call,48,5,10,1
7449,1377,94,video_call,54,3,6,0
7450,991,550,video_call,38,3,6,0
7451,843,37,chat,29,4,8,1
7452,1709,129,video_call,18,4,8,1
7453,1223,193,video_call,30,4,8,1
7454,732,176,video_call,30,5,10,1
7455,1754,365,video_call,23,1,2,0
7456,1714,310,video_call,34,5,10,1
7457,1220,290,video_call,28,5,10,1
7458,263,455,video_call,38,5,10,1
7459,118,228,video_call,19,1,2,0
7460,1944,32,chat,13,2,4,0
7461,1919,380,chat,7,3,6,0
7462,1454,749,chat,34,4,8,1
7463,1185,575,video_call,33,2,4,0
7464,1969,343,video_call,11,5,10,1
7465,450,460,chat,14,5,10,1
7466,1997,349,video_call,60,2,4,0
7467,1025,94,chat,57,1,2,0
7468,361,177,chat,35,2,4,0
7469,1202,39,video_call,36,2,4,0
7470,1539,736,video_call,16,4,8,1
7471,85,177,chat,31,3,6,0
7472,1123,267,video_call,39,2,4,0
7473,1890,111,video_call,49,4,8,1
7474,34,282,video_call,38,5,10,1
7475,1946,625,video_call,60,3,6,0
7476,1337,181,video_call,58,4,8,1
7477,4,593,video_call,47,4,8,1
7478,988,494,chat,58,1,2,0
7479,1147,142,video_call,11,4,8,1
7480,1489,32,chat,57,2,4,0
7481,471,12,chat,55,1,2,0
7482,1173,308,chat,24,1,2,0
7483,1189,38,chat,31,4,8,1
7484,1076,457,video_call,24,5,10,1
7485,684,391,video_call,22,4,8,1
7486,888,386,video_call,40,1,2,0
7487,450,398,video_call,20,3,6,0
7488,1041,470,chat,23,4,8,1
7489,1020,724,chat,45,1,2,0
7490,1612,549,video_call,46,3,6,0
7491,715,129,video_call,56,1,2,0
7492,1196,314,chat,58,4,8,1
7493,1485,273,chat,23,1,2,0
7494,1010,341,chat,57,2,4,0
7495,967,642,chat,10,5,10,1
7496,1694,674,chat,22,1,2,0
7497,104,264,chat,55,2,4,0
7498,1599,642,video_call,26,4,8,1
7499,26,775,video_call,29,1,2,0
7500,660,282,video_call,36,5,10,1
7501,19,193,video_call,46,2,4,0
7502,1044,327,chat,25,5,10,1
7503,1489,73,video_call,6,5,10,1
7504,1951,89,video_call,30,4,8,1
7505,1157,236,chat,44,5,10,1
7506,1290,465,video_call,41,5,10,1
7507,114,583,video_call,28,4,8,1
7508,1934,772,video_call,60,1,2,0
7509,80,591,chat,53,2,4,0
7510,739,50,video_call,26,1,2,0
7511,1112,291,chat,46,3,6,0
7512,30,639,chat,13,4,8,1
7513,1235,408,chat,23,2,4,0
7514,780,469,chat,41,2,4,0
7515,1266,791,video_call,10,2,4,0
7516,966,458,chat,42,5,10,1
7517,1246,91,chat,59,2,4,0
7518,504,699,chat,10,3,6,0
7519,142,728,chat,43,3,6,0
7520,1428,764,chat,9,2,4,0
7521,1170,139,video_call,15,2,4,0
7522,201,619,chat,60,4,8,1
7523,1297,210,video_call,5,4,8,1
7524,1010,476,video_call,50,4,8,1
7525,1792,10,chat,37,3,6,0
7526,940,82,chat,45,2,4,0
7527,768,162,chat,60,4,8,1
7528,1999,448,video_call,33,5,10,1
7529,1086,68,video_call,48,3,6,0
7530,1385,82,video_call,19,4,8,1
7531,1180,238,video_call,41,3,6,0
7532,1486,414,chat,55,5,10,1
7533,1585,264,video_call,18,1,2,0
7534,1815,28,chat,27,4,8,1
7535,1847,18,chat,21,4,8,1
7536,1175,607,chat,32,4,8,1
7537,735,18,video_call,9,1,2,0
7538,1986,748,video_call,36,5,10,1
7539,1829,247,video_call,19,5,10,1
7540,1520,611,video_call,47,5,10,1
7541,1375,434,chat,57,1,2,0
7542,154,68,chat,20,4,8,1
7543,1645,179,video_call,5,4,8,1
7544,310,390,video_call,54,3,6,0
7545,409,156,chat,18,5,10,1
7546,642,25,chat,22,5,10,1
7547,773,429,video_call,40,2,4,0
7548,1830,320,chat,20,2,4,0
7549,160,545,video_call,36,1,2,0
7550,804,781,chat,54,3,6,0
7551,935,61,chat,50,1,2,0
7552,1783,74,chat,36,2,4,0
7553,1048,647,chat,39,5,10,1
7554,1784,322,video_call,39,4,8,1
7555,1422,82,chat,57,2,4,0
7556,468,710,chat,16,3,6,0
7557,1601,725,chat,29,2,4,0
7558,340,398,video_call,7,4,8,1
7559,1162,130,chat,24,5,10,1
7560,1987,255,video_call,13,3,6,0
7561,1250,257,chat,9,3,6,0
7562,327,675,video_call,9,2,4,0
7563,1509,82,video_call,35,1,2,0
7564,779,339,chat,22,1,2,0
7565,90,159,video_call,30,2,4,0
7566,389,739,video_call,12,3,6,0
7567,881,157,chat,40,3,6,0
7568,1778,669,video_call,38,1,2,0
7569,1374,250,chat,60,2,4,0
7570,1646,405,video_call,53,4,8,1
7571,30,586,chat,39,2,4,0
7572,1472,166,chat,46,5,10,1
7573,538,163,video_call,49,3,6,0
7574,1258,383,video_call,51,2,4,0
7575,1241,722,chat,38,4,8,1
7576,1713,39,chat,17,1,2,0
7577,1307,603,chat,38,5,10,1
7578,901,216,chat,23,3,6,0
7579,321,712,video_call,11,1,2,0
7580,1980,206,video_call,50,3,6,0
7581,1093,329,video_call,25,4,8,1
7582,1303,316,video_call,39,2,4,0
7583,1323,214,video_call,44,4,8,1
7584,1450,16,video_call,5,1,2,0
7585,595,84,video_call,30,4,8,1
7586,978,99,chat,48,5,10,1
7587,820,482,chat,10,2,4,0
7588,304,439,video_call,32,2,4,0
7589,1695,412,video_call,55,4,8,1
7590,1579,460,video_call,31,1,2,0
7591,1170,433,video_call,38,2,4,0
7592,784,258,chat,50,5,10,1
7593,1184,33,chat,28,2,4,0
7594,1627,592,chat,16,5,10,1
7595,1968,784,chat,29,5,10,1
7596,1183,768,chat,57,1,2,0
7597,1854,378,video_call,45,2,4,0
7598,1993,798,video_call,5,3,6,0
7599,119,112,chat,18,2,4,0
7600,1175,792,video_call,57,3,6,0
7601,1267,547,video_call,10,3,6,0
7602,1203,252,chat,55,1,2,0
7603,492,655,chat,51,5,10,1
7604,1878,623,video_call,47,3,6,0
7605,1525,74,chat,58,2,4,0
7606,703,302,chat,47,1,2,0
7607,1769,127,video_call,28,2,4,0
7608,945,150,chat,24,2,4,0
7609,844,353,video_call,59,1,2,0
7610,356,409,video_call,39,3,6,0
7611,1836,11,video_call,37,1,2,0
7612,329,723,video_call,49,5,10,1
7613,1789,339,video_call,54,4,8,1
7614,429,301,video_call,52,5,10,1
7615,1121,575,chat,52,1,2,0
7616,62,592,chat,19,4,8,1
7617,1086,145,video_call,23,4,8,1
7618,1571,113,video_call,21,4,8,1
7619,1614,557,video_call,31,2,4,0
7620,133,433,video_call,43,5,10,1
7621,526,728,chat,34,5,10,1
7622,1473,668,chat,25,1,2,0
7623,1530,678,video_call,46,2,4,0
7624,323,359,chat,27,2,4,0
7625,1799,592,video_call,21,5,10,1
7626,1450,550,video_call,47,5,10,1
7627,1531,561,chat,57,5,10,1
7628,1514,391,video_call,29,1,2,0
7629,266,618,chat,45,4,8,1
7630,1566,23,video_call,43,2,4,0
7631,1565,317,chat,40,3,6,0
7632,142,201,video_call,12,5,10,1
7633,1544,220,chat,12,2,4,0
7634,8,303,video_call,32,2,4,0
7635,1145,381,chat,13,4,8,1
7636,667,486,video_call,28,1,2,0
7637,230,694,chat,24,5,10,1
7638,1694,452,video_call,40,4,8,1
7639,835,198,video_call,5,3,6,0
7640,900,601,video_call,29,2,4,0
7641,354,497,chat,33,3,6,0
7642,1107,376,chat,40,4,8,1
7643,1404,465,video_call,28,3,6,0
7644,888,620,video_call,21,4,8,1
7645,971,188,chat,38,1,2,0
7646,236,74,chat,45,1,2,0
7647,734,561,chat,33,1,2,0
7648,1135,312,video_call,17,1,2,0
7649,1979,301,chat,60,3,6,0
7650,473,397,chat,19,4,8,1
7651,694,340,chat,33,5,10,1
7652,1292,591,video_call,7,5,10,1
7653,1961,164,video_call,12,5,10,1
7654,103,76,chat,34,3,6,0
7655,342,531,video_call,14,4,8,1
7656,207,177,video_call,22,5,10,1
7657,1567,362,video_call,13,3,6,0
7658,1499,466,chat,36,4,8,1
7659,1640,26,chat,59,4,8,1
7660,487,569,video_call,54,4,8,1
7661,927,365,chat,36,4,8,1
7662,1911,669,video_call,26,1,2,0
7663,948,462,video_call,38,1,2,0
7664,454,377,video_call,36,3,6,0
7665,133,661,chat,13,3,6,0
7666,300,688,chat,33,3,6,0
7667,383,252,video_call,51,5,10,1
7668,689,612,chat,50,2,4,0
7669,627,189,chat,31,1,2,0
7670,1629,533,chat,32,3,6,0
7671,324,773,video_call,8,5,10,1
7672,1197,329,video_call,55,5,10,1
7673,802,40,video_call,12,2,4,0
7674,1334,157,chat,44,3,6,0
7675,135,305,chat,15,2,4,0
7676,178,411,chat,34,5,10,1
7677,1382,599,chat,48,4,8,1
7678,167,3,video_call,7,5,10,1
7679,1057,697,chat,8,2,4,0
7680,181,268,video_call,42,4,8,1
7681,1218,417,video_call,58,5,10,1
7682,685,265,video_call,36,3,6,0
7683,453,480,chat,27,3,6,0
7684,155,26,video_call,40,4,8,1
7685,487,132,video_call,25,4,8,1
7686,1875,416,chat,60,5,10,1
7687,1029,370,chat,26,4,8,1
7688,314,653,chat,18,5,10,1
7689,1021,284,video_call,56,4,8,1
7690,1354,517,chat,15,4,8,1
7691,1884,114,video_call,18,4,8,1
7692,1881,795,chat,21,3,6,0
7693,1880,252,video_call,36,2,4,0
7694,1955,343,chat,58,5,10,1
7695,1302,468,chat,21,4,8,1
7696,20,411,video_call,48,5,10,1
7697,159,249,video_call,40,3,6,0
7698,1874,318,video_call,34,2,4,0
7699,1368,303,chat,5,3,6,0
7700,1763,59,video_call,45,4,8,1
7701,150,720,video_call,52,4,8,1
7702,1230,684,video_call,31,5,10,1
7703,1547,699,chat,47,5,10,1
7704,1142,519,video_call,22,3,6,0
7705,1368,530,video_call,18,5,10,1
7706,1492,359,video_call,33,2,4,0
7707,694,789,chat,21,3,6,0
7708,621,562,chat,11,5,10,1
7709,1538,250,video_call,54,2,4,0
7710,1713,460,video_call,26,4,8,1
7711,884,416,chat,17,4,8,1
7712,724,385,video_call,43,4,8,1
7713,1305,123,video_call,32,4,8,1
7714,29,214,chat,33,5,10,1
7715,702,586,chat,25,4,8,1
7716,1051,747,chat,48,4,8,1
7717,548,246,chat,34,3,6,0
7718,1720,227,chat,6,1,2,0
7719,465,759,chat,10,5,10,1
7720,1747,173,video_call,56,5,10,1
7721,1385,571,chat,38,5,10,1
7722,1243,336,chat,52,4,8,1
7723,1701,705,chat,51,1,2,0
7724,473,83,video_call,29,4,8,1
7725,1322,766,video_call,43,5,10,1
7726,588,583,video_call,32,4,8,1
7727,1641,301,video_call,18,2,4,0
7728,1745,389,chat,27,1,2,0
7729,623,667,chat,38,5,10,1
7730,576,128,chat,53,3,6,0
7731,10,688,video_call,39,3,6,0
7732,1974,368,video_call,47,1,2,0
7733,813,796,chat,15,1,2,0
7734,100,631,video_call,55,3,6,0
7735,459,517,chat,5,5,10,1
7736,1025,490,chat,22,5,10,1
7737,1990,426,chat,30,4,8,1
7738,1408,537,chat,17,3,6,0
7739,1465,399,chat,19,1,2,0
7740,1193,608,video_call,54,2,4,0
7741,1189,579,chat,16,3,6,0
7742,1505,708,chat,36,5,10,1
7743,832,614,video_call,9,3,6,0
7744,405,664,video_call,14,4,8,1
7745,1407,440,video_call,23,3,6,0
7746,1157,521,video_call,48,1,2,0
7747,1514,428,chat,33,5,10,1
7748,480,678,chat,46,5,10,1
7749,1239,405,video_call,31,4,8,1
7750,830,246,chat,32,3,6,0
7751,1960,121,chat,17,5,10,1
7752,1086,280,video_call,48,3,6,0
7753,656,669,video_call,13,4,8,1
7754,211,334,chat,15,3,6,0
7755,1253,486,video_call,16,4,8,1
7756,919,598,video_call,49,5,10,1
7757,549,46,chat,49,3,6,0
7758,1881,231,video_call,26,1,2,0
7759,1759,340,chat,35,2,4,0
7760,35,720,chat,56,3,6,0
7761,1494,480,video_call,19,5,10,1
7762,106,130,chat,39,3,6,0
7763,1290,384,video_call,39,4,8,1
7764,663,237,video_call,13,5,10,1
7765,1886,306,chat,26,2,4,0
7766,1973,40,chat,51,1,2,0
7767,1252,796,chat,57,2,4,0
7768,322,558,video_call,5,1,2,0
7769,1857,405,video_call,11,1,2,0
7770,1166,202,chat,40,1,2,0
7771,1343,329,chat,19,2,4,0
7772,1424,165,chat,52,2,4,0
7773,953,696,video_call,49,4,8,1
7774,1381,591,chat,31,2,4,0
7775,1927,529,chat,9,1,2,0
7776,647,600,chat,20,1,2,0
7777,1559,689,video_call,33,1,2,0
7778,1440,39,chat,13,4,8,1
7779,932,300,chat,39,5,10,1
7780,394,190,chat,46,5,10,1
7781,1260,128,chat,6,5,10,1
7782,1373,240,video_call,38,2,4,0
7783,210,457,video_call,18,3,6,0
7784,522,629,video_call,24,4,8,1
7785,1676,697,chat,45,1,2,0
7786,499,266,chat,17,4,8,1
7787,1593,75,video_call,12,1,2,0
7788,1350,159,chat,35,1,2,0
7789,1176,169,video_call,45,1,2,0
7790,799,663,chat,31,4,8,1
7791,1503,300,video_call,47,4,8,1
7792,1475,37,chat,23,4,8,1
7793,1693,348,video_call,48,5,10,1
7794,1611,463,chat,29,3,6,0
7795,1108,391,video_call,14,3,6,0
7796,1665,298,chat,54,3,6,0
7797,1926,303,video_call,34,4,8,1
7798,1957,155,chat,28,2,4,0
7799,1525,795,video_call,40,2,4,0
7800,411,376,video_call,60,2,4,0
7801,1155,57,chat,59,5,10,1
7802,986,766,chat,7,4,8,1
7803,1295,182,chat,24,4,8,1
7804,1623,402,video_call,45,5,10,1
7805,455,305,video_call,23,4,8,1
7806,355,649,chat,9,2,4,0
7807,1650,733,video_call,53,1,2,0
7808,120,177,video_call,50,5,10,1
7809,657,783,video_call,32,2,4,0
7810,1882,575,video_call,26,4,8,1
7811,1576,529,chat,26,5,10,1
7812,902,626,video_call,54,2,4,0
7813,870,683,chat,38,4,8,1
7814,1074,180,video_call,33,1,2,0
7815,1155,12,video_call,47,1,2,0
7816,1233,189,chat,24,4,8,1
7817,664,128,chat,56,1,2,0
7818,1571,776,chat,13,5,10,1
7819,1784,26,video_call,52,1,2,0
7820,630,723,chat,6,4,8,1
7821,383,344,chat,31,5,10,1
7822,976,330,chat,54,5,10,1
7823,1976,453,video_call,18,5,10,1
7824,459,374,video_call,45,3,6,0
7825,1925,280,video_call,15,2,4,0
7826,868,750,chat,46,1,2,0
7827,422,526,video_call,25,5,10,1
7828,1419,456,video_call,5,2,4,0
7829,1714,415,chat,23,5,10,1
7830,1870,12,video_call,27,4,8,1
7831,155,462,video_call,11,1,2,0
7832,747,169,video_call,47,3,6,0
7833,942,791,video_call,14,4,8,1
7834,82,674,video_call,8,2,4,0
7835,196,780,chat,52,3,6,0
7836,1157,597,chat,55,3,6,0
7837,182,29,video_call,43,1,2,0
7838,1502,340,chat,56,1,2,0
7839,498,702,chat,6,1,2,0
7840,51,97,chat,57,4,8,1
7841,181,136,video_call,22,5,10,1
7842,1233,151,chat,58,3,6,0
7843,99,229,video_call,33,3,6,0
7844,1927,534,chat,45,5,10,1
7845,1118,776,video_call,42,2,4,0
7846,1818,478,video_call,21,4,8,1
7847,446,688,video_call,21,1,2,0
7848,1455,469,chat,58,4,8,1
7849,171,670,video_call,18,4,8,1
7850,1541,567,video_call,40,1,2,0
7851,151,471,video_call,35,5,10,1
7852,1927,109,chat,19,5,10,1
7853,1500,734,video_call,48,3,6,0
7854,1307,36,chat,54,2,4,0
7855,1141,580,video_call,25,4,8,1
7856,143,800,chat,19,1,2,0
7857,136,274,video_call,57,3,6,0
7858,803,457,video_call,10,4,8,1
7859,1631,87,chat,16,4,8,1
7860,1688,303,chat,41,2,4,0
7861,1986,542,chat,10,2,4,0
7862,515,415,chat,28,2,4,0
7863,1031,525,video_call,10,3,6,0
7864,806,624,video_call,32,2,4,0
7865,1281,457,chat,10,5,10,1
7866,1848,633,video_call,46,4,8,1
7867,928,11,chat,36,5,10,1
7868,1472,731,chat,40,5,10,1
7869,156,608,chat,13,2,4,0
7870,1293,200,chat,19,3,6,0
7871,382,2,video_call,30,4,8,1
7872,968,276,chat,24,4,8,1
7873,1117,637,video_call,15,2,4,0
7874,1370,213,chat,60,1,2,0
7875,1897,291,video_call,27,5,10,1
7876,1124,449,video_call,25,5,10,1
7877,1543,794,video_call,20,4,8,1
7878,863,666,chat,29,1,2,0
7879,38,178,video_call,46,4,8,1
7880,25,269,video_call,42,1,2,0
7881,1095,13,video_call,11,4,8,1
7882,847,625,video_call,35,5,10,1
7883,213,268,chat,27,2,4,0
7884,70,429,chat,36,1,2,0
7885,240,8,chat,10,4,8,1
7886,1296,297,video_call,20,2,4,0
7887,962,1,video_call,51,4,8,1
7888,848,290,video_call,18,5,10,1
7889,617,457,video_call,23,5,10,1
7890,1718,453,chat,19,2,4,0
7891,560,220,video_call,54,4,8,1
7892,1044,77,video_call,31,4,8,1
7893,1863,147,chat,35,4,8,1
7894,849,380,video_call,9,3,6,0
7895,684,138,video_call,59,5,10,1
7896,1070,152,video_call,30,3,6,0
7897,1688,26,chat,26,4,8,1
7898,744,268,video_call,10,2,4,0
7899,36,430,video_call,17,3,6,0
7900,1784,385,chat,22,5,10,1
7901,323,754,chat,27,3,6,0
7902,1438,789,video_call,25,3,6,0
7903,908,639,chat,16,4,8,1
7904,1610,459,chat,33,3,6,0
7905,131,450,video_call,35,2,4,0
7906,69,225,video_call,27,2,4,0
7907,1746,186,video_call,55,5,10,1
7908,1840,496,chat,54,1,2,0
7909,768,210,video_call,28,1,2,0
7910,763,301,chat,43,3,6,0
7911,244,593,video_call,58,3,6,0
7912,1051,751,video_call,52,2,4,0
7913,351,109,chat,59,2,4,0
7914,1691,284,chat,32,3,6,0
7915,126,122,chat,22,3,6,0
7916,975,426,video_call,51,2,4,0
7917,1669,298,video_call,43,4,8,1
7918,24,643,chat,52,4,8,1
7919,1528,207,chat,6,1,2,0
7920,1088,44,chat,26,5,10,1
7921,169,5,chat,39,1,2,0
7922,308,401,chat,20,2,4,0
7923,1471,320,video_call,27,3,6,0
7924,1078,738,video_call,60,2,4,0
7925,406,775,video_call,11,1,2,0
7926,481,636,video_call,11,1,2,0
7927,901,379,video_call,31,1,2,0
7928,1177,638,video_call,47,4,8,1
7929,836,246,video_call,47,1,2,0
7930,751,43,chat,19,1,2,0
7931,1409,124,video_call,51,4,8,1
7932,730,317,video_call,58,4,8,1
7933,1296,761,chat,8,2,4,0
7934,420,471,video_call,49,2,4,0
7935,918,83,chat,25,3,6,0
7936,1509,178,chat,38,3,6,0
7937,1492,26,video_call,15,3,6,0
7938,1252,332,chat,30,1,2,0
7939,1767,583,video_call,29,1,2,0
7940,341,507,chat,43,1,2,0
7941,166,88,video_call,48,1,2,0
7942,1738,41,chat,17,4,8,1
7943,265,433,chat,48,4,8,1
7944,1545,572,chat,38,3,6,0
7945,1944,214,chat,14,3,6,0
7946,1724,384,chat,18,2,4,0
7947,250,20,video_call,52,1,2,0
7948,1011,494,chat,21,5,10,1
7949,55,32,chat,28,3,6,0
7950,915,670,video_call,57,4,8,1
7951,1760,566,chat,52,3,6,0
7952,815,264,video_call,39,2,4,0
7953,312,247,video_call,53,5,10,1
7954,800,303,chat,11,1,2,0
7955,364,28,chat,27,1,2,0
7956,43,509,video_call,54,4,8,1
7957,1897,138,video_call,56,5,10,1
7958,583,139,chat,44,1,2,0
7959,1962,260,chat,38,3,6,0
7960,1002,519,chat,19,4,8,1
7961,591,292,video_call,20,3,6,0
7962,1854,276,chat,8,3,6,0
7963,357,102,video_call,26,1,2,0
7964,1864,379,video_call,53,3,6,0
7965,643,198,video_call,33,2,4,0
7966,623,738,video_call,35,1,2,0
7967,139,398,video_call,26,5,10,1
7968,225,782,chat,59,1,2,0
7969,1329,446,video_call,50,4,8,1
7970,188,315,chat,7,2,4,0
7971,1625,555,video_call,52,2,4,0
7972,919,89,video_call,40,5,10,1
7973,160,735,chat,38,1,2,0
7974,818,657,video_call,42,1,2,0
7975,558,151,video_call,34,4,8,1
7976,740,790,chat,41,2,4,0
7977,1031,472,video_call,57,3,6,0
7978,1952,352,chat,35,3,6,0
7979,16,705,chat,36,2,4,0
7980,1093,675,chat,38,1,2,0
7981,754,326,chat,16,5,10,1
7982,861,192,video_call,11,2,4,0
7983,504,199,video_call,41,2,4,0
7984,1756,244,video_call,42,1,2,0
7985,960,115,video_call,22,2,4,0
7986,662,629,chat,35,5,10,1
7987,269,772,video_call,9,4,8,1
7988,179,600,chat,31,2,4,0
7989,418,724,video_call,41,2,4,0
7990,183,716,video_call,8,3,6,0
7991,297,583,video_call,31,5,10,1
7992,713,157,video_call,20,2,4,0
7993,1837,191,video_call,26,2,4,0
7994,803,173,chat,42,1,2,0
7995,805,375,chat,60,1,2,0
7996,1846,98,chat,18,4,8,1
7997,1428,355,video_call,56,4,8,1
7998,750,680,video_call,14,2,4,0
7999,1384,159,video_call,11,4,8,1
8000,119,298,chat,31,3,6,0
8001,758,799,video_call,23,3,6,0
8002,125,672,chat,16,4,8,1
8003,1364,87,video_call,50,1,2,0
8004,1864,319,chat,15,3,6,0
8005,1977,671,video_call,54,1,2,0
8006,530,71,chat,17,2,4,0
8007,1862,309,video_call,36,3,6,0
8008,617,212,video_call,50,2,4,0
8009,1351,424,video_call,31,3,6,0
8010,1794,226,video_call,22,5,10,1
8011,1308,83,chat,37,5,10,1
8012,1495,242,chat,57,1,2,0
8013,1569,773,chat,30,2,4,0
8014,1478,683,chat,38,2,4,0
8015,996,437,video_call,6,5,10,1
8016,1544,486,video_call,56,2,4,0
8017,446,24,video_call,39,4,8,1
8018,504,686,video_call,46,3,6,0
8019,1989,330,video_call,12,3,6,0
8020,1015,466,chat,47,2,4,0
8021,1098,714,chat,15,2,4,0
8022,1338,718,chat,12,2,4,0
8023,862,763,video_call,44,1,2,0
8024,1908,74,chat,49,1,2,0
8025,1939,454,chat,22,4,8,1
8026,1187,596,video_call,40,4,8,1
8027,1981,154,video_call,23,1,2,0
8028,1711,558,video_call,8,4,8,1
8029,908,462,video_call,59,5,10,1
8030,1704,369,video_call,17,2,4,0
8031,1822,439,chat,11,3,6,0
8032,1336,162,chat,38,3,6,0
8033,1829,129,chat,59,2,4,0
8034,1497,4,video_call,14,4,8,1
8035,664,372,chat,20,5,10,1
8036,679,92,video_call,18,1,2,0
8037,212,782,chat,40,4,8,1
8038,748,216,chat,17,3,6,0
8039,538,626,chat,28,4,8,1
8040,1852,398,video_call,45,2,4,0
8041,393,267,video_call,52,1,2,0
8042,223,528,video_call,17,4,8,1
8043,683,290,video_call,10,5,10,1
8044,802,181,video_call,27,1,2,0
8045,1290,384,chat,54,4,8,1
8046,1515,15,chat,13,4,8,1
8047,1361,541,video_call,43,1,2,0
8048,1178,352,video_call,22,5,10,1
8049,1976,5,chat,33,5,10,1
8050,415,69,chat,14,3,6,0
8051,133,704,chat,10,3,6,0
8052,907,120,chat,20,1,2,0
8053,244,177,chat,60,2,4,0
8054,566,619,chat,46,4,8,1
8055,1382,400,video_call,7,2,4,0
8056,874,136,chat,39,3,6,0
8057,665,775,chat,59,1,2,0
8058,32,460,video_call,25,4,8,1
8059,1654,721,chat,23,4,8,1
8060,1723,161,chat,24,3,6,0
8061,295,568,video_call,32,4,8,1
8062,1717,722,chat,44,1,2,0
8063,757,359,video_call,54,5,10,1
8064,1635,248,chat,36,2,4,0
8065,100,300,chat,45,3,6,0
8066,1314,81,chat,9,2,4,0
8067,533,791,video_call,56,5,10,1
8068,1797,56,video_call,40,3,6,0
8069,859,185,video_call,24,1,2,0
8070,1922,625,video_call,14,3,6,0
8071,1098,774,chat,43,2,4,0
8072,1899,649,video_call,58,4,8,1
8073,900,325,video_call,47,2,4,0
8074,1550,671,video_call,44,3,6,0
8075,1200,612,chat,13,2,4,0
8076,556,445,chat,18,4,8,1
8077,246,2,video_call,58,1,2,0
8078,1424,617,chat,22,1,2,0
8079,1756,17,chat,44,5,10,1
8080,719,753,chat,52,4,8,1
8081,1835,298,chat,41,4,8,1
8082,898,617,chat,52,3,6,0
8083,320,610,video_call,24,4,8,1
8084,972,692,video_call,56,4,8,1
8085,1029,446,chat,50,2,4,0
8086,468,342,video_call,41,5,10,1
8087,138,440,chat,47,1,2,0
8088,519,146,video_call,55,5,10,1
8089,1167,697,video_call,59,5,10,1
8090,106,683,video_call,57,1,2,0
8091,1465,608,chat,34,1,2,0
8092,198,3,chat,39,5,10,1
8093,600,218,chat,49,2,4,0
8094,1532,252,video_call,29,1,2,0
8095,274,752,chat,47,4,8,1
8096,1766,768,chat,49,4,8,1
8097,845,181,video_call,59,1,2,0
8098,1364,534,video_call,18,1,2,0
8099,1726,415,video_call,30,3,6,0
8100,78,230,video_call,53,1,2,0
8101,922,752,video_call,25,1,2,0
8102,1060,426,chat,22,3,6,0
8103,587,343,chat,33,1,2,0
8104,1052,565,video_call,14,2,4,0
8105,38,800,video_call,43,2,4,0
8106,566,314,chat,13,5,10,1
8107,1104,582,video_call,54,1,2,0
8108,1742,240,video_call,8,5,10,1
8109,1749,5,video_call,53,2,4,0
8110,447,583,video_call,38,3,6,0
8111,25,203,video_call,56,1,2,0
8112,437,531,video_call,28,3,6,0
8113,53,121,video_call,57,2,4,0
8114,626,262,video_call,20,5,10,1
8115,1867,442,video_call,35,2,4,0
8116,554,586,chat,21,2,4,0
8117,685,505,video_call,52,2,4,0
8118,1448,277,video_call,11,1,2,0
8119,311,689,chat,38,4,8,1
8120,1702,463,video_call,19,1,2,0
8121,591,357,chat,12,2,4,0
8122,1661,183,video_call,29,3,6,0
8123,1318,793,chat,46,4,8,1
8124,1859,348,chat,39,1,2,0
8125,1099,11,chat,5,4,8,1
8126,978,207,chat,32,5,10,1
8127,1300,693,video_call,5,1,2,0
8128,1570,216,video_call,39,3,6,0
8129,1196,618,video_call,52,3,6,0
8130,482,32,chat,30,3,6,0
8131,57,509,chat,24,1,2,0
8132,1958,663,chat,25,4,8,1
8133,947,154,video_call,48,4,8,1
8134,265,379,chat,39,2,4,0
8135,901,771,video_call,33,3,6,0
8136,1342,382,video_call,41,1,2,0
8137,849,634,chat,20,2,4,0
8138,694,332,video_call,60,1,2,0
8139,44,553,video_call,25,2,4,0
8140,1237,500,video_call,28,5,10,1
8141,919,750,video_call,44,3,6,0
8142,1874,781,chat,12,1,2,0
8143,702,390,video_call,28,2,4,0
8144,1940,433,video_call,58,5,10,1
8145,844,530,chat,36,4,8,1
8146,136,556,video_call,19,1,2,0
8147,543,441,chat,34,4,8,1
8148,1387,335,video_call,53,3,6,0
8149,1681,666,video_call,23,5,10,1
8150,1010,589,chat,23,1,2,0
8151,1846,356,chat,13,5,10,1
8152,342,33,chat,25,5,10,1
8153,1133,492,chat,50,1,2,0
8154,424,718,chat,18,4,8,1
8155,1995,781,chat,43,1,2,0
8156,327,720,chat,40,2,4,0
8157,1104,736,chat,28,5,10,1
8158,1669,783,chat,7,5,10,1
8159,1091,469,video_call,60,1,2,0
8160,208,654,chat,19,4,8,1
8161,1357,576,video_call,7,2,4,0
8162,225,773,video_call,34,1,2,0
8163,1847,312,chat,23,5,10,1
8164,1431,285,chat,13,4,8,1
8165,467,732,video_call,41,5,10,1
8166,220,231,video_call,24,2,4,0
8167,1149,138,video_call,30,3,6,0
8168,153,152,video_call,42,5,10,1
8169,1254,633,video_call,42,2,4,0
8170,415,735,video_call,40,5,10,1
8171,108,599,chat,43,5,10,1
8172,1871,389,video_call,44,5,10,1
8173,643,4,video_call,56,2,4,0
8174,545,562,video_call,56,3,6,0
8175,1323,51,video_call,53,3,6,0
8176,923,704,video_call,50,5,10,1
8177,138,119,video_call,18,3,6,0
8178,1654,76,video_call,42,4,8,1
8179,1942,293,chat,17,4,8,1
8180,110,411,chat,55,3,6,0
8181,1858,468,chat,15,1,2,0
8182,780,522,chat,28,1,2,0
8183,1382,641,chat,17,5,10,1
8184,1417,303,video_call,49,4,8,1
8185,953,429,video_call,57,2,4,0
8186,1037,526,video_call,24,4,8,1
8187,1378,502,chat,26,3,6,0
8188,1083,793,video_call,5,4,8,1
8189,1184,56,video_call,8,3,6,0
8190,519,670,chat,38,4,8,1
8191,1724,750,chat,49,1,2,0
8192,485,583,chat,10,4,8,1
8193,1929,335,chat,36,1,2,0
8194,838,287,video_call,28,2,4,0
8195,1279,721,chat,46,4,8,1
8196,703,307,video_call,55,4,8,1
8197,499,237,chat,34,1,2,0
8198,1981,770,chat,44,3,6,0
8199,721,520,chat,40,5,10,1
8200,1190,307,video_call,42,4,8,1
8201,140,448,video_call,59,4,8,1
8202,1607,595,chat,60,1,2,0
8203,1051,167,chat,39,1,2,0
8204,495,3,chat,5,1,2,0
8205,1031,162,chat,8,3,6,0
8206,1352,331,video_call,40,3,6,0
8207,654,381,chat,36,4,8,1
8208,970,75,video_call,7,4,8,1
8209,1316,550,chat,32,1,2,0
8210,1129,333,video_call,7,1,2,0
8211,521,723,video_call,52,2,4,0
8212,1159,294,chat,26,5,10,1
8213,549,557,video_call,8,2,4,0
8214,482,133,chat,21,4,8,1
8215,1683,548,chat,60,2,4,0
8216,874,706,chat,59,1,2,0
8217,961,676,video_call,11,5,10,1
8218,789,403,video_call,16,2,4,0
8219,1684,533,video_call,55,1,2,0
8220,909,152,chat,32,3,6,0
8221,1186,480,chat,26,5,10,1
8222,1755,730,video_call,17,2,4,0
8223,685,438,chat,51,5,10,1
8224,1340,447,video_call,51,3,6,0
8225,1507,275,chat,59,4,8,1
8226,1374,73,video_call,50,4,8,1
8227,515,462,video_call,6,3,6,0
8228,1669,284,chat,43,4,8,1
8229,1565,550,video_call,50,5,10,1
8230,1443,662,chat,10,1,2,0
8231,1124,99,video_call,23,4,8,1
8232,1635,437,chat,54,5,10,1
8233,1550,437,video_call,50,1,2,0
8234,1213,354,chat,40,3,6,0
8235,127,501,video_call,51,2,4,0
8236,1160,201,video_call,11,5,10,1
8237,1485,185,video_call,58,2,4,0
8238,300,663,chat,40,2,4,0
8239,1415,452,chat,7,3,6,0
8240,1291,346,video_call,5,1,2,0
8241,1608,287,video_call,15,1,2,0
8242,1557,46,video_call,45,3,6,0
8243,548,584,chat,58,4,8,1
8244,1324,186,chat,55,1,2,0
8245,292,485,video_call,21,5,10,1
8246,660,341,chat,47,3,6,0
8247,52,19,chat,56,3,6,0
8248,1300,484,video_call,49,2,4,0
8249,878,419,chat,54,4,8,1
8250,82,724,video_call,47,2,4,0
8251,1805,79,chat,16,1,2,0
8252,567,718,video_call,34,1,2,0
8253,1594,493,video_call,59,2,4,0
8254,1198,763,video_call,12,2,4,0
8255,1962,492,video_call,48,5,10,1
8256,1166,569,video_call,7,3,6,0
8257,768,480,video_call,58,1,2,0
8258,1541,642,chat,12,3,6,0
8259,678,582,video_call,12,3,6,0
8260,44,264,chat,50,3,6,0
8261,1091,720,chat,12,1,2,0
8262,1746,37,video_call,7,5,10,1
8263,953,646,chat,12,3,6,0
8264,1265,705,video_call,12,4,8,1
8265,685,250,video_call,10,3,6,0
8266,1466,82,chat,32,3,6,0
8267,952,664,video_call,39,4,8,1
8268,1785,243,video_call,47,2,4,0
8269,250,68,chat,33,4,8,1
8270,1320,593,chat,32,3,6,0
8271,1772,16,chat,60,2,4,0
8272,437,385,chat,33,2,4,0
8273,683,302,chat,30,1,2,0
8274,1461,238,video_call,20,4,8,1
8275,1904,14,chat,5,1,2,0
8276,1223,765,video_call,8,5,10,1
8277,312,749,chat,6,2,4,0
8278,1738,663,chat,40,2,4,0
8279,258,529,video_call,12,4,8,1
8280,825,517,chat,40,2,4,0
8281,300,150,video_call,51,4,8,1
8282,1700,544,video_call,43,2,4,0
8283,392,408,chat,52,2,4,0
8284,1859,185,chat,55,2,4,0
8285,1721,16,video_call,58,1,2,0
8286,1212,530,chat,54,5,10,1
8287,1009,597,chat,51,4,8,1
8288,1192,256,chat,25,4,8,1
8289,1634,123,video_call,7,4,8,1
8290,907,567,chat,19,4,8,1
8291,721,48,chat,17,4,8,1
8292,1531,607,chat,51,5,10,1
8293,117,419,video_call,16,4,8,1
8294,1134,726,chat,27,1,2,0
8295,1840,468,chat,37,2,4,0
8296,1878,90,video_call,50,4,8,1
8297,671,746,chat,48,1,2,0
8298,479,739,chat,43,2,4,0
8299,285,330,chat,13,5,10,1
8300,605,509,video_call,5,1,2,0
8301,307,574,video_call,52,3,6,0
8302,203,60,video_call,15,4,8,1
8303,656,321,chat,55,5,10,1
8304,1372,455,video_call,53,2,4,0
8305,1671,179,video_call,59,1,2,0
8306,1344,795,video_call,55,3,6,0
8307,1501,602,chat,16,4,8,1
8308,1596,652,chat,27,3,6,0
8309,568,609,chat,34,3,6,0
8310,1699,690,chat,45,2,4,0
8311,1683,420,chat,58,2,4,0
8312,337,500,chat,37,5,10,1
8313,1797,627,chat,42,5,10,1
8314,1247,210,video_call,10,3,6,0
8315,299,394,video_call,18,4,8,1
8316,153,39,video_call,14,4,8,1
8317,340,91,video_call,21,1,2,0
8318,1443,507,chat,31,5,10,1
8319,234,57,chat,28,2,4,0
8320,566,360,chat,57,5,10,1
8321,1027,693,video_call,56,1,2,0
8322,199,737,video_call,25,2,4,0
8323,460,579,chat,40,3,6,0
8324,896,728,chat,32,3,6,0
8325,1215,445,chat,54,3,6,0
8326,1080,113,chat,17,5,10,1
8327,1314,650,video_call,40,2,4,0
8328,530,483,chat,58,5,10,1
8329,408,705,video_call,22,3,6,0
8330,855,342,chat,52,4,8,1
8331,1416,726,chat,49,5,10,1
8332,600,278,video_call,54,3,6,0
8333,814,46,video_call,30,4,8,1
8334,51,154,chat,5,1,2,0
8335,1957,784,chat,51,2,4,0
8336,221,799,chat,28,4,8,1
8337,1637,662,chat,52,3,6,0
8338,1389,511,video_call,30,3,6,0
8339,1846,226,video_call,21,3,6,0
8340,1466,196,video_call,28,4,8,1
8341,1263,167,chat,30,2,4,0
8342,1573,284,chat,16,2,4,0
8343,139,478,chat,37,1,2,0
8344,261,469,chat,15,2,4,0
8345,269,515,video_call,10,4,8,1
8346,1950,232,chat,45,1,2,0
8347,1080,731,video_call,47,2,4,0
8348,1836,63,video_call,58,5,10,1
8349,1885,67,chat,51,2,4,0
8350,1115,411,chat,50,3,6,0
8351,225,539,chat,53,4,8,1
8352,1095,202,video_call,15,2,4,0
8353,638,20,video_call,20,1,2,0
8354,912,256,video_call,41,1,2,0
8355,446,381,video_call,60,4,8,1
8356,172,753,chat,50,2,4,0
8357,1054,118,video_call,51,2,4,0
8358,718,495,video_call,33,1,2,0
8359,1009,558,chat,39,3,6,0
8360,663,595,video_call,6,4,8,1
8361,998,468,video_call,56,3,6,0
8362,375,519,chat,28,1,2,0
8363,1162,103,chat,42,2,4,0
8364,898,263,video_call,14,5,10,1
8365,1668,189,chat,39,5,10,1
8366,1771,594,chat,42,2,4,0
8367,1508,22,video_call,9,3,6,0
8368,1873,110,video_call,53,2,4,0
8369,75,430,video_call,19,5,10,1
8370,663,641,video_call,58,5,10,1
8371,1993,63,chat,31,3,6,0
8372,1258,229,chat,37,4,8,1
8373,514,412,chat,43,5,10,1
8374,1648,621,video_call,23,2,4,0
8375,1676,37,video_call,17,5,10,1
8376,705,109,chat,52,5,10,1
8377,1699,314,video_call,48,1,2,0
8378,729,722,chat,16,2,4,0
8379,660,730,video_call,18,4,8,1
8380,283,392,chat,49,5,10,1
8381,399,212,chat,31,4,8,1
8382,771,558,chat,15,3,6,0
8383,1777,79,chat,5,1,2,0
8384,1679,30,chat,6,3,6,0
8385,1276,254,chat,16,2,4,0
8386,1263,721,video_call,10,2,4,0
8387,1772,501,chat,31,4,8,1
8388,1701,281,chat,9,3,6,0
8389,1856,787,chat,15,5,10,1
8390,681,800,video_call,58,1,2,0
8391,584,90,video_call,52,3,6,0
8392,1732,641,video_call,59,4,8,1
8393,1385,185,chat,24,4,8,1
8394,1715,163,video_call,55,5,10,1
8395,144,752,chat,21,1,2,0
8396,1797,708,video_call,54,4,8,1
8397,634,160,video_call,15,4,8,1
8398,458,782,video_call,37,2,4,0
8399,1731,495,video_call,38,4,8,1
8400,1483,44,video_call,34,5,10,1
8401,154,161,chat,7,2,4,0
8402,57,775,chat,35,3,6,0
8403,1837,427,video_call,45,3,6,0
8404,1196,6,video_call,60,1,2,0
8405,864,483,video_call,24,5,10,1
8406,437,770,chat,9,1,2,0
8407,994,598,chat,57,4,8,1
8408,7,53,video_call,41,4,8,1
8409,1794,378,video_call,16,3,6,0
8410,756,680,video_call,12,5,10,1
8411,1673,401,chat,41,5,10,1
8412,1866,630,video_call,6,3,6,0
8413,1360,150,video_call,35,3,6,0
8414,1825,661,video_call,42,2,4,0
8415,870,646,chat,54,4,8,1
8416,1192,135,video_call,10,2,4,0
8417,1307,376,chat,38,1,2,0
8418,48,537,chat,50,3,6,0
8419,1190,656,chat,8,2,4,0
8420,279,324,chat,50,4,8,1
8421,820,183,video_call,9,4,8,1
8422,1139,478,video_call,17,2,4,0
8423,701,111,chat,7,2,4,0
8424,1944,393,video_call,28,1,2,0
8425,1202,755,video_call,9,4,8,1
8426,1692,624,chat,29,2,4,0
8427,311,127,video_call,29,5,10,1
8428,489,462,video_call,42,3,6,0
8429,385,795,chat,52,5,10,1
8430,1893,215,chat,40,4,8,1
8431,856,137,chat,15,3,6,0
8432,877,148,chat,20,5,10,1
8433,169,22,video_call,47,2,4,0
8434,38,158,chat,44,2,4,0
8435,1160,27,chat,24,1,2,0
8436,1912,168,chat,45,2,4,0
8437,986,495,video_call,26,2,4,0
8438,1173,506,chat,29,5,10,1
8439,802,457,video_call,14,3,6,0
8440,175,494,chat,54,3,6,0
8441,541,568,video_call,43,4,8,1
8442,1786,568,chat,47,4,8,1
8443,1551,228,video_call,54,3,6,0
8444,1807,425,video_call,44,4,8,1
8445,1081,498,chat,48,2,4,0
8446,14,694,video_call,49,1,2,0
8447,356,188,video_call,9,5,10,1
8448,16,23,chat,58,5,10,1
8449,1889,123,chat,20,4,8,1
8450,1285,313,chat,31,3,6,0
8451,617,95,video_call,25,2,4,0
8452,989,319,chat,51,3,6,0
8453,673,441,video_call,12,4,8,1
8454,934,181,chat,44,3,6,0
8455,340,715,video_call,24,1,2,0
8456,486,510,chat,9,1,2,0
8457,1004,133,video_call,29,1,2,0
8458,266,65,chat,6,5,10,1
8459,1670,319,chat,58,3,6,0
8460,1047,177,video_call,54,2,4,0
8461,1172,546,video_call,10,4,8,1
8462,1649,702,video_call,11,4,8,1
8463,1688,345,video_call,24,3,6,0
8464,1985,309,video_call,34,1,2,0
8465,1261,519,video_call,32,5,10,1
8466,1228,379,chat,15,3,6,0
8467,363,564,video_call,11,2,4,0
8468,1037,550,chat,60,2,4,0
8469,1983,728,chat,55,2,4,0
8470,352,522,video_call,28,1,2,0
8471,259,405,video_call,41,5,10,1
8472,326,182,chat,41,1,2,0
8473,912,239,chat,17,4,8,1
8474,1702,399,video_call,13,5,10,1
8475,1505,188,chat,37,1,2,0
8476,1675,542,chat,37,4,8,1
8477,1167,622,video_call,44,3,6,0
8478,1006,339,chat,56,4,8,1
8479,214,136,chat,43,3,6,0
8480,1374,540,chat,45,1,2,0
8481,801,767,chat,10,3,6,0
8482,1339,736,chat,46,5,10,1
8483,348,726,chat,10,2,4,0
8484,934,392,chat,21,3,6,0
8485,447,621,video_call,8,4,8,1
8486,1591,292,video_call,20,3,6,0
8487,346,371,chat,14,1,2,0
8488,1092,317,video_call,27,5,10,1
8489,44,160,chat,43,2,4,0
8490,1184,174,video_call,26,1,2,0
8491,1847,246,chat,50,5,10,1
8492,1317,378,video_call,23,2,4,0
8493,1215,362,video_call,53,5,10,1
8494,578,718,video_call,21,3,6,0
8495,405,488,video_call,58,2,4,0
8496,727,99,video_call,51,2,4,0
8497,800,278,video_call,29,1,2,0
8498,387,290,video_call,34,1,2,0
8499,1329,702,video_call,17,1,2,0
8500,1442,87,chat,23,3,6,0
8501,1775,524,video_call,33,4,8,1
8502,1225,184,video_call,45,2,4,0
8503,1682,317,chat,14,4,8,1
8504,1441,452,video_call,40,4,8,1
8505,1973,399,chat,16,1,2,0
8506,505,26,chat,53,1,2,0
8507,354,745,video_call,59,5,10,1
8508,1633,522,video_call,12,2,4,0
8509,1462,31,video_call,31,1,2,0
8510,578,286,video_call,36,5,10,1
8511,1992,336,chat,44,3,6,0
8512,817,615,chat,48,4,8,1
8513,243,172,chat,42,1,2,0
8514,204,478,video_call,10,1,2,0
8515,135,747,chat,58,1,2,0
8516,785,759,video_call,35,3,6,0
8517,716,409,chat,46,4,8,1
8518,1569,146,chat,58,2,4,0
8519,1552,772,chat,37,2,4,0
8520,1004,170,video_call,42,3,6,0
8521,853,646,chat,31,2,4,0
8522,439,505,chat,43,2,4,0
8523,1325,739,chat,54,5,10,1
8524,1504,414,video_call,37,3,6,0
8525,1701,35,chat,35,4,8,1
8526,770,292,chat,34,4,8,1
8527,265,733,chat,34,3,6,0
8528,1174,631,video_call,21,1,2,0
8529,1080,673,video_call,51,4,8,1
8530,927,98,video_call,51,1,2,0
8531,452,237,chat,6,2,4,0
8532,172,703,video_call,19,4,8,1
8533,1490,431,video_call,37,2,4,0
8534,1210,743,video_call,53,1,2,0
8535,1474,208,video_call,7,3,6,0
8536,1348,86,chat,47,1,2,0
8537,60,528,chat,36,5,10,1
8538,835,611,video_call,14,4,8,1
8539,327,692,video_call,56,4,8,1
8540,1010,3,chat,31,3,6,0
8541,1450,622,video_call,58,3,6,0
8542,1498,256,video_call,20,5,10,1
8543,888,297,chat,27,5,10,1
8544,1968,568,chat,36,5,10,1
8545,869,362,video_call,13,3,6,0
8546,399,303,chat,53,1,2,0
8547,82,201,chat,56,3,6,0
8548,1741,107,video_call,54,4,8,1
8549,1241,333,video_call,42,5,10,1
8550,52,46,chat,45,1,2,0
8551,744,730,video_call,26,3,6,0
8552,1142,762,video_call,41,4,8,1
8553,1341,571,chat,32,4,8,1
8554,761,629,video_call,18,1,2,0
8555,688,762,video_call,14,3,6,0
8556,1220,720,video_call,12,5,10,1
8557,1682,78,video_call,50,5,10,1
8558,983,481,video_call,9,2,4,0
8559,737,373,chat,22,3,6,0
8560,1830,707,video_call,44,4,8,1
8561,1105,652,chat,16,5,10,1
8562,1533,792,video_call,19,2,4,0
8563,841,632,video_call,34,3,6,0
8564,1457,734,video_call,49,5,10,1
8565,745,287,video_call,36,1,2,0
8566,1905,39,video_call,32,4,8,1
8567,187,358,chat,34,2,4,0
8568,557,588,video_call,7,3,6,0
8569,870,643,video_call,41,2,4,0
8570,1656,109,video_call,34,4,8,1
8571,1704,531,video_call,56,5,10,1
8572,1209,610,video_call,26,4,8,1
8573,1708,151,video_call,44,2,4,0
8574,1372,103,chat,28,5,10,1
8575,735,42,video_call,27,3,6,0
8576,805,339,chat,26,2,4,0
8577,1027,576,chat,21,5,10,1
8578,1589,736,video_call,59,4,8,1
8579,713,232,chat,9,5,10,1
8580,1979,13,video_call,49,2,4,0
8581,1811,192,chat,52,1,2,0
8582,111,701,chat,17,3,6,0
8583,1390,509,chat,8,1,2,0
8584,145,599,chat,27,5,10,1
8585,869,287,video_call,11,2,4,0
8586,1811,66,video_call,6,4,8,1
8587,1893,285,video_call,5,1,2,0
8588,781,763,video_call,17,4,8,1
8589,1164,82,chat,48,3,6,0
8590,911,22,video_call,50,5,10,1
8591,1123,285,video_call,39,2,4,0
8592,1139,541,chat,25,1,2,0
8593,1735,667,chat,58,4,8,1
8594,1936,619,chat,38,2,4,0
8595,355,264,chat,52,4,8,1
8596,308,434,video_call,38,4,8,1
8597,633,695,video_call,32,2,4,0
8598,1405,257,chat,18,5,10,1
8599,140,472,video_call,52,4,8,1
8600,92,788,chat,23,4,8,1
8601,128,287,video_call,36,4,8,1
8602,671,748,chat,6,1,2,0
8603,357,756,video_call,8,3,6,0
8604,718,519,chat,34,2,4,0
8605,1801,286,chat,24,2,4,0
8606,603,311,video_call,7,5,10,1
8607,145,692,video_call,36,1,2,0
8608,837,36,video_call,7,3,6,0
8609,648,382,chat,49,2,4,0
8610,1900,22,chat,56,3,6,0
8611,121,495,video_call,46,1,2,0
8612,1114,288,chat,12,1,2,0
8613,302,325,chat,48,3,6,0
8614,1797,647,video_call,29,5,10,1
8615,902,32,chat,10,4,8,1
8616,1546,797,video_call,49,3,6,0
8617,1199,603,video_call,60,5,10,1
8618,868,176,video_call,57,3,6,0
8619,659,148,chat,38,4,8,1
8620,378,161,chat,37,3,6,0
8621,872,693,chat,42,5,10,1
8622,1330,633,video_call,30,4,8,1
8623,404,20,video_call,48,5,10,1
8624,666,557,chat,57,1,2,0
8625,609,510,chat,45,5,10,1
8626,1104,138,video_call,50,1,2,0
8627,140,553,chat,29,4,8,1
8628,193,698,video_call,19,5,10,1
8629,1973,40,chat,32,1,2,0
8630,1359,363,chat,55,3,6,0
8631,1249,729,video_call,35,1,2,0
8632,388,451,chat,20,2,4,0
8633,1755,423,video_call,60,2,4,0
8634,603,624,chat,12,2,4,0
8635,1395,587,chat,37,1,2,0
8636,642,738,video_call,45,1,2,0
8637,1558,177,chat,41,1,2,0
8638,1248,785,video_call,23,4,8,1
8639,1059,737,video_call,26,5,10,1
8640,1137,743,chat,40,1,2,0
8641,1014,259,video_call,12,2,4,0
8642,1357,215,video_call,43,4,8,1
8643,1725,695,video_call,59,2,4,0
8644,190,363,video_call,49,4,8,1
8645,609,307,chat,17,1,2,0
8646,1227,778,chat,49,4,8,1
8647,18,229,chat,12,5,10,1
8648,308,667,video_call,29,4,8,1
8649,847,300,chat,32,3,6,0
8650,1531,273,video_call,44,4,8,1
8651,693,434,video_call,57,2,4,0
8652,1027,133,chat,11,5,10,1
8653,693,527,video_call,11,3,6,0
8654,11,250,chat,38,1,2,0
8655,1251,627,chat,8,4,8,1
8656,1763,456,video_call,11,1,2,0
8657,1503,660,video_call,6,2,4,0
8658,201,64,chat,60,5,10,1
8659,1540,772,video_call,59,4,8,1
8660,1937,749,video_call,6,4,8,1
8661,161,350,video_call,18,2,4,0
8662,222,370,video_call,28,5,10,1
8663,819,274,chat,7,2,4,0
8664,1941,61,chat,20,5,10,1
8665,1882,741,video_call,20,5,10,1
8666,1968,300,chat,57,4,8,1
8667,905,559,chat,10,4,8,1
8668,378,327,video_call,21,2,4,0
8669,563,175,video_call,24,1,2,0
8670,38,550,video_call,10,1,2,0
8671,1080,439,video_call,5,4,8,1
8672,1541,722,video_call,31,1,2,0
8673,1229,563,video_call,36,5,10,1
8674,271,476,video_call,38,4,8,1
8675,564,404,chat,36,4,8,1
8676,672,300,chat,60,1,2,0
8677,763,542,chat,22,1,2,0
8678,50,280,chat,46,3,6,0
8679,758,315,video_call,47,3,6,0
8680,1362,271,video_call,35,1,2,0
8681,1089,619,chat,37,5,10,1
8682,1401,675,chat,11,1,2,0
8683,1162,472,video_call,38,2,4,0
8684,1012,704,chat,58,2,4,0
8685,601,212,video_call,42,1,2,0
8686,1873,186,chat,40,1,2,0
8687,1841,650,chat,52,1,2,0
8688,48,792,video_call,53,1,2,0
8689,442,571,chat,14,4,8,1
8690,1009,549,video_call,44,3,6,0
8691,558,797,chat,32,2,4,0
8692,810,293,chat,5,1,2,0
8693,1959,5,chat,15,5,10,1
8694,1476,118,video_call,52,5,10,1
8695,93,426,chat,38,1,2,0
8696,899,760,video_call,58,5,10,1
8697,834,255,chat,58,1,2,0
8698,1647,526,video_call,51,4,8,1
8699,194,386,chat,28,1,2,0
8700,716,583,video_call,18,1,2,0
8701,36,749,video_call,36,4,8,1
8702,388,389,chat,34,3,6,0
8703,1692,752,video_call,44,5,10,1
8704,48,339,video_call,18,4,8,1
8705,860,428,video_call,46,4,8,1
8706,108,710,chat,39,2,4,0
8707,73,366,video_call,13,5,10,1
8708,1023,312,chat,45,2,4,0
8709,1398,307,chat,49,4,8,1
8710,584,59,chat,24,4,8,1
8711,408,454,video_call,32,1,2,0
8712,741,358,chat,6,5,10,1
8713,1041,357,video_call,31,1,2,0
8714,1169,790,video_call,49,4,8,1
8715,686,95,chat,47,1,2,0
8716,3,290,chat,37,5,10,1
8717,892,460,video_call,56,3,6,0
8718,809,355,video_call,31,4,8,1
8719,1673,320,chat,12,5,10,1
8720,638,279,video_call,45,3,6,0
8721,549,314,chat,44,2,4,0
8722,879,450,video_call,30,3,6,0
8723,1208,547,video_call,16,5,10,1
8724,1990,86,video_call,9,1,2,0
8725,486,516,chat,10,4,8,1
8726,1191,729,video_call,35,4,8,1
8727,194,122,chat,24,3,6,0
8728,1674,184,chat,19,4,8,1
8729,358,122,video_call,31,5,10,1
8730,1524,252,video_call,16,1,2,0
8731,630,26,chat,57,2,4,0
8732,1410,743,chat,31,2,4,0
8733,23,139,chat,47,2,4,0
8734,1293,542,video_call,21,2,4,0
8735,1800,232,chat,34,5,10,1
8736,1310,39,video_call,16,5,10,1
8737,1617,209,chat,32,1,2,0
8738,1919,765,video_call,41,3,6,0
8739,1670,450,chat,8,2,4,0
8740,1234,309,chat,14,3,6,0
8741,760,129,video_call,29,2,4,0
8742,221,6,video_call,25,3,6,0
8743,131,255,video_call,43,1,2,0
8744,1834,322,video_call,10,4,8,1
8745,68,245,chat,15,5,10,1
8746,925,206,video_call,19,2,4,0
8747,969,707,video_call,25,4,8,1
8748,227,111,chat,49,4,8,1
8749,1635,603,chat,36,2,4,0
8750,246,519,video_call,13,3,6,0
8751,1520,489,chat,41,5,10,1
8752,1483,409,chat,54,4,8,1
8753,1523,164,video_call,28,3,6,0
8754,75,139,chat,57,5,10,1
8755,1036,97,video_call,60,3,6,0
8756,1608,72,video_call,32,5,10,1
8757,674,392,chat,24,1,2,0
8758,1122,23,chat,56,2,4,0
8759,1836,191,chat,21,1,2,0
8760,622,349,video_call,18,1,2,0
8761,391,365,video_call,21,2,4,0
8762,437,768,chat,12,5,10,1
8763,1306,713,chat,49,2,4,0
8764,1624,447,chat,34,2,4,0
8765,857,704,chat,14,5,10,1
8766,1967,444,video_call,38,3,6,0
8767,510,401,chat,45,2,4,0
8768,283,626,video_call,7,1,2,0
8769,702,213,chat,46,2,4,0
8770,432,622,video_call,25,2,4,0
8771,1168,275,video_call,35,2,4,0
8772,1776,772,video_call,36,5,10,1
8773,1363,287,video_call,17,1,2,0
8774,455,690,chat,51,1,2,0
8775,87,243,chat,60,2,4,0
8776,230,185,chat,22,1,2,0
8777,1422,775,video_call,7,4,8,1
8778,1971,479,chat,29,2,4,0
8779,541,23,chat,28,4,8,1
8780,1324,129,chat,45,5,10,1
8781,692,363,chat,19,2,4,0
8782,1407,320,chat,43,2,4,0
8783,976,69,chat,46,2,4,0
8784,667,767,chat,39,3,6,0
8785,1743,562,video_call,20,5,10,1
8786,232,526,video_call,26,2,4,0
8787,1328,149,video_call,35,1,2,0
8788,405,584,video_call,44,1,2,0
8789,62,276,video_call,17,2,4,0
8790,93,491,chat,24,2,4,0
8791,254,639,chat,21,1,2,0
8792,284,162,video_call,25,5,10,1
8793,1871,191,video_call,32,4,8,1
8794,1454,135,video_call,17,3,6,0
8795,890,403,video_call,11,4,8,1
8796,654,164,video_call,57,3,6,0
8797,462,779,chat,45,2,4,0
8798,948,314,chat,38,1,2,0
8799,1347,100,video_call,55,2,4,0
8800,1813,25,video_call,49,5,10,1
8801,737,707,video_call,32,4,8,1
8802,626,424,chat,6,2,4,0
8803,370,509,chat,37,2,4,0
8804,1412,29,video_call,7,4,8,1
8805,936,712,video_call,52,1,2,0
8806,323,60,video_call,51,5,10,1
8807,1253,684,video_call,7,2,4,0
8808,177,610,chat,6,3,6,0
8809,748,470,chat,19,1,2,0
8810,1071,92,chat,26,1,2,0
8811,1436,158,video_call,56,2,4,0
8812,1812,42,video_call,27,3,6,0
8813,539,267,video_call,43,4,8,1
8814,585,497,chat,40,1,2,0
8815,768,238,video_call,38,4,8,1
8816,575,789,video_call,7,4,8,1
8817,697,364,chat,13,5,10,1
8818,241,364,video_call,39,5,10,1
8819,143,286,chat,19,2,4,0
8820,966,592,video_call,52,3,6,0
8821,1032,645,video_call,7,3,6,0
8822,1048,475,video_call,6,2,4,0
8823,1463,640,chat,59,3,6,0
8824,626,517,chat,9,5,10,1
8825,1845,35,video_call,31,1,2,0
8826,1193,717,chat,48,1,2,0
8827,434,412,video_call,28,5,10,1
8828,1296,254,chat,29,4,8,1
8829,1947,738,video_call,45,4,8,1
8830,1569,179,video_call,35,1,2,0
8831,1626,14,video_call,36,4,8,1
8832,230,579,chat,6,2,4,0
8833,1722,325,chat,13,4,8,1
8834,730,188,video_call,60,2,4,0
8835,838,509,chat,27,1,2,0
8836,1906,4,video_call,59,1,2,0
8837,941,386,chat,32,3,6,0
8838,477,37,chat,5,2,4,0
8839,346,80,video_call,51,4,8,1
8840,1127,36,chat,16,3,6,0
8841,1300,333,video_call,50,5,10,1
8842,1602,128,video_call,26,3,6,0
8843,71,79,video_call,10,4,8,1
8844,863,44,video_call,38,4,8,1
8845,795,385,chat,9,3,6,0
8846,697,226,chat,10,1,2,0
8847,948,383,chat,52,5,10,1
8848,1606,152,chat,50,5,10,1
8849,1051,60,chat,59,1,2,0
8850,825,103,chat,55,3,6,0
8851,1935,720,video_call,9,1,2,0
8852,494,753,video_call,31,2,4,0
8853,312,572,chat,55,4,8,1
8854,1775,739,video_call,43,4,8,1
8855,1390,414,chat,6,2,4,0
8856,405,593,chat,51,4,8,1
8857,15,90,video_call,46,2,4,0
8858,1118,343,chat,59,3,6,0
8859,866,295,video_call,40,3,6,0
8860,608,753,chat,41,5,10,1
8861,1151,175,video_call,19,3,6,0
8862,1492,622,chat,15,5,10,1
8863,1386,119,chat,7,3,6,0
8864,1105,167,chat,9,4,8,1
8865,1456,704,video_call,31,5,10,1
8866,1310,733,video_call,51,3,6,0
8867,911,380,video_call,9,1,2,0
8868,1217,256,video_call,14,3,6,0
8869,1666,744,video_call,36,5,10,1
8870,351,782,chat,32,1,2,0
8871,282,596,chat,52,5,10,1
8872,351,329,video_call,10,3,6,0
8873,1102,672,video_call,46,2,4,0
8874,1823,382,chat,21,3,6,0
8875,1152,376,chat,34,2,4,0
8876,909,49,video_call,39,5,10,1
8877,1325,546,chat,32,5,10,1
8878,1286,61,chat,48,2,4,0
8879,206,12,video_call,57,3,6,0
8880,1785,316,chat,30,4,8,1
8881,1633,256,video_call,31,3,6,0
8882,1536,720,video_call,12,5,10,1
8883,43,786,video_call,41,4,8,1
8884,1144,787,chat,47,2,4,0
8885,1555,88,video_call,29,5,10,1
8886,637,657,chat,53,4,8,1
8887,293,561,video_call,53,4,8,1
8888,919,401,video_call,7,5,10,1
8889,265,97,chat,35,4,8,1
8890,450,83,video_call,57,3,6,0
8891,1756,712,video_call,29,1,2,0
8892,101,669,video_call,33,1,2,0
8893,41,60,video_call,53,4,8,1
8894,1637,39,chat,10,5,10,1
8895,1501,15,chat,22,5,10,1
8896,1339,753,chat,38,5,10,1
8897,999,715,video_call,43,2,4,0
8898,1147,708,chat,23,5,10,1
8899,1039,454,chat,58,1,2,0
8900,1955,35,chat,48,4,8,1
8901,378,411,video_call,22,3,6,0
8902,1938,488,video_call,56,1,2,0
8903,966,142,video_call,36,1,2,0
8904,1193,699,chat,36,3,6,0
8905,19,191,video_call,43,5,10,1
8906,1475,406,chat,29,1,2,0
8907,1315,128,video_call,12,3,6,0
8908,703,799,video_call,44,4,8,1
8909,1699,29,video_call,34,3,6,0
8910,1892,626,chat,6,4,8,1
8911,1523,207,video_call,27,5,10,1
8912,354,539,video_call,25,1,2,0
8913,1025,725,video_call,36,4,8,1
8914,550,453,chat,49,2,4,0
8915,768,335,chat,32,2,4,0
8916,812,765,chat,16,4,8,1
8917,1918,575,chat,50,4,8,1
8918,674,20,video_call,14,5,10,1
8919,594,754,video_call,13,5,10,1
8920,86,220,video_call,57,1,2,0
8921,1591,766,video_call,30,2,4,0
8922,1686,344,chat,60,3,6,0
8923,1700,364,chat,7,2,4,0
8924,729,706,chat,9,4,8,1
8925,1310,604,video_call,10,2,4,0
8926,1832,5,video_call,5,1,2,0
8927,1960,573,video_call,14,5,10,1
8928,415,75,chat,53,2,4,0
8929,1554,150,video_call,33,4,8,1
8930,705,603,video_call,30,4,8,1
8931,1602,30,video_call,44,2,4,0
8932,558,315,video_call,50,3,6,0
8933,870,4,video_call,24,1,2,0
8934,987,81,video_call,38,5,10,1
8935,214,219,chat,43,5,10,1
8936,281,491,chat,57,4,8,1
8937,699,628,chat,42,2,4,0
8938,1949,681,chat,28,1,2,0
8939,501,181,chat,28,3,6,0
8940,1519,489,video_call,47,3,6,0
8941,440,42,video_call,37,4,8,1
8942,944,428,video_call,50,3,6,0
8943,1099,289,video_call,37,1,2,0
8944,1354,320,chat,44,4,8,1
8945,167,214,video_call,43,1,2,0
8946,1481,69,video_call,12,5,10,1
8947,591,728,video_call,56,2,4,0
8948,1822,137,video_call,33,4,8,1
8949,748,635,video_call,60,4,8,1
8950,187,543,video_call,16,2,4,0
8951,883,266,chat,34,5,10,1
8952,48,234,video_call,30,5,10,1
8953,556,343,chat,40,5,10,1
8954,39,77,video_call,47,3,6,0
8955,1841,767,chat,54,4,8,1
8956,513,257,video_call,17,4,8,1
8957,1402,197,chat,43,5,10,1
8958,445,595,chat,21,4,8,1
8959,163,709,chat,9,2,4,0
8960,176,153,video_call,15,1,2,0
8961,1420,762,video_call,10,4,8,1
8962,91,139,chat,57,1,2,0
8963,270,208,video_call,27,5,10,1
8964,797,669,chat,24,5,10,1
8965,771,573,chat,58,2,4,0
8966,1548,227,chat,9,2,4,0
8967,1016,361,video_call,12,1,2,0
8968,357,183,chat,17,5,10,1
8969,1296,405,chat,49,5,10,1
8970,1223,792,video_call,55,2,4,0
8971,217,271,chat,54,1,2,0
8972,1043,714,video_call,24,5,10,1
8973,1422,459,video_call,54,1,2,0
8974,536,280,chat,24,5,10,1
8975,1002,150,chat,53,2,4,0
8976,1994,659,video_call,13,3,6,0
8977,1187,221,chat,54,1,2,0
8978,1618,601,chat,59,3,6,0
8979,922,334,video_call,39,1,2,0
8980,527,303,chat,19,1,2,0
8981,114,7,video_call,45,3,6,0
8982,198,173,video_call,7,1,2,0
8983,267,211,chat,9,1,2,0
8984,1818,419,chat,38,1,2,0
8985,1192,118,video_call,19,3,6,0
8986,475,200,chat,43,3,6,0
8987,89,277,chat,14,5,10,1
8988,1239,297,video_call,57,2,4,0
8989,716,503,video_call,10,5,10,1
8990,528,358,chat,46,3,6,0
8991,1764,572,video_call,39,1,2,0
8992,1036,666,chat,36,4,8,1
8993,529,520,chat,5,5,10,1
8994,110,36,video_call,60,3,6,0
8995,1123,57,chat,45,4,8,1
8996,1587,483,chat,40,2,4,0
8997,85,208,chat,18,1,2,0
8998,394,388,video_call,20,5,10,1
8999,1296,234,chat,25,5,10,1
9000,721,303,video_call,13,3,6,0
9001,1013,27,chat,7,3,6,0
9002,1452,243,video_call,49,4,8,1
9003,1366,313,chat,39,2,4,0
9004,1214,404,chat,60,2,4,0
9005,1738,378,video_call,18,1,2,0
9006,324,269,chat,18,4,8,1
9007,717,135,video_call,17,1,2,0
9008,759,611,chat,7,3,6,0
9009,949,727,video_call,46,3,6,0
9010,138,219,video_call,43,5,10,1
9011,204,508,chat,36,5,10,1
9012,1371,732,chat,57,4,8,1
9013,1013,662,video_call,10,5,10,1
9014,1128,569,chat,28,5,10,1
9015,1495,620,chat,50,1,2,0
9016,708,414,chat,52,1,2,0
9017,1330,180,chat,5,2,4,0
9018,56,580,video_call,8,1,2,0
9019,788,59,video_call,15,5,10,1
9020,1037,304,chat,13,1,2,0
9021,389,38,chat,7,4,8,1
9022,1719,437,video_call,5,2,4,0
9023,1792,541,video_call,8,1,2,0
9024,883,455,video_call,29,3,6,0
9025,11,798,chat,45,4,8,1
9026,792,357,chat,43,3,6,0
9027,876,479,chat,45,3,6,0
9028,712,789,video_call,41,3,6,0
9029,385,306,chat,40,2,4,0
9030,689,106,video_call,19,1,2,0
9031,1909,147,chat,36,3,6,0
9032,61,341,video_call,49,2,4,0
9033,1603,239,chat,8,1,2,0
9034,1265,630,video_call,57,1,2,0
9035,222,362,chat,6,4,8,1
9036,1118,475,video_call,33,3,6,0
9037,1054,559,video_call,60,4,8,1
9038,1586,651,video_call,22,4,8,1
9039,75,777,chat,17,5,10,1
9040,680,57,chat,26,5,10,1
9041,1085,268,chat,44,2,4,0
9042,1935,357,video_call,22,1,2,0
9043,162,119,chat,52,4,8,1
9044,1737,231,video_call,42,1,2,0
9045,987,196,video_call,18,5,10,1
9046,1856,146,video_call,14,2,4,0
9047,1034,286,chat,27,5,10,1
9048,16,794,chat,7,3,6,0
9049,1287,723,video_call,30,3,6,0
9050,1238,154,video_call,28,3,6,0
9051,1849,460,video_call,51,1,2,0
9052,31,618,video_call,16,1,2,0
9053,1083,51,chat,9,5,10,1
9054,166,472,chat,54,1,2,0
9055,708,326,chat,15,1,2,0
9056,337,191,video_call,12,2,4,0
9057,14,76,video_call,54,3,6,0
9058,1879,365,video_call,49,3,6,0
9059,1791,26,video_call,50,2,4,0
9060,929,496,video_call,48,3,6,0
9061,1933,297,chat,23,4,8,1
9062,726,22,chat,16,1,2,0
9063,68,375,chat,24,1,2,0
9064,1233,197,video_call,39,2,4,0
9065,271,136,video_call,36,4,8,1
9066,631,89,video_call,6,1,2,0
9067,459,24,video_call,42,4,8,1
9068,241,416,chat,15,4,8,1
9069,986,566,chat,32,4,8,1
9070,227,88,video_call,52,4,8,1
9071,1441,669,chat,46,4,8,1
9072,1782,168,chat,39,3,6,0
9073,821,221,video_call,28,1,2,0
9074,1789,555,chat,55,2,4,0
9075,754,585,chat,44,3,6,0
9076,427,479,video_call,11,5,10,1
9077,214,124,chat,30,3,6,0
9078,1049,41,video_call,50,3,6,0
9079,1739,284,chat,30,3,6,0
9080,1459,273,video_call,9,1,2,0
9081,830,362,video_call,17,5,10,1
9082,274,127,video_call,43,1,2,0
9083,218,713,video_call,12,1,2,0
9084,102,80,chat,57,2,4,0
9085,843,535,video_call,37,4,8,1
9086,524,178,video_call,47,1,2,0
9087,1620,675,chat,7,3,6,0
9088,496,669,video_call,26,3,6,0
9089,653,787,chat,11,4,8,1
9090,1456,377,video_call,57,2,4,0
9091,316,447,video_call,30,3,6,0
9092,778,762,video_call,55,1,2,0
9093,1176,644,chat,8,4,8,1
9094,401,654,video_call,38,2,4,0
9095,846,745,chat,23,4,8,1
9096,383,445,video_call,41,5,10,1
9097,743,89,chat,40,2,4,0
9098,1432,548,chat,8,2,4,0
9099,1395,311,chat,39,3,6,0
9100,1290,484,video_call,21,4,8,1
9101,729,665,video_call,25,2,4,0
9102,1877,692,video_call,24,4,8,1
9103,1201,536,video_call,45,5,10,1
9104,829,87,chat,15,1,2,0
9105,707,330,chat,35,1,2,0
9106,687,451,chat,47,5,10,1
9107,698,767,chat,50,3,6,0
9108,1513,676,chat,35,3,6,0
9109,1201,371,chat,51,4,8,1
9110,1612,192,video_call,55,1,2,0
9111,912,222,video_call,13,5,10,1
9112,1351,239,chat,27,5,10,1
9113,1398,475,chat,57,4,8,1
9114,1832,482,video_call,21,5,10,1
9115,1014,221,chat,10,5,10,1
9116,1872,169,chat,30,3,6,0
9117,1697,574,chat,52,1,2,0
9118,500,725,chat,12,5,10,1
9119,1153,517,chat,14,5,10,1
9120,580,423,video_call,39,5,10,1
9121,943,215,chat,37,2,4,0
9122,1683,257,video_call,26,4,8,1
9123,264,630,video_call,14,3,6,0
9124,253,273,chat,45,3,6,0
9125,910,667,chat,20,4,8,1
9126,1209,187,chat,31,3,6,0
9127,660,363,chat,53,4,8,1
9128,829,536,chat,35,1,2,0
9129,236,267,chat,8,5,10,1
9130,1992,383,chat,38,4,8,1
9131,608,138,video_call,60,3,6,0
9132,386,462,video_call,59,2,4,0
9133,1714,737,chat,8,2,4,0
9134,1330,427,video_call,18,3,6,0
9135,1506,629,chat,7,2,4,0
9136,1354,776,chat,47,2,4,0
9137,280,75,chat,34,4,8,1
9138,33,650,chat,60,3,6,0
9139,1020,452,chat,35,2,4,0
9140,715,70,video_call,36,4,8,1
9141,1252,382,chat,15,2,4,0
9142,1573,766,chat,12,3,6,0
9143,957,52,video_call,42,4,8,1
9144,1060,734,chat,56,4,8,1
9145,777,752,chat,36,3,6,0
9146,258,523,video_call,20,1,2,0
9147,361,774,video_call,27,5,10,1
9148,652,229,chat,41,1,2,0
9149,396,239,video_call,31,5,10,1
9150,530,575,chat,30,5,10,1
9151,1008,224,video_call,56,3,6,0
9152,1183,352,chat,14,5,10,1
9153,224,652,chat,22,1,2,0
9154,930,161,video_call,35,3,6,0
9155,418,325,video_call,57,5,10,1
9156,1506,793,video_call,13,2,4,0
9157,173,511,chat,10,5,10,1
9158,1255,224,video_call,29,3,6,0
9159,1000,281,video_call,27,3,6,0
9160,1385,641,chat,18,1,2,0
9161,559,482,chat,33,3,6,0
9162,1473,765,chat,43,3,6,0
9163,696,533,chat,16,5,10,1
9164,249,75,chat,7,1,2,0
9165,605,771,video_call,22,2,4,0
9166,23,500,chat,43,4,8,1
9167,1259,130,chat,58,2,4,0
9168,1575,566,chat,44,3,6,0
9169,1256,364,chat,30,3,6,0
9170,26,504,chat,24,3,6,0
9171,414,598,video_call,47,5,10,1
9172,1505,426,video_call,16,3,6,0
9173,1548,756,chat,31,2,4,0
9174,1190,207,chat,34,4,8,1
9175,693,723,video_call,47,3,6,0
9176,233,751,chat,33,1,2,0
9177,784,437,video_call,24,4,8,1
9178,1385,209,video_call,18,3,6,0
9179,423,411,chat,40,3,6,0
9180,770,470,chat,57,5,10,1
9181,814,484,chat,39,2,4,0
9182,1571,374,chat,17,3,6,0
9183,1644,245,chat,48,2,4,0
9184,657,71,video_call,9,1,2,0
9185,1559,552,video_call,54,5,10,1
9186,320,799,chat,23,1,2,0
9187,441,687,video_call,52,2,4,0
9188,900,761,chat,6,4,8,1
9189,147,6,video_call,12,3,6,0
9190,582,596,video_call,31,2,4,0
9191,1424,257,video_call,9,1,2,0
9192,1860,136,chat,37,4,8,1
9193,536,137,video_call,26,5,10,1
9194,1261,28,chat,58,5,10,1
9195,1350,510,video_call,30,2,4,0
9196,174,216,video_call,44,2,4,0
9197,1144,634,video_call,20,4,8,1
9198,957,530,chat,43,3,6,0
9199,1543,721,chat,10,1,2,0
9200,1544,24,video_call,11,5,10,1
9201,1324,190,video_call,32,3,6,0
9202,1278,124,video_call,24,4,8,1
9203,603,786,video_call,32,3,6,0
9204,907,350,video_call,15,1,2,0
9205,1218,765,video_call,56,4,8,1
9206,382,725,chat,33,2,4,0
9207,1821,671,video_call,27,5,10,1
9208,1879,755,video_call,56,1,2,0
9209,1880,443,chat,54,2,4,0
9210,338,675,video_call,58,3,6,0
9211,1813,603,video_call,5,5,10,1
9212,1565,504,chat,56,1,2,0
9213,1510,476,video_call,6,4,8,1
9214,1133,177,video_call,42,4,8,1
9215,1798,257,chat,60,5,10,1
9216,1637,644,video_call,57,4,8,1
9217,1242,345,chat,41,3,6,0
9218,1352,42,video_call,45,5,10,1
9219,381,604,chat,57,2,4,0
9220,579,662,video_call,55,1,2,0
9221,424,506,video_call,24,3,6,0
9222,1082,711,video_call,28,3,6,0
9223,1044,652,video_call,9,2,4,0
9224,629,217,video_call,53,5,10,1
9225,648,789,chat,13,4,8,1
9226,1615,686,chat,51,2,4,0
9227,1173,190,chat,8,3,6,0
9228,341,777,chat,29,5,10,1
9229,1482,183,video_call,6,1,2,0
9230,1445,487,chat,44,3,6,0
9231,695,248,video_call,20,2,4,0
9232,1025,375,chat,60,5,10,1
9233,1446,228,chat,41,3,6,0
9234,701,517,video_call,51,5,10,1
9235,510,275,chat,50,5,10,1
9236,449,412,video_call,32,4,8,1
9237,1173,159,video_call,43,4,8,1
9238,1493,464,video_call,34,1,2,0
9239,1699,569,video_call,39,4,8,1
9240,1236,406,chat,22,1,2,0
9241,740,449,chat,50,1,2,0
9242,215,442,video_call,52,2,4,0
9243,1096,102,chat,33,5,10,1
9244,670,467,chat,47,2,4,0
9245,900,166,video_call,60,4,8,1
9246,527,527,chat,35,4,8,1
9247,1737,664,chat,38,3,6,0
9248,759,78,video_call,50,4,8,1
9249,617,542,video_call,19,2,4,0
9250,856,580,video_call,13,5,10,1
9251,1851,552,video_call,53,5,10,1
9252,1770,649,chat,18,3,6,0
9253,440,669,video_call,15,4,8,1
9254,1929,286,video_call,24,5,10,1
9255,730,4,chat,29,4,8,1
9256,206,537,chat,5,4,8,1
9257,1145,664,chat,30,4,8,1
9258,521,283,chat,21,4,8,1
9259,1311,660,chat,46,3,6,0
9260,1932,29,video_call,41,2,4,0
9261,1169,795,video_call,11,1,2,0
9262,1984,115,chat,36,4,8,1
9263,1154,547,chat,39,5,10,1
9264,287,615,video_call,51,1,2,0
9265,1327,304,chat,21,4,8,1
9266,1651,232,video_call,6,2,4,0
9267,751,468,video_call,38,2,4,0
9268,155,545,video_call,19,5,10,1
9269,256,591,video_call,7,2,4,0
9270,733,647,video_call,53,2,4,0
9271,1943,380,chat,14,1,2,0
9272,557,761,video_call,41,3,6,0
9273,1956,650,chat,36,1,2,0
9274,749,782,chat,10,4,8,1
9275,554,450,video_call,21,1,2,0
9276,1996,311,chat,56,3,6,0
9277,210,120,video_call,31,5,10,1
9278,1705,762,chat,38,2,4,0
9279,52,378,chat,43,3,6,0
9280,720,795,video_call,8,2,4,0
9281,298,182,chat,52,4,8,1
9282,1357,127,video_call,17,3,6,0
9283,1987,435,video_call,57,1,2,0
9284,1182,494,video_call,29,2,4,0
9285,1920,139,video_call,23,5,10,1
9286,293,169,video_call,50,1,2,0
9287,460,536,video_call,21,5,10,1
9288,1177,580,video_call,26,3,6,0
9289,404,467,chat,42,3,6,0
9290,1273,458,chat,15,5,10,1
9291,613,530,video_call,46,2,4,0
9292,1435,626,chat,26,4,8,1
9293,63,724,video_call,40,5,10,1
9294,521,354,chat,33,3,6,0
9295,114,314,video_call,52,1,2,0
9296,1666,667,chat,36,1,2,0
9297,1771,611,chat,40,5,10,1
9298,1110,37,video_call,42,3,6,0
9299,1216,585,video_call,14,1,2,0
9300,351,451,video_call,14,4,8,1
9301,542,793,chat,41,4,8,1
9302,37,195,video_call,28,1,2,0
9303,134,96,video_call,14,5,10,1
9304,214,411,video_call,25,1,2,0
9305,1729,530,chat,14,1,2,0
9306,1035,420,video_call,15,4,8,1
9307,955,521,video_call,43,2,4,0
9308,1250,521,video_call,36,4,8,1
9309,1080,70,video_call,33,4,8,1
9310,107,100,chat,23,2,4,0
9311,1951,315,chat,37,1,2,0
9312,1592,431,chat,23,1,2,0
9313,64,705,chat,21,4,8,1
9314,551,95,chat,53,5,10,1
9315,1099,302,video_call,15,2,4,0
9316,679,707,video_call,37,3,6,0
9317,662,333,video_call,55,4,8,1
9318,273,326,chat,57,5,10,1
9319,1189,80,chat,6,3,6,0
9320,1409,650,chat,19,5,10,1
9321,1293,371,video_call,52,2,4,0
9322,788,622,video_call,35,4,8,1
9323,783,599,video_call,18,5,10,1
9324,423,541,chat,42,5,10,1
9325,1287,792,video_call,43,2,4,0
9326,726,515,video_call,55,3,6,0
9327,936,477,chat,48,5,10,1
9328,949,225,video_call,55,2,4,0
9329,205,791,chat,29,4,8,1
9330,143,580,chat,38,5,10,1
9331,1904,630,chat,49,4,8,1
9332,368,510,video_call,9,4,8,1
9333,1336,731,chat,44,5,10,1
9334,1097,466,chat,20,4,8,1
9335,1713,673,video_call,58,2,4,0
9336,177,643,video_call,11,4,8,1
9337,1630,771,chat,42,5,10,1
9338,686,99,video_call,34,2,4,0
9339,1893,703,video_call,50,1,2,0
9340,466,335,chat,32,5,10,1
9341,483,185,chat,57,2,4,0
9342,362,90,chat,28,3,6,0
9343,20,722,video_call,8,4,8,1
9344,898,573,chat,5,2,4,0
9345,629,675,video_call,58,2,4,0
9346,1864,448,chat,25,4,8,1
9347,1357,368,chat,53,5,10,1
9348,1776,472,chat,31,3,6,0
9349,219,284,video_call,58,1,2,0
9350,1037,647,chat,30,3,6,0
9351,477,705,chat,43,1,2,0
9352,920,567,video_call,42,4,8,1
9353,1684,444,video_call,32,2,4,0
9354,1964,649,video_call,23,5,10,1
9355,887,740,video_call,6,3,6,0
9356,819,606,video_call,28,1,2,0
9357,1534,612,video_call,47,3,6,0
9358,1553,592,chat,36,4,8,1
9359,1599,209,chat,16,4,8,1
9360,631,283,chat,41,2,4,0
9361,727,674,video_call,51,1,2,0
9362,226,360,chat,56,3,6,0
9363,1490,702,chat,45,5,10,1
9364,1554,719,chat,38,2,4,0
9365,702,510,video_call,6,1,2,0
9366,651,149,video_call,11,5,10,1
9367,59,114,video_call,5,3,6,0
9368,806,562,chat,38,5,10,1
9369,1382,229,video_call,46,3,6,0
9370,8,721,chat,40,4,8,1
9371,429,115,video_call,51,1,2,0
9372,364,597,chat,37,3,6,0
9373,391,264,chat,6,3,6,0
9374,524,182,chat,28,5,10,1
9375,709,130,chat,26,3,6,0
9376,1233,221,video_call,53,3,6,0
9377,1679,117,video_call,23,4,8,1
9378,1908,81,chat,24,4,8,1
9379,175,15,chat,38,2,4,0
9380,1088,752,video_call,6,3,6,0
9381,1971,644,chat,51,2,4,0
9382,1961,794,video_call,39,1,2,0
9383,1104,402,video_call,48,2,4,0
9384,1968,597,chat,43,1,2,0
9385,1085,489,video_call,60,3,6,0
9386,475,779,chat,9,2,4,0
9387,385,104,chat,15,1,2,0
9388,1350,623,chat,39,3,6,0
9389,282,641,video_call,59,1,2,0
9390,377,645,chat,18,5,10,1
9391,1007,738,chat,59,5,10,1
9392,855,646,video_call,59,2,4,0
9393,724,751,video_call,45,4,8,1
9394,1937,122,chat,22,4,8,1
9395,121,606,chat,12,5,10,1
9396,1947,726,video_call,58,1,2,0
9397,1915,48,chat,6,5,10,1
9398,796,663,video_call,46,5,10,1
9399,692,16,chat,57,1,2,0
9400,1009,247,chat,54,2,4,0
9401,1443,14,chat,53,5,10,1
9402,1013,750,video_call,25,1,2,0
9403,1116,542,chat,8,5,10,1
9404,1149,542,chat,41,4,8,1
9405,941,283,chat,32,1,2,0
9406,192,787,video_call,9,4,8,1
9407,1489,115,video_call,8,3,6,0
9408,1196,29,video_call,58,3,6,0
9409,1901,65,video_call,8,4,8,1
9410,1343,537,chat,8,3,6,0
9411,1488,351,video_call,48,4,8,1
9412,1209,304,chat,39,4,8,1
9413,1182,767,chat,29,5,10,1
9414,1545,404,chat,37,1,2,0
9415,1039,308,chat,28,1,2,0
9416,1307,172,chat,50,5,10,1
9417,215,666,video_call,55,3,6,0
9418,182,755,video_call,9,4,8,1
9419,284,574,video_call,25,3,6,0
9420,268,298,chat,5,3,6,0
9421,1291,529,chat,32,1,2,0
9422,394,688,chat,30,5,10,1
9423,1385,402,video_call,19,1,2,0
9424,530,208,video_call,8,4,8,1
9425,1341,758,chat,50,3,6,0
9426,1968,321,chat,45,1,2,0
9427,1253,658,video_call,58,2,4,0
9428,942,490,chat,17,2,4,0
9429,28,310,video_call,29,3,6,0
9430,1557,355,video_call,16,3,6,0
9431,858,194,video_call,49,2,4,0
9432,798,423,chat,43,1,2,0
9433,496,162,chat,23,4,8,1
9434,703,90,video_call,24,4,8,1
9435,437,765,chat,9,2,4,0
9436,99,153,chat,30,5,10,1
9437,490,600,video_call,27,3,6,0
9438,234,78,video_call,31,2,4,0
9439,1993,258,chat,27,2,4,0
9440,1605,162,chat,20,3,6,0
9441,772,119,chat,12,4,8,1
9442,1222,464,chat,39,3,6,0
9443,283,465,video_call,8,4,8,1
9444,990,619,video_call,13,2,4,0
9445,36,306,video_call,17,5,10,1
9446,1133,241,video_call,45,3,6,0
9447,715,212,video_call,39,4,8,1
9448,1197,343,video_call,32,4,8,1
9449,1586,537,video_call,12,3,6,0
9450,473,300,chat,41,3,6,0
9451,502,235,chat,7,1,2,0
9452,812,561,chat,19,4,8,1
9453,1325,655,video_call,21,4,8,1
9454,647,33,chat,29,4,8,1
9455,531,555,video_call,60,4,8,1
9456,402,119,video_call,20,2,4,0
9457,691,122,video_call,51,1,2,0
9458,274,663,video_call,26,5,10,1
9459,662,316,video_call,43,1,2,0
9460,408,674,chat,6,5,10,1
9461,633,49,video_call,21,3,6,0
9462,265,775,video_call,56,3,6,0
9463,1492,197,chat,35,5,10,1
9464,884,667,video_call,27,5,10,1
9465,1650,502,chat,49,3,6,0
9466,874,52,chat,6,5,10,1
9467,1412,107,chat,34,1,2,0
9468,1089,789,chat,49,4,8,1
9469,559,321,chat,51,1,2,0
9470,894,542,video_call,19,3,6,0
9471,937,37,video_call,38,2,4,0
9472,1747,373,chat,23,5,10,1
9473,196,288,video_call,38,4,8,1
9474,473,228,chat,6,4,8,1
9475,630,608,chat,39,4,8,1
9476,385,7,video_call,12,2,4,0
9477,1143,519,chat,59,3,6,0
9478,1032,380,chat,23,2,4,0
9479,1435,129,chat,22,5,10,1
9480,481,211,video_call,57,1,2,0
9481,512,361,chat,15,3,6,0
9482,113,97,chat,29,5,10,1
9483,500,378,video_call,11,2,4,0
9484,1499,738,chat,58,4,8,1
9485,362,310,video_call,60,5,10,1
9486,144,799,video_call,12,2,4,0
9487,629,477,video_call,8,2,4,0
9488,1356,789,video_call,33,4,8,1
9489,1194,587,video_call,18,2,4,0
9490,1077,117,chat,33,2,4,0
9491,136,469,chat,12,3,6,0
9492,445,18,chat,58,2,4,0
9493,1034,210,video_call,40,2,4,0
9494,233,625,chat,58,4,8,1
9495,325,232,video_call,12,4,8,1
9496,1923,408,chat,58,5,10,1
9497,1357,317,chat,10,3,6,0
9498,737,682,video_call,57,3,6,0
9499,557,551,chat,60,5,10,1
9500,1629,206,video_call,22,5,10,1
9501,678,112,chat,24,2,4,0
9502,768,410,chat,53,3,6,0
9503,1283,236,video_call,60,1,2,0
9504,243,347,video_call,18,1,2,0
9505,373,543,chat,23,4,8,1
9506,1271,342,video_call,60,3,6,0
9507,1679,308,video_call,15,2,4,0
9508,801,252,chat,57,2,4,0
9509,1556,565,chat,21,1,2,0
9510,1660,787,chat,45,4,8,1
9511,1231,591,chat,7,3,6,0
9512,229,517,chat,17,2,4,0
9513,162,3,chat,57,2,4,0
9514,11,793,chat,44,1,2,0
9515,1357,420,chat,54,3,6,0
9516,1034,147,chat,17,5,10,1
9517,45,716,video_call,13,4,8,1
9518,1961,432,chat,11,3,6,0
9519,783,541,chat,44,4,8,1
9520,696,309,video_call,43,2,4,0
9521,519,431,chat,46,2,4,0
9522,1300,44,video_call,43,4,8,1
9523,925,420,video_call,41,2,4,0
9524,866,666,chat,18,3,6,0
9525,1587,201,chat,20,4,8,1
9526,1832,516,chat,29,5,10,1
9527,582,90,chat,6,1,2,0
9528,1772,502,chat,47,2,4,0
9529,1554,43,chat,38,4,8,1
9530,1416,275,chat,45,5,10,1
9531,436,307,chat,58,4,8,1
9532,933,160,chat,59,5,10,1
9533,165,716,chat,53,4,8,1
9534,453,557,video_call,48,5,10,1
9535,362,9,chat,10,5,10,1
9536,1466,532,chat,31,3,6,0
9537,1914,126,chat,24,3,6,0
9538,220,540,chat,12,1,2,0
9539,628,408,chat,27,1,2,0
9540,1814,88,chat,11,1,2,0
9541,1094,665,chat,26,4,8,1
9542,340,194,video_call,28,4,8,1
9543,1347,161,chat,39,3,6,0
9544,1168,174,video_call,14,1,2,0
9545,1764,302,video_call,27,2,4,0
9546,1909,720,chat,33,3,6,0
9547,1451,28,chat,8,5,10,1
9548,773,540,chat,28,2,4,0
9549,1416,672,chat,22,3,6,0
9550,610,288,video_call,20,1,2,0
9551,1586,360,video_call,6,4,8,1
9552,1417,602,video_call,43,2,4,0
9553,506,328,video_call,10,5,10,1
9554,1422,730,chat,29,3,6,0
9555,1800,9,video_call,24,1,2,0
9556,767,198,chat,29,3,6,0
9557,1232,298,chat,59,4,8,1
9558,1766,590,chat,27,1,2,0
9559,35,665,chat,41,3,6,0
9560,1141,269,video_call,31,1,2,0
9561,776,50,video_call,33,5,10,1
9562,1537,76,video_call,10,2,4,0
9563,659,557,chat,45,2,4,0
9564,83,66,video_call,23,4,8,1
9565,1833,388,chat,21,3,6,0
9566,1813,7,video_call,58,5,10,1
9567,362,299,chat,20,3,6,0
9568,1125,359,chat,31,5,10,1
9569,434,623,video_call,13,3,6,0
9570,1213,193,chat,31,5,10,1
9571,363,401,chat,30,5,10,1
9572,251,115,video_call,45,1,2,0
9573,92,98,chat,15,4,8,1
9574,1609,786,chat,6,3,6,0
9575,784,464,chat,58,4,8,1
9576,833,394,video_call,47,4,8,1
9577,263,339,chat,14,1,2,0
9578,272,504,video_call,22,1,2,0
9579,1452,29,video_call,6,3,6,0
9580,514,223,chat,10,5,10,1
9581,139,467,video_call,37,4,8,1
9582,1007,638,video_call,51,3,6,0
9583,1755,66,chat,13,1,2,0
9584,640,496,chat,55,5,10,1
9585,195,336,chat,37,2,4,0
9586,1968,728,chat,9,1,2,0
9587,960,388,chat,41,1,2,0
9588,1707,680,video_call,56,5,10,1
9589,1287,90,video_call,5,2,4,0
9590,74,290,video_call,48,3,6,0
9591,655,175,chat,44,5,10,1
9592,537,235,video_call,11,4,8,1
9593,1112,713,chat,29,5,10,1
9594,1581,710,chat,49,4,8,1
9595,236,62,chat,16,5,10,1
9596,806,10,chat,33,4,8,1
9597,67,21,chat,34,2,4,0
9598,385,410,chat,38,3,6,0
9599,1643,6,video_call,24,5,10,1
9600,255,783,chat,59,3,6,0
9601,1044,497,chat,37,2,4,0
9602,1145,320,chat,25,1,2,0
9603,1391,285,chat,48,4,8,1
9604,226,330,chat,43,1,2,0
9605,318,90,video_call,19,4,8,1
9606,1424,654,video_call,57,1,2,0
9607,270,380,video_call,57,3,6,0
9608,149,447,chat,29,5,10,1
9609,1755,644,chat,48,5,10,1
9610,664,793,video_call,30,2,4,0
9611,1536,623,video_call,59,2,4,0
9612,1916,29,video_call,13,5,10,1
9613,951,47,chat,20,2,4,0
9614,1658,457,chat,59,2,4,0
9615,1355,663,video_call,46,4,8,1
9616,1650,245,chat,33,1,2,0
9617,721,4,chat,23,4,8,1
9618,48,247,video_call,48,1,2,0
9619,497,729,video_call,39,1,2,0
9620,1728,555,chat,50,3,6,0
9621,1804,577,chat,17,3,6,0
9622,126,403,video_call,16,2,4,0
9623,1875,389,chat,45,2,4,0
9624,1504,35,video_call,25,3,6,0
9625,745,673,video_call,49,3,6,0
9626,1884,499,video_call,35,3,6,0
9627,1500,129,chat,49,5,10,1
9628,1708,562,video_call,37,2,4,0
9629,1754,559,chat,30,3,6,0
9630,1594,327,video_call,34,2,4,0
9631,704,558,chat,43,5,10,1
9632,25,8,video_call,54,4,8,1
9633,1499,332,chat,36,5,10,1
9634,1812,380,chat,54,3,6,0
9635,523,661,video_call,50,5,10,1
9636,397,675,video_call,19,3,6,0
9637,64,592,video_call,12,2,4,0
9638,31,73,chat,31,2,4,0
9639,1621,58,video_call,29,4,8,1
9640,455,549,chat,49,2,4,0
9641,1036,328,chat,32,2,4,0
9642,764,676,video_call,31,2,4,0
9643,593,524,chat,44,5,10,1
9644,430,750,video_call,7,5,10,1
9645,155,61,video_call,17,1,2,0
9646,148,454,chat,17,3,6,0
9647,380,789,video_call,45,2,4,0
9648,456,798,chat,57,5,10,1
9649,799,496,video_call,31,2,4,0
9650,5,372,video_call,18,1,2,0
9651,834,472,video_call,37,1,2,0
9652,1654,200,video_call,9,1,2,0
9653,203,101,video_call,19,1,2,0
9654,525,155,chat,48,3,6,0
9655,1244,188,chat,24,1,2,0
9656,190,585,chat,58,2,4,0
9657,1669,285,chat,42,4,8,1
9658,1120,165,chat,33,2,4,0
9659,468,411,video_call,51,4,8,1
9660,284,99,chat,56,1,2,0
9661,1630,140,chat,37,4,8,1
9662,1932,753,chat,59,4,8,1
9663,739,116,chat,29,4,8,1
9664,1427,705,chat,5,5,10,1
9665,588,786,chat,37,3,6,0
9666,348,797,video_call,6,4,8,1
9667,1472,403,chat,37,3,6,0
9668,1215,208,video_call,47,3,6,0
9669,1624,413,chat,26,3,6,0
9670,1624,743,chat,20,1,2,0
9671,895,611,video_call,56,1,2,0
9672,1358,95,chat,15,1,2,0
9673,850,741,video_call,50,3,6,0
9674,1287,43,chat,7,1,2,0
9675,632,383,chat,59,3,6,0
9676,1477,442,video_call,7,2,4,0
9677,1267,504,chat,43,3,6,0
9678,958,328,video_call,42,2,4,0
9679,411,507,chat,5,4,8,1
9680,552,556,video_call,55,4,8,1
9681,1180,81,video_call,15,4,8,1
9682,1518,618,video_call,51,5,10,1
9683,559,667,video_call,41,3,6,0
9684,225,107,chat,20,1,2,0
9685,1072,422,chat,37,3,6,0
9686,624,268,chat,24,4,8,1
9687,1748,203,video_call,55,4,8,1
9688,1300,600,video_call,51,5,10,1
9689,80,298,video_call,8,1,2,0
9690,1578,268,chat,52,1,2,0
9691,1358,509,video_call,50,4,8,1
9692,1133,472,chat,24,4,8,1
9693,44,249,chat,52,3,6,0
9694,1943,233,video_call,29,1,2,0
9695,20,428,video_call,9,3,6,0
9696,1049,733,chat,60,2,4,0
9697,1915,772,video_call,36,1,2,0
9698,1106,74,video_call,49,2,4,0
9699,746,748,video_call,23,2,4,0
9700,135,409,video_call,41,3,6,0
9701,729,651,chat,13,4,8,1
9702,503,467,video_call,32,4,8,1
9703,1915,378,chat,30,2,4,0
9704,78,165,video_call,29,2,4,0
9705,1726,57,chat,18,5,10,1
9706,520,225,video_call,52,4,8,1
9707,1538,514,chat,27,1,2,0
9708,1873,368,video_call,21,5,10,1
9709,806,503,chat,37,5,10,1
9710,1530,678,chat,36,5,10,1
9711,1787,725,chat,26,5,10,1
9712,1022,601,video_call,44,1,2,0
9713,1048,36,chat,19,2,4,0
9714,1228,457,video_call,38,2,4,0
9715,215,168,chat,14,3,6,0
9716,657,498,video_call,36,1,2,0
9717,407,542,video_call,38,2,4,0
9718,1991,660,chat,9,4,8,1
9719,1730,617,video_call,12,4,8,1
9720,1560,535,chat,29,2,4,0
9721,671,387,video_call,44,2,4,0
9722,45,729,chat,51,5,10,1
9723,302,458,chat,7,1,2,0
9724,1355,612,video_call,28,2,4,0
9725,159,719,chat,5,4,8,1
9726,1663,170,video_call,51,1,2,0
9727,752,726,video_call,32,1,2,0
9728,477,420,video_call,9,2,4,0
9729,1482,274,video_call,22,1,2,0
9730,306,351,chat,29,4,8,1
9731,541,13,video_call,12,2,4,0
9732,1736,467,video_call,32,1,2,0
9733,32,571,video_call,28,3,6,0
9734,277,699,chat,32,4,8,1
9735,248,371,video_call,10,3,6,0
9736,787,526,chat,11,2,4,0
9737,741,89,video_call,8,3,6,0
9738,1979,751,chat,56,3,6,0
9739,942,697,video_call,38,1,2,0
9740,1613,262,video_call,48,1,2,0
9741,407,54,video_call,48,2,4,0
9742,1599,409,video_call,32,5,10,1
9743,1764,691,chat,31,2,4,0
9744,1510,203,video_call,28,4,8,1
9745,1170,325,chat,5,3,6,0
9746,300,690,video_call,59,4,8,1
9747,452,148,chat,27,4,8,1
9748,1981,128,video_call,33,3,6,0
9749,1039,374,video_call,48,4,8,1
9750,1864,26,video_call,29,2,4,0
9751,874,366,chat,24,3,6,0
9752,1796,71,chat,6,5,10,1
9753,788,185,video_call,18,3,6,0
9754,781,727,video_call,41,2,4,0
9755,1058,31,video_call,48,5,10,1
9756,1920,73,video_call,51,5,10,1
9757,881,471,video_call,52,4,8,1
9758,1472,50,chat,17,3,6,0
9759,804,212,chat,19,2,4,0
9760,702,579,chat,48,5,10,1
9761,316,731,chat,6,3,6,0
9762,57,574,video_call,36,4,8,1
9763,1776,324,video_call,43,4,8,1
9764,1391,745,chat,21,1,2,0
9765,607,27,video_call,55,4,8,1
9766,1269,795,chat,26,4,8,1
9767,1999,244,video_call,12,4,8,1
9768,1177,437,video_call,17,5,10,1
9769,1138,92,video_call,44,3,6,0
9770,139,17,chat,25,4,8,1
9771,86,706,chat,9,1,2,0
9772,190,151,video_call,12,4,8,1
9773,880,786,video_call,21,1,2,0
9774,130,618,video_call,26,4,8,1
9775,1127,12,video_call,47,1,2,0
9776,1335,282,video_call,59,5,10,1
9777,249,519,video_call,49,2,4,0
9778,737,209,video_call,60,2,4,0
9779,800,296,chat,54,1,2,0
9780,368,779,chat,46,5,10,1
9781,1676,603,video_call,35,4,8,1
9782,1372,477,chat,27,2,4,0
9783,747,496,video_call,29,4,8,1
9784,1110,13,video_call,34,2,4,0
9785,175,340,video_call,59,1,2,0
9786,1969,730,video_call,44,4,8,1
9787,551,328,chat,36,1,2,0
9788,121,448,video_call,14,4,8,1
9789,1335,779,chat,44,5,10,1
9790,1003,82,video_call,9,3,6,0
9791,425,732,chat,14,3,6,0
9792,1158,711,video_call,29,1,2,0
9793,420,591,video_call,38,5,10,1
9794,1683,83,video_call,20,4,8,1
9795,1829,88,video_call,37,4,8,1
9796,1991,416,video_call,45,3,6,0
9797,1630,798,chat,9,5,10,1
9798,1208,778,video_call,50,1,2,0
9799,107,93,chat,14,2,4,0
9800,911,681,chat,29,4,8,1
9801,566,611,chat,58,2,4,0
9802,294,719,chat,46,3,6,0
9803,347,625,video_call,37,5,10,1
9804,146,559,video_call,15,5,10,1
9805,888,502,video_call,20,1,2,0
9806,1566,449,chat,7,2,4,0
9807,1166,291,video_call,37,5,10,1
9808,1234,148,video_call,27,3,6,0
9809,941,594,video_call,19,4,8,1
9810,782,185,chat,10,3,6,0
9811,1457,427,video_call,54,1,2,0
9812,179,635,chat,52,4,8,1
9813,1830,711,video_call,54,4,8,1
9814,653,362,chat,39,1,2,0
9815,1936,787,chat,38,2,4,0
9816,636,691,chat,60,1,2,0
9817,695,324,chat,53,3,6,0
9818,1558,758,chat,42,1,2,0
9819,1132,362,video_call,40,4,8,1
9820,1494,288,chat,19,3,6,0
9821,66,588,chat,12,3,6,0
9822,1648,704,video_call,47,2,4,0
9823,1746,313,chat,8,3,6,0
9824,768,700,video_call,11,3,6,0
9825,931,103,chat,9,5,10,1
9826,1441,297,video_call,20,3,6,0
9827,302,320,chat,54,5,10,1
9828,237,683,video_call,47,2,4,0
9829,1747,323,chat,59,5,10,1
9830,466,645,video_call,20,4,8,1
9831,476,405,video_call,8,2,4,0
9832,1468,404,video_call,14,5,10,1
9833,14,173,chat,12,3,6,0
9834,1300,538,chat,53,3,6,0
9835,1998,577,chat,27,1,2,0
9836,772,101,chat,38,2,4,0
9837,1466,585,video_call,46,2,4,0
9838,1934,285,chat,28,2,4,0
9839,689,783,video_call,18,5,10,1
9840,882,462,chat,36,3,6,0
9841,543,371,chat,29,5,10,1
9842,939,691,video_call,29,1,2,0
9843,1073,87,chat,11,5,10,1
9844,948,85,chat,48,3,6,0
9845,21,90,chat,41,2,4,0
9846,1361,616,chat,33,3,6,0
9847,1111,751,video_call,22,3,6,0
9848,1690,435,chat,12,2,4,0
9849,987,286,video_call,38,5,10,1
9850,1613,174,chat,18,1,2,0
9851,1679,155,video_call,51,1,2,0
9852,1475,343,chat,50,4,8,1
9853,1240,654,video_call,47,4,8,1
9854,51,43,video_call,51,3,6,0
9855,1952,238,video_call,30,3,6,0
9856,682,714,chat,34,1,2,0
9857,780,388,video_call,36,2,4,0
9858,1671,230,chat,33,4,8,1
9859,1162,155,chat,45,1,2,0
9860,1892,683,video_call,16,1,2,0
9861,1800,513,video_call,28,2,4,0
9862,905,780,chat,35,2,4,0
9863,1678,423,chat,22,4,8,1
9864,712,111,video_call,49,1,2,0
9865,1013,390,chat,30,5,10,1
9866,1245,762,video_call,49,2,4,0
9867,718,46,video_call,27,1,2,0
9868,52,144,chat,54,3,6,0
9869,1027,569,chat,38,5,10,1
9870,65,741,video_call,13,3,6,0
9871,572,472,video_call,27,5,10,1
9872,967,215,chat,7,3,6,0
9873,108,418,video_call,42,1,2,0
9874,1569,195,chat,55,2,4,0
9875,363,373,video_call,49,1,2,0
9876,271,710,video_call,51,5,10,1
9877,608,82,chat,5,3,6,0
9878,170,360,video_call,35,5,10,1
9879,657,798,chat,60,3,6,0
9880,70,729,chat,16,3,6,0
9881,1177,327,video_call,41,3,6,0
9882,858,294,video_call,30,5,10,1
9883,952,675,chat,8,4,8,1
9884,885,340,chat,43,2,4,0
9885,1638,332,video_call,12,3,6,0
9886,1869,451,chat,59,4,8,1
9887,1738,85,video_call,45,3,6,0
9888,221,124,chat,36,2,4,0
9889,1738,442,video_call,20,3,6,0
9890,684,799,chat,9,4,8,1
9891,159,420,video_call,21,5,10,1
9892,386,52,video_call,25,5,10,1
9893,848,292,video_call,29,2,4,0
9894,1615,750,video_call,5,2,4,0
9895,1006,786,chat,29,4,8,1
9896,1428,262,chat,57,1,2,0
9897,1921,536,chat,18,1,2,0
9898,718,161,chat,48,1,2,0
9899,971,223,video_call,5,3,6,0
9900,7,6,chat,56,1,2,0
9901,583,115,chat,27,2,4,0
9902,897,389,chat,14,3,6,0
9903,198,181,chat,37,3,6,0
9904,612,199,chat,23,4,8,1
9905,989,646,chat,40,3,6,0
9906,1571,336,video_call,38,4,8,1
9907,1573,352,chat,27,1,2,0
9908,628,467,chat,57,2,4,0
9909,1524,638,chat,59,3,6,0
9910,518,67,video_call,17,4,8,1
9911,368,52,video_call,33,2,4,0
9912,1680,441,video_call,31,4,8,1
9913,1257,58,video_call,50,3,6,0
9914,374,200,chat,33,3,6,0
9915,1056,333,video_call,18,5,10,1
9916,229,502,video_call,27,3,6,0
9917,1024,663,video_call,57,3,6,0
9918,719,630,chat,40,3,6,0
9919,444,159,video_call,50,3,6,0
9920,1834,56,chat,24,1,2,0
9921,1551,731,video_call,10,4,8,1
9922,725,339,video_call,49,3,6,0
9923,1563,191,video_call,10,4,8,1
9924,1930,382,chat,7,4,8,1
9925,1670,782,video_call,48,5,10,1
9926,1465,60,chat,30,3,6,0
9927,894,658,chat,26,4,8,1
9928,1106,634,chat,29,2,4,0
9929,1308,404,video_call,17,1,2,0
9930,831,589,chat,47,3,6,0
9931,737,159,video_call,23,5,10,1
9932,862,431,video_call,49,5,10,1
9933,1456,113,chat,46,2,4,0
9934,1691,277,video_call,54,5,10,1
9935,1360,22,video_call,8,5,10,1
9936,1314,373,chat,60,3,6,0
9937,1503,549,video_call,22,3,6,0
9938,721,169,chat,53,1,2,0
9939,1193,12,video_call,31,5,10,1
9940,1286,8,chat,46,2,4,0
9941,1774,11,chat,15,2,4,0
9942,1258,485,chat,58,5,10,1
9943,1462,514,chat,51,5,10,1
9944,228,352,video_call,39,3,6,0
9945,168,293,chat,28,5,10,1
9946,54,478,video_call,41,4,8,1
9947,1931,424,chat,54,4,8,1
9948,1580,697,video_call,30,5,10,1
9949,861,502,video_call,40,5,10,1
9950,512,701,video_call,49,1,2,0
9951,1720,516,chat,15,1,2,0
9952,605,194,chat,11,4,8,1
9953,134,207,video_call,13,4,8,1
9954,1318,343,chat,35,2,4,0
9955,1394,158,chat,39,2,4,0
9956,37,166,chat,44,2,4,0
9957,1602,403,video_call,39,1,2,0
9958,1430,15,video_call,30,4,8,1
9959,1652,534,video_call,21,2,4,0
9960,1603,432,video_call,49,3,6,0
9961,841,187,video_call,6,1,2,0
9962,819,731,chat,50,4,8,1
9963,1018,279,video_call,39,1,2,0
9964,1416,793,video_call,57,5,10,1
9965,1640,553,video_call,45,3,6,0
9966,519,390,video_call,20,4,8,1
9967,428,617,chat,44,5,10,1
9968,812,385,chat,59,4,8,1
9969,1862,535,chat,41,2,4,0
9970,550,598,chat,59,4,8,1
9971,853,428,chat,50,1,2,0
9972,968,132,chat,32,4,8,1
9973,1838,307,chat,50,5,10,1
9974,12,511,chat,30,2,4,0
9975,1026,89,chat,31,1,2,0
9976,1799,597,chat,22,4,8,1
9977,1099,323,video_call,25,5,10,1
9978,462,336,video_call,32,3,6,0
9979,203,192,video_call,16,4,8,1
9980,585,84,chat,43,5,10,1
9981,1015,230,video_call,21,2,4,0
9982,158,473,video_call,40,3,6,0
9983,909,530,video_call,27,2,4,0
9984,964,419,chat,30,2,4,0
9985,1119,49,chat,30,3,6,0
9986,1375,377,chat,26,5,10,1
9987,1311,395,video_call,57,1,2,0
9988,179,659,video_call,41,4,8,1
9989,1307,584,chat,43,4,8,1
9990,1368,117,chat,6,4,8,1
9991,1048,133,chat,52,1,2,0
9992,1336,337,video_call,13,4,8,1
9993,568,85,chat,27,2,4,0
9994,658,15,video_call,51,3,6,0
9995,1444,241,video_call,5,4,8,1
9996,595,221,video_call,51,5,10,1
9997,785,412,chat,35,2,4,0
9998,1656,5,video_call,12,1,2,0
9999,405,92,video_call,54,5,10,1
10000,1549,229,chat,14,2,4,0
