user_id,first_name,last_name,user_type,home_country,preferred_city_type,target_university,field_of_study,degree_level,intended_start_year,budget_range_aud,scholarship_interest,concern_visa,concern_accommodation,concern_safety,concern_academics,concern_career,concern_culture,preferred_language,accommodation_type,work_while_studying_interest
1,Zane,Das,student,Australia,urban,University of Western Australia,Business Analytics,Bachelor,2026,48498,1,1,0,0,1,1,1,English,dorm,0
2,Nusrat,Bakare,student,Vietnam,suburban,UNSW,Business Analytics,Bachelor,2027,25159,1,1,0,1,0,1,1,English,shared,1
3,Li,Smirnov,parent,Japan,urban,University of Western Australia,Business Analytics,PhD,2027,37270,0,0,1,0,0,1,0,English,dorm,1
4,Ishaan,Smirnov,student,Vietnam,suburban,University of Western Australia,Computer Science,Master,2026,15382,1,0,0,0,0,1,1,Mandarin,shared,1
5,Sarvesh,Sharma,student,Vietnam,urban,University of Melbourne,Artificial Intelligence,Master,2026,58451,1,0,1,1,1,1,0,Spanish,shared,1
6,Sana,Moreau,parent,China,urban,University of Sydney,Finance,PhD,2026,22034,0,0,1,0,1,1,1,Indonesian,shared,0
7,Ishaan,Patil,student,India,suburban,UNSW,Artificial Intelligence,Master,2026,33314,0,1,1,1,0,1,0,English,dorm,0
8,Julien,Garcia,parent,Nigeria,urban,Monash University,Finance,PhD,2026,37844,0,0,1,1,0,0,0,French,private,1
9,Kavya,Nguyen,student,Indonesia,regional,Monash University,Mechanical Engineering,PhD,2026,55675,1,1,1,1,0,1,0,Japnese,dorm,1
10,Nusrat,Siddiqui,student,India,regional,University of Sydney,Finance,Bachelor,2026,52979,0,1,1,1,0,0,1,Spanish,shared,1
11,Ananya,Olsen,student,Brazil,regional,University of Western Australia,Computer Science,Bachelor,2027,29069,0,0,0,1,0,1,0,French,shared,1
12,Ji-won,Smirnov,student,Indonesia,urban,UNSW,Data Science,PhD,2026,25206,1,0,1,0,1,0,1,Indonesian,private,0
13,Diego,Chaudhary,parent,Japan,urban,University of Western Australia,Artificial Intelligence,PhD,2026,39773,1,0,1,1,1,1,0,Spanish,dorm,1
14,Yuki,Rossi,student,Indonesia,suburban,Monash University,Business Analytics,PhD,2026,47295,1,0,1,1,1,1,1,Mandarin,shared,1
15,Sana,Ahmed,student,Indonesia,urban,University of Sydney,Data Science,PhD,2026,25029,0,1,1,1,1,1,1,Indonesian,dorm,1
16,Ivan,Siddiqui,student,Vietnam,suburban,Australian National University,Computer Science,Bachelor,2026,30909,1,0,0,1,1,1,0,Hindi,dorm,1
17,Clara,Lefebvre,student,UAE,suburban,Monash University,Finance,Bachelor,2027,46389,1,0,0,1,1,1,0,Spanish,dorm,0
18,Sana,Chen,student,Vietnam,suburban,Monash University,Psychology,Master,2026,15360,1,0,1,0,0,1,0,Japnese,dorm,0
19,Yuki,Rahman,student,Nigeria,urban,Australian National University,Finance,Master,2026,24950,1,1,1,0,0,0,0,Japnese,private,0
20,Kenji,Olsen,parent,China,urban,Australian National University,Business Analytics,Master,2026,18153,0,0,0,1,1,1,1,French,shared,1
21,Mathis,Chaudhary,student,Brazil,suburban,University of Western Australia,Mechanical Engineering,Master,2027,26981,1,1,0,0,1,1,0,Indonesian,private,0
22,Ishaan,Chaudhary,parent,Brazil,urban,University of Western Australia,Finance,PhD,2026,22104,0,1,0,1,0,1,0,English,dorm,1
23,Mathis,Hossain,student,Brazil,suburban,University of Adelaide,Psychology,PhD,2027,18949,1,0,1,0,0,0,0,Indonesian,private,1
24,Zane,Khan,student,Indonesia,suburban,University of Melbourne,Psychology,Master,2026,35520,0,0,0,1,1,1,1,Spanish,shared,1
25,Hamza,Chen,parent,Vietnam,urban,Monash University,Finance,Bachelor,2026,49510,0,0,1,1,0,1,0,English,shared,1
26,Sarvesh,Park,student,Japan,regional,Monash University,Business Analytics,Master,2026,49234,0,0,1,1,0,0,0,French,dorm,1
27,Diego,Dubois,student,Nigeria,urban,University of Melbourne,Artificial Intelligence,PhD,2027,27901,1,1,0,0,1,0,1,French,private,1
28,Kavya,Suzuki,student,Australia,urban,University of Melbourne,Psychology,Bachelor,2026,58207,0,0,0,1,0,0,1,Indonesian,shared,1
29,Hamza,Chaudhary,student,Brazil,urban,University of Melbourne,Business Analytics,Bachelor,2026,27694,0,0,1,0,0,0,1,Japnese,shared,1
30,Julien,Chaudhary,student,Vietnam,regional,University of Western Australia,Data Science,Bachelor,2027,56902,0,0,1,1,0,0,1,Mandarin,dorm,0
31,Omar,Nguyen,parent,Nigeria,regional,University of Western Australia,Artificial Intelligence,PhD,2026,22759,0,1,0,0,0,1,1,Mandarin,private,0
32,Omar,Park,student,China,urban,University of Western Australia,Finance,Bachelor,2026,41320,0,0,0,0,1,0,1,Indonesian,private,1
33,Kenji,Bakare,parent,Vietnam,urban,UNSW,Artificial Intelligence,Master,2027,45662,0,1,1,0,1,1,0,English,shared,0
34,Julien,Hernandez,parent,Nigeria,regional,University of Adelaide,Business Analytics,PhD,2027,42092,0,0,0,1,1,1,0,English,private,1
35,Sana,Rossi,student,Nigeria,urban,University of Sydney,Psychology,Master,2026,37691,1,0,0,1,0,1,1,Mandarin,private,1
36,Sofia,Mansoor,student,China,regional,University of Sydney,Computer Science,Master,2027,39831,1,1,1,0,1,1,1,Mandarin,private,0
37,Sofia,Gomez,parent,UAE,suburban,University of Western Australia,Mechanical Engineering,Bachelor,2026,38713,0,1,0,0,1,1,1,French,private,0
38,Zaid,Mansoor,parent,Australia,suburban,University of Sydney,Psychology,Master,2027,16194,0,1,0,0,0,1,0,English,dorm,0
39,Sana,Mansoor,student,Nigeria,regional,University of Queensland,Psychology,Master,2027,45265,0,0,1,1,1,0,1,Hindi,private,1
40,Sofia,Rossi,parent,China,urban,Monash University,Mechanical Engineering,Bachelor,2026,34312,1,0,1,1,1,1,1,Spanish,shared,1
41,Nina,Hossain,parent,Brazil,suburban,University of Adelaide,Mechanical Engineering,PhD,2026,57561,0,1,1,0,0,1,0,Hindi,shared,0
42,Clara,Wong,student,Brazil,urban,UNSW,Finance,PhD,2026,22636,1,0,0,1,1,0,0,Japnese,private,0
43,Mateo,Nguyen,student,China,urban,Australian National University,Psychology,Master,2027,54589,0,1,0,0,0,1,0,Japnese,private,0
44,Abrar,Rossi,student,India,urban,Monash University,Computer Science,Master,2027,43492,1,0,0,1,1,1,0,Hindi,dorm,0
45,Elena,Patil,parent,India,regional,UNSW,Mechanical Engineering,Master,2026,29817,0,0,0,1,1,1,0,Mandarin,shared,1
46,Amara,Nguyen,parent,UAE,urban,University of Sydney,Psychology,Master,2026,23529,0,0,1,1,0,1,0,Mandarin,dorm,0
47,Nina,Lefebvre,student,China,urban,University of Queensland,Psychology,Master,2027,41705,0,0,0,1,1,1,0,Indonesian,shared,0
48,Bilal,Iyer,student,India,urban,Monash University,Finance,Master,2027,59142,0,1,1,0,0,0,1,Mandarin,dorm,1
49,Fatima,Hossain,student,UAE,urban,University of Sydney,Mechanical Engineering,Master,2027,44521,1,0,0,1,0,1,0,Hindi,private,1
50,Fatima,Dubois,student,Nigeria,urban,Australian National University,Mechanical Engineering,PhD,2027,35171,1,1,1,1,1,1,1,Indonesian,dorm,1
51,Hiroshi,Sharma,student,Brazil,urban,University of Sydney,Artificial Intelligence,Master,2026,38634,1,1,0,1,0,0,0,Mandarin,shared,1
52,Mateo,Mansoor,parent,Nigeria,regional,University of Adelaide,Finance,Master,2027,50315,0,0,1,1,0,0,0,Indonesian,private,1
53,Omar,Lefebvre,parent,Japan,suburban,Australian National University,Psychology,Bachelor,2027,21621,1,1,1,1,1,0,1,English,dorm,0
54,Léa,Wei,parent,UAE,suburban,UNSW,Psychology,Bachelor,2027,26690,0,0,1,1,1,0,0,Hindi,dorm,0
55,Trang,Al-Farsi,student,Vietnam,suburban,Monash University,Computer Science,Master,2027,52797,1,1,0,1,1,0,1,Mandarin,private,1
56,Suresh,Patil,student,Indonesia,suburban,University of Sydney,Artificial Intelligence,Bachelor,2027,26136,0,1,0,0,0,0,0,Spanish,dorm,1
57,Bilal,Rahman,parent,Nigeria,suburban,University of Adelaide,Mechanical Engineering,Master,2027,39965,1,0,0,1,0,1,0,Spanish,shared,1
58,Zoya,Chen,parent,India,urban,University of Melbourne,Mechanical Engineering,Master,2027,59958,0,1,1,0,0,0,0,Mandarin,shared,0
59,Clara,Patil,parent,India,suburban,UNSW,Artificial Intelligence,Master,2026,17026,0,1,0,1,0,1,0,Hindi,dorm,1
60,Julien,Al-Farsi,student,Australia,urban,Australian National University,Psychology,PhD,2027,19916,0,0,0,0,1,1,1,French,dorm,1
61,Ananya,Iqbal,student,Indonesia,regional,University of Sydney,Finance,PhD,2026,37404,1,0,1,0,1,0,0,English,private,1
62,Omar,Iyer,student,Brazil,suburban,University of Western Australia,Finance,PhD,2027,16364,0,0,1,0,0,1,0,Indonesian,dorm,1
63,Zoya,Haddad,student,Japan,urban,Monash University,Computer Science,Bachelor,2027,35428,0,1,0,0,1,0,1,English,shared,1
64,Chloé,Hossain,student,Nigeria,regional,University of Western Australia,Finance,Master,2027,55560,0,1,0,1,0,1,0,Japnese,dorm,1
65,Elena,Haddad,parent,Indonesia,suburban,University of Queensland,Artificial Intelligence,Master,2026,25970,1,0,0,0,0,1,1,Hindi,shared,1
66,Ivan,Olsen,student,UAE,suburban,Australian National University,Artificial Intelligence,PhD,2027,46323,1,1,0,0,1,0,0,Indonesian,shared,0
67,Abrar,Müller,parent,Japan,urban,University of Adelaide,Artificial Intelligence,PhD,2026,42074,0,0,0,1,0,0,1,Mandarin,private,0
68,Rohan,Dubois,student,China,urban,UNSW,Mechanical Engineering,Master,2027,26506,1,0,1,0,1,0,1,Mandarin,dorm,0
69,Aisha,Kim,student,China,suburban,University of Queensland,Finance,Master,2026,28604,1,1,0,1,0,0,1,Spanish,dorm,1
70,Clara,Ahmed,student,Vietnam,regional,University of Melbourne,Finance,Master,2026,43181,1,1,1,1,1,0,0,Hindi,private,1
71,Ji-won,Sharma,student,Vietnam,regional,UNSW,Computer Science,Bachelor,2026,42316,0,1,0,0,1,1,0,Indonesian,dorm,1
72,Fatima,Patil,student,Brazil,urban,University of Adelaide,Data Science,PhD,2027,20948,0,1,0,0,0,0,1,Mandarin,dorm,1
73,Chloé,Iyer,student,UAE,regional,University of Melbourne,Computer Science,Bachelor,2027,21616,1,0,1,1,1,0,0,Spanish,dorm,1
74,Zoya,Ahmed,student,India,regional,University of Melbourne,Computer Science,Master,2026,26685,1,1,0,1,1,0,1,Hindi,private,0
75,Saanvi,Sato,student,UAE,suburban,Monash University,Psychology,Master,2027,38084,0,1,0,1,1,1,0,English,private,1
76,Léa,Iyer,parent,UAE,regional,University of Melbourne,Artificial Intelligence,Master,2027,55092,0,1,0,1,0,0,1,Mandarin,dorm,0
77,Arjun,Bakare,student,Indonesia,regional,UNSW,Data Science,PhD,2026,55578,0,1,1,0,0,0,1,Spanish,private,1
78,Trang,Sharma,student,India,regional,University of Sydney,Data Science,Master,2026,58741,0,0,0,0,1,1,0,Mandarin,private,0
79,Mei,Park,student,Australia,suburban,UNSW,Computer Science,Bachelor,2026,54844,1,1,1,0,1,1,0,French,shared,1
80,Kavya,Müller,parent,China,regional,Monash University,Psychology,Bachelor,2026,32415,0,1,1,1,0,1,0,Indonesian,dorm,0
81,Omar,Mansoor,parent,Japan,urban,Australian National University,Computer Science,Master,2027,56168,1,0,1,1,0,0,1,Spanish,shared,1
82,Kenji,Patil,student,China,urban,Australian National University,Artificial Intelligence,PhD,2026,24079,0,1,1,0,1,0,1,Indonesian,shared,0
83,Nina,Ahmed,parent,Japan,suburban,Australian National University,Data Science,Bachelor,2026,34569,0,0,0,0,0,0,0,Hindi,private,0
84,Sarvesh,Iqbal,student,Indonesia,regional,UNSW,Data Science,Master,2027,30355,0,0,1,1,1,1,0,French,private,1
85,Ji-won,Iqbal,student,China,urban,University of Sydney,Psychology,Master,2026,19726,0,1,1,1,0,0,1,Japnese,dorm,0
86,Mei,Patil,student,Nigeria,regional,University of Queensland,Business Analytics,Bachelor,2026,24208,0,0,1,1,0,0,0,Mandarin,shared,0
87,Mei,Olsen,student,Australia,suburban,University of Sydney,Data Science,PhD,2027,18212,1,1,1,1,1,1,1,Japnese,dorm,1
88,Tanvir,Ahmed,student,Australia,regional,University of Adelaide,Data Science,Bachelor,2027,38742,0,1,0,0,0,1,1,English,private,1
89,Ivan,Das,student,Australia,regional,University of Queensland,Business Analytics,PhD,2026,23471,1,1,0,0,1,1,1,Spanish,private,1
90,Elena,Tanaka,student,Japan,regional,University of Sydney,Artificial Intelligence,Master,2027,56653,0,1,0,1,0,0,1,Mandarin,dorm,0
91,Hans,Suzuki,student,UAE,regional,Australian National University,Mechanical Engineering,Bachelor,2026,49446,0,1,0,1,0,0,1,Hindi,shared,1
92,Zoya,Moreau,student,Indonesia,urban,Monash University,Finance,Master,2026,50099,0,1,1,0,0,1,0,Japnese,dorm,0
93,Nusrat,Patil,parent,Brazil,urban,University of Adelaide,Artificial Intelligence,Master,2026,45881,0,1,0,1,0,1,1,Japnese,dorm,1
94,Amara,Wong,parent,Brazil,suburban,UNSW,Data Science,Master,2026,26139,0,1,0,1,1,1,1,Japnese,private,0
95,Sofia,Bakare,student,Vietnam,urban,University of Western Australia,Mechanical Engineering,Bachelor,2026,18992,0,0,0,0,0,1,1,French,shared,1
96,Zoya,Al-Farsi,student,China,urban,Australian National University,Mechanical Engineering,PhD,2026,50379,1,0,0,1,0,1,0,French,dorm,0
97,Elena,Iqbal,student,UAE,urban,University of Sydney,Finance,Master,2026,47182,1,1,1,0,1,0,1,Indonesian,dorm,0
98,Abrar,Wei,parent,Japan,suburban,University of Queensland,Mechanical Engineering,PhD,2027,59348,0,1,1,0,0,0,0,Mandarin,dorm,1
99,Nina,Wei,student,Australia,urban,University of Melbourne,Artificial Intelligence,Master,2027,17606,0,1,1,1,0,0,1,Spanish,shared,1
100,Léa,Hossain,parent,UAE,urban,UNSW,Finance,Master,2027,58331,0,0,1,0,0,0,1,Hindi,dorm,1
101,Mateo,Dubois,parent,Nigeria,regional,University of Melbourne,Computer Science,Master,2026,34375,1,0,0,0,0,1,0,Hindi,private,1
102,Sarvesh,Iqbal,student,Indonesia,urban,Monash University,Business Analytics,PhD,2027,30464,1,0,0,1,1,0,0,Hindi,private,1
103,Ananya,Siddiqui,student,India,suburban,Australian National University,Finance,Bachelor,2026,43920,0,0,1,0,0,0,1,Indonesian,dorm,1
104,Suresh,Haddad,student,Nigeria,suburban,University of Queensland,Artificial Intelligence,Master,2026,50061,0,1,0,0,0,1,0,French,private,1
105,Léa,Bakare,parent,India,urban,University of Queensland,Finance,PhD,2027,54918,0,0,0,0,0,0,0,Mandarin,shared,0
106,Chloé,Wei,student,Nigeria,regional,University of Sydney,Mechanical Engineering,Bachelor,2027,17920,0,1,0,1,1,0,1,French,shared,0
107,Jueqing,Kim,student,Vietnam,suburban,University of Sydney,Data Science,Master,2026,55698,0,1,0,0,0,0,1,English,private,0
108,Mathis,Mansoor,student,Australia,urban,Monash University,Data Science,PhD,2027,18059,0,0,1,1,1,0,1,Spanish,dorm,0
109,Sumaiya,Chen,student,Indonesia,suburban,Australian National University,Finance,Master,2027,15928,1,0,0,1,1,0,1,English,private,0
110,Julien,Al-Farsi,parent,China,regional,University of Adelaide,Computer Science,PhD,2026,25263,0,0,0,1,0,1,1,Spanish,shared,0
111,Zane,Kumar,student,India,regional,UNSW,Computer Science,Master,2027,51693,0,0,1,0,1,1,1,French,private,0
112,Fatima,Iqbal,parent,Indonesia,suburban,Monash University,Data Science,Master,2026,57621,0,0,0,1,0,0,1,French,dorm,1
113,Jueqing,Iqbal,student,Nigeria,suburban,University of Western Australia,Mechanical Engineering,Bachelor,2027,58660,0,0,1,0,1,0,0,Mandarin,shared,1
114,Léa,Chatterjee,student,UAE,regional,University of Western Australia,Business Analytics,Master,2026,29526,1,1,1,1,1,0,1,French,shared,0
115,Ji-won,Siddiqui,parent,India,suburban,Australian National University,Psychology,PhD,2027,46426,0,1,0,1,0,0,0,Spanish,shared,1
116,Zane,Park,student,India,urban,UNSW,Data Science,Master,2026,27768,0,1,1,0,0,0,0,Japnese,dorm,0
117,Sumaiya,Smirnov,student,Brazil,urban,UNSW,Computer Science,Master,2026,59823,1,1,0,0,1,0,1,Japnese,shared,0
118,Sarvesh,Al-Farsi,parent,Australia,regional,Australian National University,Mechanical Engineering,PhD,2027,17230,0,1,0,0,1,1,0,French,private,0
119,Amara,Tanaka,student,Vietnam,regional,University of Western Australia,Finance,Bachelor,2027,23759,0,0,1,1,0,1,0,French,shared,1
120,Nina,Chaudhary,student,Japan,regional,University of Sydney,Mechanical Engineering,Master,2027,43127,0,0,0,0,1,1,1,French,shared,1
121,Lucas,Chaudhary,student,India,suburban,University of Adelaide,Artificial Intelligence,Bachelor,2027,18750,1,0,1,0,0,1,1,English,private,0
122,Zane,Smirnov,parent,Nigeria,regional,University of Adelaide,Psychology,PhD,2027,55071,1,0,1,0,0,0,1,French,shared,0
123,Zane,Kumar,student,India,urban,Monash University,Psychology,Master,2026,28173,1,1,0,1,0,1,0,Mandarin,private,0
124,Tanvir,Smirnov,student,UAE,regional,University of Western Australia,Computer Science,PhD,2026,59966,0,1,0,0,1,0,1,Hindi,private,0
125,Hans,Iqbal,student,Vietnam,regional,Monash University,Psychology,PhD,2027,15462,1,1,1,1,1,1,1,English,dorm,1
126,Suresh,Wei,parent,Nigeria,regional,University of Sydney,Computer Science,Bachelor,2027,34135,0,0,1,0,0,1,0,English,shared,1
127,Sana,Chaudhary,parent,India,suburban,University of Adelaide,Artificial Intelligence,Bachelor,2027,58310,0,1,1,0,1,0,0,Japnese,shared,1
128,Arjun,Iyer,student,India,regional,Australian National University,Mechanical Engineering,PhD,2027,51269,0,0,0,1,0,1,1,Japnese,shared,0
129,Trang,Iyer,student,Nigeria,suburban,University of Sydney,Psychology,Master,2026,59963,0,0,0,1,0,0,1,English,shared,1
130,Ji-won,Gomez,student,Nigeria,suburban,Monash University,Mechanical Engineering,Master,2026,56039,0,0,1,1,0,1,0,English,shared,1
131,Ji-won,Chaudhary,parent,Brazil,suburban,University of Melbourne,Artificial Intelligence,Bachelor,2026,28295,0,0,1,1,1,0,1,English,private,0
132,Diego,Moreau,student,Australia,regional,UNSW,Mechanical Engineering,PhD,2026,49877,0,1,1,1,0,1,0,Japnese,dorm,0
133,Zane,Moreau,student,Japan,regional,University of Queensland,Data Science,Bachelor,2026,20437,1,0,0,1,1,0,0,Indonesian,private,1
134,Priya,Park,student,UAE,suburban,University of Queensland,Data Science,Master,2027,26370,0,0,1,0,0,1,0,French,private,1
135,Hiroshi,Malik,student,Brazil,regional,University of Western Australia,Business Analytics,Bachelor,2026,57516,0,0,0,0,0,0,1,English,shared,1
136,Omar,Al-Farsi,student,China,urban,University of Western Australia,Psychology,Master,2026,20652,1,1,0,0,0,1,0,French,private,0
137,Amira,Hossain,parent,Japan,regional,UNSW,Artificial Intelligence,Master,2026,23412,0,1,1,0,0,1,0,Indonesian,private,1
138,Ishaan,Chaudhary,student,Vietnam,regional,University of Western Australia,Data Science,Master,2026,42553,0,0,1,0,0,1,1,Mandarin,shared,0
139,Clara,Sharma,parent,Vietnam,regional,UNSW,Finance,PhD,2026,24379,0,1,0,0,1,1,0,Spanish,private,0
140,Suresh,Chaudhary,parent,Brazil,urban,University of Melbourne,Data Science,PhD,2026,27607,0,0,0,0,0,0,1,Mandarin,shared,1
141,Léa,Malik,student,Nigeria,urban,University of Sydney,Data Science,Bachelor,2026,38184,1,1,0,0,0,1,1,English,shared,1
142,Rohan,Chaudhary,student,Indonesia,regional,University of Melbourne,Artificial Intelligence,Bachelor,2027,42004,1,0,1,1,1,1,1,Indonesian,shared,1
143,Zane,Dubois,student,Japan,urban,UNSW,Finance,PhD,2026,44639,0,0,1,1,0,1,0,Indonesian,dorm,1
144,Nina,Lefebvre,student,Vietnam,urban,Monash University,Mechanical Engineering,PhD,2027,45691,0,1,1,1,0,1,1,French,dorm,1
145,Mathis,Kumar,student,Indonesia,regional,University of Melbourne,Computer Science,Bachelor,2027,56283,1,0,1,1,0,1,0,Japnese,private,0
146,Chloé,Silva,student,Japan,urban,University of Melbourne,Finance,Bachelor,2026,23006,1,0,1,0,1,0,0,Indonesian,shared,0
147,Elena,Iqbal,student,Brazil,regional,University of Western Australia,Artificial Intelligence,Bachelor,2027,56598,0,0,0,1,1,1,1,Spanish,private,1
148,Clara,Iqbal,student,Japan,regional,Monash University,Mechanical Engineering,Bachelor,2027,29417,1,1,0,1,0,0,1,French,private,1
149,Mathis,Sharma,parent,Brazil,suburban,University of Sydney,Computer Science,Master,2026,57425,0,1,1,1,0,0,1,Indonesian,private,1
150,Abrar,Patil,student,UAE,urban,University of Western Australia,Computer Science,PhD,2027,22445,1,1,1,0,1,1,0,Hindi,private,0
151,Amira,Lefebvre,student,UAE,urban,Australian National University,Business Analytics,PhD,2027,16566,0,1,1,1,0,0,0,Spanish,dorm,1
152,Zaid,Das,student,Japan,regional,UNSW,Mechanical Engineering,Master,2027,47211,0,0,1,0,0,0,1,Mandarin,dorm,1
153,Bilal,Chen,student,Japan,suburban,University of Adelaide,Artificial Intelligence,Bachelor,2027,33285,0,1,0,0,1,0,1,Japnese,shared,1
154,Trang,Park,student,China,suburban,Australian National University,Computer Science,Master,2027,29828,1,1,1,0,1,1,1,Mandarin,shared,0
155,Ivan,Sato,parent,China,suburban,Monash University,Computer Science,Bachelor,2026,22958,0,0,1,1,0,1,0,Spanish,private,1
156,Hamza,Olsen,student,Vietnam,suburban,University of Western Australia,Finance,Bachelor,2026,28163,1,1,0,0,0,0,1,Japnese,dorm,0
157,Zane,Khan,student,Vietnam,regional,Australian National University,Mechanical Engineering,Bachelor,2026,54584,1,0,1,0,0,1,0,Spanish,private,1
158,Ivan,Sharma,parent,India,urban,University of Sydney,Finance,PhD,2026,19531,0,1,0,0,0,1,0,Spanish,dorm,0
159,Yuki,Patil,student,Brazil,urban,University of Sydney,Artificial Intelligence,PhD,2026,29050,0,0,1,0,0,0,0,Japnese,private,1
160,Amara,Mansoor,student,Japan,regional,Australian National University,Computer Science,Bachelor,2026,30260,1,1,1,1,1,1,1,French,shared,0
161,Bilal,Sato,student,China,suburban,UNSW,Psychology,Master,2026,42130,0,0,1,1,0,1,0,Hindi,dorm,0
162,Li,Al-Farsi,student,Indonesia,regional,University of Western Australia,Computer Science,Master,2027,36305,0,0,1,0,0,1,0,Hindi,dorm,0
163,Suresh,Khan,student,Brazil,urban,UNSW,Computer Science,Master,2027,22312,0,0,1,1,1,0,0,Japnese,shared,1
164,Amira,Lefebvre,student,UAE,urban,Monash University,Business Analytics,Bachelor,2027,32769,1,1,1,1,0,0,1,French,shared,0
165,Chloé,Khan,student,Australia,regional,University of Sydney,Computer Science,PhD,2026,30769,1,1,1,1,0,1,0,Indonesian,shared,1
166,Nina,Moreau,parent,Australia,urban,UNSW,Data Science,Master,2027,22184,1,1,0,0,1,0,0,Spanish,dorm,1
167,Zane,Suzuki,student,Japan,suburban,UNSW,Business Analytics,Bachelor,2027,46491,1,1,0,1,1,1,0,English,private,0
168,Hiroshi,Nguyen,parent,China,regional,University of Melbourne,Mechanical Engineering,Master,2026,28024,1,1,0,0,0,0,1,Indonesian,dorm,1
169,Aisha,Ahmed,parent,Japan,urban,University of Western Australia,Computer Science,PhD,2027,46214,1,1,1,0,1,1,0,Mandarin,private,0
170,Ji-won,Chatterjee,student,Australia,suburban,University of Melbourne,Data Science,Bachelor,2027,30215,0,0,0,0,1,0,0,Hindi,shared,0
171,Aisha,Kumar,parent,India,urban,Monash University,Mechanical Engineering,Master,2026,22038,0,0,1,1,0,1,0,Japnese,private,0
172,Diego,Iqbal,student,China,regional,University of Queensland,Business Analytics,Bachelor,2027,36268,1,1,0,0,0,0,1,Hindi,private,1
173,Elena,Nguyen,parent,China,urban,Monash University,Mechanical Engineering,Master,2027,26009,1,0,1,1,0,1,1,Japnese,private,0
174,Nusrat,Rossi,student,Vietnam,urban,University of Melbourne,Artificial Intelligence,PhD,2027,46269,1,0,1,0,0,0,1,Spanish,private,1
175,Tanvir,Iyer,student,India,regional,UNSW,Business Analytics,Bachelor,2026,32691,1,0,1,0,0,1,1,French,shared,0
176,Zoya,Chaudhary,student,Brazil,suburban,Australian National University,Business Analytics,Master,2026,38750,0,1,0,1,1,1,0,Hindi,dorm,0
177,Bilal,Gomez,student,Vietnam,regional,UNSW,Business Analytics,Bachelor,2027,20857,1,1,0,1,0,0,0,Spanish,private,0
178,Kavya,Chatterjee,student,Nigeria,regional,Australian National University,Finance,Bachelor,2026,28729,0,1,1,1,0,0,1,Indonesian,shared,1
179,Suresh,Haddad,student,India,urban,University of Queensland,Psychology,Bachelor,2027,35052,0,0,1,0,0,1,0,Hindi,shared,1
180,Lucas,Mansoor,parent,Australia,suburban,Monash University,Data Science,Master,2027,43517,1,1,0,0,0,1,1,Spanish,private,1
181,Hamza,Malik,student,Australia,urban,University of Melbourne,Artificial Intelligence,PhD,2027,27004,1,1,1,1,0,0,0,French,dorm,1
182,Jueqing,Iqbal,student,Brazil,regional,University of Sydney,Psychology,Master,2027,24910,0,0,1,1,0,1,0,Mandarin,dorm,0
183,Hans,Iqbal,student,Nigeria,regional,University of Queensland,Data Science,PhD,2026,58489,0,0,0,0,0,0,0,Japnese,dorm,1
184,Nusrat,Chen,student,China,urban,UNSW,Business Analytics,Bachelor,2027,47410,0,0,1,0,0,0,1,Mandarin,private,0
185,Elena,Chen,student,Japan,regional,UNSW,Finance,Bachelor,2027,18991,1,0,0,0,1,0,0,Japnese,private,0
186,Li,Chaudhary,parent,Brazil,urban,Australian National University,Finance,PhD,2027,58064,1,1,1,1,1,1,1,English,private,0
187,Rohan,Silva,student,Nigeria,regional,University of Sydney,Psychology,Bachelor,2027,50494,0,0,0,0,1,0,1,Japnese,private,1
188,Mei,Mansoor,parent,Australia,regional,Monash University,Finance,Master,2027,52915,1,0,0,1,0,1,1,Indonesian,dorm,0
189,Elena,Haddad,parent,India,suburban,University of Queensland,Computer Science,PhD,2026,27541,0,0,1,1,1,1,1,Indonesian,private,1
190,Amira,Smirnov,student,Nigeria,regional,University of Western Australia,Finance,Bachelor,2027,40748,1,1,0,0,1,0,1,Spanish,shared,1
191,Saanvi,Park,student,Nigeria,suburban,Monash University,Mechanical Engineering,Bachelor,2026,41693,1,1,0,0,1,0,0,Spanish,private,0
192,Diego,Iqbal,student,Nigeria,urban,University of Melbourne,Business Analytics,Bachelor,2027,55567,0,0,1,1,1,1,1,Hindi,private,0
193,Chloé,Haddad,student,UAE,urban,Monash University,Psychology,Bachelor,2027,24088,1,0,0,0,0,1,0,Hindi,shared,0
194,Hiroshi,Silva,parent,India,urban,University of Western Australia,Mechanical Engineering,Bachelor,2027,21714,1,1,0,1,0,1,1,Japnese,private,0
195,Amara,Dubois,student,Japan,suburban,University of Melbourne,Mechanical Engineering,Master,2026,31226,1,0,1,1,0,1,0,Hindi,shared,1
196,Li,Iqbal,parent,Indonesia,suburban,UNSW,Psychology,PhD,2026,50907,1,0,1,1,1,0,0,Indonesian,private,1
197,Julien,Hossain,student,Japan,urban,University of Melbourne,Data Science,Bachelor,2027,51703,0,0,0,0,1,1,1,Mandarin,private,0
198,Hiroshi,Rossi,parent,Vietnam,regional,University of Melbourne,Business Analytics,PhD,2026,36384,0,0,1,0,0,0,1,Indonesian,private,0
199,Zaid,Wong,student,UAE,regional,University of Adelaide,Computer Science,Master,2026,30269,1,0,0,0,1,1,0,Spanish,dorm,0
200,Tanvir,Mansoor,parent,Japan,regional,Australian National University,Data Science,Bachelor,2026,30667,0,1,0,0,0,1,1,French,shared,1
201,Sana,Iqbal,parent,UAE,urban,University of Sydney,Psychology,Master,2026,18603,0,1,1,1,1,1,0,English,shared,1
202,Mateo,Sharma,parent,India,regional,University of Sydney,Psychology,PhD,2026,53077,0,1,1,1,1,0,0,Indonesian,shared,0
203,Julien,Olsen,student,Japan,urban,UNSW,Finance,Master,2026,31507,1,1,1,1,1,1,0,Indonesian,dorm,0
204,Rohan,Smirnov,student,UAE,suburban,University of Sydney,Data Science,Master,2027,48434,0,0,0,1,0,0,1,Hindi,shared,0
205,Bilal,Smirnov,parent,UAE,regional,University of Sydney,Data Science,Bachelor,2027,48181,0,0,1,1,1,0,0,French,private,0
206,Hamza,Park,student,Nigeria,urban,Australian National University,Data Science,PhD,2027,51057,1,0,1,0,0,0,0,Mandarin,shared,1
207,Kavya,Gomez,student,Nigeria,regional,University of Adelaide,Artificial Intelligence,Bachelor,2026,16446,0,1,0,0,1,1,0,Spanish,shared,0
208,Sana,Suzuki,student,China,urban,Monash University,Data Science,Bachelor,2026,50490,0,1,1,1,0,0,0,Indonesian,shared,1
209,Aisha,Iqbal,parent,Indonesia,urban,University of Sydney,Artificial Intelligence,Master,2027,41411,0,0,1,0,0,0,1,Spanish,private,0
210,Fatima,Ahmed,parent,Australia,urban,University of Adelaide,Business Analytics,Bachelor,2027,20720,0,0,1,1,0,0,1,Hindi,shared,0
211,Ji-won,Al-Farsi,parent,Australia,suburban,Australian National University,Finance,PhD,2026,39191,0,1,1,0,0,1,0,French,shared,1
212,Sumaiya,Malik,parent,Australia,suburban,University of Melbourne,Business Analytics,Bachelor,2027,29653,1,0,0,0,1,0,0,French,shared,1
213,Nusrat,Sato,student,Vietnam,regional,University of Sydney,Business Analytics,Master,2027,43536,1,1,1,1,0,0,0,Japnese,dorm,1
214,Yuki,Moreau,parent,Japan,urban,University of Queensland,Artificial Intelligence,Bachelor,2027,55608,0,0,1,0,0,1,0,English,dorm,1
215,Zoya,Suzuki,student,Japan,regional,University of Queensland,Psychology,PhD,2026,52718,1,0,1,1,1,0,0,Mandarin,shared,1
216,Bilal,Müller,student,China,urban,University of Queensland,Mechanical Engineering,PhD,2026,43108,0,1,0,1,0,1,1,Hindi,shared,1
217,Yuki,Malik,parent,Australia,regional,University of Melbourne,Computer Science,Master,2026,54537,1,1,1,1,1,0,0,Hindi,private,0
218,Nusrat,Sharma,parent,India,suburban,University of Sydney,Data Science,Bachelor,2026,24629,0,1,0,0,0,0,1,Japnese,dorm,0
219,Lucas,Chaudhary,parent,Brazil,urban,Australian National University,Finance,Bachelor,2026,20627,1,0,1,1,1,0,0,Mandarin,dorm,1
220,Saanvi,Moreau,student,Australia,suburban,UNSW,Artificial Intelligence,PhD,2027,20699,0,1,1,1,1,1,0,Japnese,shared,0
221,Amira,Al-Farsi,student,Vietnam,suburban,UNSW,Psychology,Master,2026,51149,0,1,1,0,0,0,0,Spanish,shared,0
222,Omar,Wei,student,Japan,regional,UNSW,Finance,Bachelor,2027,29809,1,0,0,0,1,1,1,Indonesian,shared,1
223,Clara,Rahman,student,Australia,urban,UNSW,Computer Science,Bachelor,2027,20473,0,1,0,0,1,1,1,Indonesian,shared,1
224,Kavya,Iyer,student,Vietnam,suburban,University of Melbourne,Data Science,Master,2026,44908,0,0,0,0,1,0,1,Hindi,shared,1
225,Saanvi,Sato,student,Indonesia,urban,UNSW,Finance,Bachelor,2026,44706,0,0,1,1,1,1,1,English,dorm,0
226,Li,Olsen,parent,Vietnam,urban,University of Western Australia,Finance,Bachelor,2027,39477,0,1,1,0,1,0,1,Mandarin,private,1
227,Lucas,Chen,student,China,suburban,Monash University,Data Science,Master,2027,46042,0,1,1,0,0,0,1,Mandarin,dorm,1
228,Hans,Smirnov,parent,Nigeria,urban,University of Western Australia,Artificial Intelligence,PhD,2027,43036,1,1,1,0,1,1,1,French,private,0
229,Zaid,Silva,student,Vietnam,suburban,Monash University,Mechanical Engineering,Bachelor,2027,40313,0,0,0,0,0,1,1,Indonesian,private,1
230,Mei,Malik,student,Nigeria,urban,University of Melbourne,Finance,PhD,2026,38168,1,0,0,0,0,1,0,English,shared,0
231,Zoya,Das,student,Indonesia,urban,University of Western Australia,Mechanical Engineering,PhD,2027,34449,1,1,1,1,0,0,1,Indonesian,private,1
232,Saanvi,Sharma,student,India,regional,University of Sydney,Data Science,Bachelor,2026,27023,0,0,1,0,1,1,1,Mandarin,private,1
233,Julien,Rahman,student,Indonesia,regional,University of Adelaide,Mechanical Engineering,Master,2027,34020,1,0,0,0,1,1,1,Spanish,shared,1
234,Omar,Wong,student,UAE,urban,Australian National University,Psychology,Master,2027,48498,1,0,0,1,0,1,0,Japnese,private,1
235,Léa,Siddiqui,student,Vietnam,regional,University of Adelaide,Data Science,PhD,2026,22816,0,1,0,1,1,1,1,Japnese,private,1
236,Zoya,Ahmed,student,UAE,regional,University of Sydney,Artificial Intelligence,Master,2026,26891,1,1,0,0,1,0,0,Indonesian,shared,1
237,Jueqing,Das,student,UAE,suburban,University of Queensland,Data Science,Master,2026,21099,1,1,1,1,1,1,0,Hindi,dorm,0
238,Elena,Chen,student,Japan,suburban,Monash University,Finance,Master,2026,17959,0,1,1,0,0,0,1,Mandarin,shared,1
239,Hans,Das,student,Nigeria,regional,University of Sydney,Mechanical Engineering,Bachelor,2027,21871,0,0,0,1,1,0,0,Indonesian,shared,0
240,Suresh,Chaudhary,student,Indonesia,suburban,UNSW,Finance,Master,2026,25166,1,0,1,1,0,1,1,Hindi,shared,1
241,Sofia,Dubois,student,UAE,suburban,University of Western Australia,Finance,Bachelor,2026,22514,1,1,0,0,1,1,1,Indonesian,private,0
242,Saanvi,Garcia,student,Japan,suburban,Australian National University,Mechanical Engineering,PhD,2027,59230,0,0,0,1,1,0,0,Japnese,shared,1
243,Léa,Rahman,parent,Australia,urban,UNSW,Computer Science,Bachelor,2026,36773,1,1,0,1,1,1,1,Indonesian,dorm,0
244,Sarvesh,Das,parent,Australia,suburban,University of Western Australia,Business Analytics,PhD,2027,16525,0,1,0,1,1,1,0,French,private,0
245,Nina,Siddiqui,student,UAE,urban,University of Queensland,Mechanical Engineering,Master,2027,19600,1,0,1,0,0,0,1,Spanish,dorm,1
246,Nusrat,Ahmed,student,India,regional,Australian National University,Artificial Intelligence,Master,2026,50413,0,0,0,1,1,1,0,Japnese,shared,0
247,Chloé,Haddad,student,UAE,suburban,Australian National University,Mechanical Engineering,Master,2027,46576,1,0,1,0,0,1,1,Spanish,shared,1
248,Jueqing,Hernandez,student,China,regional,University of Queensland,Computer Science,Master,2026,23844,0,0,0,0,0,1,0,Hindi,dorm,1
249,Trang,Tanaka,student,India,suburban,University of Sydney,Computer Science,Master,2027,16206,1,0,1,1,1,1,0,Hindi,shared,0
250,Clara,Suzuki,student,UAE,suburban,University of Western Australia,Computer Science,Bachelor,2027,27930,1,1,0,1,0,0,1,Japnese,private,0
251,Zane,Gomez,parent,Nigeria,regional,University of Adelaide,Business Analytics,PhD,2026,42898,1,0,0,0,1,0,1,French,shared,1
252,Hans,Iqbal,student,Japan,suburban,University of Western Australia,Mechanical Engineering,PhD,2027,44052,1,0,0,1,0,0,1,French,private,0
253,Jueqing,Patil,student,China,urban,University of Adelaide,Computer Science,Master,2026,28949,0,1,0,0,0,1,0,Spanish,shared,1
254,Diego,Wong,parent,India,regional,University of Western Australia,Psychology,PhD,2026,58881,1,0,1,0,1,0,0,Mandarin,shared,0
255,Ishaan,Kim,student,Brazil,regional,University of Queensland,Finance,Master,2027,36328,1,1,1,0,0,1,1,Indonesian,private,1
256,Jueqing,Siddiqui,parent,UAE,suburban,University of Queensland,Business Analytics,Master,2027,44471,0,1,1,0,0,1,1,Mandarin,private,1
257,Ivan,Suzuki,student,India,suburban,University of Queensland,Computer Science,PhD,2026,36600,0,1,1,0,0,1,0,Hindi,shared,1
258,Sana,Wei,student,Japan,suburban,Australian National University,Mechanical Engineering,Bachelor,2026,48083,1,0,0,0,0,1,1,Indonesian,shared,1
259,Julien,Chatterjee,student,Nigeria,urban,University of Melbourne,Mechanical Engineering,Bachelor,2027,58000,0,1,1,0,1,0,0,Mandarin,dorm,1
260,Mei,Ahmed,student,Nigeria,suburban,University of Adelaide,Computer Science,PhD,2026,53743,1,1,1,1,1,0,1,Spanish,private,0
261,Suresh,Chen,student,UAE,regional,University of Queensland,Business Analytics,Master,2026,56014,1,0,0,1,1,1,0,Spanish,shared,1
262,Kavya,Das,parent,Nigeria,urban,University of Sydney,Data Science,Bachelor,2026,26311,0,0,1,1,1,0,0,Japnese,shared,0
263,Sana,Suzuki,parent,UAE,suburban,University of Western Australia,Mechanical Engineering,Master,2026,31482,1,0,1,0,1,0,0,Spanish,private,1
264,Trang,Hernandez,student,Nigeria,suburban,University of Melbourne,Mechanical Engineering,Bachelor,2027,25828,1,0,1,0,1,1,1,Hindi,private,0
265,Omar,Smirnov,student,Australia,urban,University of Melbourne,Computer Science,PhD,2026,38624,0,1,0,0,1,1,1,Hindi,dorm,1
266,Saanvi,Sharma,student,Australia,urban,University of Sydney,Artificial Intelligence,Bachelor,2026,21011,1,0,1,1,1,1,1,Japnese,dorm,1
267,Abrar,Chen,student,UAE,suburban,University of Adelaide,Business Analytics,PhD,2027,37667,1,1,0,0,1,0,0,Spanish,shared,0
268,Mateo,Tanaka,student,Vietnam,suburban,University of Western Australia,Psychology,Bachelor,2026,21287,1,0,0,1,1,0,0,French,private,1
269,Kenji,Chen,student,Indonesia,suburban,University of Melbourne,Psychology,PhD,2027,44774,1,0,1,0,0,0,0,French,private,1
270,Arjun,Wong,student,Indonesia,suburban,Monash University,Finance,Master,2027,59427,1,0,0,0,1,1,1,Spanish,dorm,1
271,Elena,Haddad,parent,UAE,urban,Monash University,Data Science,Master,2026,27789,1,0,1,1,0,1,0,Japnese,private,0
272,Sarvesh,Park,parent,Nigeria,regional,Australian National University,Business Analytics,Master,2027,37652,1,0,0,0,1,0,0,Indonesian,private,0
273,Kenji,Chatterjee,student,Nigeria,regional,Australian National University,Business Analytics,Master,2027,37763,1,0,1,1,1,0,1,Indonesian,private,0
274,Zaid,Ahmed,student,China,regional,University of Western Australia,Artificial Intelligence,Master,2027,40385,0,1,1,1,0,0,0,Japnese,private,1
275,Ananya,Sharma,parent,Brazil,suburban,Monash University,Data Science,PhD,2026,57825,1,0,1,0,1,1,0,English,shared,0
276,Léa,Iqbal,parent,Indonesia,urban,University of Sydney,Business Analytics,Master,2026,22422,1,1,1,1,0,1,0,Mandarin,private,0
277,Hiroshi,Silva,student,Japan,regional,University of Sydney,Finance,PhD,2027,27044,0,1,1,1,1,1,1,English,private,1
278,Hiroshi,Patil,student,China,regional,UNSW,Psychology,PhD,2026,22373,1,0,1,0,0,1,0,French,shared,1
279,Mei,Moreau,student,China,urban,University of Sydney,Psychology,Bachelor,2026,52950,0,1,1,1,0,0,1,Spanish,shared,0
280,Yuki,Park,parent,Nigeria,suburban,Monash University,Artificial Intelligence,PhD,2027,54416,1,0,1,1,0,1,1,Hindi,dorm,1
281,Kavya,Wong,student,Vietnam,regional,University of Western Australia,Mechanical Engineering,Master,2026,38868,0,0,1,1,1,1,1,Japnese,shared,1
282,Yuki,Chaudhary,student,Nigeria,suburban,University of Sydney,Computer Science,Master,2027,24936,1,0,1,1,1,0,0,Indonesian,dorm,1
283,Léa,Das,parent,Australia,regional,University of Queensland,Mechanical Engineering,PhD,2026,17278,1,1,0,0,1,1,1,Japnese,shared,1
284,Elena,Nguyen,student,Brazil,urban,University of Queensland,Psychology,Bachelor,2026,39432,1,1,0,1,1,0,1,Japnese,private,0
285,Sana,Mansoor,student,Indonesia,urban,Monash University,Computer Science,Master,2027,20178,1,0,0,0,1,0,1,Mandarin,private,0
286,Nusrat,Tanaka,parent,India,urban,University of Sydney,Psychology,Master,2027,57857,1,1,0,1,0,1,1,Spanish,private,1
287,Hamza,Iqbal,parent,Japan,urban,University of Western Australia,Business Analytics,PhD,2027,33591,0,0,0,1,0,0,1,Hindi,private,1
288,Ananya,Rahman,student,UAE,urban,University of Queensland,Business Analytics,PhD,2026,48606,1,0,1,0,1,0,0,Indonesian,shared,1
289,Nusrat,Das,student,UAE,regional,University of Melbourne,Data Science,PhD,2026,58506,1,1,0,0,1,0,0,English,dorm,1
290,Tanvir,Hernandez,student,Vietnam,urban,University of Queensland,Business Analytics,Bachelor,2026,58382,0,0,1,0,0,1,0,French,dorm,1
291,Sumaiya,Kumar,student,Brazil,regional,Australian National University,Finance,Master,2027,32393,1,0,1,0,0,1,0,Hindi,private,0
292,Kenji,Iyer,student,UAE,regional,University of Melbourne,Psychology,Master,2027,36679,1,0,0,0,0,1,1,French,shared,1
293,Yuki,Park,parent,China,urban,Australian National University,Computer Science,PhD,2026,20172,0,1,1,0,1,1,0,Indonesian,private,0
294,Zaid,Wong,student,Nigeria,regional,University of Queensland,Business Analytics,Master,2026,17189,0,1,0,0,1,1,1,Spanish,shared,0
295,Chloé,Chatterjee,student,Japan,urban,Monash University,Psychology,Bachelor,2027,57709,1,0,1,0,1,1,1,English,private,1
296,Sana,Nguyen,parent,Brazil,regional,University of Queensland,Computer Science,PhD,2027,55082,1,0,1,0,0,0,0,Indonesian,dorm,0
297,Hans,Malik,student,Brazil,suburban,Australian National University,Business Analytics,Bachelor,2027,59888,1,0,0,1,0,0,0,Mandarin,shared,1
298,Hans,Olsen,student,Indonesia,urban,University of Melbourne,Business Analytics,PhD,2027,47059,0,0,0,0,0,1,0,English,private,1
299,Diego,Iyer,student,Japan,urban,University of Melbourne,Business Analytics,Master,2027,36419,0,0,1,1,0,0,0,Indonesian,private,0
300,Abrar,Chaudhary,parent,Brazil,regional,University of Melbourne,Finance,PhD,2026,49867,0,1,1,0,1,0,0,Spanish,private,1
301,Nina,Gomez,student,Australia,suburban,UNSW,Finance,Master,2026,35340,0,1,1,0,1,1,0,Japnese,shared,0
302,Sumaiya,Suzuki,student,UAE,urban,University of Sydney,Psychology,PhD,2027,18865,1,0,0,1,1,1,1,Indonesian,private,1
303,Kenji,Bakare,student,UAE,suburban,Monash University,Psychology,PhD,2027,52311,1,0,1,1,0,0,0,French,private,1
304,Kenji,Garcia,student,Nigeria,regional,University of Queensland,Finance,Bachelor,2027,48203,1,1,1,1,1,0,0,Hindi,dorm,1
305,Ji-won,Siddiqui,student,Vietnam,regional,University of Adelaide,Computer Science,Master,2027,36322,1,1,1,1,0,0,1,Spanish,dorm,0
306,Zoya,Al-Farsi,student,Japan,regional,UNSW,Computer Science,Bachelor,2026,22327,0,1,1,0,1,1,1,Hindi,dorm,1
307,Léa,Das,student,Indonesia,regional,University of Queensland,Finance,Master,2027,39327,1,0,0,0,0,1,1,French,dorm,1
308,Zane,Malik,parent,Brazil,urban,Australian National University,Psychology,PhD,2026,33202,0,0,0,0,0,1,1,Japnese,shared,0
309,Zane,Chaudhary,parent,Brazil,urban,University of Melbourne,Business Analytics,Master,2027,55342,1,1,0,0,0,0,1,Mandarin,dorm,0
310,Li,Rahman,parent,China,suburban,University of Melbourne,Artificial Intelligence,Master,2027,42726,0,1,0,0,0,1,0,Hindi,shared,1
311,Ananya,Olsen,parent,Indonesia,urban,University of Melbourne,Business Analytics,PhD,2026,49198,0,1,0,0,0,0,1,Hindi,private,1
312,Priya,Silva,student,China,regional,Monash University,Data Science,Master,2026,50632,1,1,1,1,1,0,0,English,dorm,0
313,Ji-won,Silva,student,Australia,suburban,Monash University,Data Science,Bachelor,2026,50963,1,1,1,0,0,0,1,Hindi,dorm,0
314,Ananya,Sharma,student,Nigeria,suburban,University of Melbourne,Mechanical Engineering,PhD,2026,48807,1,0,0,0,1,1,1,Mandarin,shared,1
315,Mei,Iyer,student,China,suburban,University of Queensland,Finance,Bachelor,2026,36403,1,1,1,0,1,0,0,Indonesian,private,0
316,Léa,Suzuki,parent,India,regional,University of Queensland,Business Analytics,Bachelor,2026,55880,0,0,0,0,0,0,1,Mandarin,shared,0
317,Hamza,Suzuki,parent,India,regional,University of Queensland,Psychology,Bachelor,2027,41889,1,1,1,0,0,0,0,Indonesian,dorm,1
318,Priya,Moreau,student,UAE,suburban,University of Western Australia,Finance,Bachelor,2026,16365,0,0,1,1,1,1,0,French,shared,1
319,Suresh,Gomez,student,India,regional,University of Adelaide,Psychology,Bachelor,2027,58137,1,0,0,1,1,1,0,Spanish,private,1
320,Amira,Müller,student,Japan,urban,University of Melbourne,Business Analytics,Bachelor,2027,45569,0,1,1,0,0,0,0,Mandarin,shared,0
321,Zaid,Nguyen,student,China,regional,University of Adelaide,Psychology,Master,2026,56408,1,0,1,1,0,1,1,Indonesian,shared,1
322,Priya,Müller,student,Nigeria,regional,University of Queensland,Mechanical Engineering,PhD,2027,41908,0,1,0,1,1,1,0,Indonesian,private,0
323,Ivan,Malik,parent,Brazil,regional,Australian National University,Artificial Intelligence,Master,2026,43582,1,1,0,0,0,0,1,French,private,0
324,Ananya,Khan,student,Japan,urban,University of Sydney,Psychology,Master,2027,28560,1,1,0,1,1,0,0,Mandarin,private,1
325,Zoya,Rossi,student,UAE,urban,University of Adelaide,Finance,PhD,2026,38947,0,0,1,1,1,1,0,Hindi,dorm,0
326,Sarvesh,Ahmed,student,Vietnam,regional,University of Melbourne,Data Science,PhD,2026,50812,1,0,1,0,1,0,1,Mandarin,dorm,1
327,Jueqing,Olsen,student,China,urban,Australian National University,Finance,Bachelor,2026,26302,0,1,1,1,0,1,0,English,dorm,1
328,Mathis,Hossain,student,UAE,suburban,University of Western Australia,Data Science,Bachelor,2026,19277,0,0,1,0,0,1,1,Mandarin,dorm,1
329,Léa,Rahman,student,Australia,suburban,UNSW,Artificial Intelligence,PhD,2027,20214,0,1,0,1,0,0,1,French,dorm,1
330,Léa,Garcia,student,Brazil,regional,University of Queensland,Computer Science,Bachelor,2026,41418,0,0,1,1,0,0,0,Hindi,dorm,0
331,Ananya,Olsen,student,Brazil,urban,University of Queensland,Artificial Intelligence,Bachelor,2027,30020,0,1,0,1,1,1,0,Mandarin,dorm,1
332,Saanvi,Lefebvre,student,Nigeria,regional,University of Queensland,Mechanical Engineering,PhD,2026,55589,0,1,1,1,0,0,0,Mandarin,shared,0
333,Omar,Sharma,student,Indonesia,regional,University of Queensland,Psychology,PhD,2027,54270,0,0,1,1,0,1,1,Japnese,private,0
334,Kenji,Müller,student,UAE,regional,University of Sydney,Computer Science,Master,2026,56263,0,0,1,1,0,0,1,Mandarin,dorm,0
335,Ananya,Haddad,student,Nigeria,regional,Australian National University,Finance,PhD,2026,37495,0,1,0,1,0,0,1,Japnese,dorm,0
336,Kavya,Wong,parent,India,suburban,University of Western Australia,Computer Science,Bachelor,2027,33132,0,0,1,1,0,0,1,English,private,0
337,Hamza,Hernandez,student,Japan,regional,University of Queensland,Mechanical Engineering,Bachelor,2026,46144,0,0,0,1,0,0,1,Indonesian,dorm,0
338,Yuki,Chaudhary,parent,Brazil,suburban,University of Melbourne,Data Science,Bachelor,2026,15246,0,1,1,1,1,0,0,Spanish,shared,1
339,Trang,Chatterjee,student,China,suburban,Australian National University,Data Science,Master,2026,38045,1,0,1,1,0,1,1,Mandarin,dorm,1
340,Mathis,Silva,parent,Vietnam,suburban,Monash University,Mechanical Engineering,PhD,2026,27499,0,0,1,1,0,1,0,Indonesian,dorm,1
341,Li,Hernandez,student,Brazil,suburban,UNSW,Artificial Intelligence,Bachelor,2027,53119,1,1,1,0,1,1,0,French,shared,0
342,Ananya,Das,student,Nigeria,urban,UNSW,Mechanical Engineering,Master,2027,35753,0,1,0,1,1,0,0,French,private,0
343,Sana,Mansoor,parent,Indonesia,regional,Monash University,Artificial Intelligence,PhD,2027,16701,1,0,0,0,1,0,1,English,shared,0
344,Chloé,Hernandez,student,China,regional,University of Adelaide,Business Analytics,PhD,2027,42758,0,0,0,1,1,1,1,Mandarin,shared,0
345,Nusrat,Park,student,India,regional,University of Adelaide,Finance,Bachelor,2027,21355,0,0,0,0,1,1,1,Hindi,dorm,1
346,Hiroshi,Haddad,student,Nigeria,regional,University of Sydney,Artificial Intelligence,Bachelor,2027,55148,0,1,0,0,0,1,0,Hindi,dorm,0
347,Hiroshi,Mansoor,student,India,suburban,University of Adelaide,Finance,PhD,2026,44051,1,0,1,0,1,0,0,Hindi,dorm,1
348,Priya,Rossi,parent,UAE,suburban,University of Adelaide,Artificial Intelligence,Master,2027,58377,0,1,0,0,1,1,1,Spanish,shared,0
349,Suresh,Chatterjee,parent,China,regional,Australian National University,Mechanical Engineering,PhD,2027,55083,0,1,0,0,1,1,1,French,private,0
350,Diego,Khan,parent,Vietnam,suburban,Australian National University,Mechanical Engineering,Bachelor,2026,42530,1,0,0,1,1,1,1,Spanish,private,1
351,Hiroshi,Sharma,parent,Nigeria,suburban,University of Melbourne,Business Analytics,PhD,2027,29162,1,0,1,1,1,0,1,Japnese,dorm,0
352,Ishaan,Smirnov,student,UAE,suburban,University of Western Australia,Artificial Intelligence,Master,2026,28424,1,0,1,1,0,0,1,Hindi,shared,1
353,Ji-won,Moreau,student,UAE,urban,University of Sydney,Finance,Master,2026,39979,0,1,1,0,0,1,1,Mandarin,private,0
354,Arjun,Chatterjee,student,UAE,regional,University of Adelaide,Business Analytics,PhD,2027,31811,0,0,0,0,0,0,0,Indonesian,dorm,1
355,Sumaiya,Hernandez,student,UAE,regional,University of Sydney,Psychology,PhD,2026,30991,0,1,0,1,1,0,0,English,shared,0
356,Hiroshi,Tanaka,parent,India,regional,University of Sydney,Artificial Intelligence,Bachelor,2027,19614,0,1,0,0,1,1,0,Japnese,shared,0
357,Mathis,Moreau,student,Indonesia,regional,University of Queensland,Computer Science,Master,2026,40706,0,0,1,0,1,0,0,Spanish,private,1
358,Lucas,Bakare,student,Brazil,urban,University of Melbourne,Finance,Master,2027,37100,0,0,1,0,0,0,1,English,dorm,0
359,Clara,Olsen,parent,Brazil,regional,University of Queensland,Finance,Bachelor,2027,33047,0,0,0,1,1,0,0,English,dorm,1
360,Hiroshi,Smirnov,parent,Australia,regional,University of Melbourne,Finance,Master,2027,29782,0,1,1,1,1,0,1,French,shared,1
361,Hiroshi,Patil,student,China,urban,Australian National University,Data Science,Master,2027,44843,0,0,1,0,0,0,1,Indonesian,dorm,1
362,Amara,Iyer,parent,India,regional,UNSW,Psychology,PhD,2027,43458,1,1,0,0,1,1,1,Mandarin,private,1
363,Sana,Sato,student,UAE,suburban,University of Adelaide,Business Analytics,PhD,2027,30285,0,1,0,0,1,0,1,English,private,0
364,Mathis,Dubois,student,China,urban,University of Sydney,Business Analytics,Bachelor,2027,57643,1,0,1,1,1,0,1,Mandarin,shared,0
365,Julien,Chen,parent,Japan,regional,University of Adelaide,Mechanical Engineering,Bachelor,2026,30536,0,0,0,0,1,0,1,English,dorm,0
366,Zoya,Sato,student,Nigeria,urban,UNSW,Computer Science,Master,2027,29528,1,1,0,1,0,0,1,Indonesian,shared,1
367,Li,Chen,student,China,urban,University of Sydney,Mechanical Engineering,PhD,2026,19179,0,0,0,1,1,1,1,English,dorm,1
368,Zane,Bakare,student,India,urban,University of Western Australia,Psychology,PhD,2026,56977,1,1,0,0,0,0,1,Mandarin,dorm,0
369,Mei,Silva,student,China,urban,Monash University,Psychology,PhD,2027,58751,1,0,0,0,1,1,1,English,shared,0
370,Sumaiya,Chaudhary,student,Nigeria,regional,University of Adelaide,Business Analytics,PhD,2027,54279,0,0,1,0,1,1,1,Hindi,dorm,0
371,Rohan,Silva,parent,Brazil,urban,Monash University,Data Science,PhD,2026,33354,0,1,1,0,1,1,1,Mandarin,shared,0
372,Lucas,Olsen,student,UAE,regional,UNSW,Finance,PhD,2027,31158,1,0,1,0,1,1,0,French,shared,1
373,Arjun,Chatterjee,student,China,regional,University of Queensland,Computer Science,Bachelor,2027,20680,1,0,0,1,0,0,0,French,private,1
374,Priya,Malik,student,Brazil,suburban,University of Sydney,Finance,Master,2027,23336,1,1,1,0,1,0,0,Hindi,dorm,0
375,Chloé,Haddad,student,Australia,suburban,University of Queensland,Data Science,PhD,2026,29030,1,1,0,1,1,0,1,English,shared,0
376,Suresh,Haddad,parent,Nigeria,urban,Australian National University,Psychology,Master,2027,36915,1,0,1,1,1,0,1,French,shared,1
377,Hans,Iyer,parent,UAE,regional,University of Melbourne,Data Science,Bachelor,2027,43992,1,0,1,0,0,0,1,Hindi,private,0
378,Ananya,Bakare,parent,Brazil,suburban,University of Melbourne,Computer Science,Master,2026,46686,1,0,1,0,0,0,1,French,dorm,0
379,Zoya,Tanaka,parent,India,urban,University of Sydney,Finance,Master,2026,17012,0,0,1,1,1,0,0,Japnese,dorm,0
380,Clara,Garcia,student,Brazil,suburban,Australian National University,Computer Science,Bachelor,2027,59432,1,1,1,0,0,0,1,Spanish,shared,1
381,Zaid,Moreau,student,Brazil,urban,Monash University,Computer Science,Master,2027,56395,1,1,0,0,1,1,1,Japnese,private,0
382,Ivan,Siddiqui,student,Japan,suburban,Australian National University,Mechanical Engineering,Bachelor,2026,23267,1,1,0,1,0,0,1,Hindi,shared,1
383,Hiroshi,Rahman,student,Australia,suburban,Monash University,Finance,Master,2026,20397,1,0,1,0,0,0,0,Indonesian,shared,1
384,Kenji,Iqbal,parent,Indonesia,regional,University of Sydney,Data Science,Master,2026,41380,1,0,1,0,1,0,1,Spanish,dorm,0
385,Mei,Lefebvre,student,Indonesia,regional,Australian National University,Finance,PhD,2027,24668,0,1,0,1,1,1,1,English,shared,0
386,Jueqing,Moreau,student,India,suburban,Monash University,Data Science,Master,2026,29336,1,0,1,0,0,1,1,French,shared,1
387,Arjun,Patil,student,Indonesia,urban,University of Sydney,Psychology,PhD,2026,56550,0,0,1,0,0,1,1,French,shared,1
388,Jueqing,Sato,student,China,suburban,University of Sydney,Computer Science,Master,2027,27521,1,1,0,1,0,0,0,Indonesian,dorm,1
389,Mei,Ahmed,parent,Vietnam,suburban,University of Melbourne,Data Science,PhD,2026,54402,0,1,0,0,1,1,0,French,private,0
390,Zane,Chaudhary,student,UAE,suburban,University of Western Australia,Mechanical Engineering,Master,2026,45009,0,0,0,0,0,0,0,Mandarin,shared,1
391,Ananya,Smirnov,student,China,suburban,University of Queensland,Artificial Intelligence,Master,2027,21002,0,1,0,0,1,0,1,English,private,1
392,Priya,Chaudhary,parent,Indonesia,suburban,UNSW,Psychology,Bachelor,2027,42916,0,1,1,1,1,0,0,Mandarin,shared,1
393,Jueqing,Nguyen,student,UAE,regional,University of Melbourne,Data Science,Bachelor,2027,17258,0,0,0,1,0,0,1,Spanish,shared,1
394,Julien,Müller,student,China,suburban,Monash University,Data Science,PhD,2026,55279,0,0,1,1,1,1,1,Indonesian,private,0
395,Diego,Patil,student,Brazil,suburban,University of Adelaide,Mechanical Engineering,Master,2026,40891,1,1,0,1,0,1,0,English,shared,0
396,Nina,Dubois,student,Japan,suburban,UNSW,Computer Science,Bachelor,2027,45460,0,1,1,1,0,0,0,Japnese,dorm,0
397,Diego,Haddad,student,Brazil,urban,University of Western Australia,Mechanical Engineering,Bachelor,2026,17656,0,1,1,0,0,1,0,Japnese,dorm,0
398,Ananya,Dubois,student,Japan,suburban,UNSW,Data Science,Bachelor,2026,38355,0,1,0,0,1,0,1,Mandarin,private,1
399,Zane,Garcia,student,Australia,suburban,University of Western Australia,Psychology,Master,2027,15927,1,1,1,1,0,1,1,Indonesian,dorm,0
400,Kenji,Rahman,student,Vietnam,suburban,University of Adelaide,Mechanical Engineering,PhD,2027,32509,1,1,1,0,0,0,1,Spanish,private,1
401,Abrar,Mansoor,student,Australia,urban,University of Adelaide,Artificial Intelligence,PhD,2027,45209,1,0,1,1,0,0,1,Hindi,private,1
402,Clara,Khan,parent,Vietnam,urban,Australian National University,Data Science,Master,2026,33449,0,1,1,1,1,0,0,English,shared,0
403,Li,Nguyen,student,Brazil,urban,University of Melbourne,Mechanical Engineering,Master,2026,44813,1,1,1,0,0,1,0,Japnese,dorm,0
404,Zoya,Sato,parent,Nigeria,regional,UNSW,Finance,Bachelor,2027,49849,0,1,0,1,1,0,1,Hindi,dorm,0
405,Rohan,Tanaka,student,Australia,suburban,UNSW,Finance,Bachelor,2026,18869,1,1,1,0,0,1,1,French,private,0
406,Hans,Smirnov,student,China,regional,University of Melbourne,Finance,Bachelor,2026,15621,0,1,0,0,0,0,0,Japnese,private,1
407,Jueqing,Patil,parent,Brazil,urban,University of Adelaide,Data Science,Bachelor,2027,17641,0,0,0,0,0,1,1,Mandarin,private,0
408,Jueqing,Gomez,student,India,suburban,University of Western Australia,Mechanical Engineering,Master,2027,53268,0,0,1,1,1,0,1,Spanish,shared,1
409,Zane,Silva,student,Japan,suburban,University of Melbourne,Mechanical Engineering,PhD,2026,22523,1,1,0,1,0,1,0,Mandarin,shared,1
410,Elena,Chen,student,Nigeria,urban,University of Melbourne,Finance,PhD,2026,44541,0,1,1,0,1,1,1,Hindi,shared,1
411,Ji-won,Smirnov,student,Australia,suburban,University of Adelaide,Data Science,Bachelor,2027,53711,0,0,0,0,1,1,0,French,shared,0
412,Jueqing,Chatterjee,parent,Japan,suburban,Monash University,Mechanical Engineering,Bachelor,2026,23952,1,1,0,1,1,0,1,Indonesian,shared,1
413,Nusrat,Sato,student,Indonesia,regional,University of Adelaide,Finance,Master,2027,27275,0,0,0,0,0,1,0,English,private,0
414,Zoya,Iyer,student,UAE,suburban,University of Sydney,Computer Science,Bachelor,2027,57855,0,1,0,0,1,1,0,Japnese,shared,1
415,Mei,Dubois,student,China,suburban,University of Melbourne,Finance,Bachelor,2026,27013,1,0,1,0,1,0,1,Hindi,private,0
416,Lucas,Sato,student,Nigeria,suburban,University of Western Australia,Business Analytics,PhD,2026,25545,1,0,0,1,0,1,0,Spanish,private,1
417,Rohan,Moreau,student,China,urban,University of Adelaide,Artificial Intelligence,Bachelor,2026,33014,1,1,1,1,1,1,0,Indonesian,shared,1
418,Mateo,Malik,parent,Brazil,urban,University of Sydney,Mechanical Engineering,PhD,2027,29863,1,1,0,0,1,0,1,Japnese,private,0
419,Hiroshi,Müller,student,Australia,suburban,UNSW,Data Science,Master,2026,22898,1,0,1,0,1,0,1,Hindi,private,1
420,Aisha,Malik,parent,Brazil,suburban,University of Sydney,Computer Science,Master,2027,52140,1,1,0,1,1,1,0,Japnese,dorm,0
421,Sumaiya,Dubois,student,India,regional,Monash University,Artificial Intelligence,Master,2026,53513,0,1,1,0,1,0,0,French,shared,1
422,Hiroshi,Garcia,student,China,suburban,Australian National University,Mechanical Engineering,PhD,2027,45787,0,0,0,1,1,0,0,Mandarin,dorm,0
423,Chloé,Khan,student,Australia,urban,Monash University,Business Analytics,PhD,2026,56515,1,1,1,0,1,1,0,Hindi,private,0
424,Amara,Iqbal,student,Vietnam,urban,University of Sydney,Data Science,PhD,2027,57045,0,0,0,1,0,1,0,Indonesian,shared,0
425,Mei,Kumar,student,Brazil,regional,University of Melbourne,Finance,Master,2027,16345,1,1,0,0,0,1,0,Indonesian,dorm,1
426,Ji-won,Das,student,Brazil,urban,UNSW,Finance,PhD,2026,54781,0,0,0,1,0,0,1,Hindi,dorm,0
427,Sarvesh,Rossi,student,India,urban,University of Western Australia,Artificial Intelligence,Bachelor,2026,30490,0,0,1,0,1,0,1,Japnese,private,1
428,Sarvesh,Tanaka,student,UAE,urban,University of Queensland,Business Analytics,Master,2026,27976,1,0,1,1,0,1,1,Mandarin,private,0
429,Fatima,Dubois,parent,China,regional,University of Melbourne,Mechanical Engineering,Bachelor,2027,57419,0,0,0,0,1,0,1,Indonesian,shared,0
430,Ji-won,Nguyen,student,Nigeria,urban,University of Queensland,Business Analytics,PhD,2027,49854,0,1,1,1,0,1,0,English,private,0
431,Kenji,Mansoor,student,China,urban,Australian National University,Finance,Bachelor,2027,44137,0,0,1,1,1,0,1,Mandarin,shared,1
432,Aisha,Smirnov,student,Brazil,urban,University of Western Australia,Artificial Intelligence,PhD,2026,27509,1,0,0,0,0,0,1,English,dorm,0
433,Mateo,Bakare,student,Brazil,urban,Australian National University,Mechanical Engineering,Bachelor,2026,22988,0,0,1,1,1,1,0,Spanish,private,1
434,Ivan,Chaudhary,parent,Nigeria,urban,University of Adelaide,Business Analytics,Bachelor,2026,40259,0,0,1,1,0,1,0,English,shared,1
435,Mateo,Garcia,student,UAE,suburban,University of Queensland,Psychology,Master,2027,51551,1,0,0,0,1,0,0,Hindi,shared,1
436,Sarvesh,Chaudhary,student,Japan,urban,University of Melbourne,Artificial Intelligence,PhD,2026,34654,1,0,1,0,1,0,1,French,private,1
437,Tanvir,Rossi,student,Australia,regional,University of Sydney,Business Analytics,Bachelor,2026,36561,1,1,0,1,1,0,0,Japnese,private,0
438,Hiroshi,Park,student,Vietnam,suburban,University of Adelaide,Data Science,PhD,2026,43579,1,1,1,0,0,0,1,Spanish,private,1
439,Mathis,Kumar,parent,Brazil,regional,University of Melbourne,Finance,PhD,2027,56810,1,1,0,0,1,1,0,Mandarin,dorm,0
440,Zoya,Patil,parent,Brazil,urban,University of Adelaide,Artificial Intelligence,Bachelor,2026,55419,1,0,1,1,1,1,1,Mandarin,private,0
441,Mateo,Tanaka,student,China,suburban,University of Sydney,Artificial Intelligence,Master,2027,55333,1,0,1,0,1,1,1,Japnese,shared,1
442,Yuki,Gomez,student,Vietnam,suburban,University of Western Australia,Artificial Intelligence,Bachelor,2027,27654,1,1,0,1,0,0,1,Spanish,shared,0
443,Suresh,Olsen,student,Indonesia,urban,University of Melbourne,Artificial Intelligence,Bachelor,2026,21381,1,0,0,1,0,0,0,Mandarin,private,0
444,Suresh,Malik,student,Nigeria,suburban,University of Adelaide,Artificial Intelligence,PhD,2026,24820,1,0,1,1,1,1,1,Japnese,private,0
445,Mei,Park,student,India,suburban,University of Adelaide,Data Science,PhD,2026,54424,1,1,0,1,1,1,0,Japnese,dorm,0
446,Chloé,Rossi,student,UAE,suburban,University of Adelaide,Finance,Bachelor,2027,45210,0,0,0,1,0,0,1,English,private,0
447,Zoya,Chen,student,UAE,regional,Monash University,Artificial Intelligence,PhD,2027,48084,1,0,0,1,0,1,1,Hindi,shared,0
448,Zane,Smirnov,parent,Australia,urban,University of Melbourne,Computer Science,PhD,2026,47368,1,1,1,0,1,0,1,Indonesian,private,1
449,Nusrat,Olsen,student,China,regional,University of Melbourne,Artificial Intelligence,Bachelor,2026,52626,1,1,1,0,0,1,1,Japnese,private,0
450,Omar,Park,parent,Nigeria,suburban,Monash University,Business Analytics,PhD,2027,46551,1,0,1,0,1,1,0,Indonesian,dorm,1
451,Yuki,Hossain,student,Nigeria,suburban,University of Melbourne,Mechanical Engineering,PhD,2026,51849,1,0,1,0,1,1,0,English,private,1
452,Sana,Chaudhary,parent,Indonesia,regional,UNSW,Artificial Intelligence,Master,2027,55390,1,1,1,0,0,1,0,Hindi,private,0
453,Arjun,Chen,parent,Japan,suburban,University of Adelaide,Psychology,Bachelor,2027,47612,0,0,0,0,0,1,0,English,shared,1
454,Fatima,Kim,student,India,regional,University of Western Australia,Computer Science,PhD,2027,42917,0,1,0,0,0,0,0,Japnese,dorm,0
455,Diego,Patil,student,Nigeria,regional,University of Sydney,Computer Science,PhD,2027,21588,1,1,1,1,1,1,0,Indonesian,private,0
456,Li,Hernandez,student,UAE,urban,University of Western Australia,Mechanical Engineering,Master,2026,45306,1,0,0,1,1,0,1,Spanish,private,0
457,Yuki,Al-Farsi,student,Nigeria,regional,UNSW,Artificial Intelligence,Master,2026,45837,1,1,0,0,0,0,0,English,dorm,1
458,Saanvi,Suzuki,parent,India,suburban,University of Queensland,Psychology,Master,2026,56856,0,0,1,0,1,0,1,Hindi,shared,1
459,Amara,Siddiqui,student,Australia,suburban,University of Queensland,Computer Science,Bachelor,2026,38973,1,1,0,1,0,0,1,Spanish,dorm,1
460,Saanvi,Chaudhary,parent,Japan,suburban,University of Melbourne,Mechanical Engineering,Master,2026,28106,0,0,0,0,0,0,1,Indonesian,shared,0
461,Diego,Lefebvre,student,Brazil,suburban,Monash University,Finance,Bachelor,2027,34612,1,0,0,1,1,1,1,English,dorm,0
462,Aisha,Rahman,student,Indonesia,urban,University of Adelaide,Business Analytics,Bachelor,2027,38545,0,1,1,1,0,0,0,French,private,1
463,Sumaiya,Iqbal,student,Australia,suburban,Monash University,Business Analytics,Bachelor,2026,50199,0,1,1,1,1,1,0,English,shared,1
464,Chloé,Moreau,parent,Indonesia,suburban,University of Queensland,Business Analytics,PhD,2027,45576,1,1,1,0,0,1,0,Japnese,dorm,1
465,Hamza,Malik,parent,Nigeria,suburban,University of Adelaide,Data Science,PhD,2026,39026,1,1,1,1,1,1,1,French,private,0
466,Sana,Sato,student,Australia,urban,Australian National University,Business Analytics,Master,2026,40086,0,0,1,1,0,1,1,Mandarin,dorm,1
467,Yuki,Olsen,parent,Brazil,regional,University of Queensland,Finance,PhD,2027,22775,0,1,1,1,0,0,0,English,shared,1
468,Diego,Garcia,student,Australia,regional,University of Western Australia,Artificial Intelligence,Bachelor,2026,31612,0,0,1,1,0,1,0,Hindi,dorm,0
469,Mei,Olsen,parent,China,regional,University of Melbourne,Computer Science,Bachelor,2026,18353,0,1,0,1,1,1,1,English,shared,0
470,Hiroshi,Rossi,student,Brazil,urban,Monash University,Artificial Intelligence,Master,2027,33514,0,1,1,0,1,0,0,Spanish,shared,1
471,Zane,Mansoor,student,Indonesia,regional,Australian National University,Artificial Intelligence,Master,2026,36223,0,0,0,0,1,1,1,Hindi,shared,0
472,Sana,Kim,student,Vietnam,suburban,UNSW,Computer Science,Master,2027,18122,0,0,1,0,0,0,1,French,dorm,1
473,Zane,Nguyen,student,UAE,suburban,University of Western Australia,Mechanical Engineering,PhD,2026,38469,0,1,1,1,1,0,0,French,dorm,0
474,Ananya,Park,parent,India,regional,University of Adelaide,Computer Science,Master,2027,43557,1,0,1,1,1,0,0,Mandarin,dorm,1
475,Priya,Suzuki,student,UAE,urban,UNSW,Finance,PhD,2027,24027,0,0,1,0,1,0,0,Japnese,private,0
476,Suresh,Gomez,student,Indonesia,suburban,Australian National University,Mechanical Engineering,Master,2027,31516,1,0,0,0,1,1,1,Hindi,shared,1
477,Abrar,Moreau,parent,China,regional,University of Adelaide,Psychology,Bachelor,2027,50435,1,0,0,0,0,1,0,English,shared,0
478,Amara,Patil,parent,Nigeria,suburban,University of Sydney,Data Science,Bachelor,2027,55555,1,0,1,1,0,1,1,French,dorm,1
479,Aisha,Chen,student,Japan,suburban,University of Western Australia,Psychology,PhD,2027,51281,0,0,1,1,1,0,0,English,dorm,0
480,Clara,Mansoor,student,Japan,urban,Monash University,Data Science,Bachelor,2026,25229,1,1,0,0,0,1,0,Spanish,private,0
481,Sarvesh,Gomez,parent,Indonesia,suburban,Australian National University,Mechanical Engineering,Master,2027,27142,1,0,0,0,1,0,0,English,shared,0
482,Chloé,Lefebvre,student,India,regional,University of Sydney,Artificial Intelligence,Master,2027,44668,1,1,0,1,1,1,1,Japnese,dorm,1
483,Li,Das,student,India,urban,University of Melbourne,Computer Science,Master,2026,19399,1,1,0,0,0,0,0,French,shared,1
484,Saanvi,Hossain,student,Vietnam,urban,University of Queensland,Finance,Master,2026,32780,1,0,1,0,0,0,1,French,private,1
485,Yuki,Chen,student,Nigeria,suburban,Monash University,Artificial Intelligence,PhD,2026,26910,0,0,1,0,1,1,1,French,dorm,1
486,Amara,Das,student,Vietnam,urban,UNSW,Mechanical Engineering,Bachelor,2026,47568,0,0,0,1,0,1,1,Mandarin,private,1
487,Amira,Hossain,parent,Vietnam,urban,University of Queensland,Artificial Intelligence,PhD,2027,16949,0,0,1,0,0,1,1,Spanish,private,1
488,Sumaiya,Garcia,student,Australia,urban,University of Western Australia,Artificial Intelligence,PhD,2027,32780,1,0,1,0,0,1,1,Indonesian,dorm,0
489,Li,Nguyen,student,Brazil,urban,University of Western Australia,Psychology,Bachelor,2027,17476,1,0,0,0,0,0,1,French,shared,0
490,Yuki,Rossi,student,India,suburban,Monash University,Finance,Master,2027,29369,0,1,1,1,1,1,1,Japnese,shared,0
491,Sana,Lefebvre,student,Brazil,urban,University of Queensland,Artificial Intelligence,Bachelor,2027,40889,1,0,0,1,0,1,0,Japnese,private,1
492,Ji-won,Wei,student,Nigeria,urban,Australian National University,Computer Science,Bachelor,2026,20716,1,1,1,1,1,1,1,Indonesian,dorm,0
493,Mei,Chaudhary,student,India,suburban,Australian National University,Computer Science,Bachelor,2027,48290,1,0,0,1,1,1,0,Indonesian,private,1
494,Jueqing,Dubois,student,Australia,urban,Monash University,Business Analytics,PhD,2027,29362,0,0,0,1,1,1,1,Japnese,dorm,1
495,Chloé,Chen,student,Nigeria,urban,University of Western Australia,Business Analytics,PhD,2026,22962,0,0,0,0,1,1,0,Japnese,dorm,0
496,Trang,Rahman,student,China,suburban,University of Melbourne,Mechanical Engineering,Master,2027,53964,1,0,1,1,0,0,0,Mandarin,shared,1
497,Julien,Sato,student,Brazil,urban,Australian National University,Mechanical Engineering,Bachelor,2026,33653,0,1,1,0,0,0,0,English,private,0
498,Yuki,Hossain,student,Indonesia,suburban,University of Queensland,Mechanical Engineering,PhD,2027,19323,0,0,1,1,0,1,1,Indonesian,dorm,1
499,Sofia,Chaudhary,parent,Indonesia,suburban,UNSW,Computer Science,PhD,2027,50636,1,1,1,0,0,1,1,Hindi,private,0
500,Trang,Nguyen,parent,UAE,urban,University of Melbourne,Psychology,Master,2027,35612,1,0,0,0,0,1,0,Spanish,shared,0
501,Ji-won,Müller,parent,Australia,suburban,UNSW,Artificial Intelligence,Bachelor,2026,25069,1,0,1,1,0,1,1,Hindi,private,1
502,Diego,Wong,student,Indonesia,regional,University of Queensland,Artificial Intelligence,Bachelor,2026,27662,1,1,0,0,1,0,1,Mandarin,private,1
503,Hiroshi,Iqbal,student,China,urban,UNSW,Computer Science,PhD,2026,22769,1,1,1,0,0,0,1,French,shared,0
504,Zoya,Mansoor,student,China,suburban,University of Western Australia,Finance,Master,2027,53861,1,1,1,1,0,0,0,English,private,1
505,Li,Bakare,student,Japan,urban,Monash University,Business Analytics,Bachelor,2027,45767,1,0,1,0,0,0,1,French,private,1
506,Hamza,Lefebvre,student,India,regional,University of Queensland,Finance,PhD,2026,51007,0,0,0,0,0,0,0,English,private,0
507,Abrar,Mansoor,student,Brazil,urban,University of Adelaide,Computer Science,Bachelor,2027,42168,1,1,1,0,0,1,1,Hindi,shared,0
508,Chloé,Haddad,student,India,regional,University of Western Australia,Data Science,Bachelor,2026,17540,1,1,1,0,1,0,1,Mandarin,shared,0
509,Rohan,Suzuki,student,Japan,suburban,UNSW,Artificial Intelligence,PhD,2026,48412,0,0,0,1,0,1,1,Hindi,dorm,1
510,Diego,Hossain,parent,Vietnam,urban,University of Queensland,Artificial Intelligence,Bachelor,2027,15615,1,1,1,0,1,0,1,Hindi,shared,1
511,Yuki,Moreau,student,Brazil,urban,Monash University,Mechanical Engineering,Bachelor,2027,31066,0,0,1,0,0,1,1,English,shared,0
512,Diego,Müller,student,Brazil,suburban,UNSW,Psychology,Bachelor,2026,54764,0,0,1,0,0,1,0,Mandarin,private,0
513,Hans,Rossi,student,Japan,regional,University of Queensland,Business Analytics,PhD,2026,57408,1,0,0,0,0,0,1,Hindi,dorm,1
514,Hamza,Chen,student,Indonesia,suburban,Monash University,Mechanical Engineering,PhD,2027,51119,0,1,0,0,1,1,1,Hindi,dorm,0
515,Amira,Khan,student,Australia,suburban,University of Adelaide,Artificial Intelligence,Bachelor,2026,58796,1,0,0,1,0,1,1,English,private,1
516,Rohan,Iqbal,student,China,suburban,University of Melbourne,Finance,PhD,2026,48784,0,1,1,1,1,0,1,English,dorm,0
517,Abrar,Iqbal,student,China,regional,University of Adelaide,Business Analytics,PhD,2026,52912,1,1,1,0,1,1,0,Japnese,shared,1
518,Nusrat,Suzuki,parent,UAE,suburban,UNSW,Psychology,Master,2027,29664,0,0,1,0,1,0,0,French,dorm,1
519,Rohan,Dubois,student,India,regional,University of Sydney,Business Analytics,Master,2026,50858,0,1,1,0,1,0,0,Hindi,shared,0
520,Ji-won,Gomez,parent,Vietnam,regional,University of Western Australia,Mechanical Engineering,Bachelor,2027,38153,0,0,0,0,1,1,0,Mandarin,shared,1
521,Nusrat,Smirnov,parent,China,suburban,University of Queensland,Finance,Master,2026,33437,0,0,1,1,1,0,0,Spanish,dorm,0
522,Julien,Park,parent,Vietnam,suburban,University of Adelaide,Data Science,Master,2027,28464,0,1,0,0,1,0,0,Spanish,shared,1
523,Ivan,Smirnov,student,India,suburban,University of Queensland,Business Analytics,Master,2026,55193,0,1,0,0,0,0,0,Mandarin,shared,1
524,Rohan,Siddiqui,parent,Australia,regional,University of Queensland,Data Science,Master,2026,19848,1,0,0,0,0,1,1,Indonesian,dorm,1
525,Sarvesh,Wong,student,Vietnam,urban,University of Melbourne,Finance,PhD,2027,54173,0,1,1,1,1,0,0,English,private,0
526,Mathis,Hossain,parent,Vietnam,regional,University of Queensland,Finance,Bachelor,2027,52676,0,0,0,1,1,0,1,Indonesian,private,0
527,Sofia,Lefebvre,student,Australia,regional,Australian National University,Finance,PhD,2027,41807,0,0,1,1,0,0,0,Indonesian,dorm,1
528,Fatima,Chen,parent,Japan,suburban,University of Western Australia,Computer Science,Bachelor,2027,57435,1,0,1,0,0,1,1,Japnese,dorm,1
529,Kenji,Tanaka,student,Australia,regional,UNSW,Data Science,Bachelor,2026,36318,0,0,1,0,0,1,1,French,dorm,1
530,Mateo,Moreau,student,Vietnam,urban,Monash University,Data Science,Bachelor,2027,47229,0,1,1,1,0,1,0,Hindi,shared,1
531,Nina,Haddad,student,China,suburban,University of Melbourne,Mechanical Engineering,PhD,2026,52981,1,1,1,1,0,0,0,French,private,1
532,Priya,Chaudhary,student,UAE,urban,University of Sydney,Business Analytics,Bachelor,2026,32451,1,1,1,0,0,0,1,French,private,0
533,Tanvir,Rossi,parent,India,regional,Monash University,Artificial Intelligence,Master,2026,37513,1,0,0,0,1,0,0,Indonesian,shared,1
534,Hiroshi,Garcia,student,Vietnam,regional,University of Queensland,Mechanical Engineering,Master,2026,51004,0,0,0,1,1,1,0,English,shared,1
535,Nusrat,Rahman,parent,Indonesia,suburban,University of Adelaide,Psychology,Master,2027,27377,0,1,1,1,1,0,1,English,private,0
536,Chloé,Mansoor,parent,China,regional,University of Western Australia,Psychology,Master,2027,42382,1,0,1,0,0,1,0,French,private,1
537,Saanvi,Iyer,student,Indonesia,urban,University of Melbourne,Finance,Bachelor,2026,32756,1,0,0,0,0,0,1,English,dorm,0
538,Zane,Wei,student,Japan,suburban,University of Adelaide,Mechanical Engineering,Bachelor,2026,53994,0,0,1,1,0,0,1,French,shared,1
539,Sana,Garcia,student,Nigeria,urban,University of Melbourne,Mechanical Engineering,Master,2026,41863,1,1,1,0,0,0,1,Indonesian,private,0
540,Jueqing,Sato,student,India,regional,University of Queensland,Business Analytics,PhD,2027,50239,0,1,0,0,0,1,1,French,shared,1
541,Li,Bakare,student,Nigeria,suburban,University of Melbourne,Mechanical Engineering,Master,2027,17370,1,1,0,0,0,0,1,Japnese,dorm,0
542,Sofia,Rahman,parent,Indonesia,urban,University of Adelaide,Psychology,Master,2027,56049,1,0,1,0,1,1,0,Spanish,shared,1
543,Sumaiya,Wong,student,Australia,urban,University of Queensland,Data Science,PhD,2027,37071,0,1,1,0,1,1,1,Hindi,private,1
544,Amara,Chen,student,Japan,urban,UNSW,Data Science,PhD,2026,49071,1,0,1,0,1,1,0,Japnese,shared,0
545,Diego,Moreau,student,Indonesia,suburban,University of Queensland,Psychology,Master,2027,50306,1,0,0,0,1,0,0,Indonesian,shared,0
546,Sofia,Müller,student,Nigeria,regional,University of Western Australia,Finance,PhD,2026,51346,0,1,1,1,0,1,0,Indonesian,dorm,0
547,Chloé,Rahman,parent,Indonesia,regional,University of Adelaide,Artificial Intelligence,PhD,2027,31147,0,0,0,0,0,1,1,French,dorm,1
548,Nina,Smirnov,student,China,suburban,Australian National University,Mechanical Engineering,Master,2026,44357,1,0,0,0,1,1,1,Hindi,dorm,1
549,Sumaiya,Rahman,student,UAE,regional,University of Adelaide,Data Science,Bachelor,2026,22528,0,1,1,0,0,0,1,Mandarin,shared,1
550,Chloé,Wei,student,Japan,regional,University of Melbourne,Mechanical Engineering,Master,2027,48829,1,1,0,0,0,1,0,Spanish,private,0
551,Fatima,Garcia,student,India,urban,Australian National University,Data Science,Master,2027,29426,0,0,0,1,1,0,0,Spanish,private,1
552,Hamza,Sato,student,Vietnam,suburban,University of Sydney,Mechanical Engineering,Bachelor,2026,38026,1,1,0,0,0,0,1,French,dorm,0
553,Zane,Rahman,student,Brazil,urban,University of Adelaide,Computer Science,Bachelor,2027,56867,1,1,1,1,0,0,0,Hindi,dorm,1
554,Omar,Hernandez,student,Japan,urban,UNSW,Finance,Master,2027,55512,0,0,0,0,1,0,0,Indonesian,private,1
555,Kenji,Gomez,student,Indonesia,urban,University of Sydney,Artificial Intelligence,Master,2027,46056,1,0,0,0,1,1,1,English,private,0
556,Sarvesh,Hernandez,student,Nigeria,regional,Monash University,Data Science,Bachelor,2027,32896,1,0,0,0,0,1,0,Indonesian,dorm,0
557,Léa,Malik,student,Brazil,urban,University of Melbourne,Business Analytics,Bachelor,2027,33951,1,1,1,1,1,0,1,French,shared,1
558,Ananya,Khan,parent,Australia,urban,University of Adelaide,Computer Science,PhD,2026,41041,1,1,0,1,0,1,1,English,dorm,1
559,Sofia,Haddad,student,Japan,urban,University of Queensland,Data Science,Bachelor,2027,18031,0,0,1,1,1,1,0,Indonesian,dorm,1
560,Hans,Wong,parent,Australia,suburban,University of Queensland,Artificial Intelligence,Bachelor,2027,16525,1,1,1,1,0,1,0,English,shared,0
561,Mathis,Dubois,parent,Australia,regional,Monash University,Finance,PhD,2026,19694,1,1,1,1,1,0,0,Hindi,shared,0
562,Elena,Haddad,student,India,suburban,University of Melbourne,Data Science,Bachelor,2027,51022,1,1,1,0,0,1,1,English,shared,1
563,Kenji,Iyer,parent,Indonesia,suburban,University of Melbourne,Data Science,PhD,2026,57996,0,0,1,1,0,0,0,Indonesian,private,0
564,Aisha,Park,student,Nigeria,urban,Monash University,Computer Science,PhD,2027,53003,1,1,1,0,1,1,0,Mandarin,private,1
565,Léa,Iyer,parent,India,regional,UNSW,Finance,Master,2027,59219,0,1,1,1,1,0,1,Japnese,private,0
566,Aisha,Chen,student,Japan,regional,Monash University,Artificial Intelligence,Master,2027,19557,1,0,1,0,0,1,0,Indonesian,shared,0
567,Trang,Olsen,student,Indonesia,urban,University of Melbourne,Finance,Bachelor,2027,56985,1,0,0,0,0,0,1,Mandarin,dorm,0
568,Sana,Müller,parent,Brazil,urban,UNSW,Computer Science,PhD,2026,48644,1,0,0,1,0,1,1,Indonesian,shared,0
569,Julien,Gomez,student,Indonesia,regional,University of Western Australia,Finance,Bachelor,2027,29575,1,0,0,0,1,0,0,Mandarin,dorm,0
570,Yuki,Bakare,student,UAE,suburban,Australian National University,Data Science,Master,2027,19642,0,1,1,0,1,0,0,Mandarin,private,0
571,Zane,Tanaka,student,India,suburban,Monash University,Mechanical Engineering,Master,2026,56553,0,0,1,0,0,1,1,Indonesian,private,1
572,Mathis,Bakare,parent,Nigeria,suburban,University of Melbourne,Artificial Intelligence,PhD,2026,23279,1,0,0,1,1,1,1,English,private,0
573,Mathis,Mansoor,student,UAE,suburban,University of Western Australia,Business Analytics,PhD,2027,57363,1,0,1,1,0,1,1,Hindi,shared,0
574,Ivan,Smirnov,student,Vietnam,urban,Australian National University,Business Analytics,PhD,2027,32959,0,0,0,1,0,0,1,Hindi,private,0
575,Jueqing,Haddad,student,China,urban,UNSW,Business Analytics,Master,2026,37311,0,0,1,1,0,0,1,Hindi,shared,1
576,Elena,Hossain,student,India,urban,University of Queensland,Business Analytics,Master,2027,19127,0,1,1,1,1,1,0,Hindi,private,0
577,Sofia,Das,student,Indonesia,suburban,UNSW,Mechanical Engineering,Bachelor,2026,32232,0,0,0,1,1,1,0,English,dorm,1
578,Zoya,Wei,parent,Japan,suburban,University of Adelaide,Psychology,Master,2027,29508,0,0,0,1,1,0,1,French,private,0
579,Lucas,Garcia,parent,Australia,urban,University of Western Australia,Computer Science,Bachelor,2026,58040,0,0,0,0,1,1,1,English,private,1
580,Elena,Malik,student,China,urban,UNSW,Artificial Intelligence,Bachelor,2027,33697,0,0,1,0,1,1,1,English,private,0
581,Zane,Hernandez,student,Nigeria,regional,Monash University,Psychology,PhD,2027,19625,0,0,0,0,0,1,0,French,dorm,0
582,Zane,Suzuki,student,Indonesia,suburban,University of Melbourne,Artificial Intelligence,PhD,2026,47348,1,1,0,0,0,1,1,English,shared,0
583,Nina,Park,parent,India,urban,University of Adelaide,Finance,Bachelor,2026,53008,1,0,0,1,0,0,0,Mandarin,shared,0
584,Kenji,Rossi,student,UAE,suburban,University of Queensland,Finance,PhD,2026,42758,1,1,1,1,1,0,0,English,shared,1
585,Ji-won,Gomez,parent,Indonesia,regional,University of Sydney,Computer Science,Master,2027,53928,1,1,0,1,1,0,0,Indonesian,dorm,0
586,Julien,Wei,parent,Japan,regional,University of Adelaide,Psychology,PhD,2026,28946,0,0,1,1,1,0,1,Hindi,dorm,1
587,Zane,Gomez,parent,Vietnam,suburban,University of Western Australia,Data Science,PhD,2027,47233,0,0,1,1,1,0,0,Mandarin,dorm,0
588,Ananya,Chen,student,Brazil,suburban,UNSW,Computer Science,PhD,2027,32085,1,1,0,1,1,0,1,Japnese,private,0
589,Trang,Suzuki,student,UAE,urban,University of Melbourne,Psychology,Bachelor,2027,30154,0,1,1,1,1,0,0,Mandarin,private,0
590,Ananya,Wei,parent,Japan,urban,University of Melbourne,Mechanical Engineering,PhD,2027,32892,0,1,1,0,0,1,0,French,dorm,0
591,Arjun,Suzuki,parent,Indonesia,regional,University of Melbourne,Mechanical Engineering,PhD,2027,18649,1,1,0,0,1,1,1,Indonesian,dorm,1
592,Zaid,Hossain,student,Vietnam,regional,University of Western Australia,Finance,PhD,2026,59104,0,1,0,0,0,1,0,Mandarin,private,0
593,Hamza,Sato,student,Australia,suburban,University of Adelaide,Computer Science,Bachelor,2026,44601,0,0,1,1,1,1,0,Indonesian,private,0
594,Hiroshi,Khan,parent,Japan,regional,University of Sydney,Finance,PhD,2026,58173,1,0,1,0,1,1,1,Indonesian,shared,0
595,Mathis,Wong,parent,Australia,regional,University of Queensland,Data Science,PhD,2027,34864,0,1,1,1,1,1,1,Japnese,shared,1
596,Jueqing,Tanaka,student,Nigeria,suburban,Monash University,Finance,PhD,2027,27391,0,1,0,1,0,0,0,French,shared,0
597,Ivan,Rahman,student,Brazil,suburban,University of Western Australia,Business Analytics,Master,2026,29053,1,0,0,1,0,0,0,Hindi,private,1
598,Chloé,Bakare,parent,UAE,urban,Australian National University,Business Analytics,Bachelor,2027,45188,1,1,0,0,0,0,1,Hindi,dorm,0
599,Sarvesh,Das,parent,Vietnam,suburban,UNSW,Business Analytics,Master,2026,45825,0,0,0,1,1,1,0,French,dorm,0
600,Ji-won,Sato,student,UAE,urban,University of Adelaide,Data Science,Master,2026,23305,1,0,0,1,1,0,1,Hindi,shared,1
601,Chloé,Bakare,student,Brazil,suburban,UNSW,Psychology,Bachelor,2027,29412,1,0,0,1,0,1,0,English,dorm,0
602,Aisha,Kumar,student,India,urban,University of Melbourne,Artificial Intelligence,Bachelor,2026,49344,0,1,1,0,1,1,1,Hindi,dorm,0
603,Sana,Chatterjee,student,Vietnam,urban,UNSW,Data Science,Bachelor,2027,38825,0,1,0,0,1,0,0,Indonesian,private,0
604,Li,Wei,parent,Japan,urban,University of Melbourne,Psychology,PhD,2027,55781,1,1,0,0,1,1,0,Japnese,private,1
605,Ishaan,Rahman,parent,Brazil,urban,University of Adelaide,Psychology,Bachelor,2027,27736,0,1,0,0,0,0,1,English,dorm,1
606,Léa,Wei,parent,Japan,suburban,University of Adelaide,Business Analytics,PhD,2027,59176,1,1,1,1,1,1,1,English,shared,1
607,Ji-won,Kumar,student,Brazil,regional,University of Sydney,Mechanical Engineering,PhD,2027,21013,0,0,1,0,1,1,1,Spanish,private,0
608,Li,Garcia,parent,India,regional,Australian National University,Business Analytics,Bachelor,2026,21088,1,0,1,0,0,0,0,French,dorm,0
609,Lucas,Lefebvre,parent,Brazil,regional,University of Queensland,Business Analytics,Master,2027,23127,0,0,1,1,0,1,1,English,private,0
610,Sarvesh,Sharma,student,Brazil,suburban,University of Melbourne,Mechanical Engineering,PhD,2026,46671,0,1,1,1,0,1,0,Hindi,shared,0
611,Bilal,Smirnov,student,UAE,urban,University of Queensland,Mechanical Engineering,Bachelor,2027,18841,0,1,1,1,1,0,1,Mandarin,shared,0
612,Yuki,Sato,parent,Vietnam,suburban,University of Sydney,Data Science,Master,2026,55899,0,0,1,1,0,0,0,Spanish,dorm,1
613,Hamza,Siddiqui,student,Brazil,regional,Monash University,Finance,Bachelor,2026,27880,1,1,0,1,0,0,1,English,dorm,1
614,Sana,Tanaka,student,China,suburban,UNSW,Artificial Intelligence,PhD,2026,36775,1,0,1,0,0,1,1,Mandarin,shared,0
615,Ji-won,Wei,student,Japan,suburban,University of Western Australia,Business Analytics,Master,2027,25949,0,0,0,0,1,1,1,Spanish,shared,0
616,Lucas,Chatterjee,student,Vietnam,suburban,University of Adelaide,Data Science,Bachelor,2027,33177,1,1,1,1,0,0,0,English,dorm,0
617,Ishaan,Iqbal,student,Indonesia,urban,University of Adelaide,Business Analytics,PhD,2026,49539,1,0,1,0,0,1,0,Indonesian,shared,1
618,Bilal,Iqbal,student,Vietnam,urban,UNSW,Data Science,PhD,2027,25378,0,0,0,1,0,0,0,Spanish,dorm,1
619,Trang,Dubois,student,Japan,urban,UNSW,Psychology,Master,2027,20269,0,0,1,0,0,0,0,Spanish,shared,0
620,Elena,Lefebvre,parent,Australia,suburban,Australian National University,Computer Science,PhD,2026,45916,0,1,1,1,0,0,1,Japnese,private,0
621,Ji-won,Iyer,student,Nigeria,regional,University of Melbourne,Data Science,Master,2027,40544,1,1,1,1,0,0,0,English,dorm,0
622,Mateo,Kim,student,Indonesia,regional,Monash University,Psychology,PhD,2027,30650,1,1,1,0,0,0,1,Spanish,private,0
623,Ananya,Tanaka,parent,China,regional,University of Sydney,Artificial Intelligence,Bachelor,2027,48541,0,0,1,1,1,0,1,Indonesian,shared,0
624,Priya,Olsen,student,Indonesia,regional,Monash University,Finance,Master,2026,49865,1,0,1,0,1,1,1,French,private,1
625,Mei,Khan,student,Indonesia,suburban,Monash University,Finance,PhD,2026,54366,0,0,1,0,0,0,0,French,dorm,1
626,Diego,Müller,parent,Nigeria,suburban,University of Western Australia,Finance,Master,2027,38514,0,1,0,1,1,0,1,Mandarin,private,1
627,Mateo,Chaudhary,student,Nigeria,suburban,University of Western Australia,Mechanical Engineering,Bachelor,2027,29214,1,1,1,0,1,1,0,Spanish,private,1
628,Mateo,Olsen,student,China,suburban,University of Adelaide,Data Science,Master,2027,33692,0,1,0,0,0,0,1,Hindi,dorm,0
629,Ji-won,Sato,student,Japan,regional,University of Queensland,Artificial Intelligence,Bachelor,2027,42125,0,0,1,0,0,1,1,Spanish,shared,0
630,Saanvi,Chaudhary,parent,Nigeria,urban,University of Western Australia,Computer Science,Master,2026,19472,0,1,1,0,0,1,1,Hindi,shared,0
631,Sumaiya,Nguyen,parent,Nigeria,suburban,University of Queensland,Psychology,Bachelor,2027,54612,0,1,0,0,1,0,1,Hindi,private,1
632,Kenji,Haddad,parent,India,urban,University of Western Australia,Computer Science,Bachelor,2027,23640,1,1,0,1,1,1,0,Mandarin,shared,0
633,Aisha,Dubois,student,Indonesia,urban,University of Melbourne,Computer Science,Master,2026,44878,1,1,0,1,1,1,1,Mandarin,dorm,1
634,Hans,Hossain,student,Nigeria,suburban,Monash University,Data Science,Master,2027,24774,1,0,1,1,1,1,1,Japnese,dorm,0
635,Ji-won,Park,student,Nigeria,suburban,University of Melbourne,Mechanical Engineering,Bachelor,2026,33915,1,1,0,0,0,0,1,French,dorm,1
636,Léa,Wei,parent,Japan,urban,University of Melbourne,Computer Science,Bachelor,2027,46298,1,0,1,1,1,0,1,Indonesian,private,1
637,Amira,Rossi,student,Indonesia,suburban,University of Western Australia,Computer Science,Master,2026,24759,1,1,0,1,1,1,0,Japnese,shared,1
638,Léa,Wong,student,India,regional,University of Western Australia,Psychology,Master,2027,32137,1,0,1,0,1,0,1,Mandarin,dorm,0
639,Nusrat,Tanaka,parent,China,suburban,University of Sydney,Mechanical Engineering,PhD,2026,50479,0,1,0,0,0,0,1,Mandarin,dorm,0
640,Fatima,Silva,student,Brazil,urban,University of Adelaide,Finance,PhD,2027,40515,0,0,0,1,1,1,1,Hindi,dorm,0
641,Julien,Dubois,parent,Australia,regional,Monash University,Psychology,PhD,2027,46744,1,1,1,1,1,1,1,Spanish,dorm,0
642,Nusrat,Silva,student,Japan,urban,University of Adelaide,Computer Science,Bachelor,2027,19091,1,1,1,1,1,0,0,Hindi,dorm,1
643,Amara,Gomez,parent,Indonesia,regional,Australian National University,Artificial Intelligence,Bachelor,2027,20909,0,0,1,0,0,1,0,English,dorm,1
644,Priya,Smirnov,student,Indonesia,suburban,Australian National University,Data Science,Master,2027,21880,0,1,1,0,1,1,0,Spanish,dorm,1
645,Mateo,Chen,parent,UAE,suburban,Monash University,Finance,PhD,2027,57622,1,0,0,1,0,0,1,Hindi,private,1
646,Ivan,Ahmed,student,Indonesia,urban,University of Queensland,Finance,PhD,2026,42050,0,0,0,1,1,1,0,English,shared,0
647,Zaid,Patil,student,India,suburban,University of Western Australia,Finance,Master,2027,43726,0,0,0,0,1,0,0,Japnese,shared,0
648,Amara,Smirnov,parent,Australia,regional,University of Melbourne,Artificial Intelligence,Bachelor,2026,45071,1,0,0,1,0,1,0,Japnese,dorm,0
649,Mathis,Patil,parent,India,suburban,University of Western Australia,Finance,Master,2026,47289,0,0,1,1,1,0,1,French,private,1
650,Mathis,Al-Farsi,student,Australia,urban,Australian National University,Data Science,PhD,2026,29103,1,1,1,0,0,0,1,Japnese,shared,0
651,Hiroshi,Ahmed,student,UAE,suburban,University of Melbourne,Psychology,PhD,2026,43547,0,0,1,1,1,0,0,Spanish,shared,1
652,Zoya,Wong,student,UAE,regional,Australian National University,Computer Science,PhD,2026,56706,0,1,0,0,1,0,0,Spanish,dorm,1
653,Hans,Dubois,student,Indonesia,urban,University of Adelaide,Business Analytics,PhD,2027,50582,1,0,0,1,0,0,0,Spanish,private,1
654,Rohan,Wong,parent,UAE,regional,Australian National University,Data Science,Master,2026,16445,1,0,0,0,1,0,0,French,private,0
655,Clara,Dubois,parent,Australia,regional,Monash University,Mechanical Engineering,Master,2026,56894,0,0,1,0,0,0,1,Hindi,private,1
656,Léa,Smirnov,parent,China,suburban,Australian National University,Artificial Intelligence,Master,2026,55634,0,0,0,1,1,1,0,Hindi,dorm,1
657,Nina,Al-Farsi,student,India,regional,Monash University,Artificial Intelligence,Bachelor,2026,57009,1,1,1,1,1,1,1,Indonesian,private,1
658,Ishaan,Chatterjee,student,Vietnam,regional,UNSW,Finance,PhD,2027,32103,0,0,0,1,0,0,1,Japnese,shared,0
659,Bilal,Olsen,student,UAE,urban,UNSW,Business Analytics,Bachelor,2026,35008,0,0,1,1,0,1,1,English,dorm,1
660,Zaid,Suzuki,student,Nigeria,urban,University of Western Australia,Finance,Bachelor,2026,59807,1,1,1,1,1,1,1,Japnese,dorm,0
661,Zoya,Ahmed,student,India,urban,University of Western Australia,Data Science,Master,2027,23197,1,0,1,0,0,1,0,French,shared,0
662,Diego,Moreau,student,Australia,suburban,University of Adelaide,Business Analytics,PhD,2026,32773,0,1,1,0,0,0,0,Indonesian,private,1
663,Omar,Olsen,student,UAE,urban,Australian National University,Finance,Bachelor,2026,37822,1,1,1,1,1,1,0,English,private,1
664,Zane,Rossi,student,Australia,regional,Australian National University,Business Analytics,Master,2027,38293,1,1,1,1,0,1,1,Hindi,private,1
665,Zane,Hossain,student,Indonesia,urban,University of Queensland,Artificial Intelligence,PhD,2027,34541,1,0,1,1,0,0,1,Mandarin,shared,1
666,Hans,Müller,parent,China,urban,Monash University,Finance,PhD,2026,39842,0,1,1,0,0,1,0,Indonesian,shared,0
667,Léa,Mansoor,student,Japan,suburban,University of Adelaide,Mechanical Engineering,Master,2026,44691,1,1,1,1,0,0,1,Hindi,shared,0
668,Hamza,Dubois,parent,India,urban,University of Sydney,Finance,Master,2026,48586,1,1,1,0,1,1,0,Mandarin,dorm,0
669,Nina,Ahmed,parent,India,regional,University of Western Australia,Mechanical Engineering,Bachelor,2026,46488,1,0,0,0,1,1,0,Mandarin,private,0
670,Amara,Sato,student,Vietnam,urban,Monash University,Artificial Intelligence,PhD,2027,32135,0,0,1,1,0,0,1,Indonesian,dorm,1
671,Rohan,Kim,student,India,urban,Monash University,Artificial Intelligence,PhD,2026,31187,0,0,1,0,1,0,1,Mandarin,dorm,0
672,Abrar,Park,parent,Nigeria,regional,University of Melbourne,Mechanical Engineering,Master,2027,38532,0,1,1,0,1,0,0,Mandarin,private,0
673,Ivan,Kumar,parent,India,urban,University of Melbourne,Business Analytics,PhD,2027,28536,0,0,0,1,0,0,1,English,dorm,0
674,Diego,Kim,student,Brazil,regional,University of Adelaide,Data Science,PhD,2026,47019,0,0,0,0,1,0,0,English,private,1
675,Clara,Patil,student,Nigeria,regional,Monash University,Psychology,Bachelor,2027,55841,1,1,1,1,0,1,0,Japnese,shared,1
676,Ji-won,Kim,parent,India,regional,Monash University,Data Science,Bachelor,2026,23154,0,0,0,0,1,0,1,French,shared,0
677,Hiroshi,Nguyen,student,Japan,urban,University of Western Australia,Mechanical Engineering,Bachelor,2026,37163,0,0,0,1,0,0,1,Indonesian,shared,0
678,Aisha,Haddad,student,Vietnam,urban,University of Queensland,Artificial Intelligence,Bachelor,2026,16377,1,0,1,1,0,0,0,French,private,0
679,Mathis,Kumar,student,Nigeria,suburban,University of Queensland,Data Science,Bachelor,2027,55861,0,0,0,1,1,0,0,Hindi,shared,1
680,Zoya,Olsen,student,Indonesia,urban,University of Melbourne,Computer Science,PhD,2027,51058,0,1,0,1,0,0,1,English,private,0
681,Ji-won,Patil,student,Japan,urban,University of Melbourne,Mechanical Engineering,Master,2026,54039,0,1,0,0,1,0,1,Indonesian,private,0
682,Rohan,Park,student,Japan,suburban,University of Sydney,Data Science,PhD,2027,32995,0,0,0,0,0,1,1,Japnese,private,1
683,Yuki,Bakare,student,Nigeria,regional,University of Sydney,Computer Science,Bachelor,2026,23660,1,0,0,0,0,0,0,Indonesian,shared,1
684,Sarvesh,Sharma,parent,Brazil,suburban,University of Melbourne,Computer Science,Bachelor,2027,40481,0,1,0,1,0,1,1,Japnese,dorm,1
685,Sana,Siddiqui,student,Vietnam,suburban,University of Western Australia,Finance,Master,2027,15103,0,0,0,0,1,0,1,Mandarin,shared,0
686,Diego,Iyer,parent,India,regional,UNSW,Psychology,Master,2026,41384,1,0,0,0,1,1,0,French,private,0
687,Amara,Siddiqui,parent,Japan,suburban,Australian National University,Finance,Bachelor,2026,15781,1,1,1,0,1,0,1,Mandarin,shared,0
688,Zoya,Chen,student,UAE,regional,University of Sydney,Finance,Bachelor,2026,55057,1,0,0,0,1,1,0,Spanish,shared,0
689,Mei,Al-Farsi,student,Nigeria,suburban,University of Adelaide,Artificial Intelligence,Bachelor,2026,15861,1,1,0,0,0,0,0,French,dorm,1
690,Suresh,Wei,student,Nigeria,urban,University of Adelaide,Finance,Master,2026,44223,1,1,1,1,1,1,1,English,dorm,0
691,Kavya,Smirnov,parent,Australia,regional,University of Melbourne,Data Science,Bachelor,2026,28921,1,0,1,1,1,0,1,Spanish,private,1
692,Diego,Sato,student,Vietnam,urban,University of Melbourne,Psychology,PhD,2026,51761,1,0,0,1,1,1,1,Japnese,private,1
693,Abrar,Das,student,Japan,urban,Australian National University,Finance,Master,2026,16457,1,1,1,1,1,0,0,Spanish,dorm,0
694,Aisha,Malik,student,Vietnam,suburban,University of Melbourne,Artificial Intelligence,PhD,2027,51932,0,1,0,0,1,1,0,English,private,0
695,Tanvir,Patil,student,Vietnam,suburban,Monash University,Artificial Intelligence,Bachelor,2027,39464,0,0,1,0,1,0,1,Indonesian,dorm,1
696,Ishaan,Rahman,student,Indonesia,regional,University of Sydney,Data Science,Bachelor,2027,38059,1,1,0,0,1,1,0,English,private,1
697,Priya,Suzuki,student,Indonesia,urban,University of Sydney,Finance,PhD,2026,54530,1,1,0,1,0,1,1,English,shared,0
698,Kenji,Sato,parent,Vietnam,urban,University of Sydney,Business Analytics,Bachelor,2026,57085,1,0,0,1,0,1,1,Indonesian,shared,1
699,Abrar,Tanaka,parent,China,urban,University of Sydney,Psychology,PhD,2026,30531,1,1,1,0,0,1,0,Spanish,dorm,0
700,Sana,Gomez,student,Vietnam,regional,Australian National University,Computer Science,PhD,2026,32140,1,0,0,0,1,0,0,Hindi,shared,0
701,Bilal,Malik,student,Nigeria,urban,University of Queensland,Business Analytics,Master,2026,51443,1,1,0,0,0,1,0,Spanish,private,0
702,Ivan,Das,parent,Japan,suburban,Australian National University,Psychology,Master,2027,15839,1,0,0,0,0,1,1,English,private,0
703,Arjun,Moreau,student,Japan,urban,University of Sydney,Finance,Master,2027,45404,1,0,0,0,1,0,1,French,dorm,0
704,Léa,Smirnov,student,Japan,suburban,University of Sydney,Computer Science,PhD,2027,31657,1,1,1,1,0,1,0,Japnese,shared,0
705,Aisha,Nguyen,student,Australia,urban,University of Melbourne,Business Analytics,Bachelor,2027,23426,1,0,1,0,0,1,0,Japnese,shared,0
706,Saanvi,Khan,student,India,suburban,University of Sydney,Mechanical Engineering,Bachelor,2027,55134,1,0,0,0,0,0,0,Japnese,shared,0
707,Mei,Kumar,student,Indonesia,urban,Australian National University,Mechanical Engineering,Bachelor,2027,35261,1,1,0,1,0,0,0,Mandarin,dorm,0
708,Elena,Park,parent,Nigeria,regional,University of Melbourne,Psychology,Master,2027,41355,1,1,0,0,1,0,1,Spanish,dorm,0
709,Li,Hernandez,student,Vietnam,urban,University of Adelaide,Data Science,Master,2027,39609,1,1,0,1,1,1,0,Indonesian,dorm,0
710,Mateo,Gomez,student,Japan,regional,Monash University,Mechanical Engineering,Master,2026,19072,0,0,1,0,1,0,0,Hindi,private,1
711,Zane,Kumar,student,China,regional,University of Melbourne,Data Science,Master,2026,25747,0,0,0,1,0,0,1,French,private,0
712,Hans,Dubois,parent,Australia,urban,Monash University,Mechanical Engineering,PhD,2027,18558,1,1,0,1,1,1,1,Spanish,dorm,0
713,Sofia,Bakare,parent,Nigeria,regional,University of Sydney,Data Science,Bachelor,2026,39182,1,0,0,0,0,1,0,Indonesian,private,1
714,Yuki,Haddad,student,Vietnam,suburban,University of Adelaide,Artificial Intelligence,PhD,2027,34907,1,0,1,0,1,1,1,Indonesian,shared,0
715,Tanvir,Kumar,student,India,urban,Monash University,Business Analytics,Master,2027,32575,1,1,1,0,1,0,1,French,shared,0
716,Bilal,Sharma,student,Vietnam,urban,UNSW,Computer Science,Master,2026,21877,0,1,1,1,1,0,1,Indonesian,private,0
717,Elena,Moreau,parent,Australia,suburban,University of Adelaide,Business Analytics,Master,2027,18827,0,0,0,1,0,0,0,Japnese,shared,1
718,Amara,Smirnov,parent,Japan,suburban,University of Sydney,Data Science,PhD,2026,20500,0,1,0,0,0,1,1,Japnese,private,1
719,Léa,Rossi,student,Japan,suburban,University of Adelaide,Business Analytics,Master,2027,42905,1,0,1,1,0,0,1,Indonesian,private,0
720,Li,Olsen,parent,Indonesia,suburban,University of Melbourne,Finance,Master,2026,52565,0,0,1,1,1,0,1,French,shared,0
721,Omar,Khan,student,China,suburban,University of Melbourne,Data Science,PhD,2027,19123,1,0,0,0,0,0,1,Japnese,shared,1
722,Ivan,Hernandez,student,Australia,regional,Australian National University,Data Science,Master,2026,50113,1,0,1,1,1,0,1,Hindi,shared,0
723,Priya,Olsen,student,Brazil,regional,University of Melbourne,Data Science,Bachelor,2026,15526,1,0,0,1,1,0,1,English,private,0
724,Mei,Smirnov,parent,China,regional,Australian National University,Data Science,Master,2026,43595,0,0,0,1,0,0,0,Hindi,shared,0
725,Sana,Sharma,parent,Vietnam,regional,UNSW,Finance,PhD,2026,48896,0,0,1,0,1,1,0,Mandarin,private,0
726,Sumaiya,Nguyen,parent,Japan,regional,University of Western Australia,Artificial Intelligence,Bachelor,2026,55097,1,1,1,1,1,0,0,Japnese,dorm,1
727,Sarvesh,Moreau,student,Japan,urban,University of Adelaide,Finance,PhD,2027,54879,0,0,1,1,1,1,1,Hindi,shared,1
728,Yuki,Khan,student,India,regional,Australian National University,Business Analytics,Bachelor,2027,57861,0,0,0,0,1,1,0,Hindi,dorm,1
729,Sumaiya,Siddiqui,student,Nigeria,urban,UNSW,Business Analytics,Bachelor,2026,18261,0,1,0,0,0,1,0,French,shared,0
730,Zaid,Das,student,UAE,suburban,University of Melbourne,Psychology,PhD,2027,23194,1,1,0,0,0,0,0,Indonesian,shared,0
731,Zane,Das,student,Brazil,urban,University of Queensland,Finance,Bachelor,2027,52063,0,1,0,0,0,1,0,Indonesian,private,0
732,Mei,Hernandez,student,Australia,suburban,Monash University,Finance,Master,2027,55111,0,1,1,1,1,1,0,English,private,1
733,Arjun,Malik,parent,Vietnam,urban,University of Melbourne,Data Science,PhD,2027,31754,1,1,1,1,1,0,0,Indonesian,shared,1
734,Ishaan,Iqbal,student,Vietnam,urban,Monash University,Data Science,Bachelor,2027,43143,0,0,0,0,0,1,1,Mandarin,private,1
735,Nina,Park,student,China,regional,Monash University,Artificial Intelligence,PhD,2026,30723,1,1,0,0,0,0,0,Japnese,dorm,1
736,Elena,Dubois,parent,Indonesia,suburban,University of Adelaide,Finance,PhD,2027,40957,0,1,1,0,1,1,1,Japnese,private,0
737,Fatima,Gomez,parent,Vietnam,urban,Australian National University,Finance,Bachelor,2026,43885,1,0,1,0,1,0,0,French,shared,1
738,Lucas,Garcia,student,Nigeria,suburban,University of Western Australia,Data Science,PhD,2027,49163,1,1,0,1,1,1,0,Spanish,private,1
739,Aisha,Wei,student,Nigeria,suburban,Monash University,Mechanical Engineering,Master,2026,38100,1,0,1,1,1,1,0,Japnese,private,1
740,Rohan,Dubois,student,Brazil,regional,UNSW,Finance,Bachelor,2026,43467,1,0,0,1,1,0,0,Spanish,dorm,1
741,Sana,Iyer,parent,India,urban,UNSW,Mechanical Engineering,PhD,2027,30574,0,1,1,0,1,1,1,Mandarin,shared,1
742,Nina,Garcia,parent,Nigeria,suburban,University of Western Australia,Finance,Bachelor,2027,31280,0,1,1,1,1,0,0,Japnese,private,0
743,Zaid,Iyer,student,Australia,suburban,UNSW,Data Science,Bachelor,2027,19539,1,1,0,0,0,0,1,Mandarin,shared,0
744,Sumaiya,Gomez,student,Vietnam,regional,Australian National University,Finance,Master,2027,45151,1,0,1,0,1,1,0,Mandarin,dorm,0
745,Hamza,Chen,student,UAE,regional,University of Western Australia,Artificial Intelligence,Master,2027,53620,1,1,1,0,1,0,1,Mandarin,private,1
746,Hiroshi,Park,parent,Nigeria,suburban,University of Melbourne,Psychology,PhD,2026,48938,0,0,1,1,0,1,1,English,private,0
747,Tanvir,Hernandez,parent,Australia,regional,Australian National University,Mechanical Engineering,Bachelor,2027,56452,1,1,0,1,1,1,1,Mandarin,dorm,0
748,Mathis,Hossain,student,Australia,urban,UNSW,Finance,PhD,2026,16191,0,1,0,1,1,1,0,English,shared,0
749,Zoya,Sato,parent,Japan,urban,University of Queensland,Finance,Master,2027,23053,1,1,1,0,0,0,1,Hindi,dorm,0
750,Kavya,Chen,parent,UAE,suburban,University of Western Australia,Artificial Intelligence,PhD,2026,29604,1,0,1,0,1,1,0,English,dorm,1
751,Zane,Suzuki,student,Nigeria,urban,University of Western Australia,Business Analytics,PhD,2026,52280,1,1,1,1,1,1,0,French,private,1
752,Hans,Moreau,student,Indonesia,urban,University of Adelaide,Data Science,Bachelor,2026,55996,1,1,0,1,1,1,0,English,private,0
753,Léa,Patil,student,China,suburban,University of Queensland,Computer Science,PhD,2026,43899,1,1,0,0,1,0,0,Hindi,private,0
754,Kavya,Kumar,parent,India,suburban,University of Melbourne,Finance,Master,2026,33867,0,0,0,0,0,0,0,Spanish,shared,0
755,Nusrat,Iyer,student,Australia,urban,University of Adelaide,Data Science,PhD,2026,45418,0,1,0,1,1,0,1,Hindi,private,0
756,Hans,Dubois,parent,Brazil,regional,UNSW,Computer Science,Master,2027,59496,0,1,0,1,0,1,0,Indonesian,private,0
757,Clara,Tanaka,student,Brazil,urban,University of Melbourne,Mechanical Engineering,Master,2026,54026,1,0,1,0,1,1,0,Indonesian,dorm,0
758,Yuki,Garcia,parent,Australia,urban,University of Western Australia,Finance,PhD,2026,39780,1,0,1,0,1,0,1,Japnese,private,1
759,Fatima,Patil,parent,Japan,regional,University of Melbourne,Computer Science,PhD,2027,32246,1,1,0,1,1,0,1,English,dorm,0
760,Amara,Iyer,parent,India,suburban,UNSW,Artificial Intelligence,Master,2027,34713,0,0,0,1,0,1,0,Mandarin,shared,0
761,Omar,Chen,student,India,suburban,Monash University,Data Science,Bachelor,2027,58930,0,1,0,1,1,0,1,French,private,1
762,Julien,Kim,parent,Brazil,urban,University of Adelaide,Psychology,Master,2026,34298,1,1,0,1,0,1,0,Indonesian,shared,0
763,Fatima,Rossi,student,UAE,suburban,University of Queensland,Mechanical Engineering,Bachelor,2026,56317,0,1,1,0,0,1,0,English,dorm,0
764,Li,Suzuki,parent,Indonesia,regional,University of Sydney,Computer Science,PhD,2026,37587,1,1,0,0,0,0,1,Mandarin,private,0
765,Elena,Ahmed,parent,India,regional,University of Western Australia,Computer Science,PhD,2026,21499,0,1,1,0,1,1,1,Indonesian,shared,0
766,Mateo,Chen,parent,UAE,suburban,Monash University,Artificial Intelligence,Master,2026,21107,0,1,0,1,0,1,0,English,private,0
767,Diego,Bakare,student,China,urban,University of Western Australia,Finance,Master,2027,16457,1,0,1,0,0,1,0,Hindi,shared,0
768,Bilal,Chen,parent,India,urban,Monash University,Data Science,Bachelor,2027,38564,0,1,1,0,0,0,0,Japnese,shared,0
769,Zoya,Suzuki,student,Nigeria,urban,University of Sydney,Artificial Intelligence,PhD,2027,37632,0,0,1,0,1,1,1,French,dorm,0
770,Tanvir,Haddad,parent,Vietnam,urban,University of Queensland,Psychology,PhD,2026,49714,0,1,0,1,0,0,0,Japnese,dorm,0
771,Sarvesh,Patil,student,Australia,suburban,University of Adelaide,Finance,PhD,2026,54085,1,1,1,1,1,1,1,Spanish,shared,1
772,Bilal,Tanaka,student,India,suburban,University of Western Australia,Computer Science,Master,2027,37378,1,0,1,0,0,1,0,Japnese,private,1
773,Sarvesh,Park,student,China,suburban,University of Queensland,Finance,Bachelor,2027,53463,1,1,0,1,1,0,0,Indonesian,dorm,1
774,Hiroshi,Wong,parent,Australia,urban,University of Queensland,Business Analytics,Master,2026,26450,1,0,1,0,0,0,0,Indonesian,shared,0
775,Rohan,Ahmed,student,UAE,suburban,University of Queensland,Artificial Intelligence,Bachelor,2026,39723,0,1,0,1,1,1,1,Mandarin,dorm,1
776,Hiroshi,Dubois,student,Japan,regional,Monash University,Finance,Bachelor,2027,44017,0,1,0,1,1,0,1,Mandarin,shared,0
777,Mei,Smirnov,student,Australia,suburban,Monash University,Mechanical Engineering,Master,2026,57408,0,0,0,1,0,1,1,Indonesian,dorm,1
778,Bilal,Nguyen,student,China,regional,University of Sydney,Mechanical Engineering,PhD,2027,55238,0,1,1,0,1,0,1,Indonesian,private,0
779,Ishaan,Dubois,student,UAE,suburban,University of Western Australia,Artificial Intelligence,PhD,2026,38637,1,0,0,1,1,1,0,Hindi,private,0
780,Arjun,Das,parent,Japan,suburban,Australian National University,Artificial Intelligence,Master,2027,40893,0,1,1,1,0,0,0,English,shared,1
781,Priya,Patil,student,Australia,urban,Australian National University,Business Analytics,Bachelor,2027,29808,0,0,0,0,0,1,0,Indonesian,shared,1
782,Mateo,Bakare,parent,China,urban,University of Western Australia,Data Science,Master,2027,42978,0,0,0,0,1,1,1,Spanish,private,0
783,Saanvi,Sato,student,Japan,urban,University of Adelaide,Business Analytics,Master,2027,31344,1,1,1,0,0,0,0,Mandarin,shared,1
784,Aisha,Iyer,student,UAE,regional,University of Western Australia,Mechanical Engineering,Bachelor,2027,39343,0,0,0,1,1,0,1,Japnese,dorm,1
785,Sarvesh,Dubois,student,Nigeria,urban,University of Sydney,Mechanical Engineering,Bachelor,2026,33721,1,1,0,0,1,1,1,Indonesian,shared,1
786,Nusrat,Malik,student,UAE,suburban,University of Adelaide,Data Science,Bachelor,2027,52816,1,0,0,0,0,0,0,Hindi,private,0
787,Nusrat,Park,parent,India,urban,University of Adelaide,Artificial Intelligence,Bachelor,2026,20794,1,0,1,0,1,0,1,Japnese,private,0
788,Ji-won,Bakare,student,Australia,urban,UNSW,Finance,Master,2027,29185,1,0,1,0,1,1,1,Indonesian,shared,1
789,Amira,Olsen,parent,UAE,suburban,UNSW,Computer Science,PhD,2026,45805,0,0,0,1,0,0,1,Hindi,shared,0
790,Clara,Sato,parent,Japan,suburban,University of Adelaide,Artificial Intelligence,Bachelor,2027,29081,1,0,0,1,1,0,1,English,private,1
791,Elena,Smirnov,student,China,suburban,Australian National University,Psychology,Master,2027,50695,0,1,0,0,1,0,1,Spanish,dorm,1
792,Hiroshi,Dubois,parent,Brazil,regional,UNSW,Artificial Intelligence,PhD,2027,51110,0,0,0,1,0,0,1,Mandarin,dorm,0
793,Abrar,Das,student,Indonesia,urban,University of Sydney,Data Science,Bachelor,2027,28780,1,1,1,0,0,0,1,Hindi,private,1
794,Ishaan,Müller,student,UAE,regional,University of Queensland,Business Analytics,Master,2026,25079,1,0,1,1,0,0,1,Mandarin,private,1
795,Sofia,Kumar,student,Nigeria,urban,University of Adelaide,Data Science,Bachelor,2026,17249,1,1,1,1,0,1,1,French,dorm,1
796,Sarvesh,Iyer,student,Nigeria,suburban,University of Adelaide,Data Science,Master,2027,41648,1,1,0,0,1,1,0,Mandarin,private,1
797,Kenji,Tanaka,parent,India,regional,University of Western Australia,Business Analytics,Bachelor,2027,45775,0,1,0,1,1,0,1,Indonesian,private,1
798,Trang,Smirnov,parent,Australia,urban,Monash University,Psychology,Bachelor,2027,33195,1,0,1,1,0,0,0,Indonesian,private,1
799,Kenji,Park,parent,India,urban,University of Adelaide,Psychology,Bachelor,2027,57547,0,1,1,1,0,1,1,Spanish,private,1
800,Aisha,Chaudhary,student,India,urban,University of Western Australia,Artificial Intelligence,PhD,2027,33282,1,1,1,0,1,1,0,Spanish,private,1
801,Fatima,Bakare,student,India,urban,Australian National University,Mechanical Engineering,Bachelor,2026,57174,1,0,1,1,0,1,0,Japnese,dorm,0
802,Diego,Nguyen,student,Vietnam,suburban,University of Sydney,Psychology,Master,2027,59039,1,0,0,1,0,1,1,Indonesian,private,1
803,Arjun,Tanaka,student,Brazil,suburban,Monash University,Finance,Master,2026,49609,1,1,0,1,1,0,1,Japnese,dorm,1
804,Mathis,Kim,student,UAE,suburban,University of Adelaide,Business Analytics,Master,2026,35019,0,0,1,1,1,1,0,Mandarin,private,0
805,Nusrat,Hossain,parent,Indonesia,urban,University of Queensland,Business Analytics,PhD,2027,49159,0,1,0,0,0,1,1,Japnese,shared,1
806,Bilal,Chaudhary,student,Nigeria,urban,University of Adelaide,Business Analytics,PhD,2026,57085,1,0,0,1,0,1,1,Mandarin,shared,0
807,Kenji,Nguyen,parent,Japan,regional,University of Western Australia,Psychology,Master,2026,21352,0,1,1,1,0,0,1,Mandarin,dorm,0
808,Bilal,Wei,student,UAE,regional,Australian National University,Business Analytics,Master,2026,45237,0,0,1,1,1,0,0,Spanish,shared,1
809,Hans,Nguyen,parent,China,urban,University of Sydney,Finance,Master,2026,37673,1,0,1,0,1,1,0,Indonesian,private,1
810,Saanvi,Das,parent,Indonesia,urban,University of Sydney,Finance,PhD,2027,59166,1,0,1,0,0,0,0,Indonesian,shared,0
811,Fatima,Bakare,student,China,suburban,University of Adelaide,Mechanical Engineering,PhD,2026,18945,0,1,1,1,1,0,1,Japnese,private,1
812,Léa,Smirnov,student,Indonesia,urban,University of Sydney,Data Science,Bachelor,2026,42277,1,1,0,1,0,0,0,English,private,1
813,Bilal,Patil,student,Nigeria,urban,University of Queensland,Finance,PhD,2026,46466,0,0,1,1,0,1,0,Mandarin,shared,0
814,Fatima,Dubois,student,China,regional,University of Western Australia,Computer Science,PhD,2027,57325,0,0,0,0,1,0,0,Mandarin,shared,1
815,Julien,Iyer,student,India,regional,Australian National University,Mechanical Engineering,Bachelor,2026,20220,0,0,0,1,1,0,1,Hindi,dorm,1
816,Mei,Gomez,student,Indonesia,suburban,University of Sydney,Artificial Intelligence,Bachelor,2027,35404,1,0,1,1,0,0,0,French,shared,0
817,Elena,Chatterjee,student,Brazil,suburban,UNSW,Business Analytics,PhD,2027,51184,0,0,1,1,1,1,0,Japnese,shared,0
818,Hiroshi,Wei,student,India,urban,University of Adelaide,Finance,PhD,2026,22515,0,1,1,1,0,0,1,Japnese,shared,0
819,Hans,Nguyen,student,Indonesia,urban,Monash University,Psychology,Master,2027,50912,1,1,0,1,1,1,1,English,shared,1
820,Mei,Hossain,student,Australia,suburban,University of Queensland,Computer Science,Master,2026,45865,0,1,1,0,1,1,1,Spanish,shared,1
821,Yuki,Wong,student,Nigeria,urban,University of Sydney,Mechanical Engineering,PhD,2027,18583,1,0,1,0,0,1,0,Mandarin,shared,1
822,Li,Mansoor,student,Nigeria,urban,Australian National University,Computer Science,Bachelor,2027,28402,1,0,1,0,0,0,1,Spanish,shared,0
823,Julien,Lefebvre,student,India,suburban,University of Queensland,Data Science,Bachelor,2026,16442,1,1,1,1,1,1,1,Japnese,dorm,0
824,Kavya,Nguyen,parent,Vietnam,urban,University of Sydney,Computer Science,PhD,2026,16086,1,1,0,0,0,0,1,French,dorm,1
825,Lucas,Bakare,parent,China,suburban,University of Adelaide,Data Science,Bachelor,2026,51596,0,0,1,1,0,0,0,Spanish,private,0
826,Priya,Haddad,student,China,urban,Australian National University,Mechanical Engineering,Bachelor,2027,55235,1,0,0,0,0,1,1,Hindi,shared,0
827,Sana,Garcia,student,UAE,urban,University of Adelaide,Business Analytics,Bachelor,2027,54660,0,1,1,1,1,1,0,Japnese,shared,1
828,Nusrat,Khan,student,Vietnam,urban,UNSW,Artificial Intelligence,PhD,2027,48406,1,0,1,0,1,1,0,Indonesian,dorm,1
829,Abrar,Siddiqui,parent,Vietnam,regional,University of Western Australia,Computer Science,PhD,2027,53953,0,0,1,0,1,0,1,Hindi,private,1
830,Amira,Sato,student,Indonesia,regional,University of Sydney,Psychology,Bachelor,2026,19767,1,0,1,1,0,1,0,English,private,1
831,Clara,Chen,student,Nigeria,suburban,Australian National University,Artificial Intelligence,PhD,2026,36470,0,1,1,0,1,0,0,Indonesian,dorm,0
832,Chloé,Tanaka,student,Vietnam,suburban,Monash University,Mechanical Engineering,Bachelor,2026,15461,1,0,0,1,1,0,0,Mandarin,dorm,1
833,Suresh,Suzuki,student,China,suburban,UNSW,Computer Science,PhD,2026,25705,1,1,0,1,1,0,1,Mandarin,private,0
834,Ivan,Garcia,student,Brazil,regional,University of Melbourne,Artificial Intelligence,Bachelor,2026,24682,0,1,1,1,0,0,1,Spanish,dorm,1
835,Abrar,Patil,parent,Australia,urban,Australian National University,Computer Science,PhD,2026,18909,0,1,0,1,1,1,1,Mandarin,dorm,1
836,Chloé,Olsen,student,Australia,urban,University of Melbourne,Computer Science,Bachelor,2026,18329,1,1,0,1,0,0,0,English,private,1
837,Hamza,Kumar,student,Australia,suburban,University of Sydney,Data Science,Master,2027,40502,0,0,0,1,0,0,1,French,private,1
838,Trang,Kim,student,Brazil,suburban,Monash University,Artificial Intelligence,Bachelor,2026,48201,1,0,1,0,0,1,1,Japnese,shared,0
839,Arjun,Iqbal,student,Indonesia,urban,University of Adelaide,Business Analytics,PhD,2026,57016,1,1,1,0,0,0,1,Japnese,private,1
840,Aisha,Lefebvre,student,Brazil,regional,University of Western Australia,Business Analytics,Bachelor,2026,35405,1,1,0,1,1,0,0,Japnese,dorm,0
841,Yuki,Hernandez,student,UAE,regional,University of Western Australia,Artificial Intelligence,Bachelor,2026,38656,0,0,0,1,0,1,1,English,shared,0
842,Ji-won,Iyer,student,China,urban,University of Adelaide,Data Science,Master,2027,46502,1,1,0,1,1,1,1,Mandarin,private,0
843,Mei,Park,student,India,regional,University of Adelaide,Business Analytics,Master,2027,20001,0,0,0,0,0,1,0,English,shared,1
844,Abrar,Das,student,India,suburban,University of Melbourne,Finance,PhD,2026,50334,1,0,0,0,0,1,1,French,dorm,1
845,Bilal,Patil,student,China,suburban,Australian National University,Mechanical Engineering,PhD,2027,33945,1,1,0,0,1,0,1,Indonesian,shared,1
846,Sana,Dubois,parent,Japan,suburban,UNSW,Finance,Master,2027,40479,0,0,1,1,1,0,1,Indonesian,shared,1
847,Ananya,Rossi,student,India,suburban,University of Melbourne,Business Analytics,PhD,2027,32256,0,1,0,0,0,1,1,Hindi,dorm,0
848,Elena,Olsen,student,Indonesia,suburban,UNSW,Business Analytics,Bachelor,2027,19274,0,1,1,0,0,0,0,Hindi,shared,1
849,Aisha,Hossain,student,Nigeria,suburban,Australian National University,Business Analytics,Bachelor,2026,59942,1,0,1,0,1,1,0,Hindi,dorm,1
850,Arjun,Patil,parent,Australia,suburban,Australian National University,Psychology,PhD,2027,51323,0,1,0,1,1,0,0,Mandarin,dorm,1
851,Abrar,Iqbal,student,China,suburban,University of Western Australia,Computer Science,Master,2027,17754,0,0,1,0,1,1,1,English,shared,0
852,Ji-won,Gomez,parent,Vietnam,suburban,Australian National University,Mechanical Engineering,Master,2026,33446,0,1,1,0,0,1,0,Spanish,dorm,1
853,Hamza,Kumar,parent,Indonesia,urban,Australian National University,Finance,PhD,2027,41124,0,1,0,1,1,1,0,Spanish,private,0
854,Sumaiya,Park,parent,China,regional,University of Queensland,Computer Science,Master,2026,23785,1,0,1,1,0,1,0,Japnese,dorm,0
855,Arjun,Chaudhary,student,India,suburban,University of Sydney,Finance,PhD,2026,28972,1,0,0,0,0,0,0,French,dorm,0
856,Suresh,Malik,student,Australia,urban,Australian National University,Finance,Master,2026,30469,1,1,1,0,1,0,0,Japnese,private,0
857,Amara,Dubois,student,China,urban,Monash University,Data Science,PhD,2027,38273,0,1,0,1,0,0,0,English,dorm,1
858,Amira,Rahman,student,Indonesia,urban,Monash University,Finance,PhD,2026,49450,0,1,1,0,0,0,1,Mandarin,private,1
859,Amira,Rossi,student,Brazil,regional,Monash University,Psychology,PhD,2026,18534,1,0,0,1,0,1,1,French,shared,1
860,Léa,Sato,parent,Indonesia,regional,University of Sydney,Finance,Bachelor,2027,36552,1,1,1,0,1,1,1,Hindi,shared,0
861,Sumaiya,Chaudhary,student,Vietnam,suburban,Monash University,Mechanical Engineering,Master,2026,55795,0,1,1,1,0,0,1,French,private,1
862,Mateo,Hernandez,student,Nigeria,urban,University of Sydney,Business Analytics,Master,2026,48167,1,1,0,1,0,0,0,English,shared,1
863,Sofia,Hossain,parent,Indonesia,urban,University of Queensland,Data Science,Bachelor,2026,30760,0,1,1,0,0,0,0,Mandarin,private,0
864,Zoya,Hernandez,student,UAE,suburban,Monash University,Computer Science,Bachelor,2027,51497,1,1,0,0,1,0,1,Indonesian,dorm,1
865,Mateo,Park,parent,India,suburban,University of Adelaide,Finance,Master,2027,48059,0,1,1,1,1,1,1,French,dorm,0
866,Sofia,Malik,student,China,suburban,University of Melbourne,Psychology,Master,2026,26633,0,0,1,0,0,0,1,French,shared,1
867,Sana,Haddad,student,Nigeria,urban,University of Sydney,Business Analytics,Master,2026,19384,0,0,1,1,1,0,0,English,dorm,0
868,Sarvesh,Wei,parent,UAE,urban,Australian National University,Finance,Bachelor,2027,57394,1,0,1,1,1,1,1,Hindi,private,1
869,Aisha,Gomez,student,Brazil,urban,University of Western Australia,Data Science,Bachelor,2027,53738,0,1,0,0,1,0,0,Spanish,shared,1
870,Kenji,Gomez,parent,Vietnam,regional,Australian National University,Mechanical Engineering,Master,2026,16898,0,1,1,1,1,0,1,English,dorm,0
871,Chloé,Hossain,student,China,regional,University of Adelaide,Business Analytics,PhD,2027,30298,1,1,1,1,1,1,0,Indonesian,dorm,0
872,Julien,Patil,student,Nigeria,urban,University of Adelaide,Business Analytics,PhD,2026,33744,1,0,1,1,1,1,1,Spanish,private,1
873,Ishaan,Al-Farsi,student,Indonesia,regional,University of Queensland,Artificial Intelligence,Bachelor,2027,53755,0,0,1,1,0,1,0,Hindi,private,0
874,Sana,Haddad,student,Brazil,urban,University of Queensland,Business Analytics,Master,2027,48548,1,1,0,0,1,1,0,Hindi,shared,1
875,Nusrat,Al-Farsi,student,China,suburban,University of Sydney,Mechanical Engineering,Bachelor,2026,46493,0,0,0,0,1,1,0,Mandarin,private,1
876,Bilal,Olsen,student,Nigeria,suburban,University of Queensland,Psychology,Master,2026,54292,1,0,0,1,1,1,1,English,private,0
877,Ji-won,Iqbal,student,India,suburban,Australian National University,Finance,PhD,2027,18449,0,1,0,0,0,1,1,French,dorm,0
878,Abrar,Bakare,parent,Australia,suburban,UNSW,Artificial Intelligence,Bachelor,2026,45485,1,1,0,0,1,0,1,French,private,1
879,Clara,Moreau,student,China,suburban,University of Queensland,Artificial Intelligence,Master,2026,57602,1,0,0,0,0,1,1,Japnese,shared,0
880,Rohan,Rahman,student,Australia,regional,University of Western Australia,Finance,Master,2026,27332,0,1,1,0,0,0,1,Japnese,dorm,0
881,Sumaiya,Ahmed,student,China,urban,University of Adelaide,Data Science,Master,2027,58085,0,0,1,1,0,1,0,Mandarin,dorm,0
882,Amira,Malik,student,Brazil,urban,Monash University,Artificial Intelligence,Bachelor,2026,54432,0,1,0,1,1,1,1,English,private,1
883,Ishaan,Chatterjee,student,UAE,urban,University of Melbourne,Finance,Bachelor,2027,41893,1,0,1,0,0,0,1,French,dorm,0
884,Zoya,Chaudhary,student,Brazil,urban,Australian National University,Psychology,Bachelor,2026,38113,1,1,0,0,0,1,1,Japnese,dorm,0
885,Saanvi,Silva,student,Vietnam,regional,University of Queensland,Data Science,PhD,2026,52661,0,1,0,0,0,0,0,Spanish,private,0
886,Nina,Kumar,parent,Indonesia,suburban,Australian National University,Artificial Intelligence,Bachelor,2026,38288,1,1,0,1,1,0,1,Indonesian,shared,1
887,Fatima,Haddad,student,China,urban,University of Sydney,Business Analytics,PhD,2026,44126,1,1,0,0,1,0,0,English,shared,1
888,Zaid,Hernandez,parent,UAE,suburban,University of Western Australia,Business Analytics,Bachelor,2027,54496,1,0,0,1,0,1,1,Japnese,shared,0
889,Trang,Kim,student,Brazil,regional,Australian National University,Artificial Intelligence,PhD,2027,36075,0,0,0,0,1,0,0,Spanish,private,0
890,Fatima,Hernandez,parent,UAE,regional,University of Western Australia,Psychology,PhD,2027,51546,0,1,0,0,1,0,0,Japnese,private,1
891,Aisha,Lefebvre,student,Vietnam,regional,University of Sydney,Computer Science,Bachelor,2027,50129,0,0,1,1,0,0,0,French,shared,0
892,Yuki,Chaudhary,parent,India,urban,University of Sydney,Mechanical Engineering,PhD,2026,16358,0,0,1,0,1,0,1,English,shared,1
893,Mei,Khan,student,Brazil,suburban,University of Adelaide,Data Science,Bachelor,2027,41671,1,1,0,1,0,0,0,Indonesian,dorm,1
894,Trang,Park,student,China,regional,University of Sydney,Business Analytics,PhD,2027,40634,0,0,0,0,0,0,1,Indonesian,dorm,0
895,Aisha,Khan,student,Nigeria,urban,University of Queensland,Business Analytics,Master,2027,40115,0,0,0,0,0,1,1,Mandarin,shared,1
896,Sofia,Chatterjee,student,Nigeria,regional,Australian National University,Data Science,Master,2026,28419,0,0,1,0,0,1,1,Mandarin,shared,0
897,Zaid,Sharma,student,Vietnam,urban,Australian National University,Finance,Master,2027,37944,0,1,1,1,0,1,1,Indonesian,shared,1
898,Ananya,Hossain,student,Japan,urban,University of Western Australia,Business Analytics,PhD,2026,30141,1,0,1,0,1,0,1,Mandarin,private,1
899,Amira,Dubois,parent,Japan,urban,UNSW,Artificial Intelligence,PhD,2027,32148,0,0,1,0,1,0,1,Hindi,private,1
900,Arjun,Iqbal,parent,Indonesia,regional,University of Adelaide,Business Analytics,Master,2026,35400,1,1,0,0,0,1,0,Indonesian,dorm,1
901,Amira,Sato,parent,Japan,regional,University of Adelaide,Finance,Master,2026,20838,1,0,0,0,0,1,1,Mandarin,shared,0
902,Ivan,Silva,parent,Vietnam,urban,University of Queensland,Mechanical Engineering,PhD,2027,57864,0,0,1,0,1,0,1,Hindi,private,0
903,Mei,Silva,student,Vietnam,suburban,UNSW,Finance,Bachelor,2027,37284,0,1,1,0,1,1,0,Indonesian,private,1
904,Mathis,Park,parent,Nigeria,urban,University of Melbourne,Mechanical Engineering,Bachelor,2026,34025,0,1,0,1,0,1,0,English,shared,1
905,Bilal,Sharma,student,Australia,suburban,UNSW,Mechanical Engineering,Master,2027,35367,0,1,1,0,1,1,0,Spanish,private,0
906,Rohan,Ahmed,student,UAE,suburban,Monash University,Finance,Master,2026,46041,1,0,0,1,0,0,0,Mandarin,dorm,1
907,Fatima,Das,parent,Japan,regional,Australian National University,Computer Science,Master,2027,59215,1,0,0,1,1,1,1,Spanish,shared,0
908,Suresh,Iqbal,parent,China,suburban,University of Western Australia,Computer Science,PhD,2027,50216,0,0,0,1,0,0,0,English,shared,1
909,Rohan,Wei,student,UAE,regional,University of Adelaide,Mechanical Engineering,PhD,2027,49545,1,1,0,1,1,0,1,French,shared,0
910,Hiroshi,Müller,student,China,urban,UNSW,Artificial Intelligence,PhD,2027,22334,1,1,0,1,0,0,1,Hindi,private,1
911,Arjun,Dubois,parent,Japan,suburban,UNSW,Business Analytics,Master,2027,45498,0,1,0,0,0,0,1,Spanish,private,0
912,Ivan,Hernandez,student,UAE,regional,Australian National University,Business Analytics,Master,2027,26106,1,1,0,0,0,1,0,Hindi,dorm,1
913,Trang,Al-Farsi,parent,Indonesia,regional,University of Queensland,Psychology,Bachelor,2027,45527,1,0,0,0,1,1,0,Mandarin,shared,0
914,Kavya,Iqbal,student,Indonesia,regional,University of Western Australia,Artificial Intelligence,Master,2026,54451,0,0,0,1,1,0,1,Mandarin,private,0
915,Jueqing,Khan,parent,Nigeria,urban,University of Queensland,Mechanical Engineering,Master,2027,55621,0,0,1,0,1,0,1,Indonesian,dorm,1
916,Li,Müller,student,Japan,suburban,UNSW,Business Analytics,Bachelor,2027,43845,1,1,0,1,1,0,0,Indonesian,shared,0
917,Yuki,Iqbal,parent,China,urban,University of Western Australia,Finance,Master,2026,30505,1,1,1,1,1,1,1,Indonesian,shared,0
918,Nusrat,Chen,parent,UAE,urban,University of Sydney,Artificial Intelligence,PhD,2027,30903,1,0,0,0,1,0,1,Spanish,dorm,1
919,Ji-won,Rahman,student,Nigeria,regional,University of Melbourne,Artificial Intelligence,PhD,2027,43835,1,1,0,0,1,0,1,Hindi,dorm,1
920,Hiroshi,Gomez,student,Japan,suburban,Monash University,Computer Science,Master,2027,27183,0,0,0,0,1,1,1,Mandarin,shared,1
921,Mathis,Patil,student,UAE,suburban,University of Western Australia,Artificial Intelligence,Master,2027,26381,0,0,1,0,0,0,0,Japnese,dorm,1
922,Diego,Ahmed,student,Brazil,regional,University of Melbourne,Business Analytics,PhD,2026,35729,1,1,0,0,0,0,0,Mandarin,shared,0
923,Clara,Chaudhary,parent,India,urban,University of Western Australia,Finance,PhD,2026,49277,1,0,0,1,1,0,0,Hindi,dorm,1
924,Ishaan,Iqbal,student,Indonesia,urban,University of Queensland,Computer Science,Bachelor,2027,27303,1,0,0,0,1,0,1,Indonesian,shared,1
925,Omar,Smirnov,student,UAE,regional,Monash University,Business Analytics,PhD,2027,36250,1,1,0,1,1,0,1,Spanish,dorm,1
926,Ananya,Moreau,parent,China,suburban,University of Queensland,Finance,Bachelor,2026,25702,1,1,0,0,0,0,0,Indonesian,private,1
927,Hans,Malik,parent,Australia,urban,Australian National University,Psychology,Bachelor,2027,35124,1,0,0,0,1,0,0,Hindi,private,1
928,Amira,Khan,parent,Nigeria,urban,University of Queensland,Psychology,PhD,2026,58788,1,0,0,0,1,0,0,Japnese,private,1
929,Fatima,Wei,student,China,urban,University of Sydney,Artificial Intelligence,PhD,2027,52960,1,0,1,0,0,1,1,Indonesian,shared,0
930,Yuki,Kumar,parent,Australia,urban,University of Sydney,Mechanical Engineering,Master,2027,22016,1,1,0,1,1,1,0,English,dorm,1
931,Priya,Kim,parent,Brazil,suburban,Australian National University,Data Science,PhD,2026,40793,0,1,1,0,0,0,1,Indonesian,dorm,1
932,Aisha,Suzuki,student,China,suburban,University of Sydney,Computer Science,Master,2026,25024,0,0,1,1,0,0,0,English,dorm,1
933,Ishaan,Chaudhary,parent,India,urban,University of Sydney,Business Analytics,Master,2027,18072,0,1,0,0,1,1,0,Mandarin,shared,1
934,Zoya,Siddiqui,student,Brazil,suburban,University of Western Australia,Psychology,PhD,2026,45533,0,1,0,0,1,0,0,Hindi,private,0
935,Omar,Kim,student,Nigeria,suburban,University of Queensland,Data Science,PhD,2026,17425,0,1,0,1,1,0,1,Japnese,shared,1
936,Sofia,Patil,parent,Australia,suburban,University of Adelaide,Psychology,Bachelor,2026,26803,0,1,0,0,0,1,0,Spanish,private,1
937,Li,Rahman,student,India,regional,University of Western Australia,Artificial Intelligence,Master,2026,37740,0,0,1,1,0,0,0,French,shared,1
938,Clara,Kim,parent,Nigeria,urban,University of Queensland,Data Science,Bachelor,2026,16958,1,0,1,0,1,1,1,French,private,0
939,Abrar,Olsen,student,Vietnam,urban,University of Queensland,Artificial Intelligence,PhD,2027,59434,0,1,1,0,1,1,0,Spanish,shared,0
940,Saanvi,Khan,student,Vietnam,suburban,University of Sydney,Finance,Master,2027,27044,1,0,1,0,1,1,1,Spanish,shared,0
941,Nina,Rahman,student,Nigeria,regional,University of Melbourne,Computer Science,Master,2027,54774,1,1,0,1,1,1,1,Indonesian,dorm,1
942,Arjun,Müller,student,India,regional,University of Sydney,Computer Science,Master,2026,57500,1,0,0,1,0,0,0,Indonesian,dorm,1
943,Amara,Malik,parent,China,regional,University of Melbourne,Artificial Intelligence,Master,2027,26917,1,1,1,1,1,0,0,English,private,1
944,Ananya,Nguyen,student,India,suburban,Australian National University,Business Analytics,PhD,2027,39552,1,0,0,0,1,0,0,Japnese,shared,1
945,Priya,Silva,student,UAE,suburban,Australian National University,Computer Science,Bachelor,2027,56053,0,0,0,1,1,1,0,Spanish,shared,0
946,Léa,Kumar,student,India,suburban,Australian National University,Computer Science,Master,2026,49971,0,0,0,0,1,0,0,Mandarin,shared,1
947,Li,Silva,student,Nigeria,urban,University of Adelaide,Finance,Bachelor,2027,38263,0,1,0,0,0,1,1,Spanish,dorm,1
948,Hiroshi,Malik,parent,China,regional,University of Melbourne,Finance,Master,2026,38145,1,1,1,0,0,0,0,Spanish,dorm,0
949,Clara,Sharma,student,Nigeria,regional,University of Melbourne,Data Science,Master,2027,55183,0,0,1,0,0,1,1,French,dorm,0
950,Ishaan,Malik,parent,Australia,suburban,Australian National University,Psychology,PhD,2026,36441,1,0,1,0,1,1,1,French,shared,1
951,Saanvi,Park,student,Vietnam,suburban,University of Queensland,Computer Science,Bachelor,2026,30224,1,1,1,0,0,0,0,Spanish,private,1
952,Sarvesh,Rossi,student,India,urban,University of Adelaide,Mechanical Engineering,PhD,2026,27244,0,0,1,1,0,0,0,Indonesian,dorm,1
953,Trang,Kim,student,Japan,urban,University of Sydney,Computer Science,PhD,2027,26007,0,0,1,0,0,0,1,English,dorm,0
954,Hans,Olsen,parent,Indonesia,regional,University of Melbourne,Data Science,Bachelor,2027,15407,1,0,0,0,0,0,0,Hindi,shared,1
955,Tanvir,Dubois,student,India,regional,University of Western Australia,Psychology,PhD,2026,54117,0,0,0,1,1,1,1,Hindi,dorm,0
956,Julien,Iqbal,student,Nigeria,regional,UNSW,Data Science,PhD,2026,45789,1,0,0,1,0,1,1,Indonesian,dorm,0
957,Rohan,Iyer,student,UAE,urban,University of Queensland,Computer Science,PhD,2027,30358,1,0,1,0,1,0,1,Mandarin,private,1
958,Suresh,Mansoor,student,Brazil,suburban,University of Queensland,Computer Science,Master,2026,52469,1,0,0,0,1,1,0,Japnese,shared,1
959,Ivan,Bakare,student,India,urban,University of Queensland,Finance,PhD,2026,25650,1,1,1,1,0,1,1,Spanish,shared,1
960,Jueqing,Siddiqui,student,Nigeria,suburban,University of Western Australia,Mechanical Engineering,Bachelor,2027,17670,0,1,0,0,1,1,0,Spanish,shared,1
961,Nina,Rossi,parent,India,urban,University of Adelaide,Artificial Intelligence,PhD,2027,17248,0,0,1,0,1,0,0,Mandarin,private,1
962,Zaid,Mansoor,parent,Brazil,suburban,University of Queensland,Psychology,Bachelor,2027,26300,0,1,0,1,0,0,1,Indonesian,shared,1
963,Ananya,Rossi,student,Vietnam,urban,University of Sydney,Psychology,Master,2027,57135,1,1,0,1,1,0,0,Japnese,dorm,0
964,Mateo,Dubois,student,Brazil,regional,Monash University,Finance,PhD,2026,24155,0,1,0,0,1,0,1,Mandarin,private,0
965,Sofia,Das,student,Japan,regional,University of Melbourne,Psychology,Bachelor,2026,51743,0,0,1,1,0,0,1,Japnese,private,0
966,Fatima,Smirnov,parent,UAE,regional,Monash University,Psychology,PhD,2027,51759,1,1,0,1,0,1,1,Mandarin,dorm,0
967,Aisha,Iyer,student,Nigeria,suburban,Australian National University,Finance,Bachelor,2026,38620,1,0,1,0,0,1,1,Hindi,dorm,0
968,Nusrat,Tanaka,student,Nigeria,regional,UNSW,Artificial Intelligence,Bachelor,2027,56908,1,0,0,1,0,1,1,Mandarin,dorm,0
969,Kavya,Patil,parent,UAE,suburban,University of Western Australia,Finance,Bachelor,2027,38945,1,1,0,1,0,0,1,Indonesian,private,0
970,Julien,Wei,student,China,urban,University of Melbourne,Mechanical Engineering,Bachelor,2026,37685,1,1,0,0,0,0,1,Hindi,dorm,0
971,Hans,Hossain,student,Brazil,regional,University of Sydney,Finance,PhD,2027,23894,0,0,0,1,0,0,0,English,dorm,1
972,Zoya,Malik,parent,Australia,suburban,Australian National University,Business Analytics,Bachelor,2026,26335,1,1,0,1,1,1,0,Japnese,private,0
973,Li,Sato,parent,Japan,suburban,University of Adelaide,Data Science,PhD,2027,41807,1,1,1,1,0,0,1,French,shared,0
974,Ji-won,Tanaka,student,Australia,suburban,University of Western Australia,Computer Science,Master,2027,54600,0,0,0,0,1,0,1,Japnese,shared,0
975,Sofia,Iyer,student,India,urban,University of Adelaide,Computer Science,Bachelor,2027,40762,0,1,1,1,0,0,1,French,shared,0
976,Yuki,Müller,student,Brazil,regional,University of Queensland,Artificial Intelligence,PhD,2026,15833,0,1,0,1,0,1,0,French,dorm,1
977,Bilal,Tanaka,student,UAE,urban,University of Queensland,Finance,Bachelor,2026,26322,0,0,0,0,1,1,1,Mandarin,private,0
978,Li,Iyer,student,UAE,urban,University of Sydney,Data Science,PhD,2026,26919,0,1,1,0,1,1,1,Japnese,dorm,0
979,Trang,Wei,student,Brazil,urban,Monash University,Mechanical Engineering,Bachelor,2026,38989,1,0,1,1,1,1,0,Spanish,dorm,1
980,Ji-won,Patil,parent,China,urban,Australian National University,Mechanical Engineering,Master,2027,21006,0,0,1,1,1,1,1,English,private,1
981,Arjun,Wei,student,UAE,regional,Monash University,Psychology,Master,2026,23577,0,1,1,0,0,0,1,English,private,1
982,Jueqing,Ahmed,student,Japan,urban,Monash University,Artificial Intelligence,Bachelor,2027,36861,1,0,0,1,1,0,0,Mandarin,shared,0
983,Rohan,Sato,parent,Japan,suburban,University of Queensland,Business Analytics,PhD,2026,39801,0,0,0,0,0,0,1,Spanish,shared,1
984,Mateo,Haddad,student,Brazil,suburban,Monash University,Psychology,Master,2026,24329,1,1,1,0,1,0,1,Mandarin,shared,0
985,Priya,Malik,student,Brazil,suburban,University of Adelaide,Artificial Intelligence,Bachelor,2026,33416,0,1,1,0,0,1,1,Japnese,private,1
986,Mei,Gomez,student,Brazil,urban,University of Queensland,Business Analytics,PhD,2027,34727,0,0,0,1,0,1,1,French,shared,1
987,Tanvir,Kumar,student,Indonesia,urban,Monash University,Artificial Intelligence,PhD,2026,59372,1,1,0,0,1,1,0,Mandarin,shared,0
988,Tanvir,Kim,student,Nigeria,suburban,University of Queensland,Finance,PhD,2027,43554,1,1,1,1,0,1,0,Japnese,private,0
989,Diego,Chaudhary,student,Japan,regional,University of Queensland,Psychology,Bachelor,2026,24580,0,1,1,0,0,1,1,Hindi,private,1
990,Arjun,Hossain,student,UAE,regional,University of Sydney,Mechanical Engineering,PhD,2027,25159,1,1,1,1,0,0,0,Indonesian,private,0
991,Zaid,Müller,parent,India,suburban,University of Sydney,Computer Science,Master,2026,33740,0,0,0,0,1,0,1,Hindi,shared,0
992,Amira,Kumar,parent,India,regional,Australian National University,Mechanical Engineering,PhD,2027,29488,0,1,0,0,0,1,1,English,dorm,1
993,Yuki,Dubois,student,Brazil,regional,University of Melbourne,Data Science,Bachelor,2026,59841,1,0,1,0,1,1,1,French,private,0
994,Saanvi,Nguyen,student,UAE,suburban,UNSW,Artificial Intelligence,Bachelor,2027,22165,0,1,1,0,1,1,0,Indonesian,private,0
995,Ivan,Moreau,student,Brazil,urban,University of Adelaide,Finance,Bachelor,2026,28138,0,1,0,0,1,0,0,Mandarin,shared,1
996,Clara,Al-Farsi,student,UAE,suburban,University of Melbourne,Data Science,Master,2027,46606,0,0,0,1,0,1,1,French,dorm,0
997,Clara,Hernandez,student,Australia,suburban,UNSW,Business Analytics,PhD,2027,50338,0,1,0,0,0,0,1,English,shared,1
998,Hans,Gomez,student,Vietnam,urban,Monash University,Computer Science,PhD,2026,25008,0,0,1,0,0,1,1,Spanish,shared,0
999,Hans,Lefebvre,student,Nigeria,regional,Australian National University,Data Science,PhD,2026,20297,0,1,0,0,0,1,0,Indonesian,private,1
1000,Sarvesh,Kumar,parent,Indonesia,urban,Monash University,Mechanical Engineering,Bachelor,2027,31332,0,1,1,1,0,0,0,Spanish,shared,1
1001,Zaid,Al-Farsi,student,China,urban,Australian National University,Business Analytics,Bachelor,2026,36913,1,0,1,1,0,0,1,Spanish,private,0
1002,Hiroshi,Chen,parent,India,suburban,Monash University,Finance,Bachelor,2027,18641,1,0,0,1,1,1,1,Mandarin,private,1
1003,Bilal,Gomez,student,Australia,suburban,University of Adelaide,Data Science,Master,2027,25766,1,1,1,1,1,1,1,English,dorm,0
1004,Zane,Iqbal,student,Australia,regional,University of Queensland,Computer Science,Master,2027,47364,0,1,0,0,1,0,1,Hindi,dorm,1
1005,Yuki,Al-Farsi,student,Australia,urban,University of Melbourne,Business Analytics,PhD,2027,28942,0,1,1,0,1,1,0,Japnese,dorm,1
1006,Nusrat,Hossain,student,Australia,regional,University of Sydney,Mechanical Engineering,PhD,2027,22645,1,0,1,0,0,1,0,English,private,0
1007,Julien,Al-Farsi,student,Indonesia,suburban,University of Western Australia,Business Analytics,Bachelor,2026,44485,1,0,1,0,0,0,1,English,private,0
1008,Kenji,Chatterjee,student,Vietnam,regional,University of Melbourne,Finance,Bachelor,2027,43634,0,0,1,0,1,1,1,Spanish,dorm,1
1009,Hamza,Wei,parent,China,regional,University of Melbourne,Data Science,Master,2026,41915,1,0,1,0,1,0,1,Japnese,private,0
1010,Ananya,Sato,parent,Japan,urban,University of Adelaide,Artificial Intelligence,Bachelor,2027,48746,0,0,0,1,0,0,1,English,dorm,0
1011,Priya,Sharma,student,Japan,regional,University of Western Australia,Data Science,Master,2027,42208,1,1,0,1,0,1,0,Mandarin,dorm,0
1012,Amira,Sato,student,UAE,urban,University of Queensland,Artificial Intelligence,Master,2026,35581,0,1,0,1,1,0,0,Japnese,shared,1
1013,Lucas,Das,student,Australia,regional,University of Sydney,Computer Science,PhD,2027,45647,1,1,0,0,1,0,1,Japnese,dorm,1
1014,Ananya,Chen,student,Vietnam,suburban,University of Sydney,Business Analytics,Bachelor,2027,33636,1,1,1,0,0,0,0,Hindi,private,0
1015,Chloé,Park,student,UAE,urban,University of Sydney,Finance,PhD,2026,54313,0,1,1,0,0,1,1,French,private,0
1016,Zoya,Olsen,parent,Indonesia,regional,University of Melbourne,Finance,Bachelor,2027,18089,1,1,0,0,1,1,1,Indonesian,dorm,1
1017,Sana,Lefebvre,student,Japan,regional,Monash University,Business Analytics,Bachelor,2027,24682,1,1,0,1,0,1,0,English,private,0
1018,Zaid,Khan,student,Japan,suburban,University of Queensland,Finance,PhD,2027,22289,0,1,0,1,0,0,1,Hindi,private,1
1019,Bilal,Olsen,parent,Indonesia,suburban,University of Melbourne,Psychology,Master,2027,56801,0,0,1,1,0,0,0,English,dorm,1
1020,Kenji,Bakare,student,UAE,regional,Monash University,Finance,PhD,2027,48625,1,0,0,0,0,1,1,Mandarin,shared,1
1021,Ananya,Bakare,student,Australia,regional,University of Sydney,Data Science,PhD,2027,39984,0,1,0,0,1,0,1,Indonesian,shared,0
1022,Lucas,Gomez,student,Brazil,urban,University of Adelaide,Artificial Intelligence,Bachelor,2027,24076,1,1,0,1,0,0,1,Indonesian,private,0
1023,Diego,Iyer,student,India,regional,Monash University,Artificial Intelligence,Master,2027,31971,1,1,1,1,1,1,1,Japnese,shared,0
1024,Fatima,Haddad,parent,Brazil,suburban,Monash University,Computer Science,Master,2027,38114,0,0,0,1,1,1,1,Mandarin,shared,1
1025,Chloé,Hernandez,student,Vietnam,suburban,University of Melbourne,Finance,PhD,2026,19364,0,0,0,1,1,0,1,Indonesian,private,1
1026,Hans,Kim,student,Nigeria,regional,University of Queensland,Finance,Master,2027,34541,0,1,1,1,1,0,1,Japnese,dorm,0
1027,Zoya,Chen,student,Brazil,regional,UNSW,Computer Science,PhD,2026,24676,1,1,0,0,0,0,1,Indonesian,private,0
1028,Mei,Iqbal,student,Nigeria,suburban,UNSW,Psychology,Master,2027,30832,1,0,0,1,0,1,1,Spanish,shared,1
1029,Kenji,Rossi,student,Indonesia,suburban,University of Melbourne,Psychology,PhD,2027,38760,0,0,1,0,0,1,1,Mandarin,dorm,1
1030,Hiroshi,Haddad,student,Vietnam,suburban,UNSW,Computer Science,Master,2026,15666,1,1,1,1,1,1,1,English,private,0
1031,Amira,Gomez,student,Brazil,regional,Australian National University,Computer Science,PhD,2026,36484,0,0,1,1,1,0,0,Indonesian,shared,0
1032,Diego,Park,student,Australia,regional,University of Western Australia,Data Science,PhD,2026,46054,0,0,0,1,0,0,0,Hindi,private,0
1033,Li,Sharma,student,Indonesia,suburban,UNSW,Mechanical Engineering,Bachelor,2026,52379,1,1,0,0,0,1,0,Japnese,dorm,1
1034,Tanvir,Silva,student,Vietnam,urban,University of Queensland,Data Science,Master,2027,56430,1,0,1,1,1,0,1,Japnese,dorm,1
1035,Fatima,Iqbal,student,China,suburban,University of Melbourne,Artificial Intelligence,PhD,2027,50189,0,1,0,1,1,0,1,French,private,1
1036,Trang,Müller,parent,Japan,urban,UNSW,Data Science,Master,2026,46532,0,0,1,0,1,0,1,Mandarin,private,0
1037,Jueqing,Patil,student,China,regional,University of Queensland,Business Analytics,PhD,2026,58409,1,1,0,0,0,0,1,Japnese,shared,1
1038,Zoya,Nguyen,student,Australia,urban,University of Queensland,Computer Science,Bachelor,2026,47395,0,1,0,1,1,0,1,Mandarin,dorm,0
1039,Tanvir,Al-Farsi,student,India,suburban,University of Sydney,Business Analytics,Bachelor,2027,40381,0,1,1,0,0,0,0,Japnese,private,0
1040,Yuki,Haddad,student,Australia,suburban,University of Sydney,Computer Science,PhD,2027,46476,0,1,1,0,1,0,0,English,shared,0
1041,Trang,Iqbal,student,UAE,suburban,University of Melbourne,Finance,Bachelor,2027,15038,1,1,1,0,1,0,1,Spanish,dorm,0
1042,Tanvir,Müller,student,China,regional,Australian National University,Data Science,PhD,2027,35300,1,0,0,0,0,0,1,English,private,1
1043,Hiroshi,Hossain,student,China,regional,Australian National University,Finance,PhD,2027,18322,1,0,0,1,0,1,1,Mandarin,private,1
1044,Zoya,Bakare,parent,UAE,urban,Monash University,Artificial Intelligence,Master,2026,30443,0,1,1,0,0,0,0,Japnese,private,0
1045,Sofia,Sharma,student,UAE,urban,University of Queensland,Artificial Intelligence,Bachelor,2026,26843,1,1,1,0,0,1,1,Hindi,private,1
1046,Sarvesh,Bakare,student,Indonesia,suburban,UNSW,Finance,Bachelor,2027,56735,1,1,1,1,1,0,0,Spanish,dorm,0
1047,Sofia,Ahmed,parent,China,suburban,University of Adelaide,Artificial Intelligence,Master,2027,17384,0,1,1,0,1,0,0,Indonesian,shared,1
1048,Rohan,Dubois,parent,China,suburban,Monash University,Artificial Intelligence,Bachelor,2026,30313,0,1,0,0,0,1,1,English,shared,0
1049,Suresh,Iqbal,parent,China,urban,University of Western Australia,Business Analytics,PhD,2026,53658,1,0,0,1,1,0,1,English,private,0
1050,Zane,Iyer,student,UAE,suburban,University of Melbourne,Artificial Intelligence,PhD,2026,29991,1,0,1,0,1,1,1,Indonesian,dorm,0
1051,Suresh,Sharma,student,Brazil,urban,University of Queensland,Mechanical Engineering,Master,2026,46846,0,0,1,1,0,1,0,French,shared,0
1052,Zane,Wei,parent,UAE,urban,University of Adelaide,Psychology,Bachelor,2026,57705,1,0,0,0,1,1,0,Hindi,dorm,1
1053,Diego,Iqbal,parent,Indonesia,urban,University of Adelaide,Psychology,Master,2027,43179,1,1,0,1,1,1,1,Hindi,private,0
1054,Amira,Iqbal,parent,China,urban,University of Western Australia,Mechanical Engineering,Master,2027,28233,0,0,0,1,1,0,0,English,private,0
1055,Sumaiya,Sato,student,Indonesia,urban,UNSW,Psychology,Master,2026,16322,0,0,1,0,1,1,0,Spanish,dorm,1
1056,Sarvesh,Iqbal,parent,Indonesia,regional,University of Adelaide,Business Analytics,Master,2027,25886,1,1,1,0,0,0,1,Japnese,private,1
1057,Diego,Tanaka,student,Brazil,regional,University of Western Australia,Data Science,PhD,2026,40509,1,0,1,0,0,1,1,Mandarin,shared,1
1058,Mei,Wei,parent,Nigeria,urban,Monash University,Finance,Bachelor,2027,24162,1,0,1,0,1,0,0,Japnese,shared,0
1059,Zoya,Mansoor,student,Australia,suburban,University of Queensland,Computer Science,Master,2026,19781,0,1,0,0,1,1,1,French,dorm,1
1060,Léa,Moreau,student,India,suburban,University of Melbourne,Psychology,Bachelor,2026,29708,1,1,1,1,1,1,0,Indonesian,dorm,1
1061,Tanvir,Al-Farsi,student,China,regional,UNSW,Business Analytics,Bachelor,2026,40629,1,0,1,1,0,0,0,Spanish,dorm,0
1062,Kenji,Siddiqui,student,Vietnam,suburban,University of Western Australia,Artificial Intelligence,Bachelor,2026,45720,0,1,1,0,1,1,1,Spanish,shared,1
1063,Amira,Ahmed,student,China,regional,Monash University,Psychology,Master,2026,15066,1,0,0,0,0,1,1,Spanish,dorm,0
1064,Chloé,Malik,student,Brazil,regional,University of Western Australia,Mechanical Engineering,PhD,2026,38245,0,0,0,0,0,1,1,English,private,0
1065,Amara,Park,student,Nigeria,suburban,University of Adelaide,Mechanical Engineering,Bachelor,2027,19918,1,0,0,0,0,1,0,Spanish,shared,0
1066,Zoya,Silva,parent,Vietnam,urban,University of Queensland,Mechanical Engineering,Bachelor,2027,40486,1,1,1,1,1,0,0,Hindi,private,1
1067,Amira,Mansoor,student,India,suburban,UNSW,Psychology,PhD,2027,51286,0,1,1,1,0,1,1,Mandarin,shared,0
1068,Jueqing,Lefebvre,student,India,regional,Australian National University,Computer Science,Master,2027,32903,1,0,0,1,1,0,0,Indonesian,dorm,1
1069,Zaid,Mansoor,parent,Australia,suburban,University of Queensland,Business Analytics,Master,2026,53017,0,1,0,0,1,1,0,French,shared,1
1070,Nusrat,Iqbal,parent,Nigeria,urban,UNSW,Artificial Intelligence,PhD,2026,23165,1,1,1,1,1,0,1,Japnese,shared,1
1071,Saanvi,Kim,parent,Japan,suburban,University of Sydney,Artificial Intelligence,Master,2027,16943,0,0,0,1,1,0,1,Mandarin,private,0
1072,Ishaan,Patil,student,China,urban,UNSW,Computer Science,Master,2027,38509,1,1,0,0,0,0,1,English,shared,1
1073,Priya,Iqbal,parent,Nigeria,regional,UNSW,Artificial Intelligence,PhD,2026,39476,0,1,1,1,1,0,1,Mandarin,shared,0
1074,Zane,Ahmed,student,Indonesia,regional,University of Melbourne,Psychology,PhD,2026,28258,1,1,1,1,0,0,0,Hindi,shared,1
1075,Nusrat,Lefebvre,student,India,regional,University of Adelaide,Finance,Master,2026,35043,0,1,0,0,1,0,0,Japnese,private,1
1076,Bilal,Haddad,parent,Vietnam,urban,UNSW,Mechanical Engineering,Bachelor,2026,41953,0,0,1,0,0,0,1,Hindi,shared,0
1077,Arjun,Kumar,parent,Indonesia,urban,Monash University,Computer Science,Bachelor,2027,56789,1,1,0,0,0,0,0,Hindi,shared,1
1078,Amara,Moreau,parent,India,regional,University of Melbourne,Artificial Intelligence,PhD,2026,45928,0,0,0,0,0,0,1,Spanish,shared,0
1079,Ivan,Al-Farsi,student,Nigeria,suburban,Monash University,Data Science,Bachelor,2027,53631,1,0,1,1,1,1,0,English,dorm,1
1080,Julien,Bakare,student,UAE,urban,University of Sydney,Business Analytics,PhD,2026,33109,0,0,1,1,0,0,1,Mandarin,dorm,1
1081,Léa,Wong,student,Nigeria,urban,University of Sydney,Mechanical Engineering,Bachelor,2026,26118,0,0,1,0,1,0,1,French,private,1
1082,Suresh,Müller,parent,Japan,urban,UNSW,Psychology,PhD,2026,29757,1,0,0,0,0,1,0,Mandarin,shared,0
1083,Mei,Rahman,student,India,suburban,Australian National University,Artificial Intelligence,Master,2026,58170,0,0,0,0,0,0,1,Indonesian,dorm,0
1084,Hamza,Khan,student,Japan,regional,UNSW,Finance,PhD,2027,17315,1,0,1,0,1,0,1,Japnese,dorm,0
1085,Ji-won,Sato,student,Brazil,regional,University of Adelaide,Finance,PhD,2026,39893,0,1,0,0,0,0,1,French,private,0
1086,Hiroshi,Siddiqui,parent,Nigeria,urban,University of Western Australia,Business Analytics,Bachelor,2027,49010,0,0,0,0,1,1,1,Mandarin,dorm,0
1087,Li,Sato,parent,Japan,urban,University of Adelaide,Business Analytics,PhD,2026,33638,1,1,1,0,1,0,1,Japnese,dorm,0
1088,Rohan,Sharma,parent,Brazil,regional,University of Queensland,Data Science,Bachelor,2027,43983,1,0,0,1,1,0,1,Spanish,shared,1
1089,Ivan,Kumar,parent,Indonesia,urban,Australian National University,Psychology,PhD,2026,56526,1,1,1,1,0,0,0,Spanish,shared,0
1090,Amara,Moreau,student,Japan,suburban,University of Sydney,Artificial Intelligence,Master,2026,47677,1,1,0,0,0,0,1,Japnese,dorm,0
1091,Tanvir,Smirnov,student,China,suburban,University of Western Australia,Mechanical Engineering,Bachelor,2026,56289,1,0,0,1,1,1,0,English,dorm,0
1092,Lucas,Lefebvre,student,Indonesia,suburban,University of Melbourne,Psychology,Bachelor,2027,16335,0,0,0,0,0,0,0,Indonesian,private,1
1093,Amara,Siddiqui,parent,Nigeria,urban,University of Western Australia,Finance,PhD,2026,36642,0,0,1,1,1,1,0,Japnese,shared,0
1094,Ananya,Wong,student,China,suburban,Australian National University,Computer Science,Master,2026,17590,1,0,0,1,0,0,0,Spanish,shared,1
1095,Hamza,Park,student,Australia,urban,University of Adelaide,Business Analytics,PhD,2026,37599,0,0,1,0,1,1,0,French,shared,0
1096,Hiroshi,Gomez,student,China,suburban,University of Adelaide,Business Analytics,Master,2026,37926,1,1,0,1,0,1,0,Spanish,shared,1
1097,Arjun,Malik,parent,Brazil,suburban,University of Western Australia,Psychology,Master,2026,36582,1,1,0,1,0,0,1,Indonesian,shared,0
1098,Kenji,Chen,parent,Vietnam,regional,University of Sydney,Mechanical Engineering,Bachelor,2027,49547,0,0,0,1,0,1,0,Mandarin,shared,0
1099,Sofia,Wong,parent,Nigeria,regional,University of Sydney,Business Analytics,PhD,2027,39607,0,1,1,0,0,0,0,French,private,1
1100,Ishaan,Chatterjee,student,UAE,urban,University of Adelaide,Finance,PhD,2026,20843,1,1,0,0,1,1,0,Hindi,dorm,1
1101,Kenji,Khan,student,UAE,urban,University of Adelaide,Computer Science,PhD,2026,54385,1,1,0,0,1,1,1,Japnese,shared,1
1102,Li,Gomez,student,Australia,regional,University of Melbourne,Mechanical Engineering,Bachelor,2026,20862,1,0,0,0,1,1,0,Indonesian,dorm,1
1103,Mathis,Iyer,student,Japan,regional,Monash University,Mechanical Engineering,Bachelor,2027,30942,1,0,0,1,1,0,0,Spanish,shared,1
1104,Abrar,Ahmed,student,Nigeria,urban,University of Western Australia,Business Analytics,PhD,2026,32642,1,0,1,1,1,0,0,English,private,0
1105,Sana,Patil,parent,China,urban,UNSW,Computer Science,Master,2027,36319,1,1,1,0,1,0,0,French,dorm,1
1106,Hiroshi,Silva,student,Vietnam,suburban,University of Melbourne,Computer Science,Bachelor,2027,45411,1,0,0,1,0,1,0,Mandarin,private,0
1107,Julien,Haddad,parent,Vietnam,regional,UNSW,Finance,PhD,2026,17653,1,0,0,1,1,1,1,Mandarin,private,0
1108,Sana,Garcia,student,Indonesia,regional,University of Adelaide,Business Analytics,PhD,2026,59179,1,1,1,0,1,1,0,Hindi,shared,1
1109,Zoya,Wei,student,India,regional,UNSW,Artificial Intelligence,Master,2026,47435,0,0,0,1,1,0,0,Spanish,shared,0
1110,Sofia,Gomez,parent,China,suburban,University of Adelaide,Data Science,PhD,2026,33664,0,1,1,1,1,1,1,Mandarin,private,0
1111,Priya,Chaudhary,student,India,urban,Australian National University,Data Science,Bachelor,2027,52450,0,1,0,1,0,0,1,French,dorm,1
1112,Mateo,Sharma,student,Australia,urban,University of Adelaide,Finance,Bachelor,2027,54964,1,1,0,0,1,1,1,Indonesian,shared,1
1113,Priya,Iqbal,student,Brazil,suburban,University of Queensland,Data Science,Bachelor,2027,54998,0,0,1,0,1,1,1,French,dorm,1
1114,Rohan,Haddad,student,China,urban,Australian National University,Finance,Bachelor,2026,19285,0,0,1,1,0,0,1,Japnese,private,0
1115,Clara,Malik,student,China,urban,Monash University,Psychology,Master,2027,44608,0,0,1,0,0,1,0,Hindi,private,0
1116,Aisha,Gomez,student,Indonesia,urban,University of Sydney,Finance,Bachelor,2026,20653,0,0,1,1,1,1,0,English,private,1
1117,Abrar,Chatterjee,student,China,regional,UNSW,Artificial Intelligence,PhD,2026,20413,1,0,0,1,1,1,1,French,dorm,0
1118,Ivan,Sharma,parent,Japan,suburban,University of Western Australia,Business Analytics,Bachelor,2027,18453,0,1,0,0,1,0,1,Mandarin,dorm,0
1119,Fatima,Gomez,parent,China,suburban,University of Adelaide,Finance,Master,2027,46828,1,1,1,1,0,1,1,Japnese,shared,1
1120,Sarvesh,Lefebvre,student,UAE,regional,Monash University,Artificial Intelligence,Master,2027,23482,0,1,1,1,1,0,1,French,dorm,0
1121,Kavya,Sato,student,Australia,urban,Monash University,Psychology,Master,2026,18714,1,0,1,1,0,1,1,Japnese,private,1
1122,Nusrat,Nguyen,student,China,suburban,University of Sydney,Mechanical Engineering,Master,2026,46335,1,0,1,1,0,1,1,Japnese,private,1
1123,Mei,Dubois,parent,Brazil,urban,University of Melbourne,Computer Science,PhD,2026,41183,0,1,0,0,0,1,1,Indonesian,private,0
1124,Ananya,Wong,student,Vietnam,regional,University of Queensland,Finance,PhD,2027,34797,1,1,1,0,1,0,1,English,private,1
1125,Ishaan,Smirnov,student,Vietnam,urban,University of Western Australia,Data Science,Master,2026,49669,1,0,0,1,0,1,0,Indonesian,private,0
1126,Bilal,Silva,student,Nigeria,regional,University of Queensland,Business Analytics,Bachelor,2026,26369,0,0,1,1,1,1,0,Hindi,dorm,0
1127,Zoya,Moreau,parent,Japan,urban,University of Sydney,Business Analytics,Master,2027,32385,0,1,1,1,1,0,0,Spanish,shared,0
1128,Bilal,Lefebvre,student,UAE,suburban,University of Western Australia,Mechanical Engineering,Bachelor,2026,38197,1,1,1,1,1,1,1,Indonesian,dorm,0
1129,Priya,Iqbal,student,India,regional,University of Queensland,Computer Science,Master,2027,25222,1,0,0,1,1,0,1,Indonesian,shared,1
1130,Sana,Bakare,student,Japan,regional,Australian National University,Data Science,PhD,2026,59734,0,0,0,0,0,0,0,Spanish,shared,0
1131,Arjun,Dubois,parent,Brazil,suburban,University of Melbourne,Mechanical Engineering,Bachelor,2027,48386,0,0,0,1,0,1,1,English,dorm,1
1132,Kavya,Haddad,parent,Australia,regional,University of Sydney,Computer Science,PhD,2026,45314,1,1,1,1,0,0,0,Indonesian,shared,0
1133,Amara,Wei,student,Japan,suburban,University of Adelaide,Data Science,Bachelor,2027,18024,0,0,0,0,0,1,0,Indonesian,shared,1
1134,Mathis,Kumar,student,India,suburban,Monash University,Computer Science,PhD,2027,16737,1,1,0,1,1,0,1,Indonesian,shared,0
1135,Sarvesh,Bakare,parent,UAE,regional,University of Sydney,Computer Science,PhD,2026,38322,0,0,0,0,1,1,1,Hindi,private,1
1136,Amara,Chatterjee,parent,China,regional,UNSW,Finance,Master,2027,22171,1,0,1,1,0,1,1,Japnese,private,0
1137,Elena,Park,parent,Nigeria,urban,University of Adelaide,Computer Science,Bachelor,2027,24190,0,0,0,0,0,1,1,Mandarin,private,1
1138,Diego,Nguyen,student,Vietnam,suburban,UNSW,Mechanical Engineering,PhD,2027,33798,1,0,0,0,0,0,1,Indonesian,private,1
1139,Sarvesh,Bakare,parent,Japan,suburban,Australian National University,Business Analytics,Master,2027,56405,1,1,0,1,0,1,1,Japnese,dorm,1
1140,Amira,Müller,student,China,suburban,University of Melbourne,Business Analytics,Bachelor,2027,21643,0,0,1,0,0,1,1,French,private,0
1141,Hamza,Silva,parent,Nigeria,regional,University of Queensland,Finance,PhD,2026,58782,1,1,0,0,0,1,0,French,shared,0
1142,Rohan,Chen,student,Indonesia,suburban,Monash University,Business Analytics,Bachelor,2027,40549,1,0,0,0,0,0,1,Hindi,dorm,0
1143,Clara,Smirnov,student,Japan,urban,Monash University,Data Science,Master,2027,44080,1,0,1,0,0,0,0,Mandarin,private,1
1144,Arjun,Khan,student,Vietnam,regional,Australian National University,Business Analytics,Master,2026,35566,0,0,1,1,1,1,0,Mandarin,private,1
1145,Yuki,Suzuki,student,India,suburban,UNSW,Mechanical Engineering,PhD,2027,44062,1,0,1,0,0,1,1,Indonesian,dorm,0
1146,Omar,Iyer,student,Australia,urban,Australian National University,Mechanical Engineering,Bachelor,2026,51896,0,0,1,0,0,1,1,Mandarin,private,1
1147,Sarvesh,Malik,student,Australia,suburban,Monash University,Psychology,PhD,2027,45773,0,1,1,0,0,1,1,English,dorm,0
1148,Tanvir,Suzuki,student,Indonesia,urban,Monash University,Artificial Intelligence,Bachelor,2027,50312,1,0,1,0,0,0,1,Hindi,private,1
1149,Amira,Chen,parent,Brazil,suburban,UNSW,Business Analytics,PhD,2027,53535,1,1,1,1,0,1,1,French,dorm,0
1150,Mathis,Moreau,student,Nigeria,suburban,Monash University,Business Analytics,PhD,2027,56100,1,0,0,0,0,0,1,Japnese,dorm,1
1151,Kenji,Iyer,parent,Australia,suburban,Australian National University,Finance,PhD,2026,47656,0,0,0,0,0,1,1,French,shared,1
1152,Saanvi,Kumar,student,Vietnam,regional,University of Sydney,Psychology,Bachelor,2026,48484,1,1,1,1,1,0,1,Indonesian,dorm,0
1153,Ananya,Siddiqui,student,UAE,regional,University of Queensland,Data Science,Master,2026,37435,0,1,0,0,0,0,0,French,dorm,0
1154,Hiroshi,Lefebvre,student,Nigeria,urban,University of Melbourne,Computer Science,PhD,2026,32920,1,1,1,0,0,0,1,Mandarin,dorm,1
1155,Saanvi,Smirnov,parent,Vietnam,suburban,University of Western Australia,Finance,Master,2026,40416,1,0,0,1,1,0,1,Spanish,private,0
1156,Saanvi,Mansoor,student,China,regional,Australian National University,Finance,PhD,2026,25808,1,0,0,0,0,1,0,Japnese,shared,1
1157,Nina,Kumar,student,Nigeria,suburban,University of Sydney,Mechanical Engineering,Bachelor,2027,52728,0,0,0,1,0,1,1,Japnese,shared,1
1158,Sarvesh,Mansoor,student,Indonesia,urban,University of Western Australia,Computer Science,Master,2027,42820,0,1,0,0,0,1,0,English,dorm,1
1159,Omar,Smirnov,student,India,regional,University of Sydney,Psychology,Master,2026,43484,1,0,1,1,1,0,1,Spanish,shared,0
1160,Kavya,Smirnov,student,China,suburban,University of Queensland,Business Analytics,PhD,2027,30618,1,1,0,0,1,0,0,Indonesian,private,1
1161,Sumaiya,Khan,parent,Japan,suburban,UNSW,Computer Science,Bachelor,2027,35080,0,0,0,1,0,0,0,Mandarin,private,1
1162,Julien,Chatterjee,student,Vietnam,urban,Australian National University,Finance,PhD,2026,34397,0,1,1,0,0,0,0,French,private,1
1163,Suresh,Kumar,student,Nigeria,regional,University of Western Australia,Psychology,Master,2026,58523,1,1,1,1,0,0,0,Spanish,dorm,0
1164,Sarvesh,Lefebvre,parent,UAE,urban,University of Western Australia,Finance,PhD,2026,51357,1,1,0,0,1,1,0,English,shared,1
1165,Abrar,Dubois,student,China,suburban,University of Queensland,Mechanical Engineering,PhD,2027,31439,1,1,1,0,1,1,1,Spanish,shared,1
1166,Abrar,Garcia,parent,Indonesia,urban,University of Adelaide,Artificial Intelligence,Master,2027,55197,0,1,0,1,1,1,0,Indonesian,private,0
1167,Tanvir,Wei,student,Nigeria,suburban,University of Sydney,Data Science,Master,2027,24584,1,0,0,1,0,0,0,Mandarin,private,1
1168,Mei,Haddad,parent,Vietnam,urban,University of Adelaide,Artificial Intelligence,Bachelor,2026,41285,0,0,0,0,0,1,0,Spanish,shared,1
1169,Nina,Müller,student,Vietnam,regional,University of Adelaide,Mechanical Engineering,Master,2027,57909,1,1,1,1,0,1,1,Japnese,shared,1
1170,Kavya,Smirnov,parent,Vietnam,urban,University of Western Australia,Artificial Intelligence,PhD,2027,34915,1,1,1,1,0,1,0,Indonesian,private,0
1171,Sofia,Hossain,student,Indonesia,suburban,Australian National University,Mechanical Engineering,PhD,2027,49263,1,0,1,1,0,1,0,Japnese,private,1
1172,Saanvi,Sato,student,UAE,regional,University of Queensland,Psychology,Master,2027,33096,1,0,1,0,0,1,1,English,shared,0
1173,Arjun,Dubois,student,China,regional,University of Sydney,Mechanical Engineering,PhD,2026,43227,1,1,1,0,0,1,0,Indonesian,dorm,0
1174,Li,Gomez,student,Indonesia,regional,University of Queensland,Artificial Intelligence,PhD,2026,42201,0,1,0,1,0,0,1,English,private,0
1175,Amara,Das,student,Vietnam,suburban,University of Sydney,Mechanical Engineering,Master,2027,26537,0,1,0,0,1,1,1,Japnese,shared,0
1176,Fatima,Smirnov,student,Vietnam,urban,University of Sydney,Finance,Master,2026,57261,0,0,0,0,0,1,0,Japnese,shared,0
1177,Priya,Tanaka,student,India,regional,University of Western Australia,Data Science,PhD,2026,55489,0,0,0,1,0,1,0,French,dorm,1
1178,Hans,Iqbal,parent,Brazil,regional,University of Queensland,Finance,Master,2026,34812,1,1,0,1,1,0,1,Indonesian,private,0
1179,Kenji,Gomez,parent,Australia,suburban,University of Melbourne,Business Analytics,Master,2026,30903,0,0,1,1,0,0,1,Hindi,private,0
1180,Clara,Malik,parent,Australia,urban,Monash University,Finance,PhD,2026,41726,0,1,0,1,0,1,1,Spanish,shared,0
1181,Aisha,Iqbal,student,UAE,regional,Australian National University,Data Science,Master,2027,57222,1,0,0,1,1,1,1,Japnese,private,1
1182,Zaid,Müller,student,India,urban,University of Queensland,Finance,Bachelor,2027,16229,1,1,0,1,0,1,1,Japnese,private,1
1183,Hiroshi,Moreau,student,Indonesia,suburban,University of Adelaide,Mechanical Engineering,Master,2027,51996,0,1,1,1,0,1,0,Mandarin,private,1
1184,Julien,Wong,parent,Vietnam,urban,University of Queensland,Data Science,Master,2027,15284,1,1,1,1,0,0,1,English,dorm,0
1185,Tanvir,Gomez,student,Australia,urban,University of Queensland,Business Analytics,Bachelor,2026,45346,1,0,1,0,0,1,0,Hindi,shared,0
1186,Kavya,Haddad,student,Japan,regional,Australian National University,Business Analytics,PhD,2027,34188,1,0,1,1,0,0,0,Spanish,dorm,0
1187,Hamza,Chatterjee,student,China,regional,University of Adelaide,Finance,PhD,2027,58960,0,1,0,0,0,1,1,Japnese,private,0
1188,Ananya,Müller,parent,India,suburban,University of Queensland,Artificial Intelligence,Master,2026,22510,1,0,1,0,1,1,0,Hindi,private,0
1189,Nusrat,Khan,student,Australia,regional,Monash University,Artificial Intelligence,Master,2027,24637,1,1,0,0,1,0,0,Mandarin,shared,0
1190,Rohan,Hossain,student,Vietnam,urban,University of Queensland,Mechanical Engineering,Master,2026,19687,1,0,1,0,1,1,0,Mandarin,dorm,1
1191,Arjun,Rahman,student,Indonesia,urban,University of Western Australia,Psychology,Master,2027,52151,1,0,1,1,0,1,0,Indonesian,dorm,0
1192,Priya,Siddiqui,student,Australia,suburban,Monash University,Artificial Intelligence,Master,2027,43358,1,1,1,1,0,0,1,Spanish,shared,0
1193,Diego,Das,student,UAE,suburban,University of Melbourne,Business Analytics,PhD,2026,23407,1,0,1,0,1,0,1,English,dorm,1
1194,Jueqing,Smirnov,parent,Vietnam,urban,University of Sydney,Finance,Bachelor,2026,47590,1,0,0,1,0,1,1,Mandarin,dorm,1
1195,Jueqing,Wong,student,India,urban,University of Sydney,Finance,Master,2026,37736,1,1,0,0,1,0,1,Mandarin,dorm,0
1196,Bilal,Wong,student,Japan,regional,University of Sydney,Data Science,PhD,2026,32779,1,0,1,0,1,0,0,Hindi,dorm,1
1197,Tanvir,Chatterjee,student,Australia,regional,University of Queensland,Artificial Intelligence,Master,2027,52009,1,0,1,1,1,0,1,Mandarin,dorm,1
1198,Chloé,Haddad,student,Brazil,suburban,University of Sydney,Artificial Intelligence,PhD,2027,59062,0,0,0,1,1,1,1,French,dorm,1
1199,Kavya,Haddad,parent,Australia,suburban,University of Sydney,Business Analytics,Master,2026,57096,1,1,1,1,1,0,1,Spanish,shared,0
1200,Elena,Sato,student,Indonesia,urban,University of Western Australia,Finance,Master,2026,34588,1,0,1,0,0,0,0,Spanish,private,0
1201,Omar,Hossain,parent,Indonesia,regional,Australian National University,Computer Science,PhD,2026,19568,1,0,0,1,0,0,0,French,private,1
1202,Léa,Ahmed,student,India,regional,University of Sydney,Mechanical Engineering,Master,2027,23839,0,0,1,1,0,1,1,English,shared,1
1203,Fatima,Das,parent,UAE,suburban,University of Melbourne,Computer Science,Bachelor,2026,25419,0,0,0,0,1,1,1,Japnese,private,0
1204,Mei,Al-Farsi,student,Australia,urban,Monash University,Data Science,Master,2026,42359,1,0,1,0,0,1,1,French,private,1
1205,Jueqing,Mansoor,student,India,urban,Monash University,Artificial Intelligence,PhD,2027,20032,0,0,0,0,1,1,1,Japnese,dorm,1
1206,Aisha,Chaudhary,student,Indonesia,regional,University of Western Australia,Data Science,Master,2026,35314,0,0,1,0,1,0,1,Indonesian,dorm,0
1207,Léa,Park,student,Japan,suburban,University of Sydney,Mechanical Engineering,Master,2026,55431,0,1,0,1,1,0,1,English,dorm,0
1208,Yuki,Hossain,student,India,regional,Australian National University,Data Science,Bachelor,2027,29146,0,0,1,0,1,1,1,Indonesian,private,0
1209,Sumaiya,Garcia,student,Brazil,regional,University of Melbourne,Mechanical Engineering,Bachelor,2027,31037,0,0,0,1,0,1,1,Mandarin,private,0
1210,Arjun,Park,student,Indonesia,urban,University of Adelaide,Finance,Master,2027,32495,0,0,1,1,0,1,1,Indonesian,shared,1
1211,Lucas,Suzuki,parent,Indonesia,urban,Monash University,Psychology,PhD,2026,58180,0,0,1,1,0,0,1,Japnese,private,1
1212,Saanvi,Hossain,student,Australia,suburban,University of Melbourne,Artificial Intelligence,Bachelor,2026,59814,1,1,1,1,1,0,0,Indonesian,dorm,0
1213,Jueqing,Kumar,student,Nigeria,urban,University of Sydney,Psychology,Master,2026,58656,1,0,0,0,1,0,0,English,private,1
1214,Ji-won,Tanaka,parent,India,regional,University of Western Australia,Artificial Intelligence,Bachelor,2026,53490,1,0,0,1,0,0,0,Japnese,shared,1
1215,Zoya,Patil,student,Brazil,urban,University of Sydney,Data Science,PhD,2027,38124,0,0,0,0,0,0,0,French,private,1
1216,Mei,Chaudhary,student,Japan,urban,UNSW,Computer Science,Master,2027,31300,0,1,0,0,1,0,0,Japnese,dorm,0
1217,Hans,Smirnov,parent,China,suburban,University of Western Australia,Psychology,Master,2027,21848,0,1,1,0,0,0,1,Spanish,dorm,0
1218,Mateo,Olsen,student,Vietnam,suburban,University of Sydney,Business Analytics,Bachelor,2027,32744,0,0,0,1,1,0,0,Hindi,private,1
1219,Ishaan,Müller,student,India,urban,University of Queensland,Data Science,Bachelor,2027,33643,1,0,0,0,1,0,1,Hindi,shared,0
1220,Li,Al-Farsi,student,China,urban,Australian National University,Business Analytics,Master,2027,25282,0,0,1,0,0,1,1,Mandarin,dorm,0
1221,Arjun,Chaudhary,parent,Indonesia,regional,University of Western Australia,Artificial Intelligence,Master,2027,50452,1,1,0,0,0,1,1,Spanish,shared,1
1222,Yuki,Chen,student,UAE,urban,UNSW,Mechanical Engineering,PhD,2026,41839,1,1,1,1,0,0,0,Mandarin,private,0
1223,Sumaiya,Wei,student,India,regional,Monash University,Data Science,PhD,2027,29200,0,0,1,0,0,1,0,English,shared,0
1224,Lucas,Iyer,parent,Australia,suburban,Australian National University,Computer Science,PhD,2027,19414,0,1,1,1,0,0,0,French,private,1
1225,Lucas,Wei,parent,India,urban,Monash University,Computer Science,PhD,2027,42164,1,0,0,0,0,0,1,Japnese,dorm,0
1226,Sana,Suzuki,parent,India,regional,UNSW,Data Science,Master,2026,50230,0,0,0,1,0,0,1,Spanish,shared,0
1227,Julien,Wei,student,Japan,urban,University of Sydney,Finance,Bachelor,2026,30040,0,0,1,0,1,0,1,Indonesian,dorm,1
1228,Mathis,Dubois,student,Brazil,urban,University of Melbourne,Data Science,Bachelor,2027,37256,0,0,1,0,1,1,1,Spanish,dorm,1
1229,Mei,Malik,student,Brazil,urban,University of Sydney,Mechanical Engineering,Master,2027,15120,0,0,0,1,0,0,0,French,dorm,0
1230,Ananya,Al-Farsi,student,UAE,regional,University of Sydney,Artificial Intelligence,Bachelor,2027,21188,1,1,1,0,1,0,0,Indonesian,dorm,0
1231,Clara,Lefebvre,student,Indonesia,urban,University of Melbourne,Artificial Intelligence,Master,2027,32958,0,1,0,0,0,0,0,English,private,0
1232,Kenji,Iqbal,parent,Nigeria,suburban,UNSW,Business Analytics,Bachelor,2027,27906,1,1,0,0,0,1,1,Hindi,shared,0
1233,Zane,Mansoor,student,Japan,urban,University of Western Australia,Finance,PhD,2026,50857,0,1,0,0,1,1,0,Spanish,private,0
1234,Rohan,Wong,student,India,urban,University of Queensland,Artificial Intelligence,PhD,2026,57155,0,1,0,1,0,0,0,Mandarin,private,0
1235,Li,Malik,student,Vietnam,urban,University of Adelaide,Finance,Bachelor,2027,55259,1,1,1,1,0,0,0,Spanish,shared,0
1236,Priya,Lefebvre,parent,India,regional,University of Adelaide,Artificial Intelligence,PhD,2027,23963,1,1,1,1,1,0,0,Indonesian,shared,0
1237,Julien,Moreau,parent,Nigeria,regional,Monash University,Business Analytics,Master,2026,26786,0,0,0,1,1,0,0,Japnese,shared,1
1238,Zoya,Haddad,student,Nigeria,regional,Monash University,Artificial Intelligence,PhD,2027,47884,0,1,1,0,0,0,1,Hindi,private,0
1239,Sofia,Hossain,parent,India,suburban,Australian National University,Data Science,Bachelor,2026,30006,1,0,1,0,1,1,1,Japnese,private,0
1240,Julien,Malik,student,Australia,suburban,University of Adelaide,Artificial Intelligence,Bachelor,2027,48443,1,1,0,1,1,0,0,Spanish,dorm,0
1241,Trang,Rahman,student,Brazil,urban,Australian National University,Psychology,Bachelor,2026,26281,0,1,0,1,1,1,1,Indonesian,shared,1
1242,Julien,Chen,parent,UAE,urban,UNSW,Business Analytics,PhD,2026,58504,0,0,1,0,0,1,1,English,shared,1
1243,Nusrat,Kumar,student,China,suburban,University of Adelaide,Computer Science,PhD,2027,21782,1,1,1,1,0,0,1,Spanish,private,0
1244,Ji-won,Sharma,student,Indonesia,regional,University of Queensland,Data Science,PhD,2027,39539,1,1,1,0,0,1,1,Indonesian,dorm,1
1245,Kenji,Chen,student,Indonesia,regional,UNSW,Artificial Intelligence,Master,2027,48275,1,0,0,1,1,1,0,Japnese,private,1
1246,Arjun,Patil,student,UAE,suburban,University of Adelaide,Psychology,Master,2027,41665,0,0,1,0,0,1,0,Spanish,dorm,0
1247,Rohan,Rossi,student,Vietnam,regional,University of Sydney,Finance,Bachelor,2026,19200,1,0,1,1,1,1,0,Hindi,dorm,0
1248,Saanvi,Rahman,student,Brazil,regional,Monash University,Psychology,Bachelor,2026,22138,1,0,0,1,0,1,1,Spanish,dorm,0
1249,Zoya,Sato,student,Indonesia,urban,University of Queensland,Business Analytics,PhD,2026,54588,0,1,1,1,0,0,0,Mandarin,shared,1
1250,Hans,Park,parent,Nigeria,urban,University of Adelaide,Computer Science,Bachelor,2027,30111,1,0,1,1,1,1,1,Spanish,dorm,1
1251,Lucas,Chen,student,Australia,suburban,UNSW,Artificial Intelligence,Master,2026,18717,0,0,1,0,0,1,0,Indonesian,private,0
1252,Ji-won,Patil,student,Australia,suburban,University of Western Australia,Business Analytics,Bachelor,2027,48307,1,0,0,1,1,1,0,Mandarin,dorm,0
1253,Léa,Hernandez,student,UAE,urban,University of Queensland,Computer Science,Bachelor,2026,48977,1,1,0,0,0,1,0,Indonesian,dorm,1
1254,Abrar,Lefebvre,parent,UAE,suburban,University of Western Australia,Artificial Intelligence,Master,2026,59835,0,1,1,1,1,1,1,English,shared,0
1255,Lucas,Mansoor,student,China,regional,University of Queensland,Data Science,PhD,2026,59021,0,1,0,0,1,0,1,Spanish,dorm,1
1256,Chloé,Kumar,parent,Nigeria,suburban,University of Western Australia,Computer Science,PhD,2026,35856,0,0,0,1,1,1,0,English,private,0
1257,Zane,Lefebvre,student,Indonesia,urban,University of Queensland,Finance,PhD,2027,59446,0,1,1,1,0,1,1,English,dorm,1
1258,Sarvesh,Iyer,student,Japan,suburban,Monash University,Finance,PhD,2027,32275,1,1,1,0,0,1,0,Japnese,shared,0
1259,Li,Rahman,student,India,regional,University of Melbourne,Computer Science,PhD,2027,22866,1,1,0,0,1,1,0,Indonesian,shared,1
1260,Fatima,Patil,parent,Australia,regional,University of Western Australia,Finance,Bachelor,2027,48488,1,0,0,0,0,0,0,Spanish,private,1
1261,Arjun,Wong,student,Australia,regional,University of Queensland,Business Analytics,Bachelor,2026,30934,0,0,1,1,0,0,1,English,dorm,1
1262,Tanvir,Rossi,student,Vietnam,regional,UNSW,Finance,Master,2026,38868,0,0,0,0,0,1,1,Japnese,private,0
1263,Julien,Mansoor,student,Japan,regional,University of Adelaide,Business Analytics,Master,2026,30997,0,1,0,0,1,1,1,Spanish,private,0
1264,Lucas,Malik,student,Japan,regional,Australian National University,Business Analytics,Master,2026,55206,1,0,0,1,1,1,1,Japnese,dorm,1
1265,Hamza,Lefebvre,parent,Nigeria,urban,University of Melbourne,Finance,PhD,2027,25638,1,0,1,0,0,0,0,Japnese,shared,0
1266,Elena,Kumar,student,Brazil,suburban,University of Queensland,Business Analytics,PhD,2026,56284,1,0,0,0,1,1,0,French,shared,1
1267,Lucas,Rahman,student,Vietnam,regional,University of Western Australia,Artificial Intelligence,PhD,2026,33043,0,0,1,1,0,0,0,Hindi,private,1
1268,Chloé,Rossi,student,China,suburban,Australian National University,Computer Science,Master,2026,26488,1,0,1,0,0,1,1,Spanish,shared,0
1269,Hans,Malik,parent,Brazil,regional,University of Western Australia,Artificial Intelligence,PhD,2026,58116,1,0,0,0,1,1,1,Hindi,private,0
1270,Sofia,Park,student,Brazil,urban,UNSW,Computer Science,PhD,2026,20642,1,0,0,1,0,0,0,French,dorm,1
1271,Ivan,Patil,parent,UAE,suburban,University of Adelaide,Psychology,PhD,2027,57417,1,1,0,0,1,0,1,Indonesian,dorm,1
1272,Mathis,Chen,student,Nigeria,urban,University of Melbourne,Computer Science,Master,2026,42029,0,1,1,1,1,1,1,French,private,0
1273,Ishaan,Hernandez,parent,UAE,regional,University of Queensland,Artificial Intelligence,Bachelor,2026,51821,1,1,0,1,0,0,0,Spanish,dorm,1
1274,Nusrat,Kim,student,Japan,regional,University of Adelaide,Psychology,Master,2026,45244,0,1,0,1,0,1,0,English,dorm,0
1275,Sarvesh,Sharma,student,Brazil,regional,University of Adelaide,Computer Science,PhD,2027,25785,1,0,1,0,0,1,1,Spanish,shared,0
1276,Saanvi,Park,student,Indonesia,regional,University of Western Australia,Finance,Master,2027,20771,1,0,1,0,0,1,0,French,private,1
1277,Nina,Das,student,Japan,suburban,Monash University,Computer Science,PhD,2027,28314,1,0,1,0,0,0,1,Mandarin,private,1
1278,Rohan,Kim,student,Brazil,suburban,University of Western Australia,Computer Science,PhD,2026,27954,0,0,1,0,0,1,0,Japnese,private,0
1279,Sana,Tanaka,student,Brazil,regional,University of Sydney,Artificial Intelligence,Bachelor,2027,19777,0,0,1,0,1,0,1,Indonesian,private,1
1280,Aisha,Rahman,parent,Brazil,urban,Monash University,Finance,Master,2026,40708,0,1,1,0,1,1,0,Indonesian,private,1
1281,Nusrat,Chen,parent,UAE,urban,UNSW,Finance,PhD,2027,55703,0,0,0,1,1,1,1,Hindi,dorm,0
1282,Zane,Müller,parent,China,urban,University of Melbourne,Computer Science,PhD,2027,47847,0,0,0,1,1,1,1,Mandarin,private,1
1283,Abrar,Iyer,parent,Australia,regional,Australian National University,Data Science,Master,2027,49043,0,1,0,0,1,0,0,Hindi,shared,0
1284,Priya,Rossi,parent,Vietnam,regional,UNSW,Data Science,PhD,2027,40876,0,1,0,0,1,0,1,Spanish,private,1
1285,Hiroshi,Kumar,parent,Brazil,suburban,University of Queensland,Mechanical Engineering,Bachelor,2026,20833,1,1,1,1,1,1,1,Mandarin,shared,0
1286,Elena,Al-Farsi,parent,Australia,suburban,Monash University,Data Science,PhD,2027,40429,0,1,0,1,1,1,1,Japnese,private,1
1287,Amara,Lefebvre,student,Indonesia,suburban,UNSW,Mechanical Engineering,PhD,2027,42739,1,1,0,1,1,0,0,Japnese,dorm,1
1288,Trang,Sato,student,Vietnam,regional,University of Western Australia,Psychology,PhD,2026,26914,1,0,1,0,1,0,0,Japnese,shared,1
1289,Fatima,Chaudhary,student,Australia,regional,University of Queensland,Artificial Intelligence,Bachelor,2026,31761,1,0,1,1,0,0,1,French,shared,1
1290,Nina,Ahmed,student,Brazil,urban,University of Sydney,Artificial Intelligence,PhD,2027,45727,0,1,1,0,1,1,1,Hindi,shared,0
1291,Lucas,Iyer,student,Brazil,suburban,University of Western Australia,Data Science,Bachelor,2026,42328,1,0,0,1,0,1,0,Spanish,dorm,0
1292,Priya,Rossi,student,China,urban,Monash University,Business Analytics,Master,2027,45713,1,1,1,1,0,1,0,Indonesian,dorm,0
1293,Hiroshi,Hernandez,student,Japan,suburban,Monash University,Psychology,PhD,2027,29381,1,1,1,1,0,0,1,Spanish,shared,0
1294,Mei,Park,parent,Indonesia,suburban,University of Western Australia,Business Analytics,Bachelor,2026,50287,1,0,0,1,1,0,1,Hindi,private,0
1295,Léa,Rossi,parent,China,suburban,Australian National University,Mechanical Engineering,Master,2027,27084,1,1,0,1,0,0,1,Japnese,shared,1
1296,Omar,Nguyen,student,Brazil,regional,University of Melbourne,Mechanical Engineering,Bachelor,2026,15939,0,0,0,1,1,1,0,French,private,0
1297,Zane,Müller,student,Australia,suburban,Monash University,Artificial Intelligence,Bachelor,2026,37999,0,1,0,1,1,0,0,Spanish,shared,0
1298,Ji-won,Ahmed,student,Australia,suburban,University of Adelaide,Psychology,Master,2027,41410,1,1,0,1,1,0,0,Spanish,private,0
1299,Hans,Müller,student,Australia,urban,University of Queensland,Business Analytics,PhD,2027,49168,0,0,0,0,0,1,1,Indonesian,shared,0
1300,Arjun,Silva,student,Japan,suburban,UNSW,Mechanical Engineering,Bachelor,2027,38035,0,1,0,0,1,0,1,English,dorm,0
1301,Hamza,Park,student,China,suburban,UNSW,Business Analytics,Master,2027,35759,1,1,1,1,1,0,0,Japnese,shared,0
1302,Sumaiya,Wong,student,UAE,suburban,University of Western Australia,Business Analytics,Bachelor,2026,40989,1,1,0,0,1,0,1,French,shared,1
1303,Yuki,Iqbal,student,Vietnam,regional,Australian National University,Mechanical Engineering,PhD,2026,56936,1,1,0,0,1,0,1,Indonesian,dorm,0
1304,Rohan,Malik,student,Vietnam,suburban,Monash University,Finance,Master,2026,51220,0,0,1,1,0,1,0,Mandarin,private,1
1305,Jueqing,Ahmed,student,Brazil,suburban,University of Melbourne,Data Science,Master,2027,15915,0,0,0,0,0,1,1,Japnese,shared,0
1306,Sana,Müller,parent,Australia,urban,University of Queensland,Mechanical Engineering,Master,2026,31111,1,0,0,1,1,1,0,Hindi,shared,0
1307,Kenji,Müller,parent,China,suburban,University of Melbourne,Finance,Master,2027,30290,1,0,1,1,0,0,1,Indonesian,private,0
1308,Kavya,Lefebvre,student,Nigeria,regional,University of Queensland,Mechanical Engineering,PhD,2027,32408,1,1,1,0,0,0,0,French,shared,1
1309,Hiroshi,Rahman,student,Vietnam,urban,UNSW,Data Science,Master,2026,39981,1,1,0,1,1,0,0,Hindi,private,1
1310,Fatima,Lefebvre,parent,Nigeria,urban,University of Queensland,Data Science,Master,2027,34813,0,1,0,0,1,1,1,Hindi,shared,0
1311,Mathis,Chen,student,India,urban,University of Sydney,Artificial Intelligence,PhD,2027,30823,1,0,0,1,1,1,0,Spanish,private,0
1312,Nina,Garcia,student,Japan,regional,University of Adelaide,Finance,Master,2027,31068,0,1,1,0,0,1,0,Spanish,private,0
1313,Li,Khan,student,Vietnam,urban,Monash University,Mechanical Engineering,PhD,2027,50781,0,0,1,0,0,1,1,Mandarin,dorm,0
1314,Sumaiya,Müller,student,India,suburban,University of Sydney,Business Analytics,Master,2026,55888,1,1,1,1,0,1,0,Indonesian,shared,0
1315,Diego,Siddiqui,student,China,suburban,University of Melbourne,Data Science,PhD,2027,31699,0,0,0,0,1,0,0,Hindi,shared,1
1316,Amira,Müller,student,Indonesia,regional,University of Sydney,Artificial Intelligence,Master,2026,52322,0,1,1,0,0,0,0,Spanish,dorm,1
1317,Amara,Haddad,parent,Australia,urban,University of Sydney,Finance,Master,2026,47034,0,0,1,1,1,1,0,French,dorm,0
1318,Kavya,Wong,student,Indonesia,regional,University of Queensland,Artificial Intelligence,Master,2026,20933,1,0,0,1,0,0,1,Indonesian,dorm,1
1319,Arjun,Lefebvre,parent,Indonesia,urban,UNSW,Artificial Intelligence,Bachelor,2027,44165,0,1,0,0,1,0,0,English,private,1
1320,Priya,Lefebvre,student,Australia,regional,University of Western Australia,Data Science,Master,2027,34615,0,1,0,0,1,1,1,Spanish,private,1
1321,Priya,Sato,student,Japan,regional,University of Queensland,Data Science,PhD,2027,30299,0,0,1,1,0,0,0,English,private,0
1322,Yuki,Moreau,student,Brazil,regional,University of Melbourne,Computer Science,PhD,2027,33224,1,1,1,1,0,1,0,Spanish,private,1
1323,Saanvi,Das,parent,UAE,urban,University of Melbourne,Artificial Intelligence,Master,2027,49416,0,1,1,0,1,0,0,Japnese,private,1
1324,Bilal,Müller,student,Nigeria,suburban,University of Melbourne,Mechanical Engineering,Master,2027,27251,0,0,0,1,0,0,0,Hindi,dorm,1
1325,Mateo,Lefebvre,parent,UAE,suburban,Monash University,Mechanical Engineering,Master,2026,37971,0,0,0,1,1,1,1,Spanish,dorm,0
1326,Julien,Chaudhary,student,Vietnam,urban,University of Queensland,Business Analytics,PhD,2027,24058,1,1,0,0,0,0,0,Spanish,dorm,0
1327,Mathis,Iyer,student,Vietnam,regional,University of Sydney,Artificial Intelligence,PhD,2027,29605,1,1,1,0,1,0,1,Hindi,dorm,1
1328,Clara,Chatterjee,student,Japan,urban,University of Queensland,Business Analytics,PhD,2027,34756,0,0,1,1,1,0,0,Japnese,shared,1
1329,Ivan,Bakare,student,Australia,suburban,University of Melbourne,Psychology,Master,2026,50281,1,1,0,1,0,1,1,Hindi,private,1
1330,Hans,Garcia,student,UAE,suburban,University of Queensland,Finance,Master,2027,48123,1,0,1,0,1,0,1,Mandarin,dorm,0
1331,Zoya,Rossi,student,India,suburban,University of Melbourne,Psychology,Master,2027,31072,1,0,0,0,0,1,1,Spanish,shared,0
1332,Chloé,Chen,parent,Australia,suburban,UNSW,Artificial Intelligence,Master,2026,53383,1,0,0,0,1,0,1,Mandarin,dorm,1
1333,Saanvi,Bakare,student,Indonesia,suburban,University of Sydney,Mechanical Engineering,Bachelor,2027,42691,1,1,1,1,0,1,0,French,private,1
1334,Sana,Rossi,student,Australia,regional,Australian National University,Artificial Intelligence,Bachelor,2027,39773,0,1,1,1,0,1,1,Spanish,shared,1
1335,Hans,Lefebvre,student,UAE,regional,University of Queensland,Computer Science,Master,2026,48240,1,1,1,1,0,0,1,Japnese,dorm,1
1336,Li,Suzuki,parent,Indonesia,regional,Monash University,Finance,Master,2027,59044,0,1,1,1,0,1,1,Mandarin,dorm,0
1337,Abrar,Haddad,parent,Australia,regional,University of Sydney,Data Science,Bachelor,2027,55744,0,1,1,1,0,0,0,Mandarin,dorm,0
1338,Abrar,Chen,student,UAE,suburban,University of Queensland,Data Science,PhD,2026,47722,1,0,0,0,1,1,0,Spanish,private,1
1339,Ivan,Silva,parent,Japan,regional,UNSW,Psychology,Master,2026,40463,1,0,0,0,1,1,0,Indonesian,shared,1
1340,Ishaan,Müller,student,UAE,regional,University of Melbourne,Mechanical Engineering,Master,2027,42253,0,1,1,1,1,1,0,French,dorm,1
1341,Arjun,Bakare,parent,Australia,suburban,University of Melbourne,Computer Science,PhD,2026,41912,1,1,1,1,0,1,0,Mandarin,dorm,0
1342,Mateo,Gomez,student,India,urban,University of Adelaide,Finance,Bachelor,2027,59555,0,1,1,0,0,0,1,French,private,0
1343,Chloé,Chatterjee,student,Vietnam,urban,University of Adelaide,Psychology,PhD,2027,23567,1,0,1,1,0,0,1,Spanish,private,1
1344,Yuki,Sato,student,India,regional,UNSW,Business Analytics,Master,2027,30614,1,1,0,0,1,1,0,French,dorm,1
1345,Jueqing,Suzuki,student,UAE,regional,Monash University,Business Analytics,Master,2027,49017,0,0,0,0,0,1,1,Spanish,private,1
1346,Priya,Hernandez,student,Japan,suburban,University of Adelaide,Data Science,PhD,2026,15832,0,0,1,0,0,0,1,Spanish,private,0
1347,Hans,Olsen,student,Japan,urban,University of Sydney,Computer Science,Master,2027,28312,0,1,0,0,1,0,0,Hindi,dorm,0
1348,Mathis,Iyer,student,Brazil,suburban,University of Western Australia,Finance,Master,2026,57748,0,0,1,0,0,1,1,English,shared,1
1349,Suresh,Haddad,student,China,suburban,Monash University,Psychology,Master,2027,17464,1,0,0,1,0,0,0,French,shared,0
1350,Zane,Sharma,student,Australia,regional,UNSW,Mechanical Engineering,Master,2026,17596,0,0,0,0,1,0,0,English,dorm,0
1351,Lucas,Dubois,parent,China,urban,University of Sydney,Psychology,Master,2026,38534,0,1,0,1,1,1,0,English,shared,0
1352,Hans,Das,student,Australia,regional,UNSW,Business Analytics,PhD,2027,20103,0,0,1,1,1,0,0,English,shared,1
1353,Sumaiya,Moreau,parent,Brazil,regional,University of Melbourne,Business Analytics,Bachelor,2027,43146,0,0,1,1,1,1,0,English,private,0
1354,Elena,Wong,parent,UAE,regional,University of Western Australia,Mechanical Engineering,Master,2027,35722,0,1,0,0,1,0,1,Mandarin,private,0
1355,Arjun,Müller,parent,India,urban,University of Sydney,Artificial Intelligence,Master,2027,34250,1,0,0,1,1,1,1,Japnese,shared,0
1356,Jueqing,Iyer,student,Brazil,regional,University of Sydney,Business Analytics,PhD,2026,58431,1,0,0,1,0,1,1,English,private,0
1357,Li,Das,student,Japan,suburban,University of Queensland,Data Science,Master,2026,15472,0,0,1,0,0,1,1,Mandarin,private,1
1358,Elena,Al-Farsi,student,Australia,regional,University of Queensland,Artificial Intelligence,Master,2026,47539,1,1,1,0,1,0,0,English,private,0
1359,Fatima,Haddad,student,India,regional,University of Sydney,Mechanical Engineering,PhD,2026,53434,1,0,1,1,0,1,0,English,shared,0
1360,Nina,Park,parent,Indonesia,suburban,University of Adelaide,Finance,Bachelor,2026,37425,1,0,1,1,0,1,0,English,private,1
1361,Mei,Ahmed,parent,Australia,urban,University of Adelaide,Computer Science,Master,2027,55845,0,1,0,0,0,1,0,Indonesian,shared,1
1362,Sana,Wong,parent,Indonesia,urban,University of Queensland,Mechanical Engineering,PhD,2027,20387,1,1,0,1,1,1,1,English,shared,0
1363,Diego,Moreau,student,Japan,regional,University of Queensland,Finance,Master,2027,46005,0,0,1,1,0,0,0,French,dorm,1
1364,Ananya,Ahmed,parent,Australia,urban,University of Adelaide,Business Analytics,PhD,2026,36254,0,0,0,1,0,0,1,Spanish,shared,1
1365,Sana,Haddad,parent,India,regional,University of Sydney,Artificial Intelligence,Master,2026,53258,0,1,1,0,1,1,1,Hindi,dorm,1
1366,Li,Gomez,student,Japan,regional,University of Western Australia,Psychology,Master,2026,49704,0,1,1,0,1,0,0,French,dorm,1
1367,Clara,Chen,student,Indonesia,regional,University of Melbourne,Finance,Bachelor,2026,50619,1,0,0,0,1,0,0,French,private,0
1368,Zane,Wei,student,Nigeria,urban,University of Adelaide,Computer Science,Master,2026,54769,0,0,0,1,0,1,1,English,shared,1
1369,Amira,Rossi,student,UAE,regional,University of Adelaide,Artificial Intelligence,Master,2027,29873,0,1,0,0,1,0,0,Spanish,shared,1
1370,Ishaan,Patil,student,Indonesia,suburban,University of Melbourne,Computer Science,Master,2027,48680,0,0,1,1,1,1,1,Spanish,dorm,0
1371,Amara,Haddad,student,India,suburban,University of Western Australia,Data Science,Master,2026,19811,1,0,0,1,0,1,1,Mandarin,private,1
1372,Sumaiya,Siddiqui,student,Nigeria,regional,University of Adelaide,Data Science,PhD,2026,38006,1,0,0,0,1,0,1,Spanish,private,0
1373,Saanvi,Silva,parent,Japan,regional,UNSW,Artificial Intelligence,Master,2027,54348,0,1,1,0,1,1,1,Indonesian,shared,1
1374,Léa,Chaudhary,student,India,suburban,University of Queensland,Artificial Intelligence,PhD,2026,37769,1,1,0,1,1,1,0,Hindi,dorm,0
1375,Hans,Hernandez,student,UAE,suburban,University of Western Australia,Finance,Master,2026,43975,0,1,0,0,1,1,0,Hindi,dorm,0
1376,Sumaiya,Siddiqui,parent,China,urban,University of Melbourne,Computer Science,PhD,2026,44588,0,0,0,1,0,1,0,French,private,0
1377,Aisha,Ahmed,student,Japan,suburban,UNSW,Data Science,PhD,2027,22219,0,0,0,1,1,1,0,English,shared,1
1378,Julien,Das,student,India,regional,University of Queensland,Computer Science,Master,2027,31357,0,1,0,0,0,1,1,French,dorm,1
1379,Sofia,Gomez,parent,India,urban,University of Adelaide,Data Science,Bachelor,2027,35568,1,1,1,1,0,0,1,English,private,0
1380,Mei,Malik,student,China,regional,University of Western Australia,Psychology,PhD,2026,47101,1,1,0,1,0,1,1,Hindi,private,0
1381,Clara,Al-Farsi,student,China,suburban,University of Sydney,Computer Science,PhD,2026,15422,0,1,1,1,0,1,1,Spanish,shared,0
1382,Saanvi,Suzuki,parent,Indonesia,urban,Monash University,Mechanical Engineering,PhD,2026,29300,1,0,0,0,1,1,0,Japnese,dorm,1
1383,Zoya,Silva,student,UAE,urban,University of Melbourne,Artificial Intelligence,PhD,2026,40211,0,0,0,0,0,0,0,Hindi,private,0
1384,Priya,Gomez,student,Indonesia,urban,Monash University,Data Science,PhD,2027,34825,0,1,1,1,0,0,0,Indonesian,private,0
1385,Lucas,Patil,student,India,suburban,Australian National University,Data Science,PhD,2026,38199,1,0,0,1,1,0,1,Japnese,shared,0
1386,Abrar,Ahmed,student,Australia,regional,Monash University,Data Science,Bachelor,2027,22344,0,1,1,1,1,0,1,Hindi,shared,1
1387,Bilal,Müller,student,Indonesia,regional,University of Queensland,Mechanical Engineering,Master,2026,56392,0,0,1,0,1,0,1,Spanish,private,1
1388,Kenji,Kumar,student,Vietnam,urban,University of Sydney,Mechanical Engineering,Bachelor,2026,44439,0,1,0,1,1,1,0,Mandarin,private,0
1389,Léa,Moreau,student,Brazil,regional,University of Melbourne,Finance,Master,2027,44688,1,1,0,1,1,0,1,Japnese,shared,0
1390,Aisha,Silva,student,UAE,suburban,University of Queensland,Computer Science,Master,2026,33893,1,0,1,0,1,0,1,French,dorm,0
1391,Amira,Moreau,student,India,suburban,University of Western Australia,Data Science,PhD,2026,27206,1,1,0,1,1,0,0,English,private,1
1392,Sumaiya,Ahmed,student,UAE,suburban,Monash University,Computer Science,Bachelor,2027,15652,0,0,0,0,0,0,0,Hindi,private,1
1393,Trang,Hossain,student,Vietnam,urban,UNSW,Artificial Intelligence,Master,2026,33520,1,1,1,1,0,1,1,French,shared,0
1394,Aisha,Gomez,student,China,suburban,University of Sydney,Business Analytics,Bachelor,2027,53310,0,0,0,0,1,1,1,English,private,1
1395,Ishaan,Hossain,student,Indonesia,regional,University of Adelaide,Computer Science,PhD,2026,30521,0,0,1,0,0,1,1,English,shared,1
1396,Li,Haddad,parent,Australia,suburban,University of Sydney,Finance,Master,2027,43589,1,1,1,1,1,0,0,Mandarin,shared,1
1397,Ishaan,Kim,student,Vietnam,suburban,University of Sydney,Data Science,Bachelor,2027,35898,1,1,0,1,1,0,1,Mandarin,shared,0
1398,Sana,Olsen,student,Japan,urban,University of Adelaide,Business Analytics,Bachelor,2026,45437,0,1,1,1,0,1,1,Mandarin,dorm,0
1399,Nina,Park,parent,China,regional,UNSW,Data Science,PhD,2027,46813,1,1,0,0,1,1,0,English,dorm,1
1400,Hiroshi,Chaudhary,parent,Vietnam,urban,University of Queensland,Business Analytics,Bachelor,2026,23388,0,0,1,1,0,0,0,French,shared,1
1401,Zane,Rahman,student,Vietnam,urban,University of Western Australia,Finance,Master,2027,54683,0,0,0,1,0,1,0,Japnese,private,1
1402,Elena,Dubois,student,Nigeria,suburban,UNSW,Artificial Intelligence,PhD,2026,22962,1,0,1,0,0,1,1,French,dorm,1
1403,Fatima,Khan,student,China,urban,University of Adelaide,Artificial Intelligence,PhD,2026,25851,0,1,0,0,0,0,0,English,dorm,0
1404,Yuki,Chatterjee,student,Brazil,regional,Australian National University,Mechanical Engineering,Master,2027,53744,0,0,0,0,1,1,0,Japnese,shared,0
1405,Mei,Tanaka,student,Australia,urban,University of Queensland,Psychology,Bachelor,2026,23106,0,1,0,1,0,1,1,French,shared,0
1406,Amara,Smirnov,student,Brazil,regional,Monash University,Finance,Master,2027,16267,0,0,1,1,0,0,0,Indonesian,private,0
1407,Suresh,Malik,parent,China,urban,University of Western Australia,Business Analytics,PhD,2026,35580,0,0,0,1,1,1,1,Indonesian,private,1
1408,Hamza,Rossi,student,Vietnam,regional,University of Western Australia,Data Science,PhD,2027,27017,0,1,1,0,1,1,1,Mandarin,shared,1
1409,Fatima,Hossain,student,Japan,regional,UNSW,Finance,Master,2027,32387,0,1,1,1,0,1,0,Indonesian,shared,1
1410,Zaid,Olsen,student,Brazil,regional,UNSW,Artificial Intelligence,PhD,2027,19232,1,1,0,0,1,0,0,French,shared,1
1411,Suresh,Moreau,parent,Brazil,urban,University of Melbourne,Business Analytics,Bachelor,2027,57016,0,0,0,1,0,1,1,Indonesian,private,1
1412,Hans,Olsen,parent,Japan,urban,University of Adelaide,Business Analytics,Master,2026,31338,0,0,0,1,0,1,1,Japnese,private,1
1413,Diego,Malik,student,Vietnam,regional,University of Sydney,Mechanical Engineering,Master,2026,15321,0,1,0,1,0,0,0,Spanish,private,0
1414,Bilal,Gomez,parent,India,urban,University of Adelaide,Finance,PhD,2026,29650,1,1,1,1,1,1,0,English,dorm,0
1415,Zane,Park,parent,China,urban,UNSW,Finance,PhD,2026,59415,1,1,1,1,0,1,1,English,shared,1
1416,Clara,Iyer,student,Indonesia,suburban,University of Sydney,Artificial Intelligence,Bachelor,2026,17315,0,1,0,0,0,1,0,English,private,0
1417,Rohan,Sharma,student,India,urban,Monash University,Finance,PhD,2027,22629,1,0,0,1,0,1,1,French,private,0
1418,Léa,Iqbal,student,India,suburban,UNSW,Computer Science,Bachelor,2026,59380,0,0,0,0,0,0,1,Indonesian,dorm,0
1419,Amira,Hossain,student,Vietnam,regional,University of Adelaide,Artificial Intelligence,Master,2026,33530,1,0,1,1,1,0,1,Japnese,private,1
1420,Rohan,Gomez,parent,India,suburban,University of Adelaide,Finance,Bachelor,2027,42123,0,0,1,1,1,0,0,Mandarin,private,1
1421,Abrar,Chaudhary,student,UAE,regional,UNSW,Data Science,Bachelor,2027,49712,0,0,1,0,0,1,0,English,shared,0
1422,Clara,Smirnov,student,Vietnam,suburban,UNSW,Business Analytics,Bachelor,2027,46612,1,1,0,1,1,1,1,English,dorm,0
1423,Tanvir,Hossain,student,Australia,suburban,University of Western Australia,Artificial Intelligence,Bachelor,2027,21103,0,1,1,1,1,0,1,French,private,0
1424,Ishaan,Wei,student,Vietnam,urban,University of Adelaide,Data Science,PhD,2026,56953,0,0,1,1,0,0,0,French,shared,0
1425,Trang,Iyer,parent,Brazil,suburban,University of Western Australia,Psychology,Master,2026,38101,1,0,0,1,0,0,1,French,dorm,1
1426,Tanvir,Iyer,parent,Brazil,regional,University of Sydney,Computer Science,Bachelor,2027,39119,0,0,1,1,0,1,1,Hindi,dorm,1
1427,Kenji,Olsen,student,Indonesia,suburban,Australian National University,Artificial Intelligence,Bachelor,2027,22737,0,1,0,0,1,0,1,Japnese,dorm,1
1428,Trang,Nguyen,student,Australia,suburban,UNSW,Psychology,Bachelor,2027,31906,1,0,0,0,0,1,0,Spanish,shared,0
1429,Mei,Müller,student,Indonesia,regional,Monash University,Business Analytics,Master,2027,20698,1,1,1,0,1,1,0,Japnese,shared,0
1430,Diego,Smirnov,student,Japan,regional,Australian National University,Mechanical Engineering,Bachelor,2027,19065,1,1,1,0,1,1,1,Hindi,shared,0
1431,Zoya,Gomez,student,China,regional,University of Western Australia,Mechanical Engineering,Bachelor,2027,43927,0,1,1,0,1,0,1,Japnese,shared,1
1432,Amira,Rahman,student,UAE,urban,Australian National University,Mechanical Engineering,Master,2027,54634,1,0,0,1,0,1,1,French,private,0
1433,Abrar,Sato,student,Australia,regional,UNSW,Mechanical Engineering,Master,2027,46760,0,0,0,0,0,0,0,Hindi,shared,0
1434,Priya,Iqbal,student,Brazil,regional,University of Queensland,Psychology,Bachelor,2027,46649,0,1,1,0,0,0,1,English,dorm,0
1435,Priya,Chatterjee,student,Australia,suburban,University of Western Australia,Mechanical Engineering,Bachelor,2026,23372,1,0,1,1,0,0,0,English,private,1
1436,Ji-won,Kumar,student,Japan,regional,UNSW,Finance,PhD,2026,39573,0,0,0,1,1,0,1,Hindi,shared,0
1437,Kenji,Silva,student,Vietnam,regional,University of Melbourne,Artificial Intelligence,Master,2027,22253,1,1,0,0,0,0,0,Mandarin,shared,0
1438,Suresh,Iyer,parent,Indonesia,suburban,University of Sydney,Artificial Intelligence,Bachelor,2027,25357,0,0,1,1,0,1,1,Mandarin,shared,1
1439,Ishaan,Lefebvre,student,Australia,urban,Australian National University,Business Analytics,Bachelor,2027,38352,0,1,1,0,0,0,0,Indonesian,dorm,0
1440,Aisha,Patil,student,Indonesia,suburban,UNSW,Artificial Intelligence,Bachelor,2027,58045,1,0,1,0,1,1,1,Spanish,dorm,1
1441,Abrar,Iyer,parent,Brazil,urban,University of Western Australia,Artificial Intelligence,Master,2027,34028,1,0,1,1,0,0,1,French,shared,0
1442,Sarvesh,Hernandez,student,UAE,suburban,Australian National University,Artificial Intelligence,Bachelor,2026,26404,0,0,0,1,1,1,1,Japnese,private,0
1443,Ji-won,Kim,student,Australia,urban,University of Melbourne,Data Science,Bachelor,2026,43429,0,1,0,0,1,0,1,French,shared,0
1444,Aisha,Patil,student,Indonesia,regional,University of Adelaide,Computer Science,Bachelor,2027,54619,0,0,0,0,1,0,1,English,dorm,1
1445,Mei,Wei,student,Indonesia,suburban,Monash University,Mechanical Engineering,PhD,2026,35034,1,1,0,1,1,1,0,English,dorm,0
1446,Léa,Garcia,student,UAE,urban,University of Melbourne,Finance,Bachelor,2026,30540,0,0,0,0,1,1,0,Spanish,dorm,1
1447,Omar,Kim,student,UAE,urban,University of Western Australia,Business Analytics,PhD,2026,32624,1,1,1,0,1,1,1,Spanish,private,1
1448,Clara,Das,parent,Japan,urban,University of Melbourne,Finance,Bachelor,2027,41944,1,1,1,1,0,0,0,Hindi,shared,1
1449,Kenji,Chatterjee,student,Japan,regional,University of Sydney,Business Analytics,Master,2026,52345,1,0,0,1,0,1,0,Hindi,shared,0
1450,Nusrat,Rossi,student,Nigeria,regional,University of Melbourne,Artificial Intelligence,Master,2027,18750,1,1,0,0,1,0,0,Hindi,private,0
1451,Julien,Khan,student,Australia,urban,University of Melbourne,Artificial Intelligence,Bachelor,2026,17740,1,1,1,1,0,1,0,Mandarin,shared,0
1452,Zane,Moreau,student,Japan,urban,University of Sydney,Mechanical Engineering,PhD,2026,23294,0,0,1,0,0,1,0,Spanish,private,1
1453,Chloé,Mansoor,student,China,regional,University of Sydney,Finance,Bachelor,2027,52652,1,0,1,0,1,0,0,Indonesian,dorm,0
1454,Elena,Hernandez,student,Indonesia,suburban,University of Sydney,Psychology,Master,2026,15341,0,0,0,1,1,1,1,French,shared,0
1455,Tanvir,Siddiqui,student,Indonesia,regional,University of Melbourne,Artificial Intelligence,PhD,2026,28618,0,1,1,0,0,1,0,Japnese,dorm,1
1456,Zaid,Tanaka,student,Nigeria,regional,Monash University,Psychology,Master,2027,26279,0,1,0,0,1,0,0,Spanish,shared,0
1457,Amara,Sharma,parent,India,suburban,Monash University,Data Science,Bachelor,2027,24554,1,0,0,1,1,1,0,Indonesian,dorm,1
1458,Yuki,Dubois,student,Nigeria,regional,University of Melbourne,Finance,PhD,2027,33539,1,1,1,1,0,1,1,French,dorm,1
1459,Aisha,Mansoor,parent,China,regional,University of Sydney,Mechanical Engineering,PhD,2027,55671,0,0,0,0,0,1,0,English,private,0
1460,Suresh,Das,parent,Japan,urban,University of Melbourne,Artificial Intelligence,Bachelor,2027,21964,1,1,1,1,0,1,0,Spanish,dorm,0
1461,Amara,Al-Farsi,student,China,suburban,University of Melbourne,Finance,Master,2026,50888,0,0,1,1,1,1,1,English,shared,0
1462,Zane,Gomez,parent,Japan,urban,University of Western Australia,Data Science,PhD,2027,27992,1,1,0,1,0,0,0,French,shared,1
1463,Hiroshi,Chen,student,India,urban,University of Melbourne,Data Science,PhD,2027,46713,1,1,1,1,0,1,0,Spanish,dorm,1
1464,Elena,Kumar,parent,Nigeria,suburban,University of Sydney,Computer Science,Bachelor,2026,43791,0,0,0,1,1,0,1,Hindi,shared,1
1465,Fatima,Khan,student,India,suburban,Australian National University,Data Science,Bachelor,2027,40613,0,1,0,0,0,1,0,Spanish,shared,1
1466,Abrar,Iqbal,parent,Brazil,regional,University of Queensland,Artificial Intelligence,Master,2026,48942,0,1,0,1,0,0,1,English,shared,0
1467,Hamza,Hossain,student,Indonesia,regional,University of Melbourne,Psychology,Master,2026,35245,0,0,1,1,0,0,0,Indonesian,dorm,0
1468,Zaid,Haddad,parent,India,regional,University of Sydney,Computer Science,PhD,2027,35564,0,1,1,0,1,0,0,Mandarin,shared,0
1469,Mathis,Iyer,student,Vietnam,suburban,University of Adelaide,Mechanical Engineering,Master,2026,55073,1,1,1,1,1,1,1,Spanish,shared,1
1470,Sarvesh,Patil,student,Australia,urban,University of Adelaide,Mechanical Engineering,PhD,2026,39490,1,1,0,0,1,0,1,French,shared,1
1471,Abrar,Hernandez,parent,Indonesia,urban,University of Sydney,Data Science,Master,2027,36426,0,1,0,0,0,0,0,English,dorm,0
1472,Li,Iyer,student,Australia,suburban,University of Melbourne,Business Analytics,Master,2027,45575,0,0,0,1,0,0,0,English,private,0
1473,Hamza,Khan,student,Indonesia,urban,University of Queensland,Business Analytics,PhD,2027,35251,1,0,1,1,0,1,1,Indonesian,private,0
1474,Nina,Kim,student,Vietnam,suburban,Monash University,Finance,Master,2027,49756,0,0,1,1,1,0,1,Mandarin,shared,1
1475,Jueqing,Rahman,student,Japan,regional,University of Melbourne,Mechanical Engineering,Master,2026,44210,0,1,0,1,0,0,1,Indonesian,private,1
1476,Amara,Kim,student,Indonesia,regional,University of Adelaide,Artificial Intelligence,Bachelor,2027,43741,0,0,0,0,0,0,0,Spanish,shared,1
1477,Julien,Gomez,student,Indonesia,regional,Australian National University,Data Science,Bachelor,2027,53608,0,0,0,0,0,1,0,French,dorm,1
1478,Lucas,Chatterjee,parent,Australia,urban,University of Western Australia,Computer Science,Master,2026,32676,1,0,0,0,0,1,0,Mandarin,shared,1
1479,Hiroshi,Hernandez,student,Vietnam,urban,University of Sydney,Psychology,Bachelor,2027,56919,1,1,1,0,1,0,0,Indonesian,private,1
1480,Priya,Chaudhary,student,China,urban,UNSW,Mechanical Engineering,PhD,2026,31024,1,1,0,1,0,1,0,Hindi,private,0
1481,Suresh,Patil,parent,Indonesia,urban,UNSW,Business Analytics,Master,2026,15405,1,1,0,1,1,1,1,French,dorm,0
1482,Sana,Hernandez,student,India,suburban,Australian National University,Finance,PhD,2027,42109,0,1,1,0,0,0,1,French,dorm,0
1483,Nina,Chatterjee,parent,Brazil,regional,Australian National University,Business Analytics,PhD,2027,57502,1,1,1,1,1,0,0,Hindi,shared,1
1484,Bilal,Nguyen,student,Nigeria,suburban,University of Melbourne,Computer Science,PhD,2026,44980,0,1,1,1,0,0,1,Hindi,dorm,0
1485,Ishaan,Dubois,student,Indonesia,suburban,University of Adelaide,Psychology,Bachelor,2027,54151,1,1,1,0,0,1,1,French,private,0
1486,Yuki,Ahmed,student,Brazil,regional,Monash University,Artificial Intelligence,PhD,2026,58762,0,1,0,0,0,1,0,English,shared,1
1487,Julien,Kim,parent,Vietnam,suburban,Monash University,Data Science,PhD,2026,23203,1,1,1,1,0,0,0,Indonesian,shared,0
1488,Bilal,Chatterjee,student,Indonesia,regional,University of Adelaide,Business Analytics,Bachelor,2026,46385,1,1,0,1,1,1,0,Indonesian,private,0
1489,Sarvesh,Moreau,parent,Japan,urban,University of Sydney,Finance,Master,2027,46699,1,0,1,0,1,1,1,Indonesian,private,0
1490,Clara,Tanaka,student,Brazil,suburban,UNSW,Psychology,Bachelor,2027,40308,0,1,0,0,0,0,1,Spanish,private,1
1491,Mei,Khan,student,Nigeria,suburban,UNSW,Artificial Intelligence,Master,2027,57916,1,1,1,1,1,0,1,Indonesian,dorm,1
1492,Trang,Garcia,parent,UAE,regional,University of Melbourne,Psychology,Master,2026,21789,0,1,0,1,1,1,0,Spanish,private,0
1493,Hiroshi,Nguyen,student,UAE,suburban,Australian National University,Psychology,Master,2026,26539,0,0,1,1,0,0,0,English,dorm,1
1494,Kenji,Sato,student,Nigeria,regional,University of Sydney,Finance,Master,2027,40286,1,1,0,0,1,1,1,English,shared,1
1495,Arjun,Park,student,Brazil,suburban,University of Western Australia,Finance,PhD,2027,33352,1,1,0,0,1,1,0,Indonesian,dorm,0
1496,Hans,Müller,student,Australia,suburban,University of Western Australia,Computer Science,Master,2027,50162,0,1,1,1,1,0,1,Japnese,dorm,0
1497,Lucas,Silva,student,Brazil,regional,University of Queensland,Psychology,Bachelor,2027,57179,0,1,0,0,0,0,0,French,dorm,1
1498,Aisha,Bakare,student,Japan,regional,University of Western Australia,Psychology,PhD,2027,26990,0,1,1,0,1,1,1,English,private,0
1499,Sumaiya,Hernandez,parent,Japan,suburban,Monash University,Finance,Bachelor,2026,15384,1,0,1,1,1,1,0,Japnese,dorm,0
1500,Sumaiya,Müller,parent,Australia,suburban,University of Western Australia,Artificial Intelligence,PhD,2027,57484,0,1,1,1,0,0,0,Spanish,shared,0
1501,Ananya,Hernandez,student,Nigeria,urban,University of Adelaide,Mechanical Engineering,Master,2026,28743,0,1,1,0,1,0,0,Hindi,dorm,1
1502,Clara,Kumar,student,Japan,suburban,University of Melbourne,Finance,Bachelor,2026,33217,0,1,0,0,1,0,1,Spanish,dorm,1
1503,Nusrat,Hossain,student,Japan,regional,UNSW,Computer Science,Master,2026,35809,1,0,1,1,1,1,0,Spanish,private,0
1504,Lucas,Rossi,parent,China,suburban,Australian National University,Mechanical Engineering,PhD,2027,42759,1,1,1,1,0,1,0,English,shared,1
1505,Omar,Mansoor,student,UAE,suburban,University of Adelaide,Finance,PhD,2027,56303,0,0,0,0,0,1,0,Japnese,dorm,0
1506,Fatima,Wei,parent,Indonesia,regional,Monash University,Data Science,Master,2026,21634,1,1,1,1,0,0,1,French,shared,1
1507,Arjun,Al-Farsi,student,India,suburban,UNSW,Psychology,Master,2026,51595,1,1,0,1,1,1,0,Indonesian,shared,1
1508,Omar,Silva,parent,Vietnam,suburban,University of Melbourne,Finance,Master,2027,26214,0,0,1,1,1,1,0,Mandarin,private,0
1509,Mei,Chaudhary,parent,China,suburban,UNSW,Artificial Intelligence,PhD,2027,45863,0,1,0,1,0,0,1,Indonesian,dorm,0
1510,Rohan,Chen,student,China,regional,University of Sydney,Business Analytics,Master,2026,30809,0,1,1,1,1,1,0,Japnese,dorm,1
1511,Nina,Khan,parent,China,suburban,University of Adelaide,Artificial Intelligence,Master,2027,31240,1,1,1,0,0,1,1,Mandarin,dorm,1
1512,Ananya,Smirnov,student,Japan,regional,University of Queensland,Mechanical Engineering,Bachelor,2027,25142,0,1,0,1,0,1,1,Mandarin,private,0
1513,Diego,Khan,student,Australia,suburban,UNSW,Finance,Master,2027,16717,0,1,0,0,1,0,1,Mandarin,dorm,1
1514,Hamza,Khan,parent,China,suburban,University of Adelaide,Artificial Intelligence,PhD,2026,34127,0,1,1,1,1,1,1,Spanish,private,0
1515,Sana,Park,parent,Indonesia,suburban,University of Western Australia,Psychology,Bachelor,2026,15488,1,1,1,0,1,1,0,Mandarin,shared,1
1516,Trang,Siddiqui,student,Nigeria,regional,Monash University,Computer Science,Bachelor,2026,37742,0,1,1,1,0,1,0,Indonesian,dorm,1
1517,Kavya,Lefebvre,student,Indonesia,regional,Monash University,Artificial Intelligence,PhD,2026,49957,0,0,0,1,1,1,0,Indonesian,shared,1
1518,Aisha,Moreau,parent,India,suburban,University of Western Australia,Finance,Master,2027,19931,0,1,1,0,0,1,1,Indonesian,shared,1
1519,Ji-won,Garcia,student,China,suburban,University of Sydney,Mechanical Engineering,Bachelor,2027,50375,0,0,0,0,0,1,1,Japnese,dorm,0
1520,Sofia,Iyer,student,Nigeria,regional,University of Queensland,Data Science,Master,2026,57729,1,0,0,1,1,1,0,English,private,0
1521,Léa,Smirnov,student,Vietnam,regional,University of Adelaide,Data Science,Master,2026,25933,1,0,1,1,0,1,0,English,shared,0
1522,Fatima,Dubois,student,UAE,regional,University of Western Australia,Psychology,Bachelor,2026,16388,0,0,0,0,1,1,0,Japnese,private,1
1523,Omar,Chaudhary,parent,UAE,urban,UNSW,Mechanical Engineering,Master,2027,34586,1,1,1,1,1,0,0,Mandarin,shared,0
1524,Zaid,Chaudhary,student,Australia,suburban,University of Melbourne,Business Analytics,Master,2027,51178,1,0,0,1,1,1,1,Hindi,private,1
1525,Saanvi,Moreau,parent,Japan,suburban,University of Sydney,Mechanical Engineering,Master,2026,21472,1,0,0,0,0,1,0,Japnese,private,0
1526,Zoya,Ahmed,student,China,urban,University of Sydney,Psychology,Bachelor,2027,32149,0,0,0,0,1,1,0,Spanish,private,0
1527,Ishaan,Al-Farsi,student,Brazil,urban,University of Melbourne,Finance,Master,2027,57075,1,1,1,1,1,1,1,Spanish,shared,1
1528,Sofia,Iyer,student,China,regional,Australian National University,Data Science,Bachelor,2026,20078,1,1,1,1,1,1,0,Mandarin,dorm,0
1529,Ivan,Ahmed,student,China,urban,University of Melbourne,Data Science,Bachelor,2027,18721,0,1,0,0,0,0,0,Indonesian,private,0
1530,Mateo,Smirnov,student,Australia,regional,University of Sydney,Business Analytics,Bachelor,2026,29000,0,0,0,0,0,0,1,Mandarin,shared,1
1531,Amira,Iqbal,student,Vietnam,regional,University of Queensland,Mechanical Engineering,PhD,2027,38404,0,1,1,1,1,0,1,French,dorm,1
1532,Saanvi,Chaudhary,student,Japan,suburban,Australian National University,Business Analytics,Bachelor,2027,25715,0,0,0,0,1,0,1,Hindi,shared,0
1533,Chloé,Chen,student,Brazil,urban,UNSW,Business Analytics,PhD,2026,18358,1,1,1,1,1,1,0,Hindi,dorm,0
1534,Ananya,Müller,parent,Australia,regional,University of Western Australia,Finance,PhD,2027,27415,0,1,0,1,1,0,1,English,shared,1
1535,Rohan,Iqbal,student,Brazil,regional,University of Queensland,Mechanical Engineering,Bachelor,2026,27130,1,1,1,1,0,1,0,Spanish,dorm,0
1536,Nina,Hossain,student,Japan,urban,University of Western Australia,Computer Science,Bachelor,2026,26167,0,1,0,1,0,0,0,English,private,0
1537,Jueqing,Smirnov,student,Nigeria,urban,Australian National University,Artificial Intelligence,Master,2027,34954,1,0,0,0,0,0,0,English,private,1
1538,Sarvesh,Garcia,student,Japan,regional,Monash University,Finance,Bachelor,2026,59712,1,1,1,1,1,0,0,Hindi,dorm,0
1539,Rohan,Lefebvre,student,Brazil,regional,University of Queensland,Mechanical Engineering,PhD,2026,53721,1,1,1,0,1,1,1,Hindi,shared,0
1540,Tanvir,Hossain,student,Japan,urban,University of Western Australia,Artificial Intelligence,Bachelor,2026,53156,1,1,0,1,1,0,0,English,private,0
1541,Ji-won,Suzuki,student,UAE,regional,Australian National University,Mechanical Engineering,PhD,2026,40931,0,0,0,0,0,0,0,Indonesian,dorm,1
1542,Nusrat,Hernandez,student,UAE,regional,Monash University,Computer Science,PhD,2026,50557,0,1,0,1,0,1,1,Indonesian,dorm,1
1543,Chloé,Gomez,parent,Indonesia,urban,Australian National University,Computer Science,PhD,2026,35904,1,1,0,1,0,0,1,Mandarin,private,1
1544,Amara,Lefebvre,student,Japan,regional,University of Western Australia,Data Science,Master,2027,37584,1,0,1,0,0,0,1,Hindi,dorm,1
1545,Kenji,Gomez,parent,Indonesia,suburban,Australian National University,Computer Science,Master,2027,53676,1,1,1,0,0,0,1,English,shared,1
1546,Amara,Rahman,student,Vietnam,regional,University of Melbourne,Artificial Intelligence,PhD,2026,58361,1,1,1,1,1,1,0,Hindi,shared,1
1547,Aisha,Suzuki,parent,UAE,urban,Australian National University,Artificial Intelligence,Master,2026,18046,0,0,1,0,0,1,1,French,private,0
1548,Ivan,Gomez,student,Brazil,suburban,University of Western Australia,Computer Science,PhD,2027,36648,0,1,1,1,1,0,0,English,dorm,0
1549,Kenji,Park,student,Australia,suburban,University of Melbourne,Finance,Master,2027,40101,0,0,0,1,1,1,1,Japnese,private,0
1550,Fatima,Chatterjee,student,Indonesia,urban,University of Melbourne,Computer Science,PhD,2027,23072,1,0,1,1,0,0,0,English,private,0
1551,Hans,Moreau,student,UAE,urban,Australian National University,Finance,Master,2027,57799,0,0,1,0,1,1,0,Indonesian,dorm,0
1552,Rohan,Wong,student,Vietnam,suburban,University of Queensland,Computer Science,Master,2027,17649,0,1,0,1,0,1,1,Spanish,private,1
1553,Elena,Suzuki,student,Vietnam,suburban,Monash University,Business Analytics,PhD,2026,46708,0,0,1,0,1,0,0,Indonesian,dorm,1
1554,Nusrat,Tanaka,student,Australia,urban,University of Adelaide,Data Science,Bachelor,2027,59988,0,0,0,0,1,0,1,English,dorm,0
1555,Jueqing,Rossi,student,Nigeria,regional,University of Adelaide,Artificial Intelligence,Bachelor,2027,51652,1,1,0,0,0,0,1,French,private,0
1556,Li,Suzuki,student,China,suburban,Australian National University,Business Analytics,Master,2027,15942,0,0,0,0,0,1,1,Hindi,shared,1
1557,Sumaiya,Wei,student,Japan,suburban,Australian National University,Artificial Intelligence,PhD,2026,20838,0,0,0,0,0,1,0,Spanish,dorm,1
1558,Kenji,Iyer,parent,Brazil,urban,University of Sydney,Mechanical Engineering,Bachelor,2026,15570,0,1,1,0,0,1,0,Mandarin,shared,1
1559,Amira,Garcia,student,India,regional,University of Sydney,Data Science,Master,2026,52339,1,1,1,1,1,1,1,Indonesian,shared,1
1560,Fatima,Moreau,student,UAE,regional,University of Queensland,Data Science,Bachelor,2026,39366,0,1,1,1,0,0,0,Indonesian,dorm,0
1561,Fatima,Bakare,student,Indonesia,regional,UNSW,Artificial Intelligence,PhD,2026,24118,0,1,0,1,1,0,0,Japnese,shared,0
1562,Ananya,Chaudhary,student,Nigeria,suburban,University of Queensland,Finance,Master,2026,43105,1,0,1,0,0,1,1,Hindi,shared,0
1563,Jueqing,Sato,student,Vietnam,urban,UNSW,Mechanical Engineering,Master,2026,18919,0,1,0,1,1,0,0,Japnese,dorm,1
1564,Tanvir,Park,parent,Indonesia,suburban,University of Western Australia,Finance,Bachelor,2026,17323,1,0,1,1,1,1,1,Mandarin,dorm,0
1565,Ishaan,Sharma,student,Nigeria,urban,University of Sydney,Business Analytics,Bachelor,2026,56847,0,1,1,0,1,1,0,French,private,0
1566,Hans,Sharma,parent,Nigeria,urban,University of Sydney,Artificial Intelligence,Bachelor,2027,38949,1,1,0,0,1,1,0,French,private,0
1567,Hiroshi,Sharma,parent,India,regional,Monash University,Finance,Bachelor,2027,22288,1,1,0,1,0,1,1,Indonesian,private,0
1568,Lucas,Patil,student,Brazil,suburban,University of Western Australia,Business Analytics,Master,2026,53248,1,1,0,1,1,1,0,Spanish,dorm,1
1569,Ivan,Das,student,Vietnam,regional,Monash University,Data Science,PhD,2026,49844,0,0,0,0,0,1,0,English,shared,1
1570,Nina,Nguyen,student,India,urban,UNSW,Artificial Intelligence,PhD,2027,47521,1,0,0,0,1,0,0,Hindi,dorm,1
1571,Ananya,Smirnov,parent,Vietnam,regional,University of Adelaide,Mechanical Engineering,Master,2026,20298,0,0,1,0,0,1,1,Spanish,private,1
1572,Zoya,Patil,student,Vietnam,suburban,Australian National University,Finance,PhD,2027,23120,1,0,0,1,1,1,0,Hindi,shared,0
1573,Nusrat,Sharma,student,Indonesia,suburban,University of Queensland,Data Science,Master,2027,57827,1,1,1,1,0,1,1,French,shared,1
1574,Julien,Nguyen,parent,India,regional,UNSW,Mechanical Engineering,PhD,2027,47965,0,0,1,0,1,1,1,French,shared,1
1575,Suresh,Haddad,student,Brazil,urban,University of Western Australia,Psychology,PhD,2027,32907,1,0,0,1,0,1,0,Spanish,private,0
1576,Amara,Iyer,student,Vietnam,regional,University of Melbourne,Mechanical Engineering,Bachelor,2027,27249,1,0,1,1,1,1,0,Hindi,dorm,1
1577,Sumaiya,Das,student,Brazil,regional,University of Adelaide,Artificial Intelligence,Master,2026,51516,1,1,1,1,0,1,1,English,private,0
1578,Aisha,Nguyen,student,Japan,suburban,University of Adelaide,Computer Science,PhD,2027,20741,1,1,0,1,1,0,0,Spanish,dorm,1
1579,Ananya,Das,parent,Brazil,suburban,University of Adelaide,Business Analytics,Bachelor,2026,59914,1,1,1,0,0,0,0,English,dorm,1
1580,Saanvi,Smirnov,parent,Japan,regional,University of Queensland,Business Analytics,PhD,2027,47262,0,1,0,1,1,0,0,Japnese,private,0
1581,Amira,Haddad,student,Brazil,regional,University of Queensland,Psychology,Master,2026,22893,1,1,0,0,0,1,0,Spanish,shared,0
1582,Nina,Gomez,student,Nigeria,suburban,University of Western Australia,Computer Science,PhD,2027,25504,1,1,0,0,0,0,1,Hindi,dorm,0
1583,Saanvi,Olsen,student,Brazil,urban,University of Melbourne,Data Science,Master,2027,58029,1,0,0,1,1,0,1,English,private,1
1584,Hans,Hernandez,student,Vietnam,suburban,UNSW,Artificial Intelligence,PhD,2026,24766,0,1,1,1,0,0,0,Spanish,dorm,0
1585,Ananya,Rossi,student,India,regional,University of Queensland,Business Analytics,Master,2027,30453,1,0,0,0,0,0,0,Japnese,shared,0
1586,Hamza,Iyer,parent,Brazil,regional,University of Sydney,Computer Science,PhD,2026,47449,0,0,1,1,1,0,0,Japnese,shared,0
1587,Elena,Moreau,student,Brazil,regional,UNSW,Artificial Intelligence,Master,2027,22486,0,1,0,0,0,0,0,Indonesian,private,0
1588,Sofia,Müller,student,Australia,urban,Australian National University,Artificial Intelligence,Master,2027,57609,0,0,1,0,1,1,0,Hindi,dorm,1
1589,Rohan,Das,parent,Vietnam,urban,Monash University,Psychology,Bachelor,2026,30904,0,0,1,1,0,1,1,French,dorm,0
1590,Hans,Nguyen,parent,Japan,urban,University of Adelaide,Business Analytics,Bachelor,2027,26512,1,0,0,0,1,1,0,English,shared,1
1591,Ji-won,Das,student,Indonesia,suburban,UNSW,Finance,Master,2026,17165,0,1,1,0,1,0,1,French,shared,1
1592,Mateo,Moreau,student,Nigeria,regional,Monash University,Data Science,PhD,2026,38430,0,0,0,0,1,0,1,Indonesian,private,0
1593,Saanvi,Kim,student,India,suburban,Monash University,Finance,PhD,2027,45964,1,1,1,1,0,0,1,French,shared,0
1594,Hamza,Rossi,student,Vietnam,urban,University of Queensland,Artificial Intelligence,Bachelor,2027,37824,1,1,0,0,0,0,0,French,shared,1
1595,Chloé,Park,student,UAE,urban,Monash University,Finance,Master,2026,53938,1,1,1,1,1,1,1,French,shared,1
1596,Priya,Malik,student,Nigeria,regional,University of Adelaide,Artificial Intelligence,Bachelor,2026,44015,1,0,1,1,1,0,0,French,dorm,1
1597,Ishaan,Kumar,student,Australia,regional,University of Adelaide,Business Analytics,PhD,2027,28182,1,0,1,0,1,0,1,English,private,1
1598,Sana,Iyer,parent,Vietnam,suburban,University of Melbourne,Business Analytics,PhD,2027,25055,0,1,0,1,0,0,1,Mandarin,shared,1
1599,Ananya,Bakare,student,China,regional,UNSW,Business Analytics,Master,2027,48465,0,0,1,1,0,0,1,Hindi,private,0
1600,Abrar,Patil,student,Australia,suburban,Australian National University,Data Science,Master,2027,18190,1,0,0,0,1,0,1,Japnese,shared,0
1601,Priya,Kim,student,Brazil,suburban,Monash University,Psychology,Bachelor,2026,28700,1,1,0,1,0,0,0,Hindi,shared,1
1602,Julien,Iyer,student,Indonesia,urban,University of Sydney,Psychology,PhD,2027,28915,0,1,1,1,0,1,1,French,dorm,0
1603,Diego,Hernandez,student,Australia,regional,University of Sydney,Artificial Intelligence,PhD,2026,56126,0,0,0,1,0,1,0,Mandarin,dorm,0
1604,Arjun,Iqbal,student,Indonesia,urban,Monash University,Artificial Intelligence,Master,2027,54125,1,1,0,1,0,0,0,English,shared,0
1605,Kenji,Kumar,student,Indonesia,urban,University of Queensland,Data Science,PhD,2027,31805,1,0,0,1,0,0,1,Japnese,private,1
1606,Rohan,Sharma,student,Brazil,urban,University of Melbourne,Psychology,Master,2026,53123,1,0,0,0,0,1,0,Japnese,dorm,0
1607,Zoya,Smirnov,parent,Japan,regional,University of Queensland,Computer Science,PhD,2026,56068,0,0,0,1,0,1,0,Hindi,private,1
1608,Arjun,Iyer,student,UAE,suburban,University of Western Australia,Computer Science,Master,2027,45294,1,1,0,1,0,1,1,French,private,0
1609,Nina,Iyer,parent,Brazil,regional,University of Sydney,Artificial Intelligence,PhD,2026,21044,1,0,0,0,1,0,0,English,shared,1
1610,Hans,Wei,student,Japan,urban,University of Queensland,Data Science,Master,2026,41232,0,1,1,1,1,1,1,Japnese,private,1
1611,Arjun,Ahmed,student,Indonesia,urban,University of Sydney,Psychology,PhD,2026,34583,1,0,0,0,0,1,0,Hindi,shared,0
1612,Yuki,Gomez,parent,China,suburban,University of Western Australia,Psychology,Bachelor,2027,31428,1,1,0,0,1,0,0,Mandarin,dorm,0
1613,Nina,Park,student,Brazil,urban,Australian National University,Psychology,Bachelor,2026,48719,1,0,1,1,0,0,1,French,dorm,1
1614,Li,Iyer,student,Australia,suburban,University of Adelaide,Data Science,PhD,2027,34450,0,1,1,0,0,0,0,Indonesian,private,0
1615,Aisha,Das,student,Brazil,urban,University of Adelaide,Computer Science,PhD,2027,16873,0,0,0,0,0,0,1,Indonesian,shared,0
1616,Clara,Gomez,parent,China,suburban,University of Western Australia,Finance,PhD,2026,23098,0,0,1,1,0,0,1,Spanish,dorm,0
1617,Abrar,Hossain,student,Vietnam,urban,UNSW,Computer Science,Master,2027,36751,0,1,1,0,0,0,1,Indonesian,dorm,1
1618,Ananya,Silva,student,Vietnam,regional,UNSW,Mechanical Engineering,Bachelor,2026,43902,1,0,1,1,0,0,0,English,dorm,1
1619,Omar,Hossain,student,China,regional,University of Sydney,Data Science,PhD,2027,30659,0,1,0,1,0,0,0,French,private,1
1620,Lucas,Iyer,parent,Australia,suburban,University of Adelaide,Data Science,Master,2026,25572,0,0,1,1,0,0,1,French,dorm,1
1621,Suresh,Lefebvre,student,Indonesia,urban,UNSW,Psychology,Bachelor,2027,45001,0,1,1,1,1,1,0,Hindi,dorm,0
1622,Mateo,Kumar,student,Brazil,suburban,University of Queensland,Mechanical Engineering,Master,2027,39481,1,0,0,0,1,1,1,Spanish,dorm,1
1623,Omar,Ahmed,student,Nigeria,urban,University of Western Australia,Business Analytics,Master,2027,18135,1,0,1,0,1,0,0,French,shared,0
1624,Aisha,Al-Farsi,student,UAE,suburban,University of Queensland,Artificial Intelligence,PhD,2026,22119,0,1,0,1,1,0,0,Japnese,private,1
1625,Zoya,Hossain,parent,China,regional,University of Sydney,Computer Science,Master,2026,56123,1,1,0,1,1,1,0,French,private,0
1626,Ivan,Suzuki,parent,China,urban,Australian National University,Business Analytics,PhD,2026,46552,1,1,1,1,0,0,1,French,dorm,0
1627,Sumaiya,Al-Farsi,parent,UAE,suburban,University of Queensland,Artificial Intelligence,PhD,2027,28364,0,0,0,0,0,1,1,French,private,1
1628,Zaid,Iyer,parent,Brazil,urban,University of Sydney,Business Analytics,Bachelor,2027,21768,0,1,1,0,1,1,1,English,dorm,1
1629,Ji-won,Sato,student,Australia,suburban,UNSW,Finance,PhD,2026,29295,1,1,0,1,0,0,0,Hindi,dorm,1
1630,Hiroshi,Gomez,student,China,urban,UNSW,Artificial Intelligence,Bachelor,2026,27188,1,1,1,1,1,1,0,Mandarin,shared,0
1631,Zoya,Khan,student,China,urban,University of Adelaide,Data Science,Bachelor,2027,30544,1,0,1,0,1,0,0,Hindi,shared,0
1632,Amira,Chaudhary,student,Australia,regional,University of Western Australia,Mechanical Engineering,Bachelor,2026,51683,0,1,0,0,0,1,1,French,private,1
1633,Tanvir,Patil,student,Japan,suburban,University of Melbourne,Artificial Intelligence,PhD,2027,58911,0,0,1,1,0,0,1,Japnese,dorm,0
1634,Kavya,Chaudhary,student,China,suburban,Monash University,Artificial Intelligence,Master,2027,44238,1,1,0,0,1,1,0,Spanish,dorm,1
1635,Julien,Kim,student,Japan,urban,University of Adelaide,Computer Science,Master,2026,33021,1,1,1,0,0,1,1,Spanish,shared,1
1636,Rohan,Suzuki,parent,China,urban,Australian National University,Artificial Intelligence,Bachelor,2027,29140,1,1,0,0,0,0,1,Japnese,dorm,0
1637,Ananya,Das,student,Indonesia,urban,Monash University,Finance,Bachelor,2027,20420,1,0,1,0,1,0,0,Indonesian,dorm,0
1638,Sofia,Khan,student,Vietnam,regional,University of Melbourne,Mechanical Engineering,PhD,2026,28371,1,1,0,0,0,0,1,Japnese,private,0
1639,Aisha,Malik,student,India,urban,Australian National University,Artificial Intelligence,Master,2027,40435,0,1,1,1,1,0,1,Mandarin,private,0
1640,Hiroshi,Iyer,student,Brazil,suburban,University of Queensland,Computer Science,PhD,2027,40756,1,0,0,1,0,1,0,Hindi,dorm,0
1641,Saanvi,Ahmed,student,UAE,suburban,UNSW,Mechanical Engineering,PhD,2026,28027,0,0,1,0,1,0,1,Spanish,dorm,0
1642,Léa,Haddad,student,Japan,suburban,University of Sydney,Business Analytics,Master,2027,23849,0,0,1,1,1,0,1,Spanish,private,1
1643,Sana,Iyer,parent,UAE,suburban,University of Western Australia,Computer Science,Master,2027,45004,0,0,1,0,1,1,0,Hindi,private,1
1644,Lucas,Sato,student,China,suburban,University of Adelaide,Computer Science,Master,2026,46349,1,0,0,1,1,0,1,Japnese,shared,0
1645,Kenji,Rossi,parent,India,urban,University of Queensland,Finance,Master,2027,28916,0,1,1,0,0,0,0,Spanish,private,0
1646,Nusrat,Wong,student,Brazil,regional,University of Sydney,Business Analytics,Master,2026,58686,1,0,0,0,1,1,1,Indonesian,shared,1
1647,Sofia,Kim,parent,India,suburban,Monash University,Artificial Intelligence,Master,2027,59190,0,1,0,1,0,1,1,French,private,0
1648,Ji-won,Malik,student,China,suburban,Australian National University,Artificial Intelligence,Bachelor,2026,34778,1,0,0,0,1,0,0,French,dorm,1
1649,Priya,Park,student,UAE,urban,Monash University,Mechanical Engineering,PhD,2026,58056,1,0,0,0,1,1,0,Japnese,shared,0
1650,Nina,Suzuki,student,Nigeria,suburban,Monash University,Finance,Master,2026,19846,0,0,0,1,0,0,0,Japnese,private,0
1651,Arjun,Patil,student,UAE,regional,UNSW,Computer Science,Bachelor,2027,43287,0,1,1,0,1,0,0,English,private,1
1652,Trang,Silva,parent,Vietnam,urban,UNSW,Finance,PhD,2027,57343,1,1,0,1,0,0,0,Mandarin,private,0
1653,Hans,Iqbal,student,Japan,regional,University of Western Australia,Business Analytics,Master,2027,58478,0,1,1,1,0,1,0,Japnese,shared,1
1654,Zane,Mansoor,student,Vietnam,suburban,University of Adelaide,Artificial Intelligence,PhD,2027,48456,1,0,0,1,0,1,1,Spanish,private,1
1655,Sana,Kim,student,UAE,urban,University of Western Australia,Business Analytics,PhD,2026,45415,0,0,1,1,1,0,0,Indonesian,private,1
1656,Trang,Das,student,Indonesia,suburban,Australian National University,Psychology,Master,2026,31014,1,0,0,1,1,1,1,Japnese,shared,0
1657,Abrar,Silva,student,Vietnam,suburban,Monash University,Psychology,PhD,2027,56921,1,0,0,0,1,1,0,Japnese,private,0
1658,Clara,Moreau,student,Nigeria,urban,University of Sydney,Finance,PhD,2027,28523,1,0,1,1,1,0,0,Hindi,private,0
1659,Sumaiya,Smirnov,student,China,urban,University of Queensland,Business Analytics,Bachelor,2026,42436,1,1,1,1,1,1,1,English,dorm,1
1660,Fatima,Smirnov,student,UAE,regional,University of Queensland,Computer Science,Bachelor,2027,32779,1,0,1,1,1,0,1,Japnese,private,1
1661,Nina,Kim,student,Nigeria,suburban,University of Sydney,Psychology,Bachelor,2026,46285,0,1,0,1,0,0,0,Mandarin,private,1
1662,Sofia,Smirnov,student,Australia,suburban,University of Sydney,Computer Science,Master,2027,44130,1,1,0,1,1,1,0,Spanish,shared,1
1663,Mateo,Bakare,student,Australia,suburban,Monash University,Data Science,PhD,2026,44971,1,0,1,0,0,0,0,Mandarin,dorm,0
1664,Rohan,Haddad,parent,Brazil,suburban,University of Western Australia,Business Analytics,Bachelor,2027,44367,1,1,1,0,0,1,0,French,dorm,1
1665,Mei,Hernandez,parent,Vietnam,urban,University of Sydney,Business Analytics,Master,2027,50469,1,1,0,0,1,1,0,Spanish,shared,1
1666,Saanvi,Wong,student,India,urban,Australian National University,Computer Science,Master,2026,53175,1,0,1,1,0,0,1,English,shared,0
1667,Priya,Iyer,parent,Australia,suburban,University of Adelaide,Artificial Intelligence,Master,2027,19620,0,0,1,1,1,1,0,French,shared,0
1668,Sarvesh,Sharma,student,Australia,regional,University of Sydney,Mechanical Engineering,PhD,2027,25911,1,0,1,1,1,0,1,Japnese,shared,0
1669,Sumaiya,Sato,student,Nigeria,regional,UNSW,Computer Science,PhD,2026,34992,1,1,0,0,0,0,0,English,shared,1
1670,Fatima,Kim,student,Nigeria,urban,University of Adelaide,Data Science,PhD,2027,18187,0,1,0,1,0,0,1,Indonesian,private,0
1671,Sofia,Olsen,student,Nigeria,urban,University of Adelaide,Artificial Intelligence,Bachelor,2026,20737,1,1,1,1,1,0,1,Spanish,shared,1
1672,Jueqing,Patil,student,Vietnam,urban,University of Adelaide,Finance,Bachelor,2026,25161,1,1,0,0,1,0,1,Hindi,private,0
1673,Aisha,Khan,student,India,regional,University of Western Australia,Data Science,Master,2026,21004,0,0,1,1,0,0,0,English,dorm,0
1674,Elena,Iyer,student,Brazil,suburban,University of Melbourne,Computer Science,Bachelor,2027,49177,0,1,1,1,0,1,0,English,shared,1
1675,Ji-won,Park,student,Brazil,regional,University of Sydney,Data Science,PhD,2026,30656,1,0,1,1,0,1,1,Hindi,private,0
1676,Amira,Kumar,student,India,suburban,University of Queensland,Psychology,PhD,2026,20504,0,0,1,0,0,1,1,English,shared,1
1677,Ananya,Khan,student,India,urban,University of Melbourne,Artificial Intelligence,PhD,2026,48814,1,1,1,0,1,1,1,Hindi,dorm,0
1678,Zane,Chaudhary,parent,China,urban,Monash University,Mechanical Engineering,Bachelor,2027,20732,0,0,0,0,0,0,1,English,private,0
1679,Arjun,Chatterjee,student,Australia,suburban,University of Queensland,Computer Science,Master,2027,23075,1,0,1,0,1,0,1,French,shared,0
1680,Zoya,Haddad,parent,Brazil,suburban,University of Western Australia,Mechanical Engineering,Bachelor,2026,16739,0,0,1,1,1,0,0,French,dorm,0
1681,Tanvir,Al-Farsi,parent,UAE,urban,University of Sydney,Finance,PhD,2027,45031,0,0,0,1,1,0,0,Mandarin,private,0
1682,Chloé,Kim,student,Brazil,urban,University of Adelaide,Artificial Intelligence,PhD,2027,28235,1,1,1,0,0,1,0,Mandarin,dorm,1
1683,Fatima,Patil,parent,UAE,regional,UNSW,Mechanical Engineering,Master,2027,26054,0,0,1,1,0,1,1,Mandarin,dorm,1
1684,Fatima,Sato,student,Vietnam,urban,University of Western Australia,Finance,PhD,2026,58136,1,1,0,0,0,0,1,French,shared,1
1685,Zoya,Iqbal,student,Nigeria,suburban,Monash University,Computer Science,Master,2026,55424,0,0,1,0,0,0,1,French,shared,0
1686,Elena,Das,student,Japan,suburban,Australian National University,Business Analytics,Master,2026,46020,0,0,1,0,1,1,0,Indonesian,shared,1
1687,Hamza,Iqbal,student,Brazil,regional,University of Sydney,Psychology,Master,2027,53694,0,0,1,0,0,1,1,Hindi,shared,0
1688,Hiroshi,Wei,student,UAE,regional,Monash University,Data Science,PhD,2026,27969,0,0,1,1,1,0,0,Indonesian,shared,0
1689,Sofia,Sato,student,Nigeria,urban,University of Queensland,Finance,Master,2027,44495,0,1,0,0,1,1,1,Hindi,shared,1
1690,Aisha,Patil,student,India,regional,University of Western Australia,Mechanical Engineering,Master,2027,23713,1,0,0,0,0,0,0,French,private,0
1691,Li,Rahman,student,Brazil,urban,UNSW,Business Analytics,Master,2027,37226,1,1,0,1,0,0,0,English,private,0
1692,Rohan,Park,student,Australia,regional,Monash University,Artificial Intelligence,PhD,2026,24071,1,1,0,0,0,0,0,English,private,1
1693,Léa,Chaudhary,student,Indonesia,urban,University of Sydney,Finance,Master,2027,46889,0,1,0,0,0,0,1,Indonesian,dorm,0
1694,Mei,Dubois,student,Australia,suburban,University of Adelaide,Computer Science,PhD,2026,25766,0,0,0,0,0,0,0,Mandarin,shared,1
1695,Amira,Kumar,student,UAE,suburban,University of Adelaide,Artificial Intelligence,PhD,2026,58557,1,1,1,1,0,0,0,Spanish,shared,0
1696,Amira,Bakare,student,Vietnam,suburban,UNSW,Computer Science,Bachelor,2027,49249,0,1,1,0,0,1,0,Indonesian,shared,0
1697,Sana,Hernandez,student,Japan,urban,Australian National University,Computer Science,Bachelor,2026,40204,1,0,1,0,0,0,1,Hindi,private,0
1698,Kavya,Iqbal,student,Vietnam,urban,University of Sydney,Mechanical Engineering,Bachelor,2027,19693,0,1,0,1,1,0,1,Japnese,private,0
1699,Aisha,Chen,student,UAE,suburban,University of Queensland,Business Analytics,Bachelor,2027,57983,1,0,1,1,1,0,0,Japnese,private,0
1700,Bilal,Khan,parent,India,regional,University of Melbourne,Computer Science,Bachelor,2026,22470,1,1,1,0,1,0,1,French,private,0
1701,Li,Wei,parent,Japan,urban,University of Queensland,Data Science,Bachelor,2027,57417,0,1,1,0,1,1,0,Indonesian,dorm,1
1702,Clara,Das,student,India,regional,University of Adelaide,Computer Science,Bachelor,2027,58557,0,0,0,0,1,0,1,Indonesian,shared,1
1703,Aisha,Kim,student,Australia,suburban,University of Melbourne,Psychology,PhD,2026,23069,1,1,1,0,0,0,1,Spanish,dorm,0
1704,Omar,Gomez,parent,China,urban,UNSW,Psychology,PhD,2027,59201,1,1,0,1,0,0,1,Hindi,shared,0
1705,Ivan,Smirnov,parent,China,urban,University of Queensland,Mechanical Engineering,Master,2026,28906,1,1,1,0,0,0,0,French,private,0
1706,Amira,Kumar,parent,Indonesia,urban,University of Queensland,Computer Science,Bachelor,2026,40653,0,1,0,0,1,0,1,Indonesian,private,0
1707,Sofia,Mansoor,student,Japan,suburban,UNSW,Mechanical Engineering,Master,2027,21600,1,1,1,1,1,1,1,Hindi,shared,0
1708,Trang,Chatterjee,parent,Indonesia,suburban,University of Melbourne,Finance,PhD,2027,36223,1,1,1,1,1,1,1,Hindi,shared,0
1709,Omar,Iqbal,student,Australia,regional,Australian National University,Computer Science,PhD,2026,22180,1,1,0,0,0,0,0,Indonesian,shared,0
1710,Clara,Müller,student,Vietnam,suburban,Monash University,Data Science,PhD,2027,27859,1,1,1,0,1,1,1,English,shared,1
1711,Nusrat,Hernandez,student,Nigeria,urban,Australian National University,Business Analytics,PhD,2026,56751,0,0,1,1,1,0,1,Spanish,private,0
1712,Lucas,Rossi,student,India,suburban,University of Melbourne,Mechanical Engineering,Bachelor,2027,22766,0,0,0,1,0,0,1,Japnese,shared,0
1713,Trang,Dubois,student,India,suburban,University of Sydney,Business Analytics,Master,2026,25886,0,1,1,1,0,0,1,Mandarin,private,1
1714,Nina,Chen,student,Brazil,suburban,University of Melbourne,Computer Science,Bachelor,2027,49601,0,1,1,0,1,0,0,French,dorm,1
1715,Nusrat,Haddad,student,Nigeria,urban,University of Melbourne,Data Science,PhD,2027,37340,1,1,0,0,1,0,1,Spanish,shared,0
1716,Nina,Rahman,student,Japan,regional,Monash University,Artificial Intelligence,Bachelor,2026,25663,0,0,1,0,1,1,0,Hindi,private,1
1717,Trang,Chaudhary,student,China,urban,University of Sydney,Psychology,Master,2026,27256,1,1,0,1,0,1,1,Mandarin,private,0
1718,Trang,Suzuki,student,China,regional,Monash University,Business Analytics,Bachelor,2026,22163,1,0,1,1,0,1,1,Hindi,private,0
1719,Ishaan,Ahmed,student,Nigeria,urban,Australian National University,Artificial Intelligence,Master,2026,29689,0,0,0,1,1,1,1,Spanish,dorm,0
1720,Bilal,Wei,student,China,regional,University of Melbourne,Mechanical Engineering,Master,2026,58927,0,1,0,0,0,1,0,French,shared,1
1721,Sana,Mansoor,student,India,suburban,University of Melbourne,Finance,Master,2027,15121,0,1,1,0,1,0,0,French,dorm,0
1722,Suresh,Müller,student,India,urban,Australian National University,Psychology,Bachelor,2026,51411,0,0,0,1,0,0,0,English,dorm,0
1723,Ivan,Lefebvre,student,Nigeria,suburban,University of Melbourne,Finance,Bachelor,2027,17411,0,1,1,0,1,1,0,Spanish,shared,1
1724,Sarvesh,Sato,parent,Nigeria,suburban,UNSW,Computer Science,Bachelor,2026,22582,1,1,1,0,0,0,1,Hindi,dorm,0
1725,Léa,Suzuki,parent,China,regional,Monash University,Computer Science,Bachelor,2026,38688,0,1,0,0,1,0,0,Spanish,private,0
1726,Léa,Sharma,student,Indonesia,regional,University of Melbourne,Data Science,PhD,2026,53433,1,0,1,0,1,1,0,Japnese,dorm,0
1727,Kavya,Das,student,Australia,suburban,Australian National University,Finance,Bachelor,2027,49814,0,0,1,0,0,1,1,English,private,0
1728,Chloé,Iqbal,student,India,regional,Australian National University,Artificial Intelligence,PhD,2027,16366,1,0,1,0,1,0,1,English,dorm,1
1729,Clara,Lefebvre,student,Brazil,suburban,Australian National University,Data Science,Bachelor,2027,31627,0,1,0,0,1,0,0,Indonesian,dorm,1
1730,Fatima,Tanaka,student,Nigeria,urban,University of Melbourne,Data Science,Bachelor,2027,22121,0,0,1,1,1,1,1,Japnese,shared,1
1731,Mateo,Haddad,student,India,urban,UNSW,Mechanical Engineering,PhD,2027,41790,1,1,0,1,1,1,0,Hindi,private,0
1732,Saanvi,Iqbal,student,Indonesia,regional,University of Sydney,Mechanical Engineering,PhD,2027,33685,0,1,0,0,1,0,0,French,dorm,1
1733,Hamza,Iqbal,student,Indonesia,suburban,University of Western Australia,Artificial Intelligence,Bachelor,2026,33427,1,0,1,1,1,1,0,English,dorm,1
1734,Ananya,Sato,student,Australia,regional,University of Western Australia,Artificial Intelligence,PhD,2027,56746,1,0,0,0,1,0,0,Hindi,shared,0
1735,Hans,Sato,parent,Vietnam,suburban,University of Western Australia,Computer Science,Bachelor,2026,52558,0,0,1,1,0,1,1,English,shared,0
1736,Mathis,Wong,student,India,regional,University of Western Australia,Business Analytics,Master,2026,20868,1,0,0,1,1,0,0,Spanish,shared,0
1737,Ishaan,Lefebvre,student,Nigeria,regional,University of Adelaide,Computer Science,Master,2026,29387,0,1,1,0,1,1,0,Japnese,shared,0
1738,Sarvesh,Khan,parent,Vietnam,urban,University of Melbourne,Business Analytics,Master,2027,44550,1,0,0,1,0,0,0,Hindi,dorm,1
1739,Hans,Iqbal,parent,Vietnam,suburban,University of Sydney,Psychology,PhD,2027,38830,1,0,1,0,0,1,0,Spanish,dorm,1
1740,Hans,Haddad,parent,India,suburban,UNSW,Artificial Intelligence,Bachelor,2027,47095,1,0,1,0,1,0,1,Japnese,private,0
1741,Nusrat,Hernandez,parent,Japan,regional,Australian National University,Computer Science,Bachelor,2027,30137,1,1,0,1,1,1,0,Mandarin,shared,0
1742,Omar,Wong,student,Australia,suburban,University of Western Australia,Data Science,PhD,2026,36530,0,1,1,1,1,0,0,Japnese,private,1
1743,Trang,Chatterjee,student,Brazil,suburban,University of Melbourne,Mechanical Engineering,Bachelor,2027,23210,0,0,0,0,0,1,1,Japnese,shared,1
1744,Kavya,Bakare,student,Nigeria,regional,UNSW,Psychology,Master,2027,57638,1,0,0,0,0,0,0,Mandarin,shared,0
1745,Lucas,Patil,student,UAE,suburban,University of Melbourne,Finance,Master,2026,37220,1,1,0,0,1,1,0,French,private,1
1746,Nusrat,Wong,student,India,urban,University of Western Australia,Artificial Intelligence,PhD,2026,44410,0,1,0,0,1,0,0,French,private,1
1747,Léa,Hernandez,student,Japan,urban,University of Western Australia,Psychology,Bachelor,2026,50007,1,0,1,0,1,1,1,Mandarin,dorm,0
1748,Omar,Gomez,student,Australia,urban,Monash University,Psychology,Master,2027,21316,1,0,0,0,1,0,1,French,dorm,0
1749,Sofia,Iyer,student,Vietnam,urban,Australian National University,Business Analytics,Bachelor,2027,42069,1,1,1,1,0,1,1,English,private,1
1750,Léa,Chaudhary,student,Nigeria,urban,UNSW,Data Science,Bachelor,2027,32665,1,0,1,1,1,0,0,French,private,0
1751,Fatima,Khan,student,UAE,urban,University of Queensland,Data Science,Master,2027,38365,1,0,1,1,1,1,0,French,private,1
1752,Clara,Iqbal,student,Indonesia,suburban,University of Queensland,Mechanical Engineering,Master,2027,40855,1,0,1,1,0,1,0,English,shared,1
1753,Saanvi,Iyer,parent,Vietnam,regional,Australian National University,Finance,Bachelor,2027,22791,0,0,1,1,0,1,1,Mandarin,private,1
1754,Nusrat,Dubois,student,India,regional,University of Queensland,Mechanical Engineering,Master,2027,50781,0,0,1,0,0,0,0,Spanish,shared,0
1755,Jueqing,Garcia,student,China,regional,Australian National University,Finance,PhD,2026,49671,0,1,0,0,1,0,0,English,private,1
1756,Mathis,Haddad,parent,Japan,regional,University of Sydney,Artificial Intelligence,Master,2026,58438,1,0,0,0,1,0,1,Spanish,shared,0
1757,Zoya,Bakare,student,India,suburban,Australian National University,Artificial Intelligence,Master,2027,19389,1,1,1,0,1,0,0,Indonesian,dorm,0
1758,Rohan,Smirnov,student,India,regional,University of Adelaide,Finance,Bachelor,2026,37437,1,0,0,0,0,1,1,Mandarin,shared,1
1759,Mateo,Ahmed,student,Australia,urban,University of Melbourne,Mechanical Engineering,PhD,2027,46187,0,0,0,1,1,1,0,Hindi,shared,1
1760,Léa,Haddad,student,Indonesia,suburban,University of Melbourne,Computer Science,Master,2026,16886,0,1,0,1,1,1,0,Spanish,dorm,1
1761,Suresh,Kim,student,Japan,suburban,University of Queensland,Psychology,PhD,2027,58101,0,1,0,0,1,0,1,Spanish,private,1
1762,Sarvesh,Müller,student,Indonesia,regional,University of Melbourne,Computer Science,PhD,2026,40045,0,1,1,0,1,0,0,Spanish,dorm,1
1763,Sumaiya,Nguyen,student,China,regional,University of Adelaide,Business Analytics,Master,2026,25392,0,0,1,0,0,0,0,Spanish,shared,0
1764,Zoya,Chaudhary,student,Nigeria,suburban,University of Melbourne,Artificial Intelligence,Bachelor,2026,54929,1,1,0,0,0,0,1,Hindi,shared,0
1765,Aisha,Wong,student,China,regional,UNSW,Business Analytics,Master,2027,25298,1,0,0,0,1,1,1,Mandarin,private,1
1766,Trang,Ahmed,student,Australia,regional,University of Western Australia,Finance,Master,2027,17080,1,1,0,1,0,1,0,English,private,0
1767,Zoya,Bakare,parent,Vietnam,regional,UNSW,Artificial Intelligence,PhD,2026,16250,0,0,0,0,1,0,1,Indonesian,shared,0
1768,Chloé,Kim,student,Brazil,suburban,University of Melbourne,Psychology,PhD,2027,40185,1,1,0,0,0,1,0,Japnese,shared,0
1769,Saanvi,Olsen,student,Japan,urban,Monash University,Data Science,Bachelor,2027,59556,0,0,0,1,0,1,0,Mandarin,private,1
1770,Zaid,Nguyen,student,India,suburban,University of Queensland,Finance,Bachelor,2026,53022,1,0,1,0,0,0,1,Indonesian,dorm,0
1771,Ji-won,Tanaka,student,China,urban,UNSW,Data Science,Bachelor,2026,39095,0,0,0,0,0,0,0,Indonesian,dorm,1
1772,Tanvir,Das,student,Indonesia,suburban,University of Sydney,Computer Science,Master,2026,35249,1,0,0,0,1,0,0,Hindi,dorm,1
1773,Sumaiya,Silva,student,Nigeria,suburban,University of Sydney,Data Science,Master,2026,34415,0,1,1,1,0,0,0,Spanish,dorm,0
1774,Aisha,Moreau,student,Nigeria,regional,UNSW,Psychology,Bachelor,2026,53502,1,0,0,1,1,0,0,French,shared,0
1775,Zoya,Müller,parent,Indonesia,suburban,University of Melbourne,Computer Science,Bachelor,2027,15464,0,1,0,0,0,0,1,Japnese,dorm,0
1776,Amara,Ahmed,student,UAE,urban,UNSW,Computer Science,PhD,2027,26472,1,0,1,0,0,1,1,Indonesian,private,0
1777,Amira,Sharma,parent,Australia,urban,University of Sydney,Finance,PhD,2026,33911,1,1,0,0,1,1,0,Indonesian,private,0
1778,Mateo,Hernandez,parent,Japan,urban,University of Western Australia,Data Science,PhD,2027,41837,0,1,1,1,0,1,0,Indonesian,private,1
1779,Amira,Nguyen,parent,China,suburban,University of Adelaide,Business Analytics,PhD,2026,20849,0,0,1,1,0,0,0,Mandarin,shared,1
1780,Amara,Smirnov,parent,China,regional,University of Queensland,Computer Science,Master,2026,48254,0,0,0,0,0,0,0,French,private,0
1781,Ji-won,Olsen,student,UAE,urban,University of Sydney,Business Analytics,Master,2026,55987,0,0,0,1,0,1,1,Mandarin,shared,1
1782,Hans,Sato,student,UAE,urban,University of Adelaide,Computer Science,PhD,2027,46421,0,1,1,1,0,0,1,French,private,1
1783,Mathis,Siddiqui,student,UAE,regional,UNSW,Psychology,PhD,2027,42547,0,1,0,0,0,0,0,Mandarin,shared,0
1784,Sana,Das,student,Nigeria,urban,UNSW,Business Analytics,PhD,2026,44979,1,1,0,0,1,0,0,French,dorm,1
1785,Ananya,Lefebvre,parent,Indonesia,regional,UNSW,Mechanical Engineering,Bachelor,2027,35684,0,1,1,1,1,0,0,French,shared,1
1786,Bilal,Khan,parent,Vietnam,regional,University of Melbourne,Finance,Bachelor,2026,33554,0,1,1,1,1,1,1,Japnese,shared,0
1787,Mathis,Tanaka,student,Vietnam,regional,UNSW,Psychology,PhD,2027,27227,1,0,1,1,1,1,1,English,shared,1
1788,Amira,Rossi,student,Brazil,regional,University of Queensland,Artificial Intelligence,Bachelor,2027,22599,1,1,1,1,0,0,1,Spanish,dorm,1
1789,Hiroshi,Siddiqui,student,Indonesia,suburban,University of Western Australia,Finance,PhD,2027,26011,1,0,1,0,1,0,1,Hindi,shared,0
1790,Tanvir,Wong,student,Brazil,urban,University of Sydney,Artificial Intelligence,PhD,2026,40133,1,1,0,1,0,0,0,Japnese,private,0
1791,Fatima,Iqbal,parent,Indonesia,urban,University of Queensland,Finance,Master,2027,58882,1,0,0,1,1,0,1,Hindi,private,0
1792,Zoya,Tanaka,student,China,urban,Monash University,Psychology,PhD,2026,43081,0,0,0,0,1,0,0,Indonesian,private,0
1793,Léa,Park,student,Australia,urban,University of Adelaide,Mechanical Engineering,PhD,2026,56467,1,0,0,0,0,0,1,Mandarin,private,1
1794,Arjun,Nguyen,student,India,suburban,University of Sydney,Mechanical Engineering,Bachelor,2026,40264,0,1,0,1,1,1,1,Hindi,shared,0
1795,Bilal,Al-Farsi,student,Brazil,urban,Australian National University,Finance,Bachelor,2027,37663,0,0,1,0,0,1,0,Mandarin,dorm,1
1796,Li,Rahman,student,Japan,urban,University of Western Australia,Artificial Intelligence,PhD,2027,20575,1,0,1,1,0,0,1,Japnese,private,1
1797,Elena,Tanaka,student,Vietnam,regional,University of Western Australia,Psychology,Bachelor,2026,43634,0,0,1,0,1,1,1,English,dorm,0
1798,Chloé,Park,student,India,regional,University of Sydney,Computer Science,Bachelor,2026,48207,0,1,1,0,1,0,1,French,private,0
1799,Clara,Nguyen,student,Nigeria,regional,University of Western Australia,Finance,Bachelor,2026,48767,1,0,1,0,1,0,0,Japnese,shared,0
1800,Nina,Olsen,student,Brazil,suburban,UNSW,Artificial Intelligence,PhD,2026,56182,1,1,1,0,0,1,1,Indonesian,shared,1
1801,Ji-won,Iyer,student,Japan,regional,Monash University,Artificial Intelligence,PhD,2026,47325,0,0,1,0,1,0,0,Japnese,private,1
1802,Fatima,Kim,student,India,regional,Australian National University,Business Analytics,Master,2026,40242,1,0,1,1,1,0,1,Indonesian,shared,0
1803,Ananya,Al-Farsi,parent,Brazil,regional,Australian National University,Business Analytics,Master,2027,20126,1,0,0,1,1,0,0,French,dorm,0
1804,Nina,Das,parent,Australia,regional,Australian National University,Data Science,Master,2026,34693,1,1,0,1,1,1,1,French,dorm,0
1805,Hans,Nguyen,student,Nigeria,urban,University of Melbourne,Psychology,Bachelor,2026,15084,1,1,0,1,1,0,1,Mandarin,shared,1
1806,Arjun,Müller,student,UAE,suburban,University of Adelaide,Business Analytics,Bachelor,2026,21285,0,1,0,1,1,0,0,Spanish,private,1
1807,Léa,Iqbal,parent,Indonesia,regional,University of Queensland,Artificial Intelligence,Master,2027,58601,1,1,0,1,0,0,0,Indonesian,private,0
1808,Trang,Patil,student,Brazil,suburban,University of Melbourne,Business Analytics,Master,2027,32513,1,0,1,0,1,0,0,French,dorm,0
1809,Sarvesh,Al-Farsi,student,Indonesia,regional,Australian National University,Finance,PhD,2026,31969,0,0,0,1,1,0,0,Japnese,shared,1
1810,Priya,Smirnov,student,Japan,suburban,University of Adelaide,Finance,Master,2027,57115,1,0,1,0,1,1,1,English,shared,1
1811,Kavya,Sato,parent,Australia,suburban,UNSW,Data Science,PhD,2026,41135,0,0,0,0,1,0,0,Hindi,dorm,1
1812,Aisha,Silva,student,UAE,regional,Australian National University,Business Analytics,PhD,2026,34558,1,0,0,0,1,0,1,French,private,1
1813,Yuki,Olsen,student,India,urban,Monash University,Computer Science,PhD,2027,35316,1,1,0,0,0,0,0,Hindi,shared,1
1814,Ishaan,Chatterjee,parent,Australia,regional,University of Queensland,Data Science,PhD,2027,33458,0,1,0,0,0,0,0,Hindi,shared,0
1815,Kavya,Haddad,student,India,suburban,UNSW,Psychology,PhD,2027,37969,1,1,1,1,1,1,1,French,shared,1
1816,Lucas,Nguyen,student,UAE,suburban,University of Western Australia,Artificial Intelligence,Master,2027,19699,0,1,0,0,1,1,1,English,private,1
1817,Tanvir,Khan,student,Vietnam,urban,University of Melbourne,Psychology,Bachelor,2027,36255,0,1,1,0,0,1,0,Hindi,private,1
1818,Nina,Iqbal,parent,Indonesia,urban,University of Queensland,Psychology,PhD,2027,55603,1,0,1,1,1,0,0,English,shared,0
1819,Zoya,Al-Farsi,parent,Indonesia,urban,Australian National University,Data Science,Bachelor,2027,34793,0,1,1,0,1,1,0,Hindi,dorm,1
1820,Sarvesh,Khan,parent,UAE,suburban,University of Queensland,Mechanical Engineering,PhD,2026,21475,1,1,1,1,0,0,0,French,dorm,0
1821,Sofia,Wong,student,Vietnam,regional,University of Sydney,Finance,Bachelor,2027,32807,0,1,1,1,1,1,1,French,private,0
1822,Mateo,Iyer,student,UAE,suburban,UNSW,Mechanical Engineering,Master,2026,55528,1,1,1,1,0,1,0,Spanish,shared,0
1823,Rohan,Iyer,student,Australia,regional,University of Melbourne,Business Analytics,Master,2026,38915,1,0,1,1,1,0,1,Hindi,private,1
1824,Aisha,Siddiqui,student,Vietnam,suburban,UNSW,Artificial Intelligence,Master,2026,40230,0,0,1,1,1,0,0,Spanish,shared,0
1825,Jueqing,Malik,student,UAE,regional,Monash University,Mechanical Engineering,Master,2026,30717,0,1,1,1,1,1,1,Hindi,dorm,0
1826,Omar,Patil,parent,Japan,urban,University of Melbourne,Computer Science,PhD,2027,24842,0,0,0,0,0,0,0,Hindi,shared,1
1827,Léa,Mansoor,parent,India,regional,University of Melbourne,Psychology,PhD,2027,26236,1,1,0,1,1,0,1,Spanish,dorm,0
1828,Julien,Iqbal,student,Australia,urban,University of Melbourne,Finance,Bachelor,2026,15610,1,0,0,1,0,0,0,Spanish,dorm,1
1829,Rohan,Smirnov,student,UAE,urban,University of Sydney,Psychology,PhD,2026,40158,0,1,0,0,0,1,1,French,dorm,1
1830,Nusrat,Rossi,student,Brazil,suburban,University of Queensland,Business Analytics,Bachelor,2027,29533,1,0,1,0,0,1,0,Japnese,dorm,1
1831,Zaid,Das,student,Australia,suburban,University of Sydney,Artificial Intelligence,Bachelor,2026,24271,0,1,1,0,0,1,1,Mandarin,private,1
1832,Julien,Silva,student,India,suburban,University of Adelaide,Computer Science,Master,2027,25136,1,1,0,1,0,0,0,French,private,0
1833,Hiroshi,Iyer,student,Brazil,urban,University of Adelaide,Artificial Intelligence,PhD,2027,39755,1,0,1,1,1,0,1,English,shared,1
1834,Yuki,Nguyen,parent,UAE,regional,University of Western Australia,Data Science,PhD,2026,24432,1,1,0,1,0,0,0,French,dorm,0
1835,Hamza,Al-Farsi,parent,Brazil,urban,Australian National University,Data Science,PhD,2026,31678,1,1,1,1,1,0,1,Indonesian,shared,0
1836,Fatima,Chatterjee,student,UAE,regional,Australian National University,Artificial Intelligence,PhD,2027,15337,1,0,0,0,1,0,0,Indonesian,shared,1
1837,Rohan,Garcia,student,Brazil,regional,University of Western Australia,Psychology,PhD,2027,16007,1,1,1,0,1,1,0,Hindi,dorm,1
1838,Léa,Iqbal,student,China,urban,University of Melbourne,Artificial Intelligence,Master,2026,41455,0,1,1,1,0,0,0,English,private,0
1839,Ivan,Wei,student,China,regional,University of Adelaide,Computer Science,Bachelor,2027,43303,1,1,1,1,1,0,1,English,private,0
1840,Sarvesh,Smirnov,parent,China,regional,University of Queensland,Psychology,Bachelor,2027,32067,0,1,1,0,0,0,0,Spanish,dorm,1
1841,Suresh,Das,parent,Indonesia,suburban,University of Sydney,Psychology,PhD,2027,52085,1,1,1,1,0,1,0,English,private,1
1842,Arjun,Patil,student,Australia,suburban,Monash University,Finance,PhD,2027,23874,0,0,1,1,1,1,1,Indonesian,private,1
1843,Zaid,Iyer,parent,UAE,suburban,UNSW,Data Science,Bachelor,2027,57991,0,1,0,0,0,0,1,English,dorm,1
1844,Yuki,Wong,student,UAE,regional,University of Sydney,Mechanical Engineering,Master,2026,27368,1,0,1,0,1,0,0,Mandarin,shared,1
1845,Julien,Tanaka,parent,Vietnam,urban,University of Western Australia,Data Science,Master,2027,18458,0,1,1,0,0,0,1,French,shared,1
1846,Nusrat,Wong,parent,Vietnam,regional,University of Sydney,Computer Science,PhD,2026,18469,1,1,0,1,1,0,1,Mandarin,shared,0
1847,Sumaiya,Al-Farsi,student,Nigeria,regional,University of Queensland,Mechanical Engineering,PhD,2026,59190,0,1,1,1,1,1,0,Mandarin,private,1
1848,Jueqing,Patil,parent,Vietnam,suburban,University of Adelaide,Data Science,Bachelor,2027,41158,0,0,1,0,0,1,0,Spanish,shared,1
1849,Diego,Chatterjee,parent,Australia,suburban,University of Queensland,Mechanical Engineering,Bachelor,2026,25562,0,1,1,0,1,0,1,Spanish,dorm,0
1850,Hiroshi,Patil,parent,UAE,suburban,University of Melbourne,Psychology,Master,2026,21634,0,0,0,0,0,1,0,Japnese,private,1
1851,Mei,Garcia,parent,Brazil,regional,University of Western Australia,Business Analytics,Master,2027,46095,1,1,0,1,1,0,1,Spanish,shared,1
1852,Mathis,Patil,parent,Vietnam,suburban,University of Adelaide,Mechanical Engineering,Master,2026,49417,1,1,1,0,0,0,1,Spanish,private,1
1853,Mateo,Rossi,student,China,suburban,University of Western Australia,Artificial Intelligence,Bachelor,2027,47398,0,1,0,1,1,1,1,French,shared,1
1854,Li,Park,student,UAE,urban,University of Western Australia,Psychology,PhD,2026,36903,0,0,0,0,1,1,0,French,private,0
1855,Mathis,Müller,parent,Indonesia,urban,University of Melbourne,Business Analytics,Master,2026,19309,1,0,0,1,1,0,1,Spanish,shared,0
1856,Hans,Al-Farsi,student,Nigeria,urban,UNSW,Data Science,Bachelor,2027,25612,0,0,1,1,0,0,1,French,dorm,0
1857,Léa,Gomez,student,Indonesia,regional,Monash University,Mechanical Engineering,Master,2027,37144,1,0,1,0,1,1,0,French,private,0
1858,Mathis,Wong,parent,India,suburban,University of Western Australia,Computer Science,Bachelor,2027,41629,0,1,0,1,1,0,1,Mandarin,shared,0
1859,Sumaiya,Hernandez,student,Indonesia,suburban,University of Melbourne,Psychology,Master,2027,38019,0,0,0,0,0,1,0,Spanish,private,0
1860,Arjun,Iyer,student,UAE,suburban,Monash University,Finance,Bachelor,2027,34804,0,1,1,0,0,0,1,Japnese,shared,1
1861,Julien,Al-Farsi,parent,Nigeria,suburban,UNSW,Data Science,Bachelor,2027,35144,1,1,0,1,1,1,0,Japnese,shared,0
1862,Trang,Garcia,student,Brazil,regional,University of Sydney,Finance,Master,2027,31764,0,0,1,0,0,0,1,Hindi,dorm,0
1863,Abrar,Patil,student,UAE,suburban,UNSW,Computer Science,Master,2026,51949,1,1,1,1,1,1,0,Mandarin,private,1
1864,Ji-won,Hossain,student,Australia,suburban,University of Adelaide,Psychology,PhD,2026,48976,0,1,0,1,0,1,0,English,dorm,0
1865,Trang,Bakare,student,India,suburban,University of Adelaide,Data Science,PhD,2026,38752,0,1,0,1,1,0,1,Japnese,shared,1
1866,Yuki,Chatterjee,student,Indonesia,urban,Australian National University,Data Science,Bachelor,2027,31402,0,0,1,1,1,0,1,Hindi,shared,1
1867,Léa,Mansoor,student,Japan,regional,UNSW,Mechanical Engineering,Master,2026,32554,0,1,1,1,0,0,1,Indonesian,private,1
1868,Sumaiya,Khan,student,Indonesia,urban,UNSW,Business Analytics,PhD,2026,46316,1,0,0,0,0,0,0,Japnese,shared,0
1869,Ishaan,Wei,student,Nigeria,regional,Australian National University,Data Science,PhD,2027,50754,0,1,0,1,1,0,0,Mandarin,dorm,0
1870,Hamza,Malik,student,Brazil,regional,Monash University,Business Analytics,PhD,2027,26245,1,1,1,1,0,0,0,Hindi,private,1
1871,Kavya,Tanaka,student,Indonesia,urban,University of Adelaide,Business Analytics,PhD,2026,52037,0,1,0,0,0,0,1,French,dorm,1
1872,Trang,Das,student,Brazil,urban,University of Sydney,Mechanical Engineering,Bachelor,2027,35588,1,1,0,1,0,0,1,Spanish,dorm,1
1873,Li,Suzuki,student,India,regional,Monash University,Psychology,Master,2027,27243,1,1,0,1,1,0,1,Indonesian,dorm,1
1874,Mei,Silva,student,Vietnam,suburban,University of Adelaide,Business Analytics,Master,2026,28959,0,0,0,0,1,0,0,Indonesian,shared,1
1875,Kavya,Smirnov,parent,China,regional,University of Queensland,Data Science,PhD,2026,21917,1,1,1,1,0,0,1,Spanish,shared,0
1876,Saanvi,Hernandez,student,China,suburban,University of Melbourne,Psychology,PhD,2026,55122,0,1,0,0,1,1,0,English,private,1
1877,Ji-won,Garcia,parent,Brazil,regional,University of Western Australia,Data Science,Master,2026,35844,1,1,0,0,0,1,1,Japnese,shared,1
1878,Clara,Iqbal,parent,Indonesia,urban,University of Queensland,Artificial Intelligence,Master,2026,48180,1,0,1,1,0,0,1,Mandarin,dorm,1
1879,Lucas,Malik,student,China,regional,University of Melbourne,Mechanical Engineering,PhD,2026,35040,0,1,1,1,0,1,0,English,dorm,1
1880,Rohan,Mansoor,student,Brazil,urban,University of Queensland,Artificial Intelligence,Master,2027,29855,0,1,0,0,1,0,1,Japnese,dorm,1
1881,Bilal,Sato,student,Japan,suburban,University of Melbourne,Business Analytics,Bachelor,2027,59981,1,0,1,1,1,0,0,French,shared,1
1882,Jueqing,Kumar,student,Japan,urban,University of Queensland,Mechanical Engineering,Master,2026,57781,1,0,0,1,1,0,1,Japnese,shared,1
1883,Omar,Lefebvre,student,Nigeria,urban,University of Adelaide,Computer Science,PhD,2027,22794,0,1,0,1,1,1,0,Spanish,dorm,0
1884,Trang,Malik,student,Australia,suburban,Australian National University,Finance,PhD,2027,40360,0,0,1,1,1,1,1,English,dorm,1
1885,Sofia,Chaudhary,student,China,suburban,University of Sydney,Data Science,PhD,2026,24069,1,1,1,0,0,0,0,French,dorm,1
1886,Arjun,Malik,student,UAE,urban,University of Adelaide,Artificial Intelligence,Master,2027,56271,0,1,0,0,1,1,0,Hindi,dorm,1
1887,Zane,Smirnov,student,Nigeria,urban,University of Sydney,Finance,Bachelor,2027,34174,0,1,0,1,1,0,0,Japnese,dorm,0
1888,Sana,Patil,student,Australia,regional,Monash University,Psychology,PhD,2027,27841,1,1,1,1,0,0,1,Japnese,dorm,1
1889,Omar,Rossi,student,Brazil,regional,University of Sydney,Artificial Intelligence,Bachelor,2026,37744,0,0,0,1,0,1,1,English,private,1
1890,Léa,Smirnov,parent,China,urban,University of Queensland,Business Analytics,Master,2026,50748,1,1,1,0,1,0,0,Mandarin,private,1
1891,Sana,Silva,student,Nigeria,urban,University of Western Australia,Mechanical Engineering,Master,2026,32297,0,0,1,0,0,0,1,French,dorm,0
1892,Amira,Moreau,student,China,suburban,Australian National University,Psychology,Bachelor,2026,30800,0,0,0,1,0,0,1,English,dorm,0
1893,Mateo,Siddiqui,parent,Vietnam,suburban,UNSW,Artificial Intelligence,Bachelor,2027,38590,1,0,0,0,0,1,0,English,private,1
1894,Ananya,Das,student,Japan,urban,UNSW,Business Analytics,Bachelor,2026,44716,0,1,0,0,0,1,1,Spanish,shared,0
1895,Fatima,Mansoor,student,Indonesia,urban,Monash University,Artificial Intelligence,PhD,2027,46141,0,1,1,0,0,0,0,French,dorm,1
1896,Tanvir,Garcia,student,Indonesia,urban,University of Sydney,Psychology,Master,2027,19008,1,1,0,1,0,0,0,Indonesian,dorm,0
1897,Hiroshi,Das,student,China,regional,UNSW,Business Analytics,Bachelor,2027,40071,0,0,1,0,1,0,1,Japnese,dorm,0
1898,Clara,Ahmed,student,Indonesia,regional,University of Adelaide,Artificial Intelligence,PhD,2027,49354,0,0,0,1,0,0,1,Indonesian,dorm,0
1899,Abrar,Suzuki,student,India,urban,University of Queensland,Psychology,PhD,2027,24974,0,0,1,0,0,0,1,French,dorm,0
1900,Abrar,Chatterjee,student,Australia,urban,University of Western Australia,Psychology,Bachelor,2027,43892,0,1,1,1,0,1,0,Spanish,dorm,0
1901,Zoya,Kim,parent,India,regional,Australian National University,Finance,PhD,2027,16383,0,1,0,1,0,0,0,French,dorm,1
1902,Omar,Al-Farsi,student,Australia,urban,Monash University,Business Analytics,Master,2026,34354,1,1,0,1,0,0,1,French,private,0
1903,Trang,Chaudhary,student,Vietnam,regional,University of Adelaide,Psychology,PhD,2026,52472,0,1,0,0,0,0,1,Mandarin,dorm,1
1904,Ivan,Mansoor,student,China,urban,Monash University,Mechanical Engineering,Master,2027,37476,1,1,1,1,1,1,0,Indonesian,private,1
1905,Lucas,Khan,student,Vietnam,regional,UNSW,Data Science,Bachelor,2027,25248,0,0,1,1,1,1,1,English,shared,1
1906,Abrar,Rossi,student,Nigeria,regional,University of Sydney,Finance,Master,2026,36340,1,0,1,0,1,0,0,French,shared,0
1907,Yuki,Suzuki,parent,India,regional,Monash University,Artificial Intelligence,PhD,2026,46367,1,0,1,1,1,0,1,Mandarin,private,1
1908,Hiroshi,Iqbal,student,Japan,suburban,UNSW,Business Analytics,Master,2026,16842,1,0,0,0,0,0,1,Mandarin,private,1
1909,Omar,Bakare,parent,India,urban,University of Adelaide,Computer Science,Bachelor,2027,38270,0,0,1,0,0,0,1,Japnese,private,0
1910,Léa,Nguyen,student,Brazil,urban,UNSW,Psychology,Bachelor,2026,27792,1,1,0,0,0,1,0,Japnese,private,1
1911,Saanvi,Smirnov,student,UAE,suburban,University of Western Australia,Computer Science,PhD,2026,17647,1,0,0,0,1,0,0,Hindi,shared,0
1912,Zane,Chen,student,Australia,suburban,University of Sydney,Data Science,Master,2026,16326,0,0,0,1,0,0,1,Japnese,shared,0
1913,Ananya,Malik,student,Australia,suburban,Australian National University,Data Science,Bachelor,2026,53519,1,1,0,0,0,1,0,Japnese,private,0
1914,Mathis,Das,student,China,regional,Australian National University,Psychology,Master,2026,33862,1,1,0,0,1,0,1,Japnese,private,0
1915,Zoya,Silva,parent,Nigeria,urban,University of Western Australia,Psychology,Master,2026,31659,0,0,0,0,0,0,1,French,shared,1
1916,Fatima,Haddad,parent,Japan,suburban,University of Sydney,Psychology,PhD,2026,29107,1,1,1,0,1,1,0,Mandarin,dorm,1
1917,Zoya,Sharma,student,Indonesia,regional,University of Western Australia,Finance,Bachelor,2026,59824,0,1,0,0,1,1,1,English,dorm,1
1918,Lucas,Haddad,student,China,urban,University of Melbourne,Psychology,Master,2027,30053,1,1,1,0,0,0,1,Japnese,private,1
1919,Lucas,Müller,student,Brazil,suburban,University of Sydney,Psychology,Bachelor,2026,36765,0,1,1,0,0,1,1,French,dorm,1
1920,Mei,Gomez,student,China,regional,University of Adelaide,Mechanical Engineering,Master,2026,59921,1,0,0,1,1,1,0,Indonesian,shared,1
1921,Ji-won,Park,student,Nigeria,urban,UNSW,Mechanical Engineering,Bachelor,2027,42175,1,1,1,1,0,1,0,Spanish,dorm,0
1922,Elena,Chen,student,Brazil,urban,University of Western Australia,Artificial Intelligence,Bachelor,2027,51488,1,0,1,0,0,0,1,Indonesian,private,0
1923,Jueqing,Iqbal,student,Australia,urban,University of Sydney,Artificial Intelligence,PhD,2026,44923,1,0,1,1,1,0,1,Japnese,dorm,1
1924,Tanvir,Bakare,student,Nigeria,urban,University of Adelaide,Psychology,Bachelor,2027,50621,1,1,0,0,1,0,1,Spanish,private,0
1925,Nina,Silva,student,Japan,suburban,University of Adelaide,Artificial Intelligence,PhD,2026,46633,0,1,1,0,1,0,0,French,shared,1
1926,Léa,Al-Farsi,parent,Brazil,regional,Australian National University,Psychology,PhD,2027,36884,0,0,0,0,1,0,0,Japnese,shared,1
1927,Mathis,Gomez,student,Nigeria,urban,University of Queensland,Artificial Intelligence,PhD,2026,24372,1,1,0,0,0,0,0,Indonesian,private,1
1928,Sumaiya,Nguyen,student,UAE,regional,University of Western Australia,Mechanical Engineering,Bachelor,2026,44283,0,1,1,0,0,1,0,Indonesian,shared,0
1929,Mei,Rossi,student,Brazil,suburban,University of Melbourne,Business Analytics,PhD,2027,52972,1,1,1,0,1,0,0,Indonesian,shared,1
1930,Mathis,Gomez,parent,Nigeria,regional,University of Queensland,Data Science,Bachelor,2027,23995,1,1,1,1,0,0,0,English,dorm,1
1931,Amara,Silva,parent,Japan,regional,University of Adelaide,Artificial Intelligence,PhD,2026,20164,1,0,0,1,1,1,1,Hindi,shared,0
1932,Ishaan,Müller,student,Vietnam,urban,University of Adelaide,Psychology,Bachelor,2026,39637,1,0,1,0,0,0,0,Hindi,private,1
1933,Zaid,Iyer,student,UAE,regional,University of Melbourne,Psychology,PhD,2026,21845,1,1,0,0,0,0,1,Hindi,dorm,1
1934,Julien,Nguyen,student,China,suburban,UNSW,Computer Science,Master,2026,46517,0,1,0,0,0,0,1,Mandarin,dorm,0
1935,Léa,Garcia,parent,Indonesia,suburban,University of Sydney,Data Science,Bachelor,2027,33646,1,0,0,1,1,0,0,Mandarin,shared,1
1936,Hans,Lefebvre,student,Brazil,regional,University of Adelaide,Data Science,Bachelor,2027,40309,0,1,1,1,0,1,1,English,private,1
1937,Li,Hernandez,student,UAE,regional,UNSW,Finance,Bachelor,2027,47688,1,0,1,1,0,0,1,English,private,0
1938,Mei,Nguyen,parent,UAE,regional,University of Western Australia,Psychology,PhD,2027,43885,1,0,0,1,1,0,1,Indonesian,private,1
1939,Lucas,Garcia,parent,Indonesia,urban,University of Sydney,Finance,Bachelor,2026,36584,0,0,1,0,1,0,1,French,private,1
1940,Suresh,Gomez,student,Nigeria,suburban,Australian National University,Data Science,Master,2026,59387,1,1,1,0,1,0,1,French,private,0
1941,Yuki,Olsen,student,Vietnam,urban,University of Western Australia,Finance,Bachelor,2027,34724,0,0,0,0,1,1,0,Spanish,shared,1
1942,Sumaiya,Sharma,student,UAE,regional,University of Queensland,Finance,PhD,2027,54260,0,1,0,1,1,0,1,French,private,1
1943,Yuki,Silva,student,Australia,urban,Monash University,Mechanical Engineering,Bachelor,2027,21977,1,1,1,0,0,1,0,Japnese,private,1
1944,Mateo,Hossain,student,Brazil,urban,University of Queensland,Computer Science,Bachelor,2026,45467,1,0,0,1,0,0,0,Spanish,dorm,1
1945,Kavya,Park,student,Brazil,urban,University of Melbourne,Artificial Intelligence,Master,2026,21222,1,0,0,1,0,0,0,Mandarin,dorm,0
1946,Mateo,Hernandez,student,China,urban,University of Melbourne,Computer Science,Master,2026,53534,1,1,0,0,0,0,1,Indonesian,private,1
1947,Hamza,Khan,parent,Vietnam,regional,University of Melbourne,Data Science,Master,2026,42614,0,1,0,1,1,1,1,Spanish,dorm,0
1948,Rohan,Kim,student,Brazil,urban,Australian National University,Artificial Intelligence,Master,2027,38033,1,0,1,1,1,0,0,Hindi,private,0
1949,Trang,Müller,student,India,regional,University of Sydney,Psychology,PhD,2026,24416,0,0,1,1,0,0,0,Spanish,shared,1
1950,Mateo,Gomez,parent,China,urban,University of Adelaide,Business Analytics,Master,2027,34975,0,0,0,1,1,1,0,English,shared,1
1951,Yuki,Smirnov,student,Indonesia,suburban,Monash University,Artificial Intelligence,PhD,2026,57653,0,0,0,1,0,0,1,Spanish,dorm,0
1952,Abrar,Mansoor,student,China,suburban,University of Adelaide,Psychology,PhD,2026,18161,1,1,0,1,0,1,0,French,dorm,0
1953,Aisha,Smirnov,student,India,regional,UNSW,Artificial Intelligence,Master,2027,25534,0,1,0,1,1,1,0,Mandarin,dorm,0
1954,Amara,Hernandez,student,Japan,suburban,Australian National University,Artificial Intelligence,PhD,2027,39141,0,1,1,1,1,0,1,Japnese,dorm,0
1955,Ji-won,Rahman,student,Japan,regional,University of Queensland,Data Science,Master,2026,50645,1,0,1,0,0,0,1,Hindi,private,1
1956,Ji-won,Das,student,Indonesia,urban,Australian National University,Mechanical Engineering,Bachelor,2026,24953,1,0,0,1,1,1,0,Indonesian,dorm,0
1957,Jueqing,Sharma,student,Indonesia,urban,University of Sydney,Business Analytics,PhD,2027,33871,1,1,0,1,1,0,0,Mandarin,shared,1
1958,Zoya,Das,student,Australia,urban,Australian National University,Psychology,Master,2026,15500,0,1,0,0,1,1,1,Mandarin,dorm,0
1959,Mathis,Chatterjee,parent,UAE,suburban,Australian National University,Psychology,Master,2027,47867,1,1,1,1,1,1,0,Mandarin,dorm,1
1960,Hiroshi,Kim,student,Nigeria,urban,Monash University,Business Analytics,PhD,2027,36105,1,0,1,0,0,1,0,Hindi,private,1
1961,Zoya,Rahman,student,UAE,urban,UNSW,Psychology,Bachelor,2027,35512,1,1,0,1,1,0,0,Spanish,private,1
1962,Li,Iqbal,student,China,urban,Australian National University,Psychology,Master,2027,36399,0,1,0,1,1,1,0,Hindi,private,0
1963,Julien,Müller,parent,India,regional,University of Sydney,Computer Science,PhD,2026,54632,1,0,0,0,0,1,0,Spanish,dorm,1
1964,Jueqing,Sato,parent,Japan,regional,University of Melbourne,Business Analytics,PhD,2026,23990,0,1,0,1,1,1,0,French,shared,0
1965,Sana,Smirnov,student,China,urban,University of Western Australia,Finance,Bachelor,2026,33055,0,0,1,0,0,0,1,Japnese,shared,1
1966,Nina,Chatterjee,parent,UAE,urban,Australian National University,Business Analytics,PhD,2026,51177,0,0,0,0,0,1,0,Japnese,private,0
1967,Sumaiya,Dubois,student,Nigeria,urban,UNSW,Psychology,Master,2026,48854,0,0,1,1,1,0,1,Japnese,private,0
1968,Tanvir,Rossi,student,Indonesia,suburban,University of Western Australia,Business Analytics,PhD,2026,28300,0,1,0,0,0,0,1,French,private,0
1969,Chloé,Gomez,student,Australia,suburban,Australian National University,Computer Science,Master,2027,24564,0,1,1,0,1,0,1,Spanish,private,1
1970,Suresh,Gomez,parent,Australia,urban,Australian National University,Mechanical Engineering,Master,2027,36443,1,1,1,1,1,1,1,Hindi,shared,0
1971,Mei,Kumar,student,Brazil,regional,Australian National University,Business Analytics,PhD,2027,58558,0,0,1,0,0,0,0,Indonesian,dorm,1
1972,Hamza,Tanaka,student,Australia,suburban,UNSW,Business Analytics,PhD,2026,52570,0,0,0,1,1,0,1,French,private,0
1973,Kavya,Suzuki,student,Brazil,suburban,University of Sydney,Finance,Bachelor,2027,49937,0,0,0,0,0,1,0,English,shared,1
1974,Lucas,Iyer,student,Japan,suburban,Australian National University,Mechanical Engineering,PhD,2027,15317,1,0,1,0,1,0,0,Japnese,shared,1
1975,Sana,Mansoor,student,Nigeria,suburban,University of Queensland,Artificial Intelligence,Bachelor,2027,35087,0,1,1,1,1,0,0,Mandarin,shared,0
1976,Sarvesh,Al-Farsi,student,Indonesia,suburban,University of Sydney,Psychology,Bachelor,2027,37920,0,1,1,0,0,0,1,Spanish,private,1
1977,Arjun,Olsen,student,Brazil,suburban,University of Adelaide,Computer Science,Master,2027,19277,1,1,1,0,1,0,1,Japnese,shared,0
1978,Abrar,Chatterjee,student,China,regional,University of Melbourne,Finance,PhD,2026,59530,1,1,0,1,0,1,0,Spanish,private,0
1979,Sarvesh,Bakare,student,Brazil,regional,University of Melbourne,Business Analytics,Bachelor,2027,18854,0,0,0,0,0,0,0,Mandarin,dorm,0
1980,Fatima,Khan,parent,Indonesia,suburban,UNSW,Computer Science,PhD,2027,49420,1,1,0,1,1,0,0,English,dorm,0
1981,Arjun,Olsen,parent,Vietnam,suburban,University of Western Australia,Data Science,Master,2026,35146,0,0,0,0,0,0,1,Japnese,shared,0
1982,Ananya,Gomez,parent,Nigeria,regional,Australian National University,Mechanical Engineering,Bachelor,2027,24532,1,0,0,0,0,1,0,Indonesian,dorm,0
1983,Suresh,Bakare,parent,India,regional,University of Adelaide,Finance,Master,2026,45705,1,0,1,0,0,0,1,Spanish,private,0
1984,Zoya,Iyer,student,UAE,urban,University of Sydney,Mechanical Engineering,Master,2027,49573,1,1,1,0,1,1,0,French,private,1
1985,Elena,Sharma,student,India,urban,University of Melbourne,Data Science,Master,2026,18553,1,1,0,1,0,1,1,French,dorm,1
1986,Yuki,Suzuki,parent,Brazil,urban,University of Sydney,Business Analytics,Bachelor,2026,52856,0,1,0,0,0,1,1,Japnese,shared,1
1987,Clara,Sato,parent,Japan,suburban,University of Melbourne,Data Science,Master,2027,50348,0,0,0,0,1,0,1,Indonesian,shared,0
1988,Diego,Chen,student,UAE,suburban,Monash University,Finance,Bachelor,2026,35519,0,1,1,1,1,1,1,Indonesian,dorm,0
1989,Arjun,Haddad,parent,Japan,regional,University of Sydney,Finance,Bachelor,2026,39528,0,0,1,1,0,1,0,Indonesian,dorm,1
1990,Sarvesh,Sharma,parent,UAE,urban,University of Queensland,Finance,Bachelor,2027,51199,0,0,1,0,0,1,0,Hindi,shared,0
1991,Bilal,Park,student,Indonesia,suburban,Australian National University,Artificial Intelligence,Bachelor,2027,28736,1,1,1,0,0,1,1,Mandarin,private,0
1992,Ivan,Siddiqui,student,Indonesia,suburban,University of Adelaide,Artificial Intelligence,Bachelor,2027,21651,1,0,1,0,1,1,1,English,dorm,1
1993,Chloé,Suzuki,student,Indonesia,regional,University of Sydney,Business Analytics,Bachelor,2027,52078,1,1,0,1,0,0,1,Hindi,private,1
1994,Ananya,Sharma,student,China,suburban,University of Adelaide,Artificial Intelligence,Master,2026,21486,0,1,1,0,1,1,1,Japnese,dorm,0
1995,Mathis,Hernandez,student,Vietnam,suburban,University of Adelaide,Psychology,PhD,2026,46490,1,1,1,0,0,1,0,Indonesian,dorm,1
1996,Zane,Olsen,parent,Vietnam,urban,University of Western Australia,Psychology,PhD,2026,48200,0,0,1,0,0,0,0,French,private,0
1997,Zaid,Lefebvre,student,Indonesia,urban,UNSW,Business Analytics,PhD,2027,56592,0,0,1,1,0,0,1,Mandarin,private,0
1998,Zane,Rahman,student,India,regional,Monash University,Business Analytics,PhD,2027,50505,1,0,0,1,0,0,1,Hindi,dorm,1
1999,Hamza,Suzuki,student,China,suburban,University of Western Australia,Psychology,Bachelor,2026,15696,0,1,1,0,1,0,1,Spanish,shared,0
2000,Kavya,Chaudhary,student,China,urban,University of Queensland,Computer Science,PhD,2026,24517,0,1,1,0,0,0,0,French,dorm,0
